-3.27E-15,3.20E-16,1.21E-15,8.40E-16,-6.28E-17,-6.55E-16,-4.97E-16,1.64E-16,6.85E-16,6.02E-16,6.47E-18,-5.78E-16,-6.74E-16,-2.48E-16,3.00E-16,5.16E-16,2.75E-16,-1.52E-16,-3.78E-16,-2.40E-16,9.11E-17,3.07E-16,2.47E-16,1.29E-17,-1.68E-16,-1.68E-16,-5.22E-17,2.57E-17,-1.16E-18,-5.41E-17,-1.86E-17,1.08E-16,1.95E-16,1.17E-16,-9.85E-17,-2.64E-16,-2.08E-16,4.95E-17,2.86E-16,2.74E-16,-3.24E-19,-3.02E-16,-3.52E-16,-8.54E-17,2.75E-16,4.11E-16,1.92E-16,-1.91E-16,-4.00E-16,-2.51E-16,1.18E-16,3.65E-16,2.64E-16,-9.13E-17,-3.67E-16,-2.99E-16,6.21E-17,3.87E-16,3.70E-16,1.11E-17,-3.76E-16,-4.39E-16,-1.13E-16,3.21E-16,4.76E-16,2.10E-16,-2.47E-16,-4.91E-16,-3.03E-16,1.58E-16,4.93E-16,4.10E-16,-2.14E-17,-4.34E-16,-4.83E-16,-1.39E-16,2.99E-16,4.64E-16,2.38E-16,-1.65E-16,-3.96E-16,-2.73E-16,7.50E-17,3.38E-16,3.00E-16,1.18E-17,-2.67E-16,-3.05E-16,-9.14E-17,1.74E-16,2.64E-16,1.20E-16,-1.13E-16,-2.27E-16,-1.31E-16,8.00E-17,2.19E-16,1.70E-16,-2.03E-17,-1.90E-16
-0.011617213,0.003422234,0.00738969,0.005361924,-6.71E-05,-0.005019182,-0.006509624,-0.004177915,-0.000132931,0.002822426,0.003169179,0.001447442,-0.000536993,-0.001255806,-0.000504562,0.000733792,0.001296565,0.000794758,-0.000220164,-0.00087201,-0.000732183,-9.55E-05,0.000387535,0.000316649,-0.00015739,-0.000546348,-0.000497219,-8.29E-05,0.000315567,0.000380546,0.000126797,-0.000154549,-0.000189225,3.65E-05,0.000292488,0.000337925,0.000140338,-0.000115101,-0.000212882,-0.000103275,7.05E-05,0.000122662,-6.39E-08,-0.000180071,-0.000250406,-0.000151733,2.16E-05,0.000119703,7.77E-05,-3.28E-05,-8.25E-05,-1.00E-05,0.000123997,0.00020018,0.000153967,3.13E-05,-6.09E-05,-5.71E-05,1.08E-05,5.15E-05,5.54E-06,-9.83E-05,-0.000173085,-0.000156224,-6.55E-05,2.21E-05,4.47E-05,1.00E-05,-1.84E-05,1.28E-05,9.40E-05,0.000161474,0.000157974,8.44E-05,-3.36E-06,-4.81E-05,-4.13E-05,-2.50E-05,-4.47E-05,-0.000102444,-0.00015328,-0.000147591,-7.78E-05,1.48E-05,7.68E-05,8.88E-05,7.58E-05,7.61E-05,0.00010094,0.000122386,0.000101982,3.01E-05,-6.10E-05,-0.000123251,-0.000131605,-0.000101153,-6.75E-05,-5.15E-05,-4.27E-05,-1.52E-05
-0.023350803,0.006760899,0.014711292,0.010701359,-9.11E-05,-0.00994014,-0.012903501,-0.008266605,-0.000230411,0.005627546,0.006291793,0.00284795,-0.001103319,-0.002522261,-0.001011264,0.001463384,0.002583629,0.001579058,-0.00044523,-0.001740445,-0.001454728,-0.000180394,0.000782895,0.000638067,-0.000310984,-0.001088069,-0.000989226,-0.000161951,0.000631941,0.000758666,0.00024935,-0.000313446,-0.000382117,6.97E-05,0.000581362,0.000671925,0.000277248,-0.000232113,-0.000425709,-0.000204909,0.000143444,0.000247977,2.69E-06,-0.000356976,-0.000497337,-0.00030017,4.57E-05,0.000240444,0.000155073,-6.70E-05,-0.000166993,-2.26E-05,0.000244978,0.000396964,0.000304559,5.99E-05,-0.000123461,-0.000114491,2.25E-05,0.000104699,1.36E-05,-0.000193431,-0.000342557,-0.000308824,-0.000127943,4.63E-05,9.00E-05,1.92E-05,-3.88E-05,2.27E-05,0.000184214,0.0003189,0.000312057,0.000165762,-8.52E-06,-9.63E-05,-8.12E-05,-4.71E-05,-8.55E-05,-0.000200499,-0.000302217,-0.0002915,-0.000153102,3.02E-05,0.000152434,0.000174742,0.000147376,0.000147582,0.000197423,0.000241181,0.000201793,5.99E-05,-0.000120507,-0.000243333,-0.00025898,-0.000197822,-0.000131046,-0.000100351,-8.44E-05,-3.11E-05
-0.035221081,0.010001414,0.021952927,0.016014384,-6.44E-05,-0.014745736,-0.019161435,-0.012250502,-0.000286253,0.008412344,0.009359722,0.004193334,-0.001704098,-0.003801223,-0.001520476,0.002188043,0.003859531,0.002351075,-0.000676053,-0.00260468,-0.002165955,-0.000252848,0.001187447,0.000965085,-0.000460119,-0.001624355,-0.001475112,-0.000236413,0.000949262,0.001133936,0.000366917,-0.00047745,-0.000579317,9.90E-05,0.00086599,0.001001315,0.000410132,-0.000351369,-0.00063847,-0.000304615,0.000219237,0.000376409,8.75E-06,-0.000530161,-0.000740185,-0.000444738,7.25E-05,0.000362405,0.000232054,-0.000102778,-0.00025385,-3.80E-05,0.000362417,0.000589759,0.000451187,8.52E-05,-0.000187979,-0.000172362,3.51E-05,0.000159992,2.47E-05,-0.00028482,-0.000507787,-0.000457167,-0.000186779,7.27E-05,0.000136012,2.75E-05,-6.16E-05,2.90E-05,0.000270126,0.000471569,0.00046157,0.000243414,-1.58E-05,-0.000144722,-0.00011928,-6.58E-05,-0.00012174,-0.0002934,-0.000446055,-0.000431085,-0.000225617,4.64E-05,0.000226588,0.000257188,0.000214129,0.000213572,0.00028867,0.000355759,0.000299056,8.92E-05,-0.000178217,-0.000359695,-0.000381386,-0.000289224,-0.000190035,-0.000146091,-0.000124874,-4.78E-05
-0.047515869,0.012920162,0.028925555,0.021233834,0.000125203,-0.019171819,-0.02497026,-0.015888456,-0.000206046,0.011127707,0.012245269,0.005356625,-0.002416871,-0.005118855,-0.002035796,0.00289737,0.00509842,0.003081965,-0.000926194,-0.003454921,-0.002839564,-0.000284276,0.001621824,0.001309827,-0.000595173,-0.002142989,-0.001940779,-0.000295704,0.001269716,0.001499726,0.000468018,-0.000658137,-0.000790391,0.000115854,0.001136875,0.001315611,0.000529761,-0.000477998,-0.000850957,-0.000397936,0.000304377,0.000514933,2.55E-05,-0.0006913,-0.000969717,-0.000576628,0.000108641,0.000488326,0.000307711,-0.000143745,-0.000348359,-6.31E-05,0.000468368,0.000769561,0.000584863,9.99E-05,-0.000258871,-0.00023164,5.08E-05,0.000221995,4.54E-05,-0.000364075,-0.0006592,-0.000591611,-0.000233841,0.000106782,0.000184322,3.27E-05,-9.21E-05,2.39E-05,0.000341906,0.000608742,0.000596165,0.000309078,-3.00E-05,-0.000193763,-0.000151665,-7.34E-05,-0.000143134,-0.000369511,-0.000573259,-0.000556542,-0.000288862,6.53E-05,0.000296032,0.000328365,0.000265009,0.000261708,0.000362838,0.00045657,0.000387981,0.000117089,-0.000230118,-0.000463906,-0.000487555,-0.000363415,-0.00023405,-0.000181674,-0.000161537,-6.74E-05
-0.060069896,0.015624107,0.035711579,0.026383657,0.000420364,-0.0233432,-0.030475767,-0.01929302,-3.55E-05,0.013793842,0.015005905,0.006396957,-0.00320342,-0.006459898,-0.002553023,0.0035973,0.006312141,0.003784508,-0.001189682,-0.004295581,-0.00348753,-0.000288081,0.002075792,0.001665747,-0.000721375,-0.002650001,-0.002392787,-0.000344661,0.001592283,0.001859038,0.000557997,-0.000849901,-0.001010473,0.000124618,0.001398765,0.001619848,0.000640484,-0.000609564,-0.001063201,-0.000486923,0.000395745,0.000660069,4.91E-05,-0.000844545,-0.001190427,-0.000700064,0.000150936,0.00061685,0.000382439,-0.000188183,-0.000447897,-9.44E-05,0.000566778,0.000940772,0.000709932,0.000107503,-0.000333984,-0.000291826,6.85E-05,0.000288417,7.24E-05,-0.000435348,-0.000801483,-0.000716836,-0.000273078,0.00014589,0.000234152,3.60E-05,-0.000127587,1.13E-05,0.000404365,0.000735666,0.000720864,0.00036677,-4.88E-05,-0.000243226,-0.000180273,-7.38E-05,-0.000154715,-0.000434519,-0.000689446,-0.000672619,-0.000345933,8.59E-05,0.000362367,0.000392072,0.000305366,0.000298013,0.000425686,0.000548248,0.000471359,0.000143951,-0.00027818,-0.000560054,-0.000582936,-0.00042617,-0.000268121,-0.000210519,-0.000195657,-8.87E-05
-0.07298699,0.0180229,0.042231001,0.031433038,0.000864806,-0.027152468,-0.035549618,-0.022365516,0.000263343,0.016389428,0.017588411,0.007262319,-0.00409456,-0.007833687,-0.003072494,0.004284064,0.007490014,0.004446593,-0.001472228,-0.005122578,-0.004098953,-0.000252593,0.002557523,0.002037407,-0.000835121,-0.003140538,-0.002825357,-0.000378898,0.001917857,0.002209117,0.000632146,-0.001057386,-0.001243297,0.000122014,0.001647913,0.001909798,0.000738544,-0.000748148,-0.001275088,-0.000569738,0.000495958,0.00081457,8.26E-05,-0.00098661,-0.001398617,-0.00081149,0.000201998,0.000749066,0.000455839,-0.000237549,-0.000554567,-0.000134507,0.000654502,0.0010998,0.000822784,0.000105084,-0.000415088,-0.000353296,8.92E-05,0.000361104,0.000108386,-0.000495305,-0.000930815,-0.000828976,-0.00030121,0.000192164,0.000286138,3.64E-05,-0.000170305,-1.20E-05,0.000453608,0.000848053,0.000831518,0.000413145,-7.42E-05,-0.000293288,-0.000203522,-6.37E-05,-0.000152376,-0.000483779,-0.000790002,-0.000775379,-0.000394234,0.000108969,0.000424292,0.000445178,0.000330792,0.000317531,0.000472473,0.000626964,0.000546863,0.000169396,-0.000320796,-0.000644758,-0.000663003,-0.000472689,-0.000288077,-0.000229802,-0.000226169,-0.000112716
-0.08640115,0.019920167,0.048283316,0.036287796,0.001541433,-0.030361038,-0.039899591,-0.024882203,0.000771004,0.018857235,0.019865211,0.00783447,-0.005153426,-0.009251375,-0.003586764,0.004952535,0.008606982,0.005038461,-0.001787941,-0.005926081,-0.004648092,-0.000151545,0.00308356,0.002432226,-0.000930648,-0.003604639,-0.00322529,-0.000388087,0.002248462,0.00254339,0.000679731,-0.001290466,-0.001496011,0.000101955,0.001876846,0.002176321,0.000815543,-0.000898335,-0.001486131,-0.00064211,0.00061066,0.000983943,0.000131442,-0.001110908,-0.001586497,-0.000903204,0.000267442,0.000887185,0.000526862,-0.000295015,-0.000672639,-0.000188657,0.000725187,0.001239143,0.00091572,8.63E-05,-0.000505897,-0.000416742,0.000114725,0.000443844,0.000158707,-0.000537147,-0.001039242,-0.000919846,-0.000311232,0.000250102,0.000341595,3.21E-05,-0.000224592,-5.24E-05,0.000481598,0.00093694,0.000919347,0.000441057,-0.000110235,-0.000344359,-0.000218098,-3.69E-05,-0.000127569,-0.0005076,-0.000865226,-0.000856462,-0.000428176,0.000136225,0.000479107,0.000481079,0.000331978,0.000309818,0.000493207,0.000684617,0.000609506,0.000192444,-0.000354625,-0.000710857,-0.000718116,-0.000492749,-0.000285055,-0.000233548,-0.000250842,-0.000140976
-0.100048378,0.021524247,0.054045912,0.041011799,0.002346206,-0.033215281,-0.043818127,-0.027068261,0.001399573,0.021243537,0.021955919,0.008232081,-0.006307843,-0.010688989,-0.004092927,0.005612153,0.009687125,0.005587107,-0.002124091,-0.006715217,-0.005159511,-1.16E-05,0.003634719,0.002839016,-0.001016815,-0.004053636,-0.003605718,-0.000382132,0.002582052,0.00286805,0.00071146,-0.001538368,-0.001759744,7.24E-05,0.002094372,0.002429171,0.00088008,-0.001055344,-0.001696531,-0.000708197,0.000733811,0.001161711,0.000188841,-0.001225167,-0.001762652,-0.000983403,0.000341277,0.001028657,0.00059638,-0.000357218,-0.000797198,-0.000250692,0.000786209,0.00136717,0.000997101,5.79E-05,-0.000602299,-0.000481263,0.000143046,0.000532324,0.000217147,-0.000568674,-0.001135665,-0.000998416,-0.00031075,0.000314791,0.000399038,2.52E-05,-0.000285505,-0.000102523,0.000497433,0.001012318,0.00099398,0.000458251,-0.000152523,-0.000396028,-0.000227679,-4.67E-07,-8.99E-05,-0.000516804,-0.00092585,-0.000924992,-0.000453757,0.000165948,0.000529842,0.000507047,0.000319169,0.000286397,0.000498913,0.000730097,0.00066468,0.000214053,-0.00038341,-0.000766196,-0.000758766,-0.000497471,-0.000268729,-0.000228316,-0.000272154,-0.000171724
-0.114018902,0.022666615,0.059339464,0.045516863,0.003346988,-0.035509072,-0.04705089,-0.028729258,0.002217662,0.023496287,0.023747908,0.0083524,-0.007610841,-0.0121536,-0.004582446,0.006259233,0.010708337,0.006066018,-0.002493227,-0.007481241,-0.005610524,0.000190019,0.004224847,0.003263449,-0.001089231,-0.004479109,-0.00395511,-0.000351944,0.00292038,0.003177281,0.00071797,-0.001809503,-0.002040365,2.84E-05,0.002294247,0.002660499,0.000924875,-0.001223128,-0.001905798,-0.00076425,0.000870249,0.001352472,0.00025938,-0.001323882,-0.001920452,-0.001045476,0.000428315,0.001175336,0.000663442,-0.000426884,-0.000931832,-0.000324909,0.000832242,0.001477526,0.001060356,1.47E-05,-0.000707444,-0.000547417,0.000175797,0.000629739,0.00028818,-0.000584167,-0.001213347,-0.001057715,-0.00029379,0.000390061,0.000459573,1.40E-05,-0.000356747,-0.000167863,0.000494329,0.001066592,0.001047944,0.000458628,-0.000204591,-0.000448647,-0.00022945,5.10E-05,-3.20E-05,-0.000503184,-0.000963639,-0.000973844,-0.000466193,0.000199576,0.000574213,0.000517464,0.000284452,0.000238396,0.000481104,0.000756515,0.000708126,0.000233366,-0.000404324,-0.000804679,-0.000776735,-0.000478139,-0.00023155,-0.000209026,-0.000288213,-0.000206379
-0.128130615,0.023298215,0.064051338,0.049715761,0.004536078,-0.037170958,-0.049494002,-0.029788122,0.003240836,0.025575716,0.025181938,0.008154585,-0.009068456,-0.01362639,-0.005034688,0.006898975,0.011659401,0.006459443,-0.002902733,-0.008219129,-0.005989644,0.000462043,0.004855095,0.003701443,-0.001151268,-0.00487977,-0.004268469,-0.000293016,0.003264084,0.00346797,0.000695303,-0.00210582,-0.002337358,-2.89E-05,0.00247611,0.002868047,0.000947219,-0.001402989,-0.002113213,-0.000808497,0.001021314,0.001556482,0.000342823,-0.001406693,-0.002058472,-0.001087499,0.000529915,0.001327406,0.000727333,-0.000504832,-0.001076947,-0.00041146,0.000862805,0.001569037,0.00110387,-4.49E-05,-0.000821953,-0.000615062,0.000213462,0.000736532,0.000372213,-0.000582946,-0.001271094,-0.001096181,-0.000258901,0.000476779,0.000523351,-1.73E-06,-0.000438911,-0.000249139,0.000471275,0.001098361,0.001079588,0.000440688,-0.000267352,-0.00050234,-0.000222846,0.000118612,4.72E-05,-0.000465271,-0.000976947,-0.001001379,-0.000464212,0.000237639,0.000611824,0.000511134,0.00022615,0.000163992,0.000438044,0.000762379,0.000738787,0.000249996,-0.000416883,-0.000824956,-0.000770087,-0.000432693,-0.000171792,-0.000174583,-0.000298661,-0.000245297
-0.142237544,0.023627957,0.068393886,0.053707629,0.00582483,-0.038454551,-0.051457889,-0.030482553,0.004383263,0.027542315,0.026393345,0.007764319,-0.010613305,-0.01509513,-0.00545731,0.007536855,0.012566815,0.006798865,-0.003337643,-0.00893926,-0.006324143,0.000776561,0.005507806,0.00414499,-0.001209131,-0.005266212,-0.004559792,-0.000216292,0.003611012,0.003747062,0.000654852,-0.002416807,-0.002643079,-9.29E-05,0.00264793,0.003061522,0.000956028,-0.001590053,-0.002319281,-0.000845464,0.001181004,0.001767863,0.000433225,-0.001480625,-0.002184999,-0.00111766,0.000640107,0.001482503,0.000789155,-0.000587693,-0.001227983,-0.000504833,0.000884673,0.001649687,0.001135836,-0.000114125,-0.000941868,-0.000683454,0.000254043,0.000848666,0.000463552,-0.000572259,-0.001317378,-0.001122526,-0.000213535,0.000570157,0.000588966,-2.01E-05,-0.000527331,-0.000339479,0.000436834,0.00111717,0.001098261,0.000412039,-0.000336378,-0.000556669,-0.000211392,0.000195438,0.000138725,-0.00041339,-0.000976106,-0.0010165,-0.000453762,0.000278364,0.00064555,0.000495087,0.000154173,7.43E-05,0.000380375,0.000756318,0.000761969,0.000264985,-0.000424648,-0.000834656,-0.000749084,-0.00037202,-9.89E-05,-0.000131352,-0.000305874,-0.000286707
-0.156167775,0.023459172,0.072077431,0.057307716,0.007255958,-0.039104134,-0.052606288,-0.030558709,0.005718918,0.029302664,0.0272159,0.007047735,-0.012294286,-0.01654017,-0.005816513,0.008176379,0.01339794,0.007042462,-0.003817473,-0.009627901,-0.006580879,0.001162957,0.006195222,0.004593013,-0.001263842,-0.005630019,-0.004813298,-0.000108627,0.003963341,0.004005795,0.000583988,-0.002751619,-0.002961392,-0.000166036,0.002804315,0.003231728,0.000941973,-0.001789141,-0.002522631,-0.000869827,0.001354899,0.001990543,0.000533853,-0.001540885,-0.002292928,-0.001128207,0.000764466,0.001642305,0.00084719,-0.000678704,-0.001388288,-0.000608588,0.000893037,0.001712931,0.001148955,-0.000198963,-0.001070465,-0.000752819,0.000299466,0.000969239,0.000566237,-0.000546729,-0.001345339,-0.001129216,-0.000151095,0.000674331,0.000657464,-4.29E-05,-0.0006257,-0.000444115,0.000384361,0.001115224,0.00109593,0.000365928,-0.000415645,-0.000612056,-0.000192123,0.000287095,0.000249858,-0.000339184,-0.000952504,-0.001011471,-0.000429427,0.000323567,0.000673069,0.00046334,6.01E-05,-4.00E-05,0.000299179,0.000730984,0.000772948,0.00027715,-0.00042477,-0.000827228,-0.000704748,-0.00028659,-4.69E-06,-7.39E-05,-0.0003079,-0.000332182
-0.169586301,0.022910221,0.075149164,0.060497791,0.008746115,-0.03924967,-0.053079534,-0.030127348,0.007193198,0.030861352,0.027695322,0.00606438,-0.014060545,-0.017928993,-0.006095454,0.008826816,0.01416074,0.007197822,-0.004337973,-0.010287295,-0.006768916,0.001607987,0.006903607,0.005033827,-0.001324449,-0.005978238,-0.005034553,2.62E-05,0.004319903,0.004246149,0.000487514,-0.003103704,-0.003285205,-0.000241479,0.002951427,0.003384005,0.000909248,-0.001997689,-0.002722756,-0.000883217,0.001539569,0.002219879,0.000639432,-0.001592907,-0.002387458,-0.001123678,0.000899599,0.001805003,0.000901464,-0.000776047,-0.001554527,-0.000718281,0.000892994,0.001764044,0.001148156,-0.000295426,-0.001205128,-0.000822318,0.000348669,0.001095415,0.000675984,-0.000511622,-0.001360655,-0.0011217,-7.61E-05,0.000786279,0.000727792,-6.89E-05,-0.000730836,-0.000558164,0.000319847,0.001098881,0.0010785,0.000306991,-0.000502478,-0.00066823,-0.000167289,0.000389077,0.000374444,-0.000249611,-0.000912904,-0.000991863,-0.00039473,0.00037235,0.000696301,0.000420372,-4.97E-05,-0.000171693,0.000201396,0.000691914,0.000774965,0.000286921,-0.000419678,-0.000807516,-0.000643455,-0.000183173,0.000104873,-6.40E-06,-0.000306324,-0.000380629
-0.1825739,0.022119861,0.077801652,0.063396215,0.010259859,-0.039069381,-0.05310921,-0.029363751,0.008752933,0.032279547,0.027943939,0.004906884,-0.015875494,-0.019271314,-0.006314613,0.009486632,0.014877055,0.007292805,-0.004886053,-0.010926518,-0.006910598,0.002091327,0.007623708,0.00546704,-0.001391112,-0.006316956,-0.005234296,0.000179285,0.00467916,0.004473981,0.000374068,-0.003466503,-0.003611342,-0.000317071,0.003093333,0.003524808,0.000864296,-0.00221233,-0.002920494,-0.000889235,0.001731075,0.002452886,0.000747355,-0.0016403,-0.002473678,-0.001109524,0.001041572,0.001969342,0.000953091,-0.000877452,-0.001724216,-0.000831192,0.000888136,0.001807759,0.001138634,-0.000399189,-0.001343484,-0.000891721,0.000400309,0.00122492,0.000789772,-0.000470917,-0.001368305,-0.001105371,6.67E-06,0.00090303,0.000799171,-9.70E-05,-0.000840044,-0.000677778,0.000248162,0.001073792,0.001051734,0.000240045,-0.00059404,-0.000724891,-0.000139021,0.000497345,0.000507154,-0.000150744,-0.000863526,-0.000963219,-0.00035352,0.000423448,0.000716928,0.000370485,-0.000169132,-0.000314045,9.35E-05,0.000644393,0.00077139,0.000295104,-0.000411447,-0.00078022,-0.000571634,-6.86E-05,0.000223934,6.73E-05,-0.00030256,-0.000430924
-0.194389448,0.020946966,0.079648055,0.06568832,0.011746819,-0.038346216,-0.052367393,-0.028027674,0.010436163,0.033417627,0.027767265,0.00345155,-0.017742423,-0.020490181,-0.006398349,0.010172604,0.015505464,0.00727202,-0.005485896,-0.01152641,-0.006966236,0.002640343,0.008355005,0.005874238,-0.001478056,-0.006642466,-0.005395194,0.000366085,0.005042722,0.004678057,0.000230446,-0.003845117,-0.003935761,-0.000386853,0.003230134,0.003647025,0.000798245,-0.002437011,-0.003112868,-0.000881705,0.001933388,0.002689158,0.000855293,-0.001683155,-0.002547655,-0.001079873,0.001194382,0.002135353,0.000999327,-0.000985492,-0.00189792,-0.000946643,0.000878071,0.001841175,0.001115815,-0.000514149,-0.001486959,-0.000960137,0.000455973,0.001358652,0.000907919,-0.000423576,-0.00136549,-0.001076045,0.000101259,0.001026788,0.000871699,-0.000128241,-0.000954678,-0.000804303,0.000167313,0.001036677,0.001011341,0.000161038,-0.000692763,-0.000782261,-0.000105781,0.000614328,0.0006508,-3.93E-05,-0.000800415,-0.00092128,-0.000302294,0.000478407,0.000733979,0.000310582,-0.000302491,-0.000471476,-2.88E-05,0.00058475,0.000759409,0.000300461,-0.000399043,-0.000741917,-0.000484226,6.25E-05,0.000356867,0.000149934,-0.000295793,-0.000483964
-0.205005035,0.019593494,0.080926619,0.06750381,0.013136578,-0.037331797,-0.051171403,-0.026361629,0.01216115,0.034347601,0.027312284,0.001828486,-0.019599123,-0.021584591,-0.006365286,0.010884248,0.016072156,0.007169538,-0.006120438,-0.012097234,-0.006964077,0.003226935,0.009081503,0.00625044,-0.001588586,-0.00696376,-0.005531025,0.000575242,0.005408221,0.004865465,6.81E-05,-0.004229642,-0.004252129,-0.000445868,0.003368551,0.003759715,0.000719801,-0.002666956,-0.003300512,-0.000865187,0.002140812,0.002923576,0.000958331,-0.001727507,-0.002616957,-0.001042471,0.001352345,0.002300887,0.001041355,-0.001096983,-0.002071611,-0.001059916,0.000868715,0.00187153,0.001087329,-0.000633945,-0.001631864,-0.001026923,0.000513809,0.001493027,0.001025438,-0.000376026,-0.001359903,-0.001041804,0.000200637,0.001153035,0.000944036,-0.000161003,-0.001070559,-0.000931598,8.50E-05,0.000996276,0.000966027,7.72E-05,-0.000794399,-0.00083983,-7.08E-05,0.000733822,0.00079707,7.53E-05,-0.000733149,-0.000874417,-0.000246752,0.000535418,0.000750026,0.00024717,-0.000440531,-0.000633636,-0.000155382,0.000521082,0.000744079,0.000304077,-0.000385725,-0.000699754,-0.000390922,0.000199851,0.000494756,0.000235421,-0.000288226,-0.000538038
-0.214662328,0.018110555,0.081769645,0.068948783,0.01444385,-0.036103286,-0.049636289,-0.024450101,0.013913449,0.035116889,0.02664618,8.13E-05,-0.021443011,-0.02257969,-0.006240594,0.011616104,0.016591351,0.007004313,-0.00678136,-0.012645519,-0.006917809,0.003841462,0.009802985,0.006601545,-0.001718135,-0.007282278,-0.00564781,0.000801429,0.005775065,0.005040056,-0.000108464,-0.004618163,-0.004561608,-0.000495942,0.003508725,0.003865435,0.000632081,-0.002900752,-0.003484413,-0.000841815,0.002351914,0.003156145,0.00105711,-0.001773477,-0.002683058,-0.000999429,0.001514011,0.002465879,0.001080103,-0.001211007,-0.002245005,-0.001171116,0.000860344,0.001899955,0.001054862,-0.000757145,-0.001777641,-0.001092357,0.000573252,0.001627662,0.001142104,-0.000328765,-0.001352652,-0.001004218,0.000303335,0.001280943,0.001016119,-0.000194845,-0.001187139,-0.001059071,2.13E-06,0.000953879,0.000917412,-1.01E-05,-0.00089805,-0.000897516,-3.45E-05,0.000854878,0.000944837,0.000191607,-0.000663258,-0.00082423,-0.000188179,0.000593932,0.000765454,0.000181423,-0.000581644,-0.000798822,-0.000284768,0.000454791,0.000726442,0.000306382,-0.000371912,-0.000655029,-0.000293613,0.000341404,0.000635953,0.000322777,-0.000280181,-0.000592808
-0.221843272,0.016491963,0.081730127,0.06957259,0.015472655,-0.034571059,-0.047542386,-0.022147508,0.015655026,0.035545155,0.025584631,-0.001854132,-0.02319135,-0.023319338,-0.00590134,0.012396283,0.017012006,0.006710819,-0.007492445,-0.013144699,-0.006785191,0.004500164,0.010495511,0.00688319,-0.001899303,-0.007601629,-0.005728445,0.001060453,0.006142774,0.005188217,-0.000310454,-0.005007282,-0.004847138,-0.000518298,0.003659669,0.003961707,0.000528782,-0.003139782,-0.003659151,-0.000805104,0.002566989,0.003378985,0.0011402,-0.001829336,-0.00274808,-0.000949255,0.001679727,0.002627327,0.001111464,-0.001328526,-0.002413767,-0.001272448,0.000860159,0.001930314,0.001019451,-0.000882977,-0.00192205,-0.00115361,0.00063512,0.001759552,0.001251793,-0.000288412,-0.001348499,-0.000965791,0.000407818,0.001408705,0.001086161,-0.000229909,-0.001301544,-0.0011811,-7.49E-05,0.000914779,0.000868718,-9.90E-05,-0.001002708,-0.000954916,1.82E-06,0.000973998,0.001088424,0.000303391,-0.00059592,-0.000773641,-0.000127386,0.000654493,0.000781721,0.000115936,-0.000721726,-0.000961708,-0.000411595,0.00038967,0.000707827,0.000306397,-0.000359991,-0.000610671,-0.00019546,0.000483751,0.00077693,0.000409073,-0.000273061,-0.00064767
-0.227371439,0.014881184,0.081221834,0.069716193,0.016283749,-0.032959625,-0.045233693,-0.019705961,0.017347826,0.035782553,0.024335189,-0.003846864,-0.024842696,-0.023888506,-0.005431304,0.013204277,0.017376751,0.006347761,-0.008227383,-0.01361435,-0.006607798,0.005174424,0.011160182,0.007115725,-0.002115984,-0.007924816,-0.005790731,0.001336113,0.006509488,0.005321584,-0.000524205,-0.005391927,-0.005113423,-0.000519789,0.003820688,0.004055563,0.000418985,-0.003379971,-0.003827823,-0.000761447,0.002782054,0.00359282,0.001210452,-0.001894548,-0.002815758,-0.000897814,0.001845475,0.002785269,0.001138297,-0.001446959,-0.002577535,-0.001364951,0.000868187,0.001965275,0.000985576,-0.001007581,-0.002063723,-0.001211636,0.000697839,0.001887966,0.001354484,-0.000255684,-0.001349998,-0.000930572,0.000510175,0.001534152,0.00115408,-0.000265104,-0.001412588,-0.001296609,-0.000144286,0.000882023,0.000824109,-0.00018567,-0.001105928,-0.001011762,3.68E-05,0.001088931,0.001225256,0.00040757,-0.000534907,-0.000726835,-6.79E-05,0.000715477,0.000799697,5.37E-05,-0.000856702,-0.001118035,-0.00053186,0.000329306,0.000691041,0.000305424,-0.000350906,-0.000570024,-0.000101456,0.00062159,0.000913374,0.000491704,-0.00026764,-0.000701716
-0.231364846,0.013277667,0.080278218,0.0694139,0.016892685,-0.031274661,-0.042725526,-0.017135389,0.018995332,0.035842713,0.022911282,-0.005892801,-0.026403978,-0.024299357,-0.004839825,0.014038096,0.017689588,0.005920117,-0.008984462,-0.014056586,-0.006388829,0.005863125,0.011798989,0.007302667,-0.002365639,-0.008251559,-0.005835979,0.00162722,0.006875275,0.00544121,-0.000748878,-0.005772415,-0.005361838,-0.000501908,0.003991063,0.004147178,0.000303154,-0.003621234,-0.003990865,-0.000711341,0.002997108,0.003798296,0.001268781,-0.001968444,-0.002885903,-0.000845199,0.002011251,0.002939955,0.001160926,-0.001566241,-0.002736665,-0.001449254,0.000883841,0.002004511,0.000953126,-0.001131046,-0.002202852,-0.001266666,0.000761347,0.002013151,0.001450675,-0.000230036,-0.001356746,-0.000898334,0.000610561,0.00165745,0.001220027,-0.00030042,-0.001520511,-0.001406062,-0.000206646,0.000855158,0.000783291,-0.000270138,-0.001207814,-0.001068093,7.06E-05,0.001199975,0.001355818,0.000504686,-0.000479769,-0.000683541,-9.61E-06,0.000776855,0.00081926,-5.57E-06,-0.000986937,-0.001268272,-0.000646031,0.000273359,0.000675956,0.000303535,-0.000344453,-0.000532821,-1.13E-05,0.000755244,0.001045609,0.000570931,-0.000263799,-0.000755004
-0.231813446,0.011833478,0.078503951,0.068181306,0.016989723,-0.029599108,-0.039988618,-0.014448141,0.020474236,0.03554656,0.021198953,-0.0079556,-0.027703198,-0.024343085,-0.003989404,0.01491894,0.017891655,0.005365001,-0.00977676,-0.014436969,-0.006090497,0.006564661,0.012363985,0.007379068,-0.002692607,-0.008589548,-0.005848509,0.001946913,0.007235909,0.005532024,-0.000991856,-0.006136017,-0.005563647,-0.00043562,0.004186762,0.004238389,0.000178424,-0.003861572,-0.004140462,-0.000648665,0.003208414,0.003980628,0.001295968,-0.002066238,-0.002966175,-0.000794491,0.002173363,0.003085257,0.001174091,-0.001685631,-0.002882318,-0.001511298,0.000921026,0.002058146,0.000928727,-0.001247711,-0.002333374,-0.001313906,0.000825782,0.002128574,0.001528465,-0.000225052,-0.001380642,-0.00087823,0.00070171,0.001772514,0.001280116,-0.00033524,-0.00161859,-0.00149739,-0.000247461,0.000847815,0.000757114,-0.000344673,-0.001303486,-0.001122517,9.96E-05,0.001297972,0.001466182,0.000578861,-0.000444913,-0.000654228,4.18E-05,0.000837689,0.000844019,-5.36E-05,-0.00109986,-0.0013971,-0.000738974,0.000233479,0.000668447,0.00030032,-0.000346372,-0.000508611,6.31E-05,0.000871844,0.001161636,0.000637895,-0.000265212,-0.000805196
-0.230477542,0.01051868,0.076372117,0.06651549,0.016814368,-0.027990224,-0.037218109,-0.011767359,0.021843946,0.035089176,0.019383425,-0.009986239,-0.028848443,-0.024200631,-0.003018145,0.015815478,0.018038161,0.004752392,-0.010580051,-0.014784764,-0.005756829,0.007265319,0.012885904,0.007397254,-0.003058661,-0.008933215,-0.005845841,0.00227886,0.007592441,0.005608619,-0.001242042,-0.006488451,-0.005739766,-0.000343537,0.004396215,0.004330532,5.06E-05,-0.004100243,-0.004282823,-0.000580158,0.003416617,0.004149854,0.001306112,-0.002177307,-0.003052813,-0.000746072,0.002332422,0.003225063,0.001182373,-0.001804548,-0.003020215,-0.001560935,0.000970365,0.002120442,0.000909836,-0.001359607,-0.002458565,-0.001356783,0.000890491,0.002238332,0.001595815,-0.000231934,-0.001414812,-0.000865921,0.000786665,0.001882271,0.001336688,-0.000369665,-0.001710874,-0.001578185,-0.000275627,0.000852295,0.00074027,-0.000412532,-0.001394905,-0.001175627,0.000125836,0.001388067,0.001564419,0.000639182,-0.000422598,-0.000633976,8.84E-05,0.000897703,0.000871844,-9.45E-05,-0.001201897,-0.001512579,-0.00081869,0.000203773,0.000666039,0.00029671,-0.000353305,-0.000492689,0.000127121,0.000977264,0.001267193,0.000697097,-0.000269852,-0.000853326
-0.226954818,0.009365218,0.073805504,0.06432081,0.016304376,-0.026466504,-0.034411054,-0.009098189,0.023078466,0.034435224,0.017443813,-0.01197518,-0.029803732,-0.023829954,-0.00189934,0.016730813,0.018116586,0.004069703,-0.011396422,-0.015092557,-0.005380117,0.00796448,0.01335469,0.007343953,-0.003472622,-0.009283834,-0.005824621,0.002625705,0.007943863,0.005667804,-0.001500944,-0.006827045,-0.005884273,-0.000219766,0.004622576,0.004423879,-8.10E-05,-0.004336803,-0.004416293,-0.000504534,0.003620951,0.004302934,0.001295294,-0.002304716,-0.003147322,-0.000700533,0.002487672,0.003358088,0.001184664,-0.001922858,-0.003148553,-0.0015953,0.001034676,0.00219343,0.000897777,-0.001465583,-0.002577169,-0.001394287,0.000955529,0.002341102,0.001650306,-0.00025344,-0.001461661,-0.000863259,0.000863943,0.001985456,0.001388921,-0.000403597,-0.001796011,-0.001645993,-0.000288192,0.000871377,0.000734977,-0.000472113,-0.00148105,-0.001227108,0.000148465,0.001468405,0.001647683,0.000682393,-0.000415781,-0.000624943,0.000128918,0.000956682,0.000903454,-0.000126669,-0.001290469,-0.001611554,-0.000882054,0.000186652,0.000669955,0.00029263,-0.000366427,-0.00048702,0.000178376,0.001068837,0.00135979,0.000746697,-0.000278478,-0.0008989
-0.219872415,0.008551517,0.070627131,0.061322521,0.015228949,-0.02517863,-0.031676687,-0.006557506,0.024048444,0.033488993,0.015374623,-0.013821581,-0.030405972,-0.023083305,-0.000560871,0.017654596,0.01807671,0.003281475,-0.012219928,-0.015327637,-0.004937605,0.008648788,0.013724611,0.007168089,-0.003964212,-0.009642988,-0.005772437,0.002994219,0.008283248,0.005697098,-0.001771868,-0.007138392,-0.005972663,-4.17E-05,0.0048773,0.004519565,-0.000217391,-0.004567937,-0.004533668,-0.000417284,0.003817225,0.004427018,0.00124783,-0.002460484,-0.003255913,-0.000661057,0.002635021,0.003478485,0.00117646,-0.002039647,-0.003259714,-0.001602723,0.00112537,0.002285634,0.000898628,-0.001560046,-0.002683316,-0.001421961,0.001021117,0.002431394,0.001681958,-0.000301016,-0.001531487,-0.000878618,0.00092649,0.002076025,0.001432886,-0.000436817,-0.00186836,-0.001690466,-0.000272542,0.000917249,0.000751393,-0.000515678,-0.001556738,-0.001275103,0.000164792,0.001530933,0.001703503,0.000694065,-0.00043789,-0.000637337,0.000157409,0.001013009,0.000941728,-0.000142549,-0.001353766,-0.001679518,-0.000914618,0.000193455,0.000686253,0.000288202,-0.000390906,-0.000500801,0.00020501,0.001133671,0.001427465,0.000777983,-0.000294576,-0.000939419
-0.211020917,0.007929988,0.067174107,0.057943348,0.013867551,-0.024037229,-0.029020537,-0.00411767,0.024870053,0.032405291,0.013266226,-0.015568933,-0.03081467,-0.022147205,0.000877676,0.018570885,0.017971799,0.002442481,-0.013040714,-0.015521431,-0.004462155,0.009321391,0.014039951,0.006928232,-0.004493953,-0.010004045,-0.005703187,0.003373101,0.008614781,0.005709994,-0.002048612,-0.007434448,-0.006031096,0.000164487,0.005145985,0.004615787,-0.000356378,-0.004795695,-0.004642067,-0.000323802,0.004009017,0.004535612,0.001181164,-0.002630793,-0.003371516,-0.000624638,0.002778023,0.003591916,0.001162518,-0.002155659,-0.003361783,-0.001596001,0.00122977,0.002387732,0.000906178,-0.001648342,-0.002782658,-0.001444213,0.001087141,0.002515174,0.001701632,-0.000362233,-0.001613324,-0.000903463,0.000981135,0.002159687,0.001472217,-0.000469872,-0.001934075,-0.001722671,-0.000242008,0.000977301,0.000779391,-0.000550563,-0.001626608,-0.001320968,0.000177981,0.001584105,0.001744746,0.000688901,-0.000475517,-0.000661332,0.000179239,0.00106767,0.000983367,-0.000149808,-0.001403508,-0.00173075,-0.000930501,0.000213277,0.00070937,0.000283718,-0.000421435,-0.000525093,0.000218236,0.001183884,0.001481496,0.000799253,-0.000314728,-0.000977103
-0.19972077,0.007583946,0.063353039,0.054044601,0.012108362,-0.023110552,-0.026489882,-0.001832537,0.02547944,0.031134583,0.01111387,-0.017167643,-0.030948084,-0.020947872,0.002451001,0.019472018,0.017774325,0.001533923,-0.013855149,-0.015655985,-0.003941022,0.009976022,0.014277501,0.006598559,-0.005076317,-0.010366774,-0.005609628,0.003766165,0.008934678,0.005699568,-0.002333349,-0.007708625,-0.006047225,0.000410002,0.005433934,0.004712495,-0.000498968,-0.005018507,-0.004737645,-0.000221517,0.004194414,0.004622326,0.001087517,-0.00282141,-0.003496823,-0.000592469,0.002914839,0.003695424,0.00114042,-0.002270594,-0.003451039,-0.001569393,0.001353382,0.002503666,0.000923118,-0.001727917,-0.002872332,-0.001458742,0.001153837,0.002589816,0.001704475,-0.000442609,-0.001712025,-0.000941655,0.00102461,0.002233533,0.001504915,-0.000502776,-0.001990498,-0.001737622,-0.000190521,0.001057328,0.00082374,-0.000573141,-0.00168817,-0.001363725,0.000186826,0.001624122,0.001765427,0.000659958,-0.00053509,-0.000701771,0.000191576,0.001119885,0.001029685,-0.000144922,-0.001434081,-0.001758286,-0.000922738,0.000251574,0.000742193,0.000279206,-0.0004605,-0.000564278,0.000212428,0.001213315,0.001516123,0.000806289,-0.000340626,-0.001010733
-0.185605973,0.007594686,0.059161026,0.049584314,0.009887678,-0.022480665,-0.024182482,0.000199134,0.025805011,0.02966035,0.008964138,-0.018529868,-0.030719325,-0.019437809,0.004154812,0.020320568,0.017447928,0.000546023,-0.014645086,-0.01570484,-0.003362515,0.010600498,0.014410751,0.006156615,-0.005717407,-0.010722763,-0.00548084,0.004175868,0.009235538,0.005656341,-0.002628466,-0.007953504,-0.00600902,0.000703572,0.005742608,0.004806403,-0.000647453,-0.005234179,-0.004815261,-0.000107001,0.004371757,0.004681153,0.000960382,-0.003035906,-0.003632169,-0.000564135,0.00304408,0.003785659,0.001107123,-0.002384663,-0.003524341,-0.001518177,0.001500107,0.002635493,0.000950561,-0.001797051,-0.002949531,-0.001462826,0.001222053,0.002653451,0.001686678,-0.000546231,-0.0018308,-0.000995592,0.001054537,0.002294833,0.001528582,-0.000536304,-0.002035945,-0.001731514,-0.000113397,0.001161682,0.000887982,-0.00058048,-0.001738952,-0.0014018,0.000191109,0.001648353,0.001760794,0.000601508,-0.000621949,-0.000762726,0.000191846,0.001168543,0.001081175,-0.00012544,-0.001440962,-0.001756101,-0.000885092,0.000313316,0.000787406,0.000274822,-0.000510132,-0.000622062,0.000182663,0.001216376,0.001525963,0.000795076,-0.000373845,-0.001039
-0.170070589,0.007795914,0.054796014,0.044851713,0.007435021,-0.02201324,-0.02201122,0.002077771,0.025971981,0.028085329,0.006833859,-0.019748073,-0.030289318,-0.017767141,0.005914179,0.021126743,0.017045446,-0.000482617,-0.015415163,-0.01570187,-0.002751834,0.011206239,0.014484907,0.005653921,-0.006387201,-0.011070978,-0.00533039,0.004594478,0.009524168,0.005593477,-0.002929768,-0.008181945,-0.005940884,0.001022579,0.006060832,0.004896984,-0.000800046,-0.005445719,-0.004882256,1.48E-05,0.004544873,0.004724759,0.000815325,-0.003262501,-0.003771779,-0.000536956,0.003169487,0.003868391,0.001067278,-0.002498567,-0.003589122,-0.001453857,0.001658782,0.002775074,0.000982882,-0.001860959,-0.003019935,-0.001460936,0.001291432,0.002711395,0.001658012,-0.000661941,-0.001959746,-0.001057355,0.001077571,0.002349393,0.001547096,-0.000570563,-0.002075842,-0.001714407,-2.29E-05,0.001278618,0.000962432,-0.000579916,-0.001783902,-0.001437034,0.000193389,0.001664524,0.001742902,0.000527511,-0.000723163,-0.000834443,0.000185734,0.00121515,0.001135095,-9.85E-05,-0.001435469,-0.001738168,-0.000831503,0.000387586,0.000839231,0.000270521,-0.000565322,-0.000689631,0.000140242,0.001205399,0.001522502,0.000774017,-0.000411004,-0.001064313
-0.152470917,0.008285857,0.050195914,0.039736103,0.004646363,-0.021796452,-0.020064659,0.003705246,0.025890887,0.026366072,0.004752612,-0.020728687,-0.029545739,-0.015858773,0.007742477,0.021853164,0.016519751,-0.001571264,-0.0161478,-0.015613778,-0.002090721,0.011780726,0.014465773,0.005058263,-0.007097636,-0.011402888,-0.00514402,0.00502661,0.009792012,0.005498536,-0.003241138,-0.008384606,-0.005826371,0.001379906,0.006391888,0.004980539,-0.000959911,-0.005650634,-0.004932026,0.000148651,0.004711676,0.004744932,0.000643058,-0.003506725,-0.003916656,-0.000510557,0.003289301,0.003939295,0.001016889,-0.002612543,-0.003640991,-0.00136971,0.001835146,0.002925612,0.001021808,-0.001917325,-0.003079899,-0.001449561,0.001362961,0.002760914,0.001613032,-0.000795624,-0.002103519,-0.001130352,0.001090523,0.002393692,0.001557445,-0.000606355,-0.002107663,-0.00168089,8.76E-05,0.001414189,0.001051908,-0.00056762,-0.00181993,-0.001467593,0.000193107,0.001668875,0.00170519,0.000430173,-0.000845898,-0.000922265,0.000170017,0.001258485,0.001192334,-6.08E-05,-0.00141152,-0.001696494,-0.000753764,0.00048085,0.000901071,0.000266365,-0.000628842,-0.000771871,7.88E-05,0.00117319,0.001498808,0.000737926,-0.000454175,-0.001085049
-0.13332665,0.009014592,0.04545347,0.034364667,0.001615818,-0.021793576,-0.018347593,0.005070654,0.025572767,0.024538986,0.002762308,-0.021451252,-0.028504463,-0.013758596,0.00958616,0.022462193,0.01586025,-0.002708747,-0.016825076,-0.01542927,-0.001378327,0.012320028,0.014353319,0.004377931,-0.0078347,-0.011705539,-0.004915386,0.005471268,0.010034326,0.005367422,-0.003564217,-0.008562145,-0.00566789,0.001770132,0.006728649,0.005050983,-0.001130028,-0.005848795,-0.004962899,0.000296057,0.004873401,0.004743407,0.000446779,-0.003763948,-0.004061916,-0.000481265,0.003405235,0.003998413,0.000955147,-0.002727729,-0.003681574,-0.001268338,0.002025489,0.003082849,0.001063538,-0.00196866,-0.003130423,-0.001428501,0.001437655,0.002803751,0.001554364,-0.000943727,-0.00225802,-0.001210707,0.001096252,0.002429133,0.001559593,-0.000644903,-0.002133599,-0.001634035,0.000214268,0.001564232,0.001152586,-0.00054633,-0.001848187,-0.001492958,0.000192207,0.001664416,0.001651387,0.000313585,-0.000986186,-0.001022973,0.000146529,0.001298618,0.001251226,-1.53E-05,-0.001372893,-0.001635041,-0.000655512,0.000590264,0.000971297,0.000262262,-0.000699196,-0.000865994,1.77E-06,0.001123222,0.001457751,0.00068869,-0.000502606,-0.001101603
-0.113397725,0.009870755,0.040648591,0.02887376,-0.001532511,-0.021905962,-0.016766945,0.006276588,0.025114397,0.02265564,0.000837486,-0.02201255,-0.027287571,-0.011555354,0.011423456,0.022988563,0.015115988,-0.003872696,-0.017463122,-0.015182351,-0.000634193,0.012836775,0.014183917,0.003648443,-0.00858367,-0.01198623,-0.004658881,0.005923298,0.010259523,0.005212847,-0.003895024,-0.008724547,-0.005483267,0.002178769,0.007066619,0.005111438,-0.001307403,-0.006042793,-0.004981663,0.000452317,0.005032427,0.00472915,0.00023682,-0.004027637,-0.004205814,-0.000448986,0.00351937,0.004050344,0.000886204,-0.002844016,-0.003715759,-0.001157248,0.002223189,0.003242793,0.001105722,-0.002017764,-0.003175526,-0.001401475,0.001514594,0.002843042,0.001488154,-0.001099499,-0.002417734,-0.001294266,0.001098537,0.002459656,0.001556749,-0.000685505,-0.002156629,-0.001580014,0.000349554,0.001721734,0.001258814,-0.000520495,-0.001872123,-0.001515018,0.000191543,0.001655553,0.001588985,0.000186607,-0.001135843,-0.001130435,0.000118958,0.001336864,0.001310596,3.40E-05,-0.001326578,-0.001562863,-0.000545989,0.000708539,0.001046057,0.000258132,-0.00077322,-0.000966408,-8.35E-05,0.001063636,0.001407108,0.000632098,-0.000553991,-0.001115759
-0.092512287,0.010899649,0.035795629,0.023267021,-0.00480988,-0.022177508,-0.01540886,0.007213312,0.024428712,0.020699531,-0.000952727,-0.022291552,-0.025787346,-0.009210544,0.013212606,0.023348775,0.014220719,-0.005073603,-0.018021792,-0.014821208,0.000164808,0.013312748,0.013918003,0.002841596,-0.00934255,-0.012219978,-0.00435021,0.00638719,0.010452069,0.005015213,-0.004240314,-0.008861753,-0.005255972,0.002614683,0.007401262,0.005150241,-0.001499463,-0.006229659,-0.004978554,0.000624905,0.005187799,0.004694513,5.97E-06,-0.004298812,-0.00434363,-0.000408754,0.003631812,0.004090113,0.000804409,-0.002963015,-0.00374026,-0.001031565,0.002430585,0.003404049,0.001145701,-0.002065077,-0.003212246,-0.0013642,0.001596081,0.002877585,0.001411088,-0.001265602,-0.002583122,-0.001380208,0.001097272,0.002482996,0.001545469,-0.000730475,-0.002176354,-0.00151615,0.000496553,0.00188863,0.0013714,-0.00048919,-0.001889738,-0.001531153,0.000192737,0.001641526,0.001514895,4.52E-05,-0.00129821,-0.001246712,8.60E-05,0.001372068,0.00136952,8.74E-05,-0.001270244,-0.001475692,-0.000420318,0.000839486,0.001127116,0.000253819,-0.000852288,-0.001075214,-0.000179964,0.00099064,0.001342612,0.000564607,-0.000609774,-0.001126218
-0.071490481,0.011983992,0.030988414,0.017704446,-0.008070744,-0.022502592,-0.014193312,0.007957053,0.023589775,0.018719869,-0.002611212,-0.022349574,-0.024098927,-0.006811111,0.014908219,0.023544291,0.013201137,-0.00628927,-0.018499842,-0.014360308,0.001006819,0.013753573,0.013578847,0.001985634,-0.010092443,-0.012402547,-0.003994182,0.006858842,0.010613753,0.004779521,-0.004598721,-0.008980337,-0.004998697,0.003065049,0.007724672,0.005164929,-0.001706501,-0.00641086,-0.004956538,0.000812025,0.005341768,0.004646145,-0.000237167,-0.004570094,-0.004470677,-0.000357757,0.003745151,0.004120638,0.000711805,-0.00308537,-0.003759125,-0.000897698,0.002640917,0.003560976,0.00117912,-0.002114308,-0.003243925,-0.001318958,0.001682143,0.002910436,0.001328771,-0.001435282,-0.002747673,-0.001462931,0.00109712,0.002502843,0.001527912,-0.000780102,-0.002196097,-0.001448468,0.00064773,0.002057315,0.001483726,-0.000457527,-0.001904321,-0.001542374,0.000197634,0.001627284,0.001436638,-0.000101771,-0.001464909,-0.001365199,5.18E-05,0.001405354,0.001426104,0.000139904,-0.00121132,-0.001382494,-0.000287398,0.000976021,0.001210533,0.000249055,-0.000933228,-0.001186531,-0.000279944,0.000912445,0.001271735,0.000491553,-0.00066787,-0.001134548
-0.050490975,0.01309051,0.026227502,0.012197291,-0.011297575,-0.022849815,-0.013068313,0.008572535,0.022650383,0.016729774,-0.004175139,-0.022256618,-0.022288091,-0.004384883,0.016529191,0.023620462,0.012095361,-0.007512093,-0.018918838,-0.013828924,0.001878256,0.014169451,0.013189694,0.001098084,-0.010832907,-0.01254714,-0.003604381,0.007335432,0.010753107,0.004516798,-0.004966433,-0.009086227,-0.004721383,0.003524058,0.008038681,0.00516164,-0.00192449,-0.006588111,-0.00492114,0.001009472,0.005495002,0.004588695,-0.000488023,-0.004840349,-0.004589154,-0.000298481,0.003859519,0.004144833,0.000611617,-0.003210242,-0.003774441,-0.000758782,0.002852395,0.003713901,0.001207095,-0.002165488,-0.003272422,-0.001268246,0.001771529,0.002942478,0.001243427,-0.001606578,-0.002910639,-0.001542459,0.00109849,0.002520703,0.001506109,-0.000833153,-0.002216323,-0.001378877,0.000800839,0.002226159,0.00159485,-0.000426393,-0.001917207,-0.001550177,0.000205496,0.001613613,0.001356459,-0.000251558,-0.001633491,-0.001484277,1.72E-05,0.001437431,0.001480706,0.000191068,-0.001151631,-0.001286261,-0.000150549,0.001115541,0.001295049,0.000243905,-0.001015054,-0.001298773,-0.000381321,0.000831728,0.001197355,0.000415262,-0.000727334,-0.001141574
-0.030194819,0.014146531,0.021635713,0.006934327,-0.014332869,-0.023153652,-0.012065724,0.008979568,0.021556083,0.014753636,-0.005544,-0.021894176,-0.020294044,-0.001971322,0.017955275,0.023444282,0.010828474,-0.008730866,-0.019209579,-0.013158287,0.002802429,0.014535415,0.012711446,0.000165466,-0.011537645,-0.012606616,-0.003146158,0.007818802,0.010845457,0.004199912,-0.005352709,-0.009169613,-0.004410832,0.0039914,0.008325995,0.005117633,-0.002166159,-0.006757811,-0.00485917,0.001227645,0.005648214,0.004516757,-0.000748747,-0.005102487,-0.004685363,-0.000219126,0.003978096,0.004157648,0.000496747,-0.003340913,-0.003785164,-0.000613964,0.003060982,0.003853658,0.001219814,-0.002223849,-0.003296735,-0.00120761,0.001867987,0.002975063,0.001155912,-0.001776015,-0.003064949,-0.001610537,0.001106955,0.002537303,0.001476963,-0.000893705,-0.002240125,-0.001309896,0.000952101,0.002389188,0.00169795,-0.000400642,-0.001929205,-0.001551531,0.000221142,0.001605084,0.001278166,-0.000400236,-0.00179926,-0.00159913,-1.47E-05,0.00146793,0.001529558,0.000235391,-0.001096361,-0.00119084,-1.26E-05,0.0012556,0.001378598,0.000237622,-0.001096207,-0.001408128,-0.000479353,0.000752432,0.001121653,0.000336425,-0.00078803,-0.001147129
-0.01091201,0.015088994,0.017218433,0.001944309,-0.017136524,-0.023353109,-0.011093785,0.009288011,0.020395229,0.012813273,-0.006780036,-0.021380253,-0.018229416,0.000378741,0.019213723,0.023089249,0.009465076,-0.009929574,-0.01940457,-0.012395677,0.003755725,0.014866238,0.012181292,-0.000782622,-0.012203947,-0.012600926,-0.002641416,0.008303391,0.010903475,0.003846288,-0.005750965,-0.009239417,-0.004082931,0.004457127,0.008588646,0.005042133,-0.002425088,-0.006922325,-0.004779144,0.001459816,0.005802229,0.004437608,-0.001011845,-0.005354197,-0.004762273,-0.000123345,0.004101125,0.00416364,0.000372312,-0.003475949,-0.003794522,-0.000468323,0.003263505,0.003980306,0.001218652,-0.002289684,-0.003319912,-0.001141072,0.001969464,0.003009557,0.001069856,-0.001940188,-0.003208975,-0.001666734,0.001123533,0.002555266,0.001443812,-0.000959759,-0.002268292,-0.001244746,0.001097583,0.002543302,0.001790978,-0.000382146,-0.00194272,-0.001548906,0.000243473,0.001603175,0.001205711,-0.000542761,-0.001957705,-0.001706592,-4.18E-05,0.001498151,0.001573117,0.000271716,-0.001048937,-0.00110161,0.000120611,0.001391483,0.001458784,0.000230194,-0.001174909,-0.001511575,-0.000569966,0.000679523,0.001049809,0.000259138,-0.000848322,-0.001152672
0.00753196,0.015936345,0.012943757,-0.002821862,-0.019749558,-0.023464959,-0.010143218,0.009520323,0.019183498,0.010902843,-0.007910285,-0.020747509,-0.016111758,0.002674956,0.020336531,0.022591349,0.008025688,-0.011111099,-0.019522622,-0.011559902,0.004731725,0.015168837,0.011610165,-0.001742164,-0.012838745,-0.012542817,-0.00209961,0.00878869,0.010933916,0.003463366,-0.006158689,-0.009298412,-0.003741445,0.004921155,0.00883123,0.004941286,-0.00269783,-0.007082667,-0.004684692,0.00170314,0.005956899,0.004352816,-0.001276612,-0.005597315,-0.004823547,-1.43E-05,0.004227774,0.004164221,0.000240267,-0.003614477,-0.003802866,-0.000322182,0.003460971,0.004096267,0.00120622,-0.002361619,-0.00334227,-0.001069869,0.002074943,0.00304564,0.000985109,-0.00209995,-0.003344552,-0.001713222,0.001146767,0.002574437,0.001407524,-0.001030218,-0.002300035,-0.001182828,0.001238209,0.002690027,0.001875711,-0.000369643,-0.001957569,-0.001543136,0.000271208,0.001606711,0.00113816,-0.000680082,-0.002110006,-0.001807897,-6.51E-05,0.001528202,0.00161238,0.000301473,-0.001008041,-0.001017635,0.000249653,0.001523772,0.001536126,0.000221824,-0.001251547,-0.001610083,-0.000654363,0.000612023,0.000981319,0.000183275,-0.000908221,-0.001158264
0.023466203,0.016473802,0.009052973,-0.006966689,-0.021818604,-0.023286976,-0.009164331,0.009651241,0.017916474,0.009089545,-0.008820024,-0.019911118,-0.013959561,0.00478036,0.021125615,0.021785501,0.006449108,-0.012227659,-0.019464083,-0.010574234,0.005743257,0.015406785,0.010962632,-0.002704806,-0.013386315,-0.012363262,-0.001480241,0.009269086,0.010901312,0.003018431,-0.006584375,-0.009335253,-0.003377321,0.005371726,0.00902201,0.004781388,-0.003000943,-0.007233267,-0.004559138,0.001969795,0.006113281,0.004258777,-0.001539516,-0.005815592,-0.004845917,0.000126488,0.004363861,0.004154163,9.26E-05,-0.003760611,-0.003810825,-0.000178778,0.0036424,0.004183966,0.001165173,-0.00244982,-0.003364963,-0.000989833,0.002188982,0.003086719,0.00090663,-0.002245262,-0.003456371,-0.001733598,0.001188517,0.002599085,0.001365916,-0.001110372,-0.002341601,-0.001131961,0.001362724,0.002814484,0.001936573,-0.000374787,-0.001978181,-0.001531337,0.000312105,0.00162574,0.001086872,-0.000799247,-0.002241961,-0.001889894,-7.59E-05,0.001559115,0.001640759,0.000312855,-0.000987455,-0.000952364,0.000362384,0.001642179,0.001603599,0.000210803,-0.001321142,-0.001692685,-0.000718452,0.000563482,0.000926479,0.000114921,-0.000965607,-0.001165354
0.037764601,0.016801951,0.005399445,-0.010721942,-0.023541965,-0.022911249,-0.008136176,0.009758943,0.016646424,0.00734139,-0.00962084,-0.018996993,-0.011830353,0.006749864,0.021723201,0.020823689,0.004818729,-0.013293681,-0.019307813,-0.009516041,0.00676409,0.015607123,0.010280378,-0.003658222,-0.013878615,-0.012116604,-0.000822704,0.009742496,0.010833419,0.002542047,-0.007017209,-0.009360016,-0.003004,0.005810652,0.009181612,0.004588793,-0.003319637,-0.007377848,-0.004417121,0.002248011,0.006270101,0.004160716,-0.001799187,-0.006018029,-0.004845631,0.00028511,0.004505285,0.004138776,-6.29E-05,-0.003910439,-0.003818992,-3.82E-05,0.003813277,0.004254607,0.001107336,-0.002547749,-0.003388629,-0.000905735,0.002307257,0.00313079,0.000832668,-0.002381001,-0.003553381,-0.001738062,0.001241743,0.002627833,0.001322215,-0.00119551,-0.002388975,-0.001088425,0.001476478,0.002924538,0.001982276,-0.000391306,-0.002003152,-0.001516822,0.000360393,0.001654335,0.001046445,-0.000905919,-0.002360092,-0.001958997,-7.83E-05,0.001591145,0.001662812,0.000312821,-0.000980209,-0.000900149,0.000463237,0.001750475,0.001664107,0.000198022,-0.001385914,-0.001764552,-0.000768718,0.000528247,0.000881756,5.25E-05,-0.001020916,-0.001173904
0.050406907,0.01691819,0.001986109,-0.014082807,-0.024915354,-0.022335323,-0.007058135,0.009843129,0.015373299,0.005659193,-0.01031138,-0.018004164,-0.009724408,0.008581791,0.022126926,0.019703964,0.003133872,-0.014308531,-0.019052599,-0.008384422,0.007794343,0.01576939,0.009562961,-0.004602298,-0.014314964,-0.011802021,-0.000126522,0.010208835,0.010729802,0.002033822,-0.007457278,-0.009372547,-0.002621365,0.006237797,0.009309653,0.004363089,-0.003654107,-0.007516332,-0.004258441,0.002537928,0.006427365,0.004058582,-0.002055587,-0.006204426,-0.004822409,0.000461779,0.004652111,0.004117993,-0.000226249,-0.004064006,-0.003827371,9.95E-05,0.003973468,0.00430798,0.001032501,-0.002655524,-0.003413278,-0.000817523,0.002429824,0.003177892,0.000763279,-0.00250705,-0.003635397,-0.001726418,0.001306588,0.002660733,0.001276395,-0.001285692,-0.002442232,-0.001052309,0.001579338,0.003020008,0.002012631,-0.00041934,-0.002032535,-0.001499557,0.000416163,0.001692617,0.001017012,-0.000999945,-0.002464229,-0.002015047,-7.22E-05,0.001624302,0.001678461,0.000301232,-0.000986471,-0.000861149,0.000552068,0.001848535,0.001717564,0.000183458,-0.001445802,-0.001825551,-0.000804987,0.000506481,0.000847275,-3.78E-06,-0.001074122,-0.001183933
0.059443839,0.016569503,-0.000913728,-0.016600274,-0.025538759,-0.021317277,-0.005838542,0.009926235,0.014133835,0.004122569,-0.010807849,-0.016914364,-0.007732575,0.010096285,0.022143977,0.018305512,0.001386546,-0.015192959,-0.018601444,-0.007128624,0.008820658,0.015848825,0.008786246,-0.005510251,-0.014629259,-0.011354544,0.000635716,0.010651506,0.010553567,0.001468108,-0.007904754,-0.009358607,-0.002224007,0.006635524,0.009371584,0.004072687,-0.004016406,-0.007640385,-0.004067479,0.002848175,0.006583229,0.003948614,-0.002303086,-0.006356423,-0.004752642,0.000673669,0.004808799,0.004086724,-0.000403794,-0.004223402,-0.003835679,0.000230436,0.004110752,0.004325685,0.000923295,-0.002783105,-0.00344046,-0.000722301,0.002559645,0.003230425,0.000703483,-0.002612471,-0.003686012,-0.001681388,0.001395641,0.002703001,0.001227592,-0.001384849,-0.002506822,-0.001031646,0.001658876,0.003084324,0.002010319,-0.000472128,-0.002072195,-0.001477912,0.000486359,0.00175066,0.001011077,-0.001066238,-0.002537539,-0.00204237,-4.72E-05,0.001660757,0.001681355,0.000265537,-0.001021792,-0.000851508,0.000613519,0.001923089,0.001754893,0.000164771,-0.001494939,-0.001862547,-0.000810152,0.000515089,0.000836447,-4.57E-05,-0.00112226,-0.001197787
0.066649526,0.015987361,-0.003550928,-0.018691147,-0.025785524,-0.020076498,-0.004541755,0.010020614,0.012922621,0.002660832,-0.011219694,-0.01579937,-0.005820524,0.011442328,0.021976257,0.01678925,-0.000369861,-0.016000805,-0.018055264,-0.005822572,0.009833803,0.015883064,0.007983629,-0.006394157,-0.014880145,-0.010843865,0.001424762,0.0110777,0.010340773,0.000877022,-0.008352025,-0.009329692,-0.001820051,0.007017057,0.009400286,0.003751635,-0.004390224,-0.007755856,-0.003860842,0.003166909,0.006736832,0.003834144,-0.002545935,-0.006491097,-0.004660198,0.000902,0.004969425,0.004050056,-0.000587722,-0.004384671,-0.003843182,0.000358399,0.004236747,0.004325938,0.000797568,-0.002919955,-0.003468718,-0.000623971,0.002692325,0.003284909,0.000647957,-0.002707913,-0.003721246,-0.001620058,0.001496466,0.002749915,0.001177676,-0.001487806,-0.002576346,-0.001018146,0.001727086,0.003133243,0.001991777,-0.000537294,-0.002117194,-0.001454536,0.00056314,0.001817989,0.001016515,-0.001118755,-0.002595297,-0.002055077,-1.25E-05,0.001699198,0.001678232,0.000218108,-0.001071488,-0.000856643,0.000660943,0.001985439,0.001783768,0.000143814,-0.001538689,-0.001887337,-0.000799421,0.000539316,0.000837903,-8.01E-05,-0.00116772,-0.001213747
0.071519434,0.015107785,-0.005852905,-0.020238126,-0.025552411,-0.018551845,-0.003145836,0.010130845,0.011748819,0.001294732,-0.011525323,-0.014655242,-0.00401295,0.012572609,0.021574292,0.015125657,-0.002135037,-0.016709676,-0.017388422,-0.004454012,0.010828766,0.01585927,0.007148499,-0.007246675,-0.015049974,-0.010253091,0.002247167,0.011482344,0.010081377,0.000254047,-0.00879855,-0.009281478,-0.001407785,0.007377772,0.009386642,0.003391762,-0.004778413,-0.007860226,-0.003634301,0.003496242,0.006887356,0.003713866,-0.002782838,-0.006603691,-0.004538955,0.001151125,0.005134943,0.004006491,-0.00077969,-0.004548196,-0.003849562,0.000482556,0.004348383,0.004304012,0.000650884,-0.00306853,-0.003498321,-0.000521731,0.002828552,0.003341783,0.000597804,-0.002790685,-0.003736935,-0.001538016,0.001612242,0.002802743,0.00112639,-0.001595519,-0.002652057,-0.001013697,0.001780913,0.003162578,0.00195258,-0.000618222,-0.002169022,-0.001429012,0.00064823,0.001897068,0.001036389,-0.001153737,-0.002633234,-0.002049139,3.48E-05,0.001740208,0.001667492,0.000155774,-0.00113947,-0.000880607,0.000690459,0.00203219,0.001801821,0.000119939,-0.001575575,-0.001896556,-0.000768403,0.000583489,0.00085506,-0.000104719,-0.00120975,-0.001232413
0.072894424,0.013798309,-0.007637007,-0.020966081,-0.024610318,-0.016616886,-0.001607974,0.010272555,0.010645072,7.53E-05,-0.0116914,-0.01350648,-0.002400855,0.013364286,0.020841222,0.013287527,-0.003864758,-0.017243132,-0.01654443,-0.003016817,0.011769663,0.015735811,0.006268772,-0.008040823,-0.01509256,-0.009548238,0.003105867,0.011842817,0.009749482,-0.000410104,-0.009234093,-0.009197932,-0.000982452,0.007704903,0.009308831,0.002977036,-0.005182412,-0.007943659,-0.003377774,0.00383788,0.007028709,0.003581953,-0.00301161,-0.00668334,-0.004375829,0.001428617,0.005304822,0.003951255,-0.000982654,-0.004712435,-0.00385151,0.000602857,0.004439604,0.004250035,0.000474588,-0.003232662,-0.003528695,-0.000413922,0.002968354,0.003399848,0.000553519,-0.002856128,-0.003724697,-0.001426334,0.001749075,0.002863644,0.001073362,-0.001708852,-0.002734808,-0.001020541,0.001815022,0.003163893,0.00188339,-0.000722138,-0.002230981,-0.001400982,0.000744208,0.001991683,0.001075881,-0.00116393,-0.002642261,-0.002015472,0.000100855,0.001785625,0.001646284,7.24E-05,-0.001233463,-0.000931669,0.000693697,0.002055516,0.001803227,9.12E-05,-0.001602589,-0.001882721,-0.00070719,0.000657396,0.000895674,-0.000114839,-0.001246604,-0.001255278
0.072525226,0.012284072,-0.00915134,-0.021279993,-0.023318456,-0.014487326,-8.43E-06,0.010427112,0.009579061,-0.001068446,-0.011791963,-0.012367277,-0.000900196,0.013980126,0.019949039,0.011379826,-0.005556395,-0.017675912,-0.015611505,-0.001555157,0.012671191,0.015555189,0.005367,-0.008801087,-0.01506802,-0.008787706,0.003977153,0.012175364,0.009379067,-0.001092548,-0.009659465,-0.009092947,-0.000549558,0.008014226,0.009198049,0.002535776,-0.005591837,-0.008014235,-0.003105593,0.004184269,0.007163114,0.003442387,-0.00323695,-0.006746431,-0.004191986,0.001719233,0.005475386,0.003889197,-0.001190917,-0.004875796,-0.003849715,0.000722329,0.004521153,0.004180407,0.000284143,-0.003403614,-0.003558648,-0.000303204,0.003109227,0.003457292,0.000510969,-0.002913766,-0.003699084,-0.001300393,0.001895793,0.00292805,0.00101939,-0.001824421,-0.002819999,-0.00103182,0.001840267,0.003151868,0.001799654,-0.000837208,-0.002297826,-0.001371856,0.000845005,0.002093055,0.001124069,-0.001162623,-0.002637352,-0.001968119,0.000176434,0.001833429,0.001620206,-2.09E-05,-0.001339689,-0.000995524,0.000684311,0.002067292,0.001796177,5.97E-05,-0.001624923,-0.001857582,-0.00063111,0.000745901,0.000947754,-0.000117859,-0.001280917,-0.001280222
0.069686532,0.010485379,-0.010277424,-0.021004733,-0.021533636,-0.012087884,0.001673338,0.01059826,0.008568025,-0.002103699,-0.011802076,-0.011248213,0.000434979,0.014343198,0.018835016,0.00938338,-0.007182771,-0.017958852,-0.014552382,-6.43E-05,0.013510093,0.01528952,0.004434132,-0.009510744,-0.014946428,-0.007949043,0.004863183,0.0124651,0.008952809,-0.001799638,-0.010067831,-0.008955493,-0.000105373,0.008297755,0.009040066,0.002057408,-0.006007578,-0.008065258,-0.002810868,0.004536618,0.007286367,0.003290955,-0.003457779,-0.006786028,-0.003978909,0.002027857,0.005646094,0.003816935,-0.001406583,-0.005037222,-0.003841775,0.00084124,0.004589296,0.00408881,7.40E-05,-0.003583697,-0.003587558,-0.000188298,0.003251225,0.003513175,0.000470214,-0.002960827,-0.003654843,-0.00115456,0.002056158,0.002997127,0.000964036,-0.001942839,-0.002908042,-0.001048712,0.001853504,0.003121316,0.001695558,-0.000967897,-0.002371493,-0.001341265,0.000952281,0.002203436,0.00118396,-0.001145522,-0.002612985,-0.001901474,0.00026546,0.001884717,0.001587433,-0.000127948,-0.00146282,-0.001077086,0.000657324,0.002062791,0.00177707,2.42E-05,-0.001640774,-0.001816548,-0.000534093,0.000854942,0.001015935,-0.000110914,-0.001311656,-0.001308098
0.064276114,0.008424631,-0.010958764,-0.020095289,-0.01924788,-0.009444562,0.003401848,0.010766607,0.007616476,-0.00301607,-0.011720456,-0.010173456,0.001564608,0.01442338,0.017502654,0.007339212,-0.008685225,-0.018046675,-0.013357175,0.001430756,0.014247254,0.014911123,0.003467172,-0.010154044,-0.014711234,-0.007030246,0.005749437,0.012692093,0.008459711,-0.002526896,-0.010444306,-0.008771645,0.000354704,0.008551125,0.008828887,0.001541661,-0.006422853,-0.008087987,-0.002489591,0.004891457,0.007390525,0.003120932,-0.003676064,-0.006800378,-0.003735126,0.002352632,0.005812288,0.003730418,-0.001629929,-0.005192957,-0.003822494,0.000963141,0.004644911,0.003974903,-0.000155116,-0.003770451,-0.003612559,-6.82E-05,0.003392477,0.003563661,0.000427536,-0.002999432,-0.003592666,-0.000989362,0.002228877,0.003069192,0.000906582,-0.002062803,-0.00299584,-0.00106768,0.0018573,0.003073398,0.001571461,-0.001113836,-0.002451482,-0.001309241,0.001064716,0.002320208,0.001252533,-0.001114876,-0.002570029,-0.001815309,0.000368534,0.001940002,0.001548547,-0.000247626,-0.001601143,-0.001174514,0.000613915,0.002042079,0.001745092,-1.62E-05,-0.001650711,-0.001759704,-0.00041611,0.000984297,0.001099747,-9.44E-05,-0.001338897,-0.001338788
0.057554591,0.006245733,-0.011394961,-0.018852906,-0.016712224,-0.006694257,0.005135139,0.010922534,0.006695054,-0.003860698,-0.011590471,-0.009128019,0.00257752,0.014351229,0.016062809,0.005287432,-0.010102476,-0.01801897,-0.012090137,0.002917569,0.014917403,0.014464859,0.002481808,-0.010757724,-0.014412381,-0.006070531,0.006629745,0.012879343,0.007928535,-0.003262356,-0.010798492,-0.008558618,0.000824746,0.008787589,0.008588538,0.001007078,-0.006834991,-0.008092771,-0.002153259,0.005246087,0.007481715,0.002938683,-0.003893952,-0.006801348,-0.003475343,0.002684676,0.005974172,0.003634952,-0.001857303,-0.005344249,-0.00379529,0.001088097,0.004694646,0.003849703,-0.000393441,-0.003959416,-0.003634272,5.51E-05,0.003532604,0.003609798,0.000382267,-0.003034765,-0.003521861,-0.000814769,0.002407124,0.00314191,0.000847658,-0.002183045,-0.003082185,-0.001086113,0.001857566,0.0030174,0.001437634,-0.001267115,-0.002534285,-0.001276414,0.001179203,0.002439003,0.001324029,-0.001078589,-0.002518332,-0.001719447,0.000478755,0.001997423,0.001506838,-0.000373089,-0.001746174,-0.00127887,0.000563034,0.002013484,0.001706448,-5.95E-05,-0.001658002,-0.001695138,-0.00028784,0.001123472,0.001190948,-7.34E-05,-0.001364468,-0.001370756
0.048936285,0.003918399,-0.011449708,-0.017114853,-0.013823031,-0.003814464,0.006847586,0.011044495,0.005816923,-0.004599905,-0.011388171,-0.008134804,0.003404205,0.014046873,0.014473081,0.00324899,-0.011364367,-0.017800732,-0.010715607,0.004377333,0.015468548,0.013905266,0.00146833,-0.01129564,-0.014013062,-0.005051532,0.007492617,0.012997793,0.007336444,-0.004006652,-0.011111667,-0.008295341,0.001311918,0.008997345,0.008302994,0.000445564,-0.007238364,-0.008066481,-0.00179293,0.005598268,0.007549434,0.002734744,-0.004112569,-0.006782217,-0.003191901,0.003025823,0.00612688,0.003524086,-0.002090667,-0.005486878,-0.003753503,0.001219699,0.004736636,0.003708276,-0.000644329,-0.004149848,-0.003649345,0.000183727,0.00367002,0.003647322,0.000330902,-0.003066874,-0.003439328,-0.000627279,0.002592244,0.003214302,0.000786025,-0.002302948,-0.00316449,-0.001101449,0.001854594,0.002950841,0.001290411,-0.001430381,-0.002620572,-0.001242318,0.001295809,0.002558929,0.00139756,-0.001035986,-0.002455056,-0.001609933,0.000599299,0.002058071,0.001461466,-0.000505962,-0.001899393,-0.001391553,0.000502653,0.001974043,0.001658011,-0.000107547,-0.001661997,-0.001619891,-0.000145277,0.001276073,0.001291992,-4.66E-05,-0.00138779,-0.001404344
0.039076492,0.001555054,-0.011181844,-0.015014263,-0.010724718,-0.000920383,0.008468005,0.011097708,0.004965252,-0.005247508,-0.011126248,-0.007195105,0.004067249,0.013559447,0.012796631,0.001278781,-0.012443737,-0.0173978,-0.009261181,0.005780329,0.015884247,0.013231797,0.000432861,-0.011767449,-0.013524736,-0.003992472,0.008321142,0.013041114,0.006688644,-0.004748895,-0.011374615,-0.007977697,0.001817276,0.009182968,0.007979026,-0.00013336,-0.007624882,-0.008005926,-0.00141066,0.005943235,0.007589164,0.002505948,-0.004334831,-0.006747353,-0.002891012,0.003369496,0.006265706,0.003396334,-0.002328609,-0.005617923,-0.003693875,0.001361417,0.004775154,0.003556045,-0.000901848,-0.004336681,-0.00365487,0.000317924,0.003802938,0.00367311,0.000269434,-0.003100622,-0.00335076,-0.000432904,0.002778952,0.003282954,0.000720801,-0.002420897,-0.003239167,-0.001108713,0.001854298,0.00288014,0.001136051,-0.001598507,-0.002707382,-0.00120682,0.001411823,0.00267498,0.001466669,-0.000994109,-0.002387001,-0.001492462,0.000726474,0.002121019,0.001414599,-0.0006413,-0.002053983,-0.001505093,0.000439681,0.001929095,0.00160282,-0.000159946,-0.001665244,-0.001538968,5.01E-06,0.001435232,0.001397031,-1.78E-05,-0.001410095,-0.001438247
0.028576234,-0.000803822,-0.010720082,-0.012712421,-0.007527234,0.001954023,0.010010868,0.011097607,0.004126681,-0.005838568,-0.010827724,-0.006289046,0.004630943,0.012965903,0.01107903,-0.000634932,-0.013399594,-0.016877722,-0.007762205,0.007139446,0.016208703,0.012485002,-0.000614967,-0.01219617,-0.012981523,-0.002912142,0.009123358,0.013034356,0.006006154,-0.005487092,-0.011602831,-0.007623983,0.002334466,0.009353389,0.007631685,-0.000721299,-0.007998515,-0.0079224,-0.001014685,0.00628236,0.007609689,0.002260362,-0.004560033,-0.006703221,-0.002580233,0.003713239,0.006394388,0.003257259,-0.002569192,-0.005740777,-0.003621942,0.00151045,0.004812356,0.003398033,-0.001162272,-0.004519955,-0.003653473,0.000455876,0.003932548,0.00369058,0.000200513,-0.003136527,-0.003259584,-0.000235479,0.002965411,0.003348314,0.000652979,-0.002537245,-0.003308081,-0.001109589,0.001857116,0.002808266,0.000978567,-0.001768523,-0.002793761,-0.001170311,0.001526859,0.002787348,0.001531369,-0.000954402,-0.002317501,-0.001371237,0.000857009,0.00218518,0.001367235,-0.000777067,-0.002207804,-0.001617346,0.000376749,0.001881915,0.001544025,-0.000215097,-0.001668619,-0.001455599,0.00015867,0.001596914,0.00150318,1.14E-05,-0.001432044,-0.001471998
0.017382436,-0.003074805,-0.009949409,-0.010141375,-0.004253753,0.004709642,0.011361361,0.010975458,0.003300346,-0.006334934,-0.010468525,-0.005441199,0.005033203,0.012215344,0.009329789,-0.002410711,-0.014115903,-0.016152006,-0.006202989,0.008398436,0.016357381,0.011606254,-0.00167981,-0.012545891,-0.012346556,-0.001806641,0.009866121,0.012932556,0.005264684,-0.006210117,-0.011761627,-0.007202293,0.002873298,0.009497434,0.007246246,-0.001319107,-0.00834309,-0.007794903,-0.00059528,0.006607507,0.007592237,0.001982299,-0.004792234,-0.006644899,-0.002255543,0.00405262,0.006501317,0.003096508,-0.002813634,-0.005846758,-0.003525503,0.001674953,0.004849838,0.003233018,-0.001423994,-0.004693242,-0.003637383,0.000600985,0.004055006,0.003690886,0.000115442,-0.003179507,-0.003167404,-3.66E-05,0.003147736,0.003405205,0.000579664,-0.002649718,-0.003364169,-0.001095549,0.001869548,0.002738595,0.000819701,-0.001938354,-0.002877147,-0.001131677,0.001638405,0.002889665,0.001583632,-0.000923508,-0.002250109,-0.001247206,0.000990968,0.002250742,0.001320328,-0.000910255,-0.002355478,-0.001721976,0.000318815,0.001834515,0.001480881,-0.000274995,-0.001673991,-0.001371318,0.000313762,0.001758227,0.001607095,3.84E-05,-0.001454218,-0.001504455
0.006227865,-0.005181351,-0.008994648,-0.007481991,-0.001050397,0.00727109,0.012500244,0.010729161,0.002471362,-0.00676494,-0.01006603,-0.004631574,0.005336006,0.01138723,0.007606761,-0.004040355,-0.014632683,-0.015279608,-0.004624444,0.009555028,0.016359419,0.010629329,-0.002749002,-0.012832231,-0.011649859,-0.000698182,0.010548558,0.012752515,0.004483073,-0.006911338,-0.011858957,-0.00672566,0.003427947,0.009621472,0.006835935,-0.001916818,-0.008658191,-0.007630567,-0.000159623,0.006917581,0.007541667,0.001677103,-0.00503116,-0.006578083,-0.001924534,0.004383306,0.006587307,0.002917554,-0.003059929,-0.005937287,-0.003407671,0.001853654,0.004890204,0.003066315,-0.001682171,-0.004854565,-0.003607261,0.000752158,0.004170647,0.003675589,1.50E-05,-0.003231332,-0.003078523,0.00015891,0.003322487,0.003452417,0.000500966,-0.002758224,-0.003407696,-0.001066221,0.001893873,0.002675539,0.000664747,-0.002103689,-0.002955382,-0.00109079,0.001745442,0.00298036,0.001621116,-0.000905136,-0.002189923,-0.001125796,0.001124259,0.002316223,0.001275174,-0.001037593,-0.002492756,-0.001814344,0.000270723,0.001791601,0.001417071,-0.000338198,-0.001682967,-0.001290552,0.000464279,0.001913181,0.001704032,6.04E-05,-0.001477595,-0.001534556
-0.004817064,-0.007156078,-0.007915433,-0.004776325,0.002083959,0.009678164,0.01347803,0.010389639,0.001639274,-0.007147594,-0.009632431,-0.003848215,0.005570891,0.010509405,0.00590953,-0.005559605,-0.015004306,-0.014303884,-0.003036243,0.010634216,0.016254533,0.009582669,-0.00381962,-0.013072274,-0.010909917,0.00041,0.011185419,0.012515453,0.003673444,-0.00759529,-0.011910869,-0.006209225,0.003993636,0.009730926,0.006408236,-0.002513374,-0.008951019,-0.007439268,0.00028745,0.007216142,0.0074667,0.001352148,-0.005274972,-0.006505359,-0.001589514,0.004706996,0.006657613,0.002725274,-0.003307387,-0.006016334,-0.003274108,0.002042817,0.004932918,0.002898827,-0.001937204,-0.005006675,-0.003566635,0.000907786,0.004281209,0.003648747,-9.68E-05,-0.003289923,-0.002992507,0.000351309,0.00349118,0.0034922,0.000418203,-0.002863766,-0.003441834,-0.001025402,0.001927327,0.002617869,0.000513265,-0.002265184,-0.003029484,-0.001048154,0.001849022,0.003062181,0.001647267,-0.000896544,-0.002135669,-0.001006925,0.001256601,0.002381453,0.001231435,-0.001160213,-0.00262178,-0.001897,0.00023055,0.001752564,0.001353157,-0.000403724,-0.001694811,-0.00121289,0.000610711,0.002062699,0.001795193,7.83E-05,-0.001501976,-0.00156275
-0.015037369,-0.008775077,-0.006656635,-0.002111555,0.00494565,0.011677318,0.014078738,0.009841153,0.000792211,-0.007442018,-0.009139247,-0.003106227,0.005702351,0.009581684,0.004314274,-0.006826581,-0.015084201,-0.01314575,-0.001461517,0.011536174,0.015932953,0.008408448,-0.004880147,-0.013217976,-0.010095478,0.001499501,0.011718117,0.012163087,0.002816343,-0.008234021,-0.011866283,-0.005614096,0.004578009,0.009810883,0.005950811,-0.003099537,-0.009192922,-0.007192569,0.000754391,0.007487469,0.007340445,0.000987377,-0.005528581,-0.006422755,-0.001250816,0.005011588,0.006693022,0.00250557,-0.003555814,-0.006070517,-0.003107711,0.00225399,0.004982168,0.00273305,-0.002181693,-0.005136471,-0.003502718,0.001072694,0.004380641,0.003597273,-0.000233288,-0.003364539,-0.002915697,0.000533318,0.003643627,0.003514166,0.00032616,-0.002962759,-0.003455258,-0.000958748,0.001982662,0.002575299,0.000373411,-0.002414722,-0.003092409,-0.001001175,0.001944318,0.003123061,0.001646328,-0.000912587,-0.002098484,-0.000897858,0.00138356,0.002444728,0.001191581,-0.001269925,-0.002729068,-0.001954246,0.000211936,0.001725886,0.001291868,-0.0004733,-0.001714248,-0.001145554,0.000743312,0.002195258,0.001869557,8.46E-05,-0.001529338,-0.001585679
-0.024341287,-0.010116346,-0.005338782,0.000434045,0.007547191,0.013360095,0.014414329,0.009153694,-6.58E-05,-0.007683605,-0.008609468,-0.002381107,0.005792785,0.00865681,0.002814493,-0.007920278,-0.014988436,-0.011896761,7.94E-05,0.012313437,0.015478511,0.007167719,-0.005922142,-0.013302612,-0.00924335,0.002564334,0.012177417,0.011739477,0.001937151,-0.008836613,-0.011758504,-0.00497241,0.005169744,0.009870948,0.005477889,-0.003673721,-0.009398897,-0.006910847,0.001231129,0.007738797,0.007181054,0.000598646,-0.005787137,-0.006334445,-0.000912303,0.005301055,0.006704521,0.002268534,-0.003803752,-0.006108083,-0.002920507,0.002478758,0.005035874,0.002569897,-0.002417151,-0.005249992,-0.003422913,0.001243568,0.004472626,0.003529841,-0.000385711,-0.003450026,-0.002846255,0.000706497,0.003783445,0.003523137,0.000227504,-0.003057488,-0.00345492,-0.000874726,0.00205333,0.00254438,0.000243489,-0.002554143,-0.003146389,-0.00095071,0.002033906,0.003169253,0.001626142,-0.000946773,-0.002074923,-0.000797781,0.001504865,0.00250562,0.001154514,-0.001369684,-0.002819749,-0.00199207,0.000210237,0.001709767,0.001234053,-0.000544896,-0.001739436,-0.001087138,0.000863746,0.002313369,0.001930088,8.14E-05,-0.001559118,-0.001604299
-0.032877792,-0.011226651,-0.003973419,0.002878779,0.009931371,0.014779725,0.014529996,0.008351214,-0.000932623,-0.007881434,-0.00804938,-0.001669732,0.005849802,0.007735056,0.001394418,-0.008870309,-0.014747594,-0.010573263,0.001591596,0.012987169,0.014914245,0.005872387,-0.006948407,-0.013336593,-0.008360227,0.003608422,0.01257576,0.01125694,0.001039893,-0.009409077,-0.011598359,-0.004292296,0.005767408,0.009914471,0.004992188,-0.004237868,-0.009575034,-0.006600128,0.001715899,0.007973497,0.006994219,0.000190132,-0.006049724,-0.006241388,-0.000573985,0.005577934,0.006696179,0.002017151,-0.004051258,-0.006131875,-0.002716086,0.002714748,0.005093251,0.002408928,-0.002645093,-0.005349991,-0.003329928,0.001419386,0.004558438,0.003449198,-0.000551315,-0.003544506,-0.00278293,0.000872329,0.003912762,0.003521311,0.000123353,-0.003148692,-0.003443185,-0.000776318,0.002136706,0.002523134,0.000121831,-0.002685139,-0.003192921,-0.000897335,0.002118769,0.00320326,0.001589989,-0.000996022,-0.002062691,-0.000705201,0.001621439,0.002564509,0.001119752,-0.001461173,-0.002896627,-0.002013748,0.000222606,0.001702443,0.001179151,-0.00061815,-0.0017694,-0.001036155,0.000974037,0.002419441,0.0019791,7.04E-05,-0.001590908,-0.001619327
-0.039223254,-0.011776078,-0.002591422,0.004970006,0.011725345,0.015558311,0.014146611,0.007303999,-0.001810973,-0.007983783,-0.007423736,-0.000974791,0.005868833,0.006867406,0.000186367,-0.009498365,-0.014216525,-0.009133855,0.002999836,0.01341976,0.014124911,0.004487937,-0.007916251,-0.013255961,-0.007424046,0.004587669,0.012831304,0.010651382,0.000117921,-0.009903766,-0.01132268,-0.003536891,0.00636755,0.009917528,0.004482471,-0.004772438,-0.009681161,-0.006227315,0.00221299,0.008167617,0.006747644,-0.000257529,-0.006316862,-0.006136905,-0.000238661,0.005823557,0.006642499,0.001735159,-0.004295843,-0.006124676,-0.002475288,0.002972919,0.00515722,0.002253455,-0.002854245,-0.005418066,-0.003207027,0.001605879,0.004630452,0.003340124,-0.000744625,-0.003657877,-0.002733521,0.001020137,0.004016593,0.003493861,6.18E-06,-0.003232467,-0.003406628,-0.000646536,0.002248202,0.002524347,2.06E-05,-0.00279481,-0.00322068,-0.000836227,0.002193429,0.003209827,0.001517494,-0.001080181,-0.002077807,-0.000632028,0.001724799,0.002617114,0.001089743,-0.001533133,-0.002940562,-0.001996709,0.000269188,0.00171739,0.001132841,-0.000694072,-0.00181053,-0.001003936,0.001058248,0.002494787,0.001999099,4.00E-05,-0.001627591,-0.00162513
-0.044331446,-0.012041776,-0.001240601,0.006837488,0.013193008,0.016009355,0.013524779,0.006150151,-0.002685662,-0.008037419,-0.006766501,-0.000283249,0.005882381,0.006043222,-0.000907023,-0.009972477,-0.013562113,-0.007662909,0.004338231,0.013730576,0.013236748,0.003077692,-0.008842182,-0.013116746,-0.006468524,0.005526765,0.013013913,0.009989962,-0.00080823,-0.010355005,-0.010991278,-0.002750573,0.006962299,0.009897611,0.003962134,-0.005289523,-0.009751431,-0.005825392,0.002713233,0.00834002,0.006472671,-0.000721319,-0.006583054,-0.006025339,9.48E-05,0.006052762,0.006566253,0.001438955,-0.004537937,-0.006102179,-0.002217961,0.003239882,0.005222724,0.002100074,-0.003053877,-0.005470023,-0.003069404,0.00179735,0.004695718,0.003217875,-0.000950118,-0.003779096,-0.002690129,0.001159125,0.004107475,0.003453374,-0.000117703,-0.003312948,-0.003358555,-0.000502354,0.002372499,0.002536021,-7.04E-05,-0.002893388,-0.003238429,-0.000770642,0.002263601,0.003203388,0.001427623,-0.001181151,-0.002106385,-0.000568895,0.001820817,0.002665768,0.001061503,-0.001595646,-0.002968115,-0.001960262,0.000333063,0.001743838,0.001091346,-0.000770827,-0.001857007,-0.000981298,0.00112882,0.002553995,0.002003923,-6.00E-07,-0.001666689,-0.001625921
-0.048073836,-0.011994259,7.58E-05,0.00845799,0.014300462,0.016098827,0.012639712,0.004878585,-0.003556309,-0.008037274,-0.006074393,0.000404547,0.005889874,0.005267019,-0.00187384,-0.01027665,-0.012771536,-0.006157133,0.00559953,0.013906971,0.012239485,0.001638967,-0.009721851,-0.012912845,-0.005491646,0.006421545,0.013116009,0.009266869,-0.001738995,-0.010758279,-0.010598367,-0.001930126,0.007551094,0.009852335,0.003430071,-0.005787305,-0.009782122,-0.005391333,0.003216955,0.008488451,0.006166348,-0.001202914,-0.006848203,-0.005905952,0.000426092,0.006263839,0.006465096,0.001127061,-0.004777282,-0.006062788,-0.001942386,0.003516556,0.005289918,0.001949,-0.003242997,-0.005504188,-0.002915528,0.001994315,0.004753538,0.003081082,-0.001169061,-0.003908972,-0.002653383,0.001288376,0.004184064,0.003398496,-0.000248986,-0.003389793,-0.003297769,-0.000342276,0.002510926,0.002559245,-0.00015025,-0.002979721,-0.003245131,-0.000700115,0.002328821,0.003182596,0.001318568,-0.001300678,-0.002149824,-0.000516847,0.001908732,0.002710062,0.001035215,-0.00164773,-0.002977586,-0.001902392,0.000416028,0.001782983,0.001055165,-0.000848503,-0.001909386,-0.000969234,0.001184337,0.002595387,0.001991993,-5.23E-05,-0.001708456,-0.001621184
-0.049232978,-0.011404752,0.001263493,0.009569759,0.014730524,0.015552175,0.0113242,0.003440926,-0.004391815,-0.007933903,-0.005322504,0.001088954,0.005902311,0.004596494,-0.002607797,-0.010297104,-0.011782277,-0.004640169,0.006689699,0.013842505,0.011076048,0.000188751,-0.010490639,-0.012587587,-0.004488473,0.007222819,0.013071158,0.008444576,-0.00266149,-0.011066175,-0.010099469,-0.001063145,0.00811381,0.009753664,0.002877899,-0.006245937,-0.009740246,-0.004903486,0.003720683,0.008590691,0.005806815,-0.001708637,-0.007103363,-0.005767924,0.00075429,0.006441537,0.006319699,0.000789362,-0.005009381,-0.005993343,-0.001637772,0.003804964,0.005355026,0.001799155,-0.003414198,-0.00550679,-0.002733307,0.002200201,0.004798226,0.002920575,-0.001407905,-0.004049741,-0.002625002,0.001402021,0.004235615,0.003317888,-0.000393746,-0.003461066,-0.003216462,-0.000157275,0.002670648,0.00259986,-0.000211824,-0.003044399,-0.003231311,-0.00061946,0.002386908,0.00313845,0.001178087,-0.001450462,-0.002217656,-0.000483797,0.00198157,0.002745037,0.001010584,-0.001682927,-0.002956339,-0.001807698,0.000531913,0.001844193,0.001028659,-0.00092694,-0.001971164,-0.000975166,0.001213336,0.00260492,0.001950026,-0.000123826,-0.00175461,-0.001605997
-0.049146652,-0.010572697,0.002364751,0.010418747,0.014832608,0.014714662,0.009826992,0.001948034,-0.005194957,-0.007776403,-0.004543717,0.001770259,0.005919439,0.00398046,-0.003231,-0.010192186,-0.010717421,-0.003139293,0.007684281,0.013663067,0.009846157,-0.001249002,-0.01119297,-0.012200638,-0.003477202,0.007973238,0.012954461,0.007579517,-0.003572598,-0.011323828,-0.009551439,-0.000180627,0.008656396,0.009624946,0.00231586,-0.006683898,-0.009662634,-0.004391372,0.004221535,0.008669049,0.005422928,-0.002222241,-0.007349524,-0.005618218,0.001081713,0.006602952,0.006153203,0.000440312,-0.005236823,-0.005909397,-0.001320872,0.004096159,0.005416309,0.001648062,-0.003577556,-0.005494534,-0.002537888,0.002409865,0.004836593,0.002749725,-0.001654202,-0.004193209,-0.002598494,0.001509481,0.004275708,0.003225107,-0.000545,-0.003530059,-0.00312639,3.78E-05,0.002838317,0.002646742,-0.000266001,-0.003099204,-0.003207497,-0.000533377,0.002442477,0.00308441,0.001024247,-0.001612866,-0.002295558,-0.000458916,0.002047267,0.002774927,0.000985726,-0.001711207,-0.002921598,-0.001696593,0.00066244,0.001915168,0.001006522,-0.001005409,-0.002036677,-0.000988818,0.001230418,0.002599775,0.001894108,-0.000204474,-0.001802573,-0.001585652
-0.047427345,-0.009426755,0.00334732,0.010919346,0.014504365,0.013499271,0.008097237,0.000388186,-0.005952274,-0.007546971,-0.003730078,0.002447171,0.005943227,0.003436653,-0.003709328,-0.009925389,-0.009557886,-0.001664232,0.008550654,0.013333149,0.008532138,-0.002666456,-0.011805307,-0.011732103,-0.002456313,0.00865571,0.012743339,0.006659497,-0.004467148,-0.011514669,-0.008939419,0.000720748,0.009170922,0.009455875,0.001740848,-0.007094362,-0.009538019,-0.003847808,0.004717984,0.008715751,0.005007395,-0.00274535,-0.007582966,-0.00545261,0.001408287,0.006742971,0.005959095,7.66E-05,-0.005457901,-0.005806437,-0.000988237,0.004390373,0.005471955,0.001494929,-0.003730807,-0.005462874,-0.002325267,0.002624368,0.004866673,0.002565553,-0.001909799,-0.004339655,-0.002573965,0.001609126,0.004300918,0.003116412,-0.000704768,-0.003596154,-0.003025073,0.000245777,0.003015894,0.002701374,-0.000310793,-0.003141193,-0.003170558,-0.000440059,0.00249495,0.003017696,0.000853287,-0.001791382,-0.002386292,-0.000444527,0.002103631,0.002798019,0.000960343,-0.001730686,-0.002869448,-0.001564264,0.000811896,0.001998751,0.000990047,-0.001083844,-0.002106912,-0.001012381,0.001232064,0.002575534,0.001820013,-0.000296996,-0.001852843,-0.001558519
-0.043632198,-0.00792191,0.00412548,0.010935589,0.013620558,0.011833853,0.006129188,-0.001195505,-0.006607884,-0.007209795,-0.002876709,0.003108331,0.005972061,0.002988372,-0.004003935,-0.009470824,-0.008317031,-0.000270146,0.009218355,0.012806472,0.007137971,-0.004014629,-0.012266448,-0.011146105,-0.001432398,0.009234193,0.012403511,0.005677671,-0.005322094,-0.011605829,-0.008246302,0.001630674,0.009629136,0.009221552,0.001147391,-0.007463863,-0.009348478,-0.003265946,0.005201487,0.008715798,0.004552327,-0.003272006,-0.007788689,-0.00525846,0.001736018,0.006854014,0.005728499,-0.000304016,-0.00566737,-0.005677617,-0.000638527,0.004681402,0.005512612,0.001333957,-0.003872895,-0.005406295,-0.002090867,0.002843861,0.004885375,0.002365995,-0.002172515,-0.004483382,-0.002546122,0.00170223,0.004308159,0.00298727,-0.00087569,-0.00365915,-0.002911363,0.000466044,0.003200497,0.002760379,-0.00034733,-0.003168094,-0.003116215,-0.000335893,0.002545551,0.00293758,0.000664305,-0.001985835,-0.002489062,-0.0004408,0.002148486,0.002810801,0.000931561,-0.001741897,-0.002797961,-0.001407723,0.000982684,0.002096142,0.000979781,-0.001161583,-0.002181142,-0.001046031,0.001216247,0.002528478,0.001723769,-0.000403795,-0.001905266,-0.001522259
-0.038862374,-0.006264791,0.004785538,0.010706356,0.012470775,0.00996848,0.004073334,-0.002762862,-0.007194876,-0.006813532,-0.002007174,0.003755294,0.005999026,0.002585365,-0.004211189,-0.008932949,-0.007052263,0.001065703,0.009775755,0.012182648,0.005716386,-0.00531088,-0.012638733,-0.010497326,-0.000410943,0.00975467,0.011997483,0.004669301,-0.006149797,-0.011642205,-0.007513914,0.002538021,0.010050942,0.008949409,0.000544126,-0.007810774,-0.009125059,-0.002666194,0.005675412,0.008690255,0.004078254,-0.003796646,-0.007975803,-0.005046711,0.00206532,0.006950157,0.005479525,-0.00069212,-0.005869534,-0.005535354,-0.000281725,0.004967778,0.005542464,0.001166778,-0.004010349,-0.005337513,-0.001845962,0.003065171,0.004898039,0.002159534,-0.002436637,-0.004622845,-0.002513973,0.001793775,0.004307191,0.002848181,-0.001052078,-0.00372078,-0.002792383,0.00069054,0.003385957,0.002818909,-0.000381686,-0.003188373,-0.003053228,-0.00022582,0.002596104,0.002852153,0.000468317,-0.002185829,-0.002595526,-0.000440801,0.002188108,0.002817932,0.000899907,-0.001750485,-0.002718497,-0.001240885,0.001162348,0.002198983,0.000971895,-0.001238755,-0.002256325,-0.001083239,0.00119321,0.002471296,0.00161745,-0.000516995,-0.001958343,-0.001481437
-0.03273787,-0.004408817,0.005264055,0.010121738,0.010947296,0.007834119,0.001914407,-0.004285838,-0.007670083,-0.006328459,-0.001117138,0.004377166,0.006020066,0.002245624,-0.004296169,-0.008283117,-0.005765516,0.002304687,0.010166451,0.011420065,0.004264751,-0.006519685,-0.012873462,-0.009755283,0.000604024,0.010187303,0.011494899,0.003626002,-0.006932834,-0.011596148,-0.00672601,0.00343658,0.010414318,0.008619045,-7.37E-05,-0.008123646,-0.00885189,-0.002041658,0.006133268,0.008626238,0.003577435,-0.004315584,-0.008132653,-0.004807196,0.002397613,0.007024578,0.005204036,-0.001090216,-0.006060092,-0.005373379,8.42E-05,0.005245207,0.005554331,0.000988991,-0.004141836,-0.005251376,-0.001586243,0.003288589,0.004901767,0.001943733,-0.002701193,-0.004754038,-0.002473674,0.001884343,0.004294986,0.002694999,-0.001236236,-0.003780585,-0.002666516,0.000919687,0.003570674,0.002874783,-0.000414345,-0.003199815,-0.002977861,-0.000106897,0.002647236,0.002760122,0.000263734,-0.002391992,-0.002705582,-0.00044498,0.002220595,0.002816572,0.00086326,-0.00175642,-0.002628806,-0.00106058,0.001353446,0.002308588,0.000966896,-0.001314949,-0.002332104,-0.001124461,0.001160906,0.002400503,0.001497387,-0.000638856,-0.002012042,-0.001434055
-0.025537474,-0.002443894,0.005530804,0.009198073,0.009108595,0.005519012,-0.000251447,-0.005684833,-0.007987421,-0.005744441,-0.000220932,0.00495217,0.006017619,0.0019558,-0.004277164,-0.007553255,-0.004500964,0.003404142,0.010368023,0.010527898,0.002819338,-0.007596305,-0.012938943,-0.00891256,0.001600726,0.010517393,0.010893362,0.002561262,-0.007651288,-0.01145594,-0.005887846,0.004307079,0.010697573,0.008217663,-0.000706675,-0.008396852,-0.008525976,-0.001396647,0.006566318,0.00851793,0.003052524,-0.004818239,-0.008246525,-0.004531289,0.00273534,0.007076334,0.004902174,-0.00149506,-0.006234718,-0.005190337,0.000455172,0.005505287,0.005539248,0.000794427,-0.004270053,-0.005148937,-0.001313237,0.003511851,0.004895391,0.001720724,-0.002960224,-0.004868911,-0.002417821,0.001978888,0.004274084,0.002528996,-0.001427379,-0.003838771,-0.00253624,0.001148032,0.003747043,0.002920267,-0.000451163,-0.003205533,-0.002890839,2.18E-05,0.002701208,0.002665452,5.65E-05,-0.002596994,-0.002812089,-0.0004482,0.002247989,0.002805745,0.000818464,-0.001764155,-0.002534178,-0.000872673,0.001550097,0.002420137,0.000962261,-0.001389699,-0.002405319,-0.001164939,0.001124425,0.002320653,0.001367249,-0.000766749,-0.002065051,-0.001380473
-0.017856671,-0.000451323,0.005673856,0.008098184,0.007120692,0.003137179,-0.002387556,-0.006989063,-0.008203397,-0.005103797,0.000672631,0.005492872,0.005995192,0.001687985,-0.004207582,-0.006789848,-0.00326246,0.004413985,0.010459476,0.009568461,0.00138967,-0.008585783,-0.012901662,-0.00801288,0.002582909,0.010786111,0.010236856,0.001489566,-0.008327416,-0.011260143,-0.005024042,0.005155532,0.010929579,0.007773232,-0.001347912,-0.008646103,-0.00817002,-0.000741964,0.006982605,0.008383211,0.002515265,-0.005308337,-0.008332511,-0.004232606,0.003076677,0.007115153,0.004585824,-0.00190243,-0.006398978,-0.004995133,0.000827581,0.005753016,0.005506363,0.00058865,-0.004397266,-0.005037825,-0.00103347,0.003734151,0.004882928,0.001494363,-0.003214262,-0.004972123,-0.002350946,0.00207725,0.004249229,0.00235641,-0.001621995,-0.003896003,-0.002404256,0.001374162,0.00391626,0.002957399,-0.000492285,-0.003209197,-0.002797721,0.000156006,0.002757396,0.002570591,-0.000150178,-0.002798826,-0.002914136,-0.000449051,0.002273365,0.002789446,0.000768164,-0.001774374,-0.00243865,-0.000682647,0.001747687,0.00253099,0.000956869,-0.001463535,-0.002476015,-0.0012033,0.001087498,0.002237503,0.001232935,-0.000896985,-0.002117215,-0.001323661
-0.0096293,0.001528072,0.005614216,0.006745042,0.004945087,0.000709155,-0.004420031,-0.008101719,-0.008238435,-0.004372289,0.001551714,0.005966126,0.005929863,0.00144463,-0.004071654,-0.005992935,-0.002087895,0.00526384,0.010371102,0.008512511,5.48E-06,-0.009416349,-0.012689677,-0.007022886,0.003535053,0.010951863,0.009494907,0.000415515,-0.008926739,-0.010972304,-0.004124264,0.005958682,0.011070388,0.007255741,-0.002001554,-0.008854816,-0.007766075,-7.52E-05,0.007367737,0.008204335,0.001960576,-0.005772919,-0.008368287,-0.003894135,0.003424644,0.00713327,0.004247234,-0.002311634,-0.00654454,-0.004780252,0.001199911,0.005976898,0.005440978,0.000362209,-0.004524321,-0.004913892,-0.000744257,0.003953458,0.004860186,0.001263907,-0.003457256,-0.005052771,-0.00226287,0.002184299,0.004219742,0.002174504,-0.001821323,-0.003951652,-0.002270886,0.001593822,0.004070061,0.002977142,-0.000543497,-0.003211597,-0.00269577,0.000299159,0.002818123,0.002477612,-0.000352603,-0.002991429,-0.003004993,-0.000443078,0.002296987,0.002764279,0.000707633,-0.001790987,-0.002344874,-0.000492925,0.001943078,0.002637726,0.000948667,-0.001535754,-0.002540925,-0.001235458,0.001053084,0.002152174,0.001094552,-0.001029145,-0.002167274,-0.001262196
-0.001395161,0.003388908,0.005387401,0.005247982,0.002718813,-0.00164018,-0.006263965,-0.008986763,-0.008095089,-0.003570249,0.002396382,0.006358194,0.005807321,0.001200603,-0.003907715,-0.005203587,-0.001003134,0.005956316,0.010132551,0.007400244,-0.001304044,-0.010082883,-0.012318884,-0.005963656,0.00444791,0.011023914,0.008688182,-0.000643309,-0.009445836,-0.010603558,-0.003204972,0.006705843,0.011119953,0.00667193,-0.002662404,-0.009025126,-0.007322677,0.000594985,0.007718671,0.007985353,0.001395853,-0.006206502,-0.008352801,-0.003517541,0.003778703,0.007133672,0.003891913,-0.002717993,-0.006670352,-0.004548394,0.001568002,0.006173855,0.005341812,0.000114315,-0.004653317,-0.004781001,-0.000449829,0.00416727,0.004827526,0.001032006,-0.003685842,-0.005107956,-0.002151137,0.002302858,0.004189287,0.001987169,-0.002022666,-0.004005418,-0.002138358,0.001803159,0.004204131,0.00297535,-0.000608774,-0.003216618,-0.002588357,0.000449357,0.00288397,0.002389772,-0.000545554,-0.003168882,-0.003079148,-0.000425795,0.002322032,0.00273179,0.000636291,-0.001817084,-0.002258252,-0.000310234,0.002129698,0.002735317,0.000934993,-0.001606462,-0.002597814,-0.001257205,0.001026842,0.002070949,0.000957811,-0.00115939,-0.002214187,-0.001197981
0.006738963,0.005150054,0.005055644,0.003675809,0.000485227,-0.003912467,-0.007964905,-0.009712134,-0.007832821,-0.00272546,0.003213194,0.006692299,0.005643288,0.000951613,-0.003731553,-0.00442638,1.69E-05,0.006543693,0.009798722,0.006257872,-0.002557563,-0.010637944,-0.011844428,-0.004862393,0.005331825,0.011034071,0.007841646,-0.001688244,-0.009909825,-0.010182189,-0.002275734,0.007412996,0.011107879,0.006044861,-0.0033267,-0.009169507,-0.006854094,0.001265588,0.008045685,0.007739871,0.000825731,-0.006618044,-0.008302489,-0.003115658,0.004136511,0.007122429,0.003526232,-0.003121468,-0.00678246,-0.004305444,0.001932496,0.006352047,0.005219638,-0.000148081,-0.004783833,-0.004642643,-0.000152655,0.004376804,0.004788095,0.00079951,-0.003904127,-0.005145445,-0.002023041,0.002429605,0.004158759,0.001796859,-0.002224804,-0.004057727,-0.00200668,0.0020049,0.00432412,0.002958284,-0.000684236,-0.003224084,-0.002477873,0.000603909,0.002953271,0.002305884,-0.000731225,-0.003335039,-0.003140994,-0.000400027,0.002348636,0.002694661,0.000557581,-0.001850092,-0.002177394,-0.000133502,0.002309163,0.002825758,0.000917089,-0.001676187,-0.002648864,-0.001271121,0.001007184,0.001993668,0.000823247,-0.001287616,-0.002258771,-0.001132277
0.014308677,0.006650785,0.004551903,0.002039016,-0.001666282,-0.005952278,-0.00933687,-0.010111348,-0.007348978,-0.001816454,0.003960351,0.006904547,0.005389829,0.000677037,-0.003555938,-0.00369743,0.000898486,0.006934618,0.009304895,0.005086316,-0.003684249,-0.010977671,-0.011184824,-0.003697727,0.00615188,0.010931022,0.006933116,-0.002693801,-0.010265241,-0.009667504,-0.001339051,0.008035908,0.010978029,0.005340666,-0.003992507,-0.009264411,-0.006342622,0.001930733,0.008324113,0.007445875,0.000250193,-0.006983557,-0.008184906,-0.002667115,0.00450016,0.007090054,0.00314411,-0.003516013,-0.006867085,-0.004042631,0.002287496,0.006492338,0.00505282,-0.000438217,-0.004917997,-0.004495937,0.000147001,0.004576144,0.004735455,0.000567249,-0.004100702,-0.005147348,-0.001862319,0.002573464,0.004130148,0.001603331,-0.002426445,-0.004106591,-0.001877628,0.002189905,0.004414535,0.002909428,-0.000781615,-0.003238628,-0.002363727,0.000765331,0.003029152,0.002231265,-0.000899852,-0.003475817,-0.003175667,-0.000355039,0.002380358,0.002649755,0.000464569,-0.001898106,-0.00211088,2.75E-05,0.002470578,0.002899064,0.000889196,-0.001744167,-0.002687251,-0.001267232,0.001003894,0.001928104,0.000696651,-0.001409392,-0.002298181,-0.001065045
0.021102095,0.007894682,0.003952562,0.000434026,-0.003662819,-0.007738737,-0.010414776,-0.010253514,-0.006711751,-0.00088146,0.00463671,0.007014357,0.005060928,0.000370293,-0.003400463,-0.003024912,0.001666583,0.007186662,0.008715671,0.003921706,-0.00469758,-0.011156732,-0.010403125,-0.002505881,0.006913207,0.010747286,0.005992431,-0.003656357,-0.010535639,-0.009090255,-0.000408677,0.008587973,0.010760874,0.004585965,-0.004652377,-0.009320838,-0.005803756,0.002585091,0.008562572,0.007117172,-0.000324653,-0.007310803,-0.008016735,-0.002186339,0.004865526,0.007041883,0.002752564,-0.003900257,-0.006929308,-0.00376578,0.002633119,0.006602559,0.004852505,-0.000748235,-0.005054617,-0.004344329,0.000445969,0.004765557,0.004672121,0.000335967,-0.004279516,-0.005121414,-0.001676545,0.002730769,0.004104322,0.001409524,-0.002625546,-0.00415168,-0.001750838,0.002360861,0.004480799,0.002834837,-0.000897195,-0.003260344,-0.002248823,0.000930242,0.003109349,0.002164501,-0.001053382,-0.003594482,-0.003186876,-0.000293046,0.002417821,0.002600145,0.000360969,-0.001958528,-0.00205768,0.000173151,0.002614587,0.002956329,0.00085199,-0.00181104,-0.002714842,-0.001247496,0.001016203,0.001875015,0.000579443,-0.001523965,-0.002333044,-0.000997933
0.027279338,0.008940715,0.003285693,-0.001138514,-0.00553371,-0.009327798,-0.011268427,-0.010202906,-0.005961932,7.00E-05,0.005257773,0.007046315,0.004674951,3.86E-05,-0.00326161,-0.00239626,0.002349108,0.007335993,0.008057895,0.002765474,-0.005624171,-0.011215877,-0.00953224,-0.00129634,0.007629035,0.010503433,0.005029262,-0.004585114,-0.010741874,-0.008466958,0.000515609,0.009086112,0.01047853,0.003794463,-0.00530675,-0.009348083,-0.00524482,0.003230575,0.008770602,0.006762589,-0.000898467,-0.007608966,-0.00781071,-0.001681863,0.005231705,0.006981728,0.002354218,-0.004276359,-0.006974482,-0.00347844,0.002971506,0.006690109,0.004627172,-0.001072919,-0.005192902,-0.004189093,0.000744172,0.004947238,0.00460062,0.000105439,-0.004444925,-0.005074574,-0.001472042,0.00289809,0.004080626,0.001215691,-0.002822492,-0.004193744,-0.001625687,0.002521222,0.004528844,0.002740855,-0.001026506,-0.003287554,-0.002133531,0.001097565,0.003192633,0.002103611,-0.001195462,-0.003696343,-0.003180248,-0.000218095,0.002459756,0.002547131,0.000249496,-0.002028282,-0.002014623,0.000306962,0.002745211,0.003001272,0.000807627,-0.00187711,-0.002734236,-0.001215671,0.001040487,0.001831596,0.000469577,-0.001632919,-0.002364435,-0.000931037
0.031850088,0.009530148,0.002525333,-0.002555252,-0.007050948,-0.01043878,-0.011627787,-0.009760917,-0.005008989,0.001023311,0.00574363,0.006909448,0.004167829,-0.000352922,-0.003172392,-0.001872805,0.002853404,0.007291866,0.007292213,0.001659401,-0.006356639,-0.011037516,-0.00850518,-7.90E-05,0.008237273,0.010141654,0.004037481,-0.005429062,-0.010813635,-0.007759263,0.001413369,0.009466412,0.010066867,0.002939505,-0.00593904,-0.009312711,-0.004650171,0.003849844,0.00891209,0.006357007,-0.001464834,-0.007844123,-0.007528706,-0.001134203,0.005594518,0.006895841,0.001944839,-0.004631575,-0.006982409,-0.003170263,0.003293066,0.006730394,0.004352128,-0.001424815,-0.005332735,-0.004027002,0.001038224,0.005110306,0.004510997,-0.000123363,-0.004582224,-0.004984979,-0.001230114,0.003085082,0.004061678,0.001023712,-0.003012436,-0.00422762,-0.001503231,0.002659432,0.004538782,0.002606538,-0.001184536,-0.003327133,-0.002019319,0.001267621,0.00328063,0.002054485,-0.001312938,-0.003761768,-0.003134923,-0.000114697,0.002512459,0.0024885,0.000122757,-0.002117273,-0.001993813,0.000413867,0.002845196,0.003018163,0.000746914,-0.001941846,-0.002735896,-0.001157155,0.001091971,0.001811096,0.000377763,-0.001728197,-0.002388119,-0.000865894
0.035328042,0.009837998,0.001741975,-0.003830462,-0.008313434,-0.011240521,-0.011693555,-0.009107,-0.003964265,0.001953706,0.006137535,0.006671912,0.003592434,-0.000779156,-0.003116158,-0.001414297,0.003257858,0.007150383,0.00648643,0.000602436,-0.006969449,-0.010731253,-0.007408808,0.001121835,0.008772792,0.009714919,0.003040643,-0.006213941,-0.010806127,-0.007009726,0.002286643,0.009774637,0.009584816,0.0020576,-0.00654981,-0.009238261,-0.004038098,0.004448571,0.009012145,0.005923128,-0.002023574,-0.008041065,-0.007204729,-0.000566361,0.005950795,0.006793342,0.001530533,-0.004971963,-0.006967065,-0.002850166,0.003603967,0.006743408,0.004050249,-0.001789471,-0.005471149,-0.003860535,0.00132853,0.005260728,0.004409655,-0.000351544,-0.004703493,-0.004871561,-0.000968206,0.003281798,0.004044826,0.000833548,-0.003196666,-0.004255075,-0.001381232,0.002785393,0.004527153,0.002449564,-0.001358519,-0.003373754,-0.001906535,0.001437729,0.003369722,0.00201106,-0.00141653,-0.003805925,-0.003066841,5.55E-06,0.002571925,0.002427431,-1.18E-05,-0.002216597,-0.0019857,0.000504615,0.002926358,0.003017704,0.000675997,-0.002006039,-0.002727093,-0.001082681,0.00115998,0.0018049,0.000297554,-0.00181464,-0.002407084,-0.000802422
0.037852123,0.009900068,0.000938552,-0.00498213,-0.009353551,-0.011772347,-0.011503056,-0.008268107,-0.002839434,0.002864099,0.006451177,0.00634651,0.002957452,-0.001235713,-0.003088716,-0.001012483,0.003575163,0.006923927,0.005645656,-0.000411657,-0.007477813,-0.010313343,-0.006251949,0.002308225,0.009244835,0.009231492,0.0020394,-0.006947254,-0.010729426,-0.006223673,0.003138539,0.010019952,0.009041335,0.00115218,-0.007141791,-0.009129706,-0.003410821,0.005029365,0.009076036,0.005464553,-0.002575652,-0.008204649,-0.006844115,1.91E-05,0.006301366,0.006676342,0.001111932,-0.005299403,-0.00693141,-0.002519665,0.003905559,0.006732617,0.003724949,-0.002165263,-0.005608322,-0.003690249,0.001615563,0.005400107,0.004298083,-0.00057918,-0.004810773,-0.00473735,-0.000688858,0.003487006,0.004029808,0.00064497,-0.003375911,-0.004276926,-0.001259634,0.002900663,0.004496702,0.002272815,-0.001546424,-0.003426522,-0.001794995,0.001607881,0.003459768,0.001972612,-0.001508001,-0.003831521,-0.002978897,0.000140517,0.002637295,0.002364235,-0.000153233,-0.002324941,-0.001988669,0.000581261,0.002991091,0.003002098,0.000596175,-0.002069757,-0.002709158,-0.00099428,0.001242414,0.001811192,0.000227472,-0.001893371,-0.002421927,-0.000740408
0.038210403,0.009446494,0.000149377,-0.00579967,-0.009864872,-0.011710713,-0.010790199,-0.007089161,-0.001605651,0.0036853,0.006574383,0.005838404,0.002210259,-0.001745378,-0.003118173,-0.000726574,0.003723675,0.006549963,0.004771877,-0.001303361,-0.00776006,-0.00968513,-0.005011741,0.003422901,0.009563413,0.008634899,0.001049785,-0.007554674,-0.010505777,-0.005374437,0.003929134,0.010127702,0.008379733,0.000218378,-0.007675719,-0.008942813,-0.002757091,0.005562508,0.00905837,0.004956231,-0.003107864,-0.008295706,-0.00641174,0.000630568,0.006629359,0.006524121,0.000686225,-0.005594673,-0.006849643,-0.002167185,0.004186432,0.006672894,0.003355497,-0.002557033,-0.005736724,-0.003509766,0.001893927,0.005512842,0.004162308,-0.000807089,-0.00489012,-0.004562567,-0.000377777,0.003705037,0.004015754,0.000460067,-0.003541828,-0.004283382,-0.001135793,0.002995945,0.004429323,0.002057737,-0.001760371,-0.003490349,-0.001686601,0.001775317,0.003547912,0.001940997,-0.001576639,-0.00381989,-0.002850577,0.000305388,0.002714908,0.002297782,-0.000306483,-0.002449177,-0.002012441,0.000629491,0.003021324,0.002954112,0.000497082,-0.002132881,-0.002672458,-0.000877186,0.001354617,0.001843583,0.000179096,-0.001955234,-0.002427869,-0.000682175
0.037589878,0.008776952,-0.000609053,-0.006443792,-0.010126052,-0.011386859,-0.009864055,-0.005789239,-0.000354612,0.004444592,0.006604645,0.005253147,0.001423251,-0.002269176,-0.003166693,-0.000486862,0.003806133,0.006125259,0.003900958,-0.002127919,-0.007941057,-0.008976518,-0.003755893,0.004485937,0.009804164,0.007990562,7.48E-05,-0.008098145,-0.010216192,-0.004503456,0.004684954,0.010172135,0.007671398,-0.000717338,-0.008174265,-0.008717331,-0.002093944,0.006069687,0.009001616,0.004426657,-0.003628506,-0.008353424,-0.005950214,0.001247841,0.006941562,0.006353351,0.000257948,-0.005873284,-0.006745583,-0.001804725,0.004457628,0.00659207,0.002969167,-0.002951798,-0.005857606,-0.003323152,0.002167867,0.00561209,0.004014324,-0.001035995,-0.004957975,-0.004371583,-5.55E-05,0.003925702,0.004000093,0.000276511,-0.003700597,-0.004281122,-0.001009162,0.003083945,0.004347289,0.001827772,-0.00198366,-0.003557538,-0.001579407,0.001940309,0.003633082,0.00191015,-0.001637062,-0.003793281,-0.002705671,0.000482427,0.002797393,0.002230249,-0.000463611,-0.002578468,-0.002043465,0.000666556,0.003037025,0.002892053,0.000389481,-0.002195894,-0.002627887,-0.00074818,0.001479006,0.001886661,0.000139853,-0.002009705,-0.002429803,-0.00062571
0.035806987,0.007851219,-0.00133057,-0.006881602,-0.010089992,-0.010751701,-0.008684995,-0.004346201,0.000916378,0.005129996,0.006524415,0.004576364,0.000589148,-0.002809589,-0.003237741,-0.000301913,0.003810315,0.005640572,0.003033738,-0.002872537,-0.008001828,-0.008172679,-0.002481843,0.00548732,0.009952348,0.007289586,-0.0008825,-0.00856555,-0.009848316,-0.003606775,0.00539935,0.010141364,0.006907676,-0.001655139,-0.008630637,-0.008445973,-0.001419661,0.006545953,0.008898403,0.003871874,-0.00413536,-0.008371547,-0.00545413,0.001871892,0.007234921,0.00616051,-0.000173369,-0.006132073,-0.006615027,-0.001430415,0.004717329,0.006486209,0.002562842,-0.003350044,-0.005969502,-0.003129233,0.002436541,0.005695299,0.003851821,-0.001266096,-0.005012203,-0.00416139,0.000280142,0.004149439,0.003982493,9.46E-05,-0.003850859,-0.004268477,-0.000879186,0.003163322,0.004247885,0.001580171,-0.002218003,-0.003628696,-0.001473635,0.002102376,0.003714685,0.001880179,-0.001687765,-0.003748919,-0.002541097,0.000673893,0.002885652,0.002161444,-0.000625319,-0.002713726,-0.002083066,0.000690387,0.003035483,0.002813287,0.000271782,-0.002258778,-0.002573983,-0.000605048,0.001617843,0.001942409,0.000111444,-0.002055402,-0.002426975,-0.000571343
0.032286201,0.006576122,-0.00194842,-0.006964986,-0.009584403,-0.009659442,-0.007170856,-0.002755343,0.002148457,0.005654498,0.006259033,0.003771873,-0.000289728,-0.003348076,-0.003323433,-0.000185639,0.003713796,0.005092617,0.002205654,-0.003470189,-0.00787745,-0.007250254,-0.001225355,0.006350953,0.009936177,0.006505797,-0.001792425,-0.008897665,-0.009357311,-0.002683676,0.006033134,0.009989047,0.006070676,-0.00257219,-0.008999616,-0.008094285,-0.000732923,0.006963401,0.008716268,0.003279583,-0.004614545,-0.008325315,-0.004910287,0.002493273,0.007485391,0.00592613,-0.000608504,-0.006354721,-0.006439011,-0.001037118,0.004957926,0.006342619,0.002131601,-0.003744012,-0.006058502,-0.002919619,0.002696156,0.005749935,0.003663398,-0.001500038,-0.005047257,-0.003925509,0.000629545,0.004370282,0.003956397,-8.63E-05,-0.003985455,-0.004235449,-0.000739778,0.003233152,0.004125787,0.001310591,-0.002463633,-0.003701544,-0.001368826,0.002257474,0.003785801,0.00184593,-0.00172845,-0.003681321,-0.002349908,0.000884313,0.002980768,0.002090981,-0.000790994,-0.002853091,-0.002130428,0.000698187,0.003010076,0.002710141,0.000139051,-0.002321664,-0.002506949,-0.000442665,0.001775577,0.002014439,9.76E-05,-0.002088357,-0.002416682,-0.000519934
0.028030703,0.005168292,-0.002500705,-0.00687745,-0.008868011,-0.008376429,-0.005533649,-0.001132185,0.003331322,0.006085722,0.005904428,0.002917301,-0.001174221,-0.003871007,-0.003404847,-9.26E-05,0.003580131,0.004527619,0.001408595,-0.003991765,-0.007669559,-0.006286446,3.07E-06,0.007133036,0.009835568,0.005686329,-0.00267154,-0.009159843,-0.008808947,-0.001754519,0.006622394,0.00977855,0.005205686,-0.003468732,-0.009318277,-0.007701397,-4.27E-05,0.007348676,0.008494558,0.002670791,-0.005077926,-0.008247888,-0.004347007,0.003107323,0.007709678,0.005669112,-0.00104502,-0.006558176,-0.00624,-0.000634861,0.005188956,0.006181966,0.001691613,-0.004131455,-0.006132633,-0.002700579,0.002951274,0.005789716,0.003461486,-0.001736568,-0.005074245,-0.0036796,0.000982101,0.00458605,0.003923593,-0.00026741,-0.004111818,-0.004191095,-0.000594085,0.003300329,0.003995218,0.001033492,-0.002711511,-0.003772791,-0.001263604,0.002408392,0.003849811,0.001807009,-0.001767019,-0.003605207,-0.002148508,0.001101585,0.003077769,0.002019694,-0.000957082,-0.002991807,-0.002178492,0.000701049,0.002975353,0.00259675,-1.26E-07,-0.002384577,-0.002434576,-0.0002729,0.001939992,0.002091963,8.90E-05,-0.002116054,-0.002402909,-0.000469557
0.022818416,0.003593241,-0.002959435,-0.006559399,-0.00787248,-0.006845935,-0.003743156,0.000521681,0.00443778,0.006385989,0.00542952,0.001998987,-0.002061021,-0.004368142,-0.003476759,-2.75E-05,0.003400131,0.003944077,0.000657385,-0.004409022,-0.007350941,-0.005272039,0.001187177,0.007800156,0.009619376,0.004820157,-0.003506477,-0.009326157,-0.008183899,-0.000819404,0.007149739,0.009489723,0.00430537,-0.004334146,-0.009566385,-0.007252145,0.000651348,0.007689295,0.008218979,0.002040274,-0.005519183,-0.008128328,-0.003758708,0.00370949,0.00789683,0.005380713,-0.001483241,-0.006735165,-0.006009621,-0.000220591,0.005406965,0.005998673,0.001240911,-0.004508626,-0.006185448,-0.00246822,0.003200281,0.005809112,0.003241064,-0.001976829,-0.005090745,-0.003420948,0.001337753,0.004793763,0.003880879,-0.000449252,-0.004226844,-0.004130979,-0.000439349,0.003364563,0.003854037,0.000747269,-0.002961359,-0.003841082,-0.00115754,0.002553402,0.003903555,0.001760926,-0.001803623,-0.003518493,-0.001934203,0.001327339,0.00317685,0.001947289,-0.001123227,-0.003128783,-0.002226499,0.000698171,0.00292879,0.002470041,-0.000147729,-0.002447531,-0.002355327,-9.38E-05,0.002112616,0.002176117,8.69E-05,-0.002136951,-0.002384482,-0.000420444
0.016741518,0.001907988,-0.0032738,-0.005974152,-0.006588968,-0.005096516,-0.001864309,0.002118813,0.005381195,0.006493726,0.004812792,0.001034554,-0.002908966,-0.00479599,-0.003508186,2.70E-05,0.003188611,0.003366001,-1.34E-05,-0.004689949,-0.006912172,-0.004232614,0.002272691,0.008293218,0.009251416,0.003908015,-0.004268198,-0.009364197,-0.00747021,0.000106643,0.007587423,0.009105757,0.003379224,-0.005136403,-0.009708726,-0.006728414,0.001343409,0.007965529,0.007873651,0.001387369,-0.005926643,-0.007955989,-0.003148,0.00428257,0.008025096,0.005047603,-0.001922159,-0.006875128,-0.005738147,0.00020754,0.005607441,0.005789667,0.000784605,-0.004862416,-0.006202694,-0.002214941,0.00344144,0.00580087,0.002995746,-0.002222968,-0.005096616,-0.003151919,0.001688855,0.004982498,0.003819366,-0.000634306,-0.004326491,-0.004048097,-0.000269632,0.003429508,0.003705506,0.000457273,-0.003205593,-0.003899404,-0.001047835,0.002689513,0.003939908,0.001699814,-0.001844352,-0.003425338,-0.001710648,0.001557516,0.003274498,0.001873004,-0.00128599,-0.003257116,-0.002266712,0.000695464,0.00287345,0.002331042,-0.000303407,-0.002510412,-0.002270089,9.18E-05,0.002288801,0.002261973,8.80E-05,-0.002151943,-0.002360574,-0.000371563
0.010351595,0.000203687,-0.003505308,-0.005261813,-0.005182446,-0.00326975,2.10E-05,0.003651664,0.00621639,0.006492635,0.004127267,5.99E-05,-0.003720373,-0.005173651,-0.003507996,8.46E-05,0.002969315,0.002799863,-0.000635268,-0.004898748,-0.006417907,-0.003193866,0.003291816,0.008685487,0.008802627,0.002977105,-0.004984893,-0.009332338,-0.006713244,0.001021551,0.007973596,0.008673106,0.002446368,-0.005896802,-0.009789594,-0.006164697,0.002031522,0.008204744,0.007491049,0.00072482,-0.006313811,-0.007755752,-0.002528744,0.004835203,0.008118021,0.004689252,-0.002360699,-0.006994137,-0.005444529,0.00064226,0.005797967,0.005567907,0.000328112,-0.005200114,-0.006198057,-0.001949199,0.003678343,0.005777368,0.002736873,-0.002472384,-0.005097572,-0.002879305,0.002034546,0.005157999,0.003745599,-0.000821941,-0.004417683,-0.003952274,-9.09E-05,0.003496229,0.003555141,0.000168056,-0.003443849,-0.003950062,-0.000935133,0.00282052,0.003965564,0.001628687,-0.001889576,-0.003331275,-0.001484822,0.001787603,0.003369737,0.001797398,-0.001445791,-0.003378541,-0.002299935,0.000695644,0.002815833,0.002187322,-0.000462301,-0.002573129,-0.002182674,0.000278747,0.0024642,0.002346081,8.88E-05,-0.002164874,-0.002333888,-0.000322185
0.003624109,-0.001493361,-0.003606682,-0.00437196,-0.003618271,-0.001362123,0.001879254,0.005056879,0.006869291,0.006322027,0.003344296,-0.000917115,-0.004462426,-0.005463725,-0.00345111,0.000154506,0.002746469,0.002259868,-0.001177972,-0.004999411,-0.005847809,-0.002168842,0.004198412,0.008918694,0.008232182,0.00202314,-0.005628326,-0.009193838,-0.005894717,0.001913957,0.00827882,0.008168981,0.00150981,-0.006586733,-0.009773268,-0.005540501,0.002711064,0.008385766,0.007052232,4.98E-05,-0.006668349,-0.007513727,-0.0018997,0.005352565,0.008154144,0.004291619,-0.002797979,-0.007080476,-0.005117354,0.001086168,0.005972954,0.005327799,-0.00012612,-0.00551029,-0.006157813,-0.001663506,0.003908757,0.005730396,0.002457337,-0.002726866,-0.005091798,-0.002603066,0.002369376,0.005310737,0.00365136,-0.001014247,-0.004495919,-0.003836233,0.000102357,0.003566888,0.003403901,-0.000117454,-0.003670397,-0.003987056,-0.000816963,0.002943512,0.003973825,0.001540666,-0.00194365,-0.003238128,-0.001257991,0.002015337,0.003459859,0.001719523,-0.001600078,-0.003487476,-0.002320063,0.0007027,0.002756963,0.002038151,-0.000625048,-0.002635492,-0.0020929,0.000465944,0.002635985,0.002425158,8.73E-05,-0.002175685,-0.002303151,-0.000271502
-0.003024852,-0.003078312,-0.003571168,-0.003357135,-0.001987544,0.000516868,0.003604108,0.006251309,0.007293496,0.005975188,0.002488611,-0.001855764,-0.005093945,-0.005633773,-0.003314228,0.000256143,0.002539997,0.001765081,-0.001630747,-0.004997678,-0.005226135,-0.001192576,0.004961114,0.008978125,0.007545578,0.001063722,-0.006183196,-0.008946914,-0.005027195,0.002766543,0.008493969,0.00759969,0.000588152,-0.007186137,-0.00964886,-0.004857487,0.003373176,0.008501679,0.006558076,-0.000630372,-0.006983557,-0.007230312,-0.00126959,0.005822327,0.008124251,0.003852283,-0.003231192,-0.007130884,-0.004756629,0.001536231,0.006129981,0.005071227,-0.000571251,-0.005784026,-0.006075031,-0.001355109,0.004132152,0.005658762,0.002157076,-0.002985898,-0.005080397,-0.00232762,0.002686059,0.005432998,0.003531168,-0.001213338,-0.004560728,-0.003698436,0.000311998,0.003644265,0.003256514,-0.000392417,-0.003877645,-0.004004267,-0.000690411,0.003057895,0.003961526,0.001431201,-0.002011908,-0.003152017,-0.001036921,0.002234233,0.003540285,0.001638199,-0.001746181,-0.003578243,-0.002319976,0.000723747,0.002703074,0.001888427,-0.000788577,-0.002696957,-0.002003305,0.000647922,0.002796969,0.002492056,7.79E-05,-0.00218727,-0.002268657,-0.000217664
-0.009507727,-0.004568531,-0.003455232,-0.002285922,-0.000345091,0.002347597,0.005221376,0.007300321,0.007572656,0.005525183,0.001598772,-0.002759703,-0.005649081,-0.005724912,-0.003124862,0.000380658,0.002347499,0.001301012,-0.002028684,-0.00493807,-0.004581118,-0.000254326,0.005631467,0.008932608,0.00679347,0.00010684,-0.006681499,-0.008636038,-0.004134899,0.003590437,0.008653439,0.006993915,-0.000319461,-0.007726826,-0.009458295,-0.004140961,0.004022038,0.008577171,0.0060318,-0.001311212,-0.007273368,-0.006922447,-0.000641234,0.006260688,0.008053121,0.003388051,-0.003660897,-0.007159075,-0.00437626,0.001988773,0.006275413,0.004805242,-0.001009255,-0.006033926,-0.005965414,-0.001032772,0.004351102,0.005572246,0.00184475,-0.003247172,-0.005065673,-0.002053634,0.002990172,0.005535257,0.003394253,-0.001416938,-0.004617489,-0.003547514,0.00053157,0.00372607,0.003112454,-0.00065943,-0.004071483,-0.004008128,-0.000558082,0.003167105,0.003936361,0.001308036,-0.002089775,-0.003071553,-0.000821013,0.002446123,0.003613656,0.001554412,-0.001886826,-0.003656826,-0.002306104,0.000754911,0.00265378,0.001739721,-0.000951674,-0.002757667,-0.00191446,0.000825334,0.002949576,0.002549763,6.25E-05,-0.002200098,-0.002231987,-0.000161398
-0.015471774,-0.005844435,-0.003207957,-0.001157757,0.001259999,0.004034607,0.006602616,0.008067295,0.007592874,0.004907455,0.000670842,-0.003581821,-0.006055827,-0.005669863,-0.002838475,0.000551264,0.002186817,0.000895713,-0.002332916,-0.004788656,-0.003912346,0.000602472,0.006134866,0.00870979,0.005940046,-0.000834031,-0.007078034,-0.008220191,-0.003210448,0.004356527,0.008716285,0.006332297,-0.001193183,-0.008160215,-0.009154197,-0.003371882,0.004643033,0.008582176,0.005453889,-0.001988069,-0.007516969,-0.006574388,-2.07E-05,0.006640662,0.007909586,0.002882367,-0.004082556,-0.007148702,-0.003963963,0.002442998,0.006399771,0.004524416,-0.001431929,-0.006239871,-0.00580818,-0.000686446,0.004562112,0.005460618,0.00151297,-0.00351121,-0.005045501,-0.001784088,0.003269812,0.005600521,0.003226995,-0.001628973,-0.00466078,-0.003374455,0.000767982,0.003816111,0.00297601,-0.00090984,-0.004239137,-0.003986629,-0.000414564,0.00326764,0.003888573,0.001160229,-0.002185959,-0.003003427,-0.000617215,0.002642829,0.003672691,0.001465703,-0.002017209,-0.003712399,-0.00226578,0.000806512,0.002615422,0.001595443,-0.00111222,-0.002816682,-0.001828163,0.000992198,0.003084308,0.002588263,3.39E-05,-0.002216576,-0.002191831,-1.00E-04
-0.020667473,-0.006870852,-0.002865854,-4.43E-05,0.002748179,0.005514194,0.007716544,0.00855847,0.007390071,0.004170073,-0.000254513,-0.004301641,-0.006314657,-0.005480326,-0.00246539,0.000765536,0.002059664,0.000544688,-0.002561942,-0.004579217,-0.003247184,0.001369332,0.006489351,0.008346573,0.005021774,-0.001741789,-0.007381485,-0.007724043,-0.002275782,0.005060093,0.008695764,0.005633753,-0.00202399,-0.00849448,-0.008756321,-0.00256809,0.00523125,0.008525589,0.004838302,-0.002652739,-0.007716492,-0.00619432,0.000586592,0.006965191,0.007703479,0.002344904,-0.004493224,-0.007104605,-0.00352772,0.002893835,0.006503426,0.004232088,-0.001837731,-0.006404803,-0.005609192,-0.000320655,0.004765267,0.005328274,0.001167146,-0.003774945,-0.00501992,-0.001520153,0.00352526,0.00563124,0.003032271,-0.001848691,-0.004693072,-0.003183673,0.001017388,0.003912827,0.002847662,-0.001142747,-0.004380578,-0.003940408,-0.000259825,0.00336129,0.003821379,0.000990833,-0.002299198,-0.00294857,-0.000427669,0.002822398,0.003716327,0.001371543,-0.002138044,-0.00374603,-0.002199725,0.000879129,0.00259014,0.001458472,-0.001267988,-0.002873424,-0.001745498,0.001146543,0.003199137,0.002605792,-9.49E-06,-0.002238104,-0.00214891,-3.27E-05
-0.025288675,-0.00771801,-0.002463548,0.00104744,0.004142258,0.006839109,0.008639178,0.008858413,0.007037642,0.003357245,-0.001171075,-0.004946283,-0.006470015,-0.005198891,-0.002034015,0.001009038,0.001955407,0.000230466,-0.002741287,-0.004332205,-0.002588571,0.002072042,0.006742455,0.007890969,0.004064186,-0.002623083,-0.007620532,-0.007175268,-0.001337618,0.00571858,0.008618403,0.004912103,-0.002823149,-0.008760283,-0.00829574,-0.001743044,0.005795217,0.008426809,0.004198435,-0.003307255,-0.007884981,-0.005792785,0.001183686,0.00725114,0.007454936,0.001786799,-0.00489541,-0.007037331,-0.00307588,0.003341281,0.006592278,0.00393196,-0.002231521,-0.006541369,-0.005381811,5.80E-05,0.00496272,0.005181941,0.000812351,-0.004037771,-0.004990279,-0.001260141,0.003763843,0.0056381,0.002818748,-0.002073593,-0.004717932,-0.002981135,0.00127518,0.004013751,0.002724836,-0.001363372,-0.004503657,-0.003876932,-9.72E-05,0.003450369,0.003741092,0.000806866,-0.002424021,-0.002902963,-0.000248315,0.002989675,0.003748949,0.00127341,-0.002252348,-0.003764481,-0.002115803,0.000966462,0.002574231,0.001326982,-0.001420071,-0.002928422,-0.001665464,0.001291863,0.003299716,0.002608352,-6.34E-05,-0.002263332,-0.002104104,3.88E-05
-0.028596662,-0.008186429,-0.001969154,0.002044323,0.005292771,0.007812219,0.009161034,0.008784979,0.006416079,0.002431646,-0.002038283,-0.005424624,-0.00641918,-0.004744276,-0.00149723,0.001304804,0.001894253,-1.57E-05,-0.002834923,-0.004030406,-0.001961337,0.002641258,0.006806196,0.007277776,0.0030558,-0.003436583,-0.007734481,-0.006537807,-0.000409126,0.006281123,0.008434507,0.004156873,-0.003551793,-0.008893621,-0.007723404,-0.000889471,0.006304803,0.008248009,0.003519674,-0.003934098,-0.007990723,-0.0053527,0.001756528,0.007461112,0.007127899,0.001194821,-0.005277048,-0.006925745,-0.002598234,0.003777312,0.006650182,0.003617447,-0.002600383,-0.00662287,-0.005101566,0.000458572,0.005147857,0.005010005,0.000443585,-0.0042956,-0.004951278,-0.001007959,0.003969077,0.005598798,0.002569663,-0.002307939,-0.004729171,-0.002758102,0.001546455,0.004120941,0.002612387,-0.001559334,-0.004590024,-0.003779236,8.12E-05,0.003531465,0.003636884,0.000596296,-0.002570338,-0.00287564,-9.03E-05,0.00313108,0.003758528,0.001166638,-0.002354281,-0.003753438,-0.001996886,0.00108319,0.002578035,0.00120811,-0.001563235,-0.002979241,-0.00159109,0.001417974,0.003370414,0.00257974,-0.000139497,-0.00229669,-0.002055776,0.000119434
-0.030868672,-0.008379144,-0.001436056,0.002932359,0.006229349,0.008508065,0.009392607,0.008463463,0.005636498,0.001463103,-0.002841776,-0.005772481,-0.006225932,-0.004180535,-0.000900542,0.001627189,0.001857225,-0.000220833,-0.002880067,-0.003706225,-0.001370143,0.003113495,0.006749212,0.006578166,0.002037326,-0.004187339,-0.007761604,-0.005851483,0.000497225,0.006769062,0.008179857,0.003388199,-0.004223958,-0.008936605,-0.007084117,-2.93E-05,0.006768831,0.008014954,0.002821768,-0.004533637,-0.008049711,-0.004888016,0.002308902,0.007617897,0.006750753,0.000586096,-0.005639634,-0.006783418,-0.002106868,0.004200288,0.00668362,0.003292779,-0.002951129,-0.006666749,-0.004787441,0.000870861,0.0053225,0.004821366,6.85E-05,-0.004546186,-0.004903376,-0.000760408,0.004151437,0.00552835,0.002297488,-0.002547604,-0.004731314,-0.002523124,0.00182379,0.004229586,0.002505569,-0.00173853,-0.004650785,-0.003657747,0.000270726,0.003607742,0.003517814,0.000369674,-0.002729408,-0.00285994,5.27E-05,0.003253445,0.003750912,0.001052958,-0.002448319,-0.003722638,-0.001854431,0.001219862,0.002595755,0.001098971,-0.001698925,-0.003026249,-0.001520582,0.001529985,0.003419197,0.002528399,-0.000231662,-0.002336015,-0.00200491,0.000206984
-0.032332573,-0.008358464,-0.000875224,0.003733013,0.00699741,0.008987542,0.009399487,0.0079517,0.004737598,0.000464552,-0.003593489,-0.006018296,-0.005922875,-0.0035337,-0.000259066,0.001968938,0.001838061,-0.000394882,-0.002888589,-0.003365881,-0.000807827,0.003510515,0.006599846,0.005813722,0.00101327,-0.004888102,-0.007721435,-0.005128381,0.001385084,0.00719848,0.007870616,0.002609909,-0.004851761,-0.00890977,-0.006393946,0.00083484,0.007196787,0.007739912,0.002109708,-0.005111259,-0.008072117,-0.004404393,0.002845134,0.007733445,0.006335195,-3.49E-05,-0.005986951,-0.006617211,-0.001605224,0.004612656,0.006697766,0.002960159,-0.003287811,-0.006681561,-0.004447343,0.001291826,0.005488769,0.004619829,-0.000311054,-0.004790775,-0.004848283,-0.000516299,0.004316153,0.005433891,0.002007612,-0.002791225,-0.004726397,-0.002279082,0.002105487,0.004339025,0.002402876,-0.001904853,-0.004691756,-0.003517865,0.000468771,0.003680329,0.003387389,0.000130881,-0.002898071,-0.00285304,0.000184072,0.003361033,0.0037299,0.000933842,-0.002536328,-0.003676642,-0.001693881,0.001371847,0.002624174,0.000997385,-0.001828745,-0.003070208,-0.001453011,0.001631074,0.003450972,0.002459424,-0.000336295,-0.002379944,-0.00195205,0.00029994
-0.032064311,-0.007906904,-0.000294068,0.004306786,0.007378076,0.009001797,0.008952579,0.00708439,0.003645968,-0.000542451,-0.004200931,-0.006041295,-0.005404953,-0.002741243,0.000447387,0.002329874,0.00184201,-0.000517118,-0.002837813,-0.003011645,-0.00031966,0.003753155,0.006281105,0.004951525,1.39E-05,-0.005464922,-0.007544115,-0.00434797,0.002213704,0.007497154,0.007453972,0.001825004,-0.005379511,-0.008743899,-0.005616209,0.001686972,0.007538892,0.00738033,0.001379945,-0.005631936,-0.008014284,-0.003884281,0.003343849,0.007764639,0.005848138,-0.000670436,-0.006295035,-0.006401373,-0.001088433,0.004995404,0.006667207,0.002610059,-0.003595341,-0.006638465,-0.004058988,0.001724363,0.005634083,0.004392817,-0.000694974,-0.005016904,-0.004773875,-0.000276899,0.004446208,0.005292547,0.001684787,-0.003040213,-0.004706894,-0.002019722,0.00239066,0.004444608,0.002304801,-0.002046817,-0.004693286,-0.003341251,0.000683729,0.003746102,0.003236523,-0.000128344,-0.00308164,-0.002860738,0.000293118,0.003438068,0.003680401,0.000802374,-0.00261344,-0.003601552,-0.001498847,0.001552729,0.002673058,0.000911309,-0.001945333,-0.003106455,-0.001390537,0.001709953,0.003447682,0.002354214,-0.000466257,-0.0024329,-0.001894702,0.000404461
-0.030898679,-0.007246918,0.0002757,0.004740575,0.007542648,0.008773061,0.008284918,0.00606145,0.002490307,-0.001520563,-0.004711991,-0.005943705,-0.004785849,-0.00189249,0.001167262,0.002684953,0.001847493,-0.000620459,-0.002765039,-0.002659904,0.000123346,0.003917606,0.005887878,0.004060514,-0.000950551,-0.00596412,-0.007295797,-0.003548686,0.002998364,0.007720863,0.006983785,0.001044394,-0.005849737,-0.008508331,-0.004803624,0.00251982,0.007828142,0.006977167,0.000648023,-0.006114963,-0.007910746,-0.003346212,0.003820296,0.007751894,0.005328471,-0.001306164,-0.006576947,-0.006158657,-0.000567349,0.005357393,0.006609532,0.002249679,-0.003887625,-0.006566294,-0.003648832,0.002158496,0.005765428,0.004152665,-0.001078001,-0.00522912,-0.004685931,-3.80E-05,0.004559461,0.005128512,0.001347302,-0.00328972,-0.004679227,-0.001754274,0.002673908,0.004544095,0.002205976,-0.002178,-0.004675441,-0.003146507,0.00090674,0.00380851,0.003076771,-0.000394975,-0.003269203,-0.00287294,0.00039224,0.00349959,0.003615699,0.000663771,-0.002685928,-0.003512962,-0.001288136,0.001746217,0.002730757,0.000832624,-0.002054586,-0.003137645,-0.001329695,0.001777986,0.003426669,0.002230754,-0.00060864,-0.002489842,-0.001834602,0.000515083
-0.028878886,-0.006388538,0.000834633,0.005041122,0.007501539,0.008313037,0.007407136,0.004890365,0.001273684,-0.002471187,-0.005131319,-0.005731338,-0.004070425,-0.00099014,0.001899922,0.003034461,0.001854431,-0.000705819,-0.002671328,-0.002310527,0.000523375,0.004007637,0.005423746,0.003142065,-0.001881697,-0.006389446,-0.0069799,-0.002731427,0.003741192,0.007873226,0.006462629,0.00026786,-0.006265211,-0.00820642,-0.003957855,0.003334322,0.008067084,0.006532514,-8.60E-05,-0.006562163,-0.007763699,-0.00279104,0.004275551,0.007697326,0.004777759,-0.001942132,-0.006833953,-0.005890354,-4.22E-05,0.005699629,0.006526046,0.001879508,-0.004165404,-0.006466446,-0.00321792,0.002594151,0.005883473,0.003900005,-0.001460184,-0.005428095,-0.004585108,0.000200463,0.004656721,0.004942876,0.000995857,-0.003539723,-0.004643789,-0.001483026,0.002955327,0.004637776,0.002106433,-0.00229892,-0.004639156,-0.002934504,0.001137417,0.003867715,0.002908559,-0.00066866,-0.003460573,-0.00288943,0.000481917,0.00354635,0.003536527,0.000518372,-0.002754015,-0.00341152,-0.001062499,0.001951707,0.002796846,0.000760971,-0.002156859,-0.003164022,-0.001270405,0.001835694,0.003388789,0.002089923,-0.000762849,-0.002550577,-0.001771882,0.000631514
-0.025372436,-0.005213086,0.001332698,0.005066179,0.007071489,0.007444499,0.006188947,0.003515214,2.10E-05,-0.003306224,-0.005344012,-0.005304542,-0.003205111,-3.37E-05,0.002610426,0.003338271,0.001841176,-0.000773567,-0.002553679,-0.001980461,0.000835264,0.003967255,0.004856457,0.002215904,-0.002708587,-0.006652846,-0.006539751,-0.001902336,0.004380619,0.007879463,0.005851315,-0.000485952,-0.006568295,-0.007786762,-0.003072255,0.004087939,0.008195399,0.006011148,-0.000809491,-0.006926066,-0.007527232,-0.002205977,0.004685597,0.007564551,0.004178672,-0.002563153,-0.007031978,-0.005571532,0.000483505,0.005993859,0.006386158,0.001488444,-0.004415948,-0.006317106,-0.002755364,0.003022862,0.005969506,0.003623547,-0.001834554,-0.00559326,-0.004452643,0.000442471,0.004726971,0.004720824,0.000624126,-0.003785085,-0.004591825,-0.001204389,0.003225498,0.004711572,0.001998216,-0.002405403,-0.004571574,-0.002693076,0.00138008,0.00392067,0.00272795,-0.000948453,-0.003650292,-0.002906225,0.000558771,0.003567372,0.003430237,0.000359154,-0.002816097,-0.003289985,-0.000814707,0.002173143,0.002873276,0.000699807,-0.002245803,-0.003179183,-0.001211241,0.001876658,0.003321772,0.001919223,-0.000936394,-0.002616123,-0.00170323,0.000758431
-0.021312091,-0.003933507,0.001787143,0.004966628,0.006480507,0.006419905,0.004855718,0.002090561,-0.001209632,-0.004062742,-0.005454137,-0.004788863,-0.002292488,0.000921915,0.003288144,0.003604955,0.001808361,-0.000840522,-0.0024314,-0.001663841,0.001107246,0.00387584,0.004258686,0.001306286,-0.003471733,-0.006836086,-0.006047472,-0.001078449,0.004963765,0.007816906,0.005203733,-0.00122269,-0.006818064,-0.007319288,-0.002180104,0.004802484,0.008267954,0.005457082,-0.001521526,-0.007246045,-0.007248254,-0.00160918,0.005073118,0.007397723,0.003563291,-0.003170107,-0.007198233,-0.005229368,0.001005975,0.006261898,0.006217903,0.001087198,-0.00465443,-0.006147264,-0.002282609,0.003443579,0.006037877,0.003336322,-0.002202617,-0.00573937,-0.004302781,0.000688134,0.004786869,0.004484957,0.000246638,-0.004025375,-0.00453137,-0.000924005,0.00348702,0.00477224,0.00188251,-0.002508105,-0.004492163,-0.002440534,0.001626465,0.003970472,0.002543452,-0.001227395,-0.003834756,-0.002919003,0.000632822,0.003578483,0.003312413,0.000193577,-0.002876588,-0.003161753,-0.000560422,0.002397847,0.002951043,0.000641449,-0.002329059,-0.003188385,-0.001150556,0.001911971,0.003243737,0.001737324,-0.001116536,-0.002682353,-0.00163145,0.000889476
-0.016579617,-0.002528997,0.00218655,0.004713655,0.005692622,0.005205564,0.00338409,0.000608525,-0.002409771,-0.004720398,-0.005437226,-0.004164426,-0.001323321,0.001874521,0.003923601,0.003824563,0.001750599,-0.000907096,-0.002303935,-0.001364168,0.00133009,0.003722252,0.003624729,0.00041871,-0.004155015,-0.006920051,-0.005491348,-0.000261854,0.005476819,0.00766942,0.004511876,-0.001937839,-0.007001991,-0.00679339,-0.001280845,0.005467962,0.008271382,0.004862923,-0.002218847,-0.007511429,-0.006916763,-0.000998086,0.005432728,0.007189082,0.002928316,-0.003759129,-0.007324939,-0.00485843,0.001524209,0.006497312,0.006014477,0.000673361,-0.004878084,-0.00595234,-0.001797638,0.003854046,0.006084236,0.003035844,-0.002562682,-0.005861708,-0.004131241,0.000938464,0.004834171,0.004232303,-0.000137654,-0.004259177,-0.004460375,-0.000641602,0.003737599,0.004816401,0.001757286,-0.002606374,-0.004398381,-0.002174494,0.001877292,0.004016361,0.002354311,-0.001504989,-0.004012374,-0.002926489,0.00070367,0.003577532,0.00318045,2.02E-05,-0.002935214,-0.00302548,-0.000298439,0.002626241,0.003030178,0.000586385,-0.002405343,-0.003190175,-0.001087868,0.001940486,0.00315232,0.001541828,-0.00130462,-0.002749299,-0.001555782,0.001025553
-0.011180705,-0.001037314,0.00247635,0.004250395,0.004666336,0.003791482,0.00180495,-0.000860871,-0.003484662,-0.005183713,-0.005223505,-0.00340613,-0.000320811,0.002766035,0.004448183,0.003941268,0.001636126,-0.000985625,-0.002178608,-0.001095504,0.001484303,0.003496474,0.002971878,-0.000396499,-0.004689843,-0.00684752,-0.004852555,0.000521358,0.005868272,0.007393663,0.003766234,-0.002606338,-0.00708444,-0.006194027,-0.000395843,0.006037332,0.008162169,0.004215166,-0.002879723,-0.00768371,-0.006504759,-0.000370933,0.005746148,0.006921628,0.002276697,-0.004305921,-0.007382589,-0.004444323,0.002028715,0.006675343,0.005753797,0.000240252,-0.005079793,-0.005724277,-0.001303663,0.004238629,0.006090995,0.002715599,-0.002905221,-0.005941273,-0.003921621,0.001199547,0.004866609,0.00396069,-0.000524192,-0.00447641,-0.004371072,-0.000359217,0.003964662,0.004827532,0.001610471,-0.002704057,-0.004288698,-0.001893838,0.00213028,0.004055102,0.002161608,-0.001772876,-0.004169941,-0.002916775,0.000776801,0.003563115,0.003029821,-0.000164529,-0.002993243,-0.002882606,-3.32E-05,0.002850752,0.003103221,0.000531253,-0.002472517,-0.003179185,-0.001018515,0.001963739,0.003046675,0.001332206,-0.001498939,-0.002813562,-0.00147342,0.001167181
-0.005609928,0.000454284,0.002704006,0.003696962,0.003551682,0.002318335,0.000216069,-0.002284137,-0.004468143,-0.005536604,-0.004914397,-0.002596822,0.000675855,0.003604756,0.004900211,0.003995939,0.001487641,-0.001073505,-0.002056811,-0.000842922,0.001607885,0.003244026,0.002323309,-0.00116194,-0.005142274,-0.006696901,-0.004179459,0.001279124,0.00619413,0.007055564,0.00300002,-0.003245907,-0.007116063,-0.005564443,0.000472219,0.006550878,0.007994658,0.00354425,-0.003516747,-0.007806022,-0.006053078,0.000261321,0.006034695,0.006626683,0.00162202,-0.004825803,-0.007402498,-0.004009185,0.002523407,0.006821886,0.005463528,-0.000201992,-0.005270401,-0.005481491,-0.000808975,0.004606186,0.006075559,0.002385637,-0.003236994,-0.005997128,-0.003691357,0.001467049,0.004893057,0.003682134,-0.000908557,-0.00468255,-0.004271539,-7.79E-05,0.004177479,0.004819284,0.001450311,-0.002803711,-0.004173416,-0.001608376,0.002382271,0.004089521,0.001968289,-0.002033034,-0.004313754,-0.002894868,0.000853948,0.003544034,0.002871196,-0.000354365,-0.003051674,-0.002738593,0.000230194,0.003069394,0.003169779,0.000473886,-0.002535861,-0.003161262,-0.000944363,0.001986509,0.002936575,0.001118397,-0.001693806,-0.002874852,-0.001387432,0.001310545
0.000128733,0.001926279,0.00284164,0.003024345,0.002327435,0.000780945,-0.001366766,-0.003625236,-0.005311178,-0.005729432,-0.004473482,-0.001723415,0.001654314,0.00435985,0.005243314,0.003959302,0.001289158,-0.001175946,-0.001941045,-0.000613049,0.001690355,0.00295856,0.001686851,-0.001851842,-0.005476043,-0.006437352,-0.003461618,0.001997461,0.006426285,0.006631244,0.002207916,-0.00384259,-0.007076696,-0.004895582,0.001312251,0.006983031,0.007744904,0.002842635,-0.004117957,-0.00785706,-0.005546274,0.000899387,0.006287738,0.006294217,0.000965427,-0.005305532,-0.007368292,-0.003544931,0.003003084,0.006923232,0.005131525,-0.000656762,-0.005445455,-0.00521897,-0.000314985,0.004948149,0.006028072,0.002042184,-0.003552841,-0.006018853,-0.003431564,0.001743976,0.004911783,0.003395023,-0.001288415,-0.004871949,-0.004157256,0.000201522,0.004369294,0.004782708,0.001270386,-0.002907123,-0.004051369,-0.001317322,0.002631943,0.004117575,0.001774631,-0.002281116,-0.004436709,-0.00285434,0.000937982,0.003519359,0.002702007,-0.000551161,-0.003110977,-0.002593956,0.000489559,0.003278088,0.003225747,0.000412421,-0.002594184,-0.003133422,-0.000862857,0.002009564,0.002821441,0.00090003,-0.001888291,-0.002931264,-0.00129626,0.001455867
0.005674258,0.003274025,0.002862318,0.002254671,0.001053752,-0.000732322,-0.002839792,-0.004781375,-0.005929738,-0.005712058,-0.003892254,-0.000816336,0.002557989,0.004967063,0.005422757,0.003795697,0.001023607,-0.001299034,-0.001834524,-0.000408682,0.001734101,0.002655294,0.001093655,-0.002425669,-0.005655938,-0.006053819,-0.00270945,0.002649069,0.006538494,0.00611161,0.001401707,-0.004374805,-0.006953187,-0.004195372,0.00209707,0.007302419,0.007395155,0.002114563,-0.004663412,-0.007816724,-0.004977236,0.001535835,0.006493426,0.005921155,0.000318478,-0.005724651,-0.007263168,-0.003048115,0.003457874,0.006965014,0.004748993,-0.001123753,-0.005600481,-0.004936507,0.000169771,0.005250445,0.005937131,0.001683153,-0.00384538,-0.005995393,-0.003134141,0.00203322,0.004923617,0.003103039,-0.001655413,-0.005034774,-0.004022617,0.000476704,0.004531065,0.004706745,0.001062093,-0.003019355,-0.003926219,-0.001025405,0.002873633,0.004135686,0.001582562,-0.00250885,-0.004526867,-0.002783919,0.001036458,0.003492698,0.002523579,-0.000754572,-0.003172312,-0.002453047,0.000736514,0.003465969,0.003261131,0.000340906,-0.002648322,-0.003092659,-0.000769338,0.002037867,0.002706538,0.000683091,-0.002076145,-0.002977967,-0.001198385,0.001600742
0.010984336,0.004522151,0.002818273,0.001449313,-0.000218312,-0.002198668,-0.004220133,-0.005810481,-0.00641056,-0.00557726,-0.003242893,9.36E-05,0.003403516,0.005479204,0.00550402,0.003559247,0.000721102,-0.00143286,-0.001732594,-0.000217026,0.001760295,0.002348974,0.000532403,-0.002929334,-0.005749739,-0.005606204,-0.001945683,0.003257817,0.006583294,0.005543421,0.00059409,-0.004867125,-0.00678395,-0.003483202,0.002844813,0.0075557,0.006990998,0.001376018,-0.005173978,-0.007724783,-0.004376084,0.002167872,0.00667114,0.005527102,-0.00031935,-0.006106632,-0.00711751,-0.00253456,0.003896622,0.006972578,0.004339098,-0.001595909,-0.005743558,-0.004644013,0.000646852,0.005528132,0.005820823,0.001315864,-0.004123804,-0.005946032,-0.00281583,0.002329002,0.00493199,0.002809882,-0.002012996,-0.005180863,-0.003875857,0.000749085,0.004675009,0.004607782,0.000837167,-0.003137412,-0.003800737,-0.000734865,0.003109124,0.004147364,0.001391762,-0.002723776,-0.004596779,-0.002694924,0.001144623,0.003466352,0.002341234,-0.000960865,-0.003234823,-0.002315389,0.000974384,0.003639661,0.003282733,0.000262251,-0.002700755,-0.003044521,-0.000668278,0.002070543,0.002593733,0.00046917,-0.002258322,-0.003018077,-0.001096719,0.001744353
0.015783153,0.005580393,0.002673407,0.000608633,-0.00145528,-0.00355419,-0.005420216,-0.006613969,-0.006661623,-0.00525831,-0.002498103,0.000990073,0.004139626,0.005828371,0.005423798,0.003206425,0.000361209,-0.001582639,-0.001637217,-4.36E-05,0.001763509,0.002045538,2.99E-05,-0.003317043,-0.005708377,-0.005063863,-0.001172174,0.003793132,0.006521927,0.00490431,-0.000208525,-0.00529256,-0.006544419,-0.002758464,0.003527471,0.007701837,0.006503121,0.000625847,-0.005625663,-0.007551289,-0.003727517,0.002789089,0.006803293,0.005102012,-0.000938716,-0.006426719,-0.006907268,-0.001996366,0.004307831,0.006925422,0.003887253,-0.002074317,-0.005867048,-0.004337038,0.001109093,0.005764502,0.005663513,0.000936119,-0.004378872,-0.005855317,-0.002464913,0.002634663,0.004935371,0.002516605,-0.002353334,-0.005298604,-0.00370926,0.001016581,0.004789837,0.004471634,0.000585285,-0.003265611,-0.003676303,-0.00044856,0.003332957,0.00414798,0.001203375,-0.002917009,-0.0046328,-0.002574717,0.001269787,0.003442092,0.002154135,-0.001170773,-0.003299228,-0.002184141,0.00119561,0.003788241,0.003280172,0.000170702,-0.002751218,-0.002984635,-0.000554469,0.002111685,0.002486414,0.000262455,-0.002429409,-0.003046546,-0.000989059,0.00188485
0.019781869,0.006386832,0.002438838,-0.000215096,-0.002583206,-0.004720809,-0.006373764,-0.007149682,-0.006671072,-0.00477202,-0.001694327,0.001830629,0.004730872,0.005994517,0.005178253,0.002744035,-4.65E-05,-0.001741301,-0.00154396,0.000117346,0.001754561,0.001760326,-0.000399929,-0.003584449,-0.005541605,-0.004447567,-0.000410661,0.004243708,0.006359199,0.004211367,-0.000987799,-0.005642703,-0.006240282,-0.002035702,0.004132307,0.007738512,0.005940455,-0.000122803,-0.006010567,-0.007298737,-0.00304196,0.00338889,0.006886213,0.004650635,-0.001531048,-0.006679222,-0.006633276,-0.001439102,0.004686493,0.006823494,0.003398494,-0.002552724,-0.005968093,-0.004017899,0.001551099,0.005955055,0.005464193,0.000545805,-0.004608637,-0.005723685,-0.002084214,0.002947316,0.004933437,0.002226212,-0.002671719,-0.005384178,-0.003521437,0.001278572,0.004874563,0.004298147,0.000306819,-0.003404458,-0.003555422,-0.000170687,0.0035409,0.004135099,0.00101752,-0.003086495,-0.004632187,-0.002420682,0.001414489,0.003422807,0.001965489,-0.001381663,-0.003364756,-0.002061152,0.001396098,0.003906694,0.003248973,6.32E-05,-0.002801206,-0.002913098,-0.000426628,0.002164117,0.002388868,6.80E-05,-0.002584961,-0.003060894,-0.00087562,0.002019568
0.023222277,0.007024799,0.002152546,-0.001015442,-0.003626341,-0.00575302,-0.007160762,-0.007511931,-0.006530574,-0.004188254,-0.00086411,0.002625959,0.005224511,0.00604386,0.004831164,0.002217225,-0.00047992,-0.001902672,-0.001450376,0.00027199,0.001740315,0.001489407,-0.000782312,-0.003777255,-0.005300425,-0.003791232,0.00033769,0.004638927,0.006135066,0.003489689,-0.001747617,-0.005943718,-0.005897269,-0.001317645,0.004685859,0.007706979,0.005333999,-0.000866849,-0.006351864,-0.006997847,-0.002336425,0.003972238,0.006937219,0.004183873,-0.002104547,-0.006888405,-0.006320057,-0.00087162,0.005043507,0.006687543,0.00288834,-0.003029113,-0.006054019,-0.003691462,0.001979341,0.006116081,0.005238589,0.000149498,-0.004822139,-0.005566854,-0.001686035,0.003263144,0.004927682,0.001938055,-0.002975425,-0.005448829,-0.003320054,0.001537043,0.00494047,0.004101685,1.23E-05,-0.00354961,-0.003437023,0.000101074,0.003737903,0.00411309,0.000833075,-0.003240942,-0.0046084,-0.002245303,0.001571621,0.003407071,0.001776578,-0.001592424,-0.003430565,-0.001943473,0.001582954,0.004005411,0.003199068,-5.48E-05,-0.00285117,-0.002834352,-0.00028988,0.002224043,0.002298223,-0.000117835,-0.002729869,-0.003065908,-0.000758669,0.002150021
0.025544625,0.007341492,0.001786852,-0.001743275,-0.004480342,-0.006510308,-0.00762643,-0.007556565,-0.006131249,-0.003452178,-1.37E-05,0.003316978,0.005530396,0.005883555,0.00431144,0.001588167,-0.000948045,-0.002061715,-0.001352141,0.000419405,0.001722542,0.001250602,-0.001076859,-0.003841452,-0.004939368,-0.003080416,0.001049033,0.004931684,0.005808681,0.002730088,-0.002461434,-0.006153938,-0.005490206,-0.000616404,0.005143434,0.007557022,0.004658512,-0.001593812,-0.006612478,-0.006615334,-0.001603866,0.004519301,0.00692972,0.003692875,-0.002640409,-0.007019371,-0.005939969,-0.000290536,0.005359525,0.006492805,0.002345044,-0.003496979,-0.006110882,-0.003353057,0.002380802,0.006223418,0.004967091,-0.000255745,-0.005006187,-0.005366999,-0.001260182,0.003581538,0.004914023,0.001654875,-0.00325115,-0.005474962,-0.003094287,0.00178918,0.004973544,0.003866052,-0.000308685,-0.0037049,-0.003323608,0.00036008,0.003913324,0.004073432,0.000650654,-0.003368666,-0.004543518,-0.002032207,0.00175098,0.003398607,0.001588941,-0.001801114,-0.003495811,-0.00183541,0.00174438,0.004067481,0.003114542,-0.000192479,-0.00290177,-0.002743218,-0.000137259,0.002298131,0.002221572,-0.00028602,-0.0028539,-0.003053372,-0.000635842,0.002271414
0.026860209,0.007387348,0.001377411,-0.002376221,-0.005141505,-0.007012809,-0.007815878,-0.007348477,-0.005545949,-0.00262854,0.000815954,0.003895853,0.005673415,0.005560515,0.003671563,0.000899846,-0.00142466,-0.002206683,-0.001243785,0.000565592,0.001707487,0.001042854,-0.001300682,-0.00381197,-0.004501687,-0.002349539,0.001712709,0.00513793,0.005410744,0.001958496,-0.003122714,-0.006286487,-0.00503807,6.10E-05,0.005518964,0.007317392,0.003940751,-0.002294404,-0.006804089,-0.006173705,-0.000862015,0.00502667,0.006871924,0.003185835,-0.003141114,-0.007086595,-0.005510799,0.000294636,0.005638874,0.006253317,0.001782517,-0.003950143,-0.006140188,-0.003005354,0.002758376,0.006286542,0.004660318,-0.000665457,-0.005165714,-0.005135369,-0.000817658,0.003896467,0.004891086,0.001375897,-0.003502589,-0.005468748,-0.00284869,0.002036234,0.004981556,0.003602154,-0.000646922,-0.003865328,-0.003213606,0.000607158,0.004068799,0.004017458,0.000468616,-0.003475832,-0.004446911,-0.001790493,0.001946947,0.003396137,0.001404096,-0.002005552,-0.003558459,-0.001734216,0.001884996,0.0040992,0.003001441,-0.000346395,-0.002953314,-0.002642742,2.76E-05,0.002383701,0.002157312,-0.000438093,-0.00295926,-0.003025842,-0.000508864,0.002383716
0.027461838,0.007243814,0.000940976,-0.00293755,-0.005662562,-0.007333436,-0.007811176,-0.006965846,-0.004835549,-0.001750132,0.001624802,0.004392085,0.005701377,0.005125609,0.002951705,0.00017471,-0.001903384,-0.002339442,-0.001127244,0.000711453,0.001694811,0.000857166,-0.001475511,-0.003718926,-0.004013882,-0.00160865,0.00234004,0.005282965,0.004964544,0.001181672,-0.003744502,-0.006363736,-0.004555329,0.000720042,0.005836291,0.007015975,0.003195734,-0.002974252,-0.006946568,-0.005691773,-0.000115884,0.00550425,0.006778141,0.002668024,-0.003616387,-0.007109019,-0.005048077,0.000881394,0.005891774,0.005982857,0.001207859,-0.00439148,-0.006149258,-0.002651035,0.003118875,0.006318525,0.00432914,-0.001077759,-0.005307836,-0.004881945,-0.000364515,0.004207822,0.004860927,0.001099735,-0.003736784,-0.005439652,-0.002589171,0.002279711,0.00497224,0.003319094,-0.00099635,-0.004028602,-0.00310568,0.000845719,0.004209887,0.003949645,0.000286565,-0.003568841,-0.004328429,-0.001529202,0.002154117,0.003397693,0.001221401,-0.002206558,-0.00361881,-0.001637524,0.002011144,0.004109664,0.002868343,-0.000511636,-0.003005498,-0.002535814,0.000200775,0.002477167,0.002101734,-0.000578713,-0.003051323,-0.002987701,-0.000379078,0.002489374
0.026665242,0.006745536,0.000476029,-0.003332478,-0.005888997,-0.007290719,-0.007436732,-0.006269661,-0.003921142,-0.000808709,0.002356743,0.004707648,0.005506685,0.004492966,0.002106784,-0.000591069,-0.002362633,-0.002434819,-0.000988565,0.000859964,0.001689548,0.000714896,-0.001561383,-0.003518758,-0.003453367,-0.000873594,0.002880849,0.005308962,0.004438804,0.000414376,-0.004275444,-0.006331383,-0.004020837,0.001334558,0.00603951,0.006604468,0.002413754,-0.003601155,-0.006991618,-0.005140641,0.000624696,0.005913578,0.006611977,0.002132777,-0.00403884,-0.007046128,-0.004527251,0.001463352,0.006090195,0.005656305,0.00061853,-0.004801189,-0.006114491,-0.002283639,0.003445116,0.006290796,0.003953831,-0.001491652,-0.00541578,-0.004590312,0.000102161,0.004505401,0.004812724,0.000828077,-0.003937072,-0.005366106,-0.002303248,0.002516342,0.004931711,0.003003816,-0.001361486,-0.004192632,-0.002999722,0.001067271,0.004321316,0.003857048,0.000102754,-0.003636675,-0.004170867,-0.001233898,0.002379764,0.0034058,0.001043934,-0.002398337,-0.003671913,-0.001547421,0.002110679,0.004080119,0.0026977,-0.00069787,-0.003058776,-0.002417288,0.000388658,0.002584596,0.002062518,-0.00069675,-0.003117015,-0.002928919,-0.00024461,0.002580814
0.025032323,0.006048005,1.36E-05,-0.003606734,-0.005922505,-0.007024161,-0.006848609,-0.005407853,-0.002917459,0.000134056,0.003011735,0.00489757,0.005178757,0.003758227,0.001213286,-0.001353396,-0.002788209,-0.002494829,-0.00083142,0.001011237,0.001688847,0.000597623,-0.001599013,-0.003266504,-0.002868183,-0.00016279,0.003354946,0.005260851,0.003875299,-0.000330549,-0.00473767,-0.006228344,-0.003459998,0.001914109,0.006170694,0.006132624,0.001622428,-0.004183775,-0.006973558,-0.004553752,0.001349715,0.006270668,0.006397679,0.001589205,-0.004425273,-0.006931101,-0.003976129,0.002035112,0.00625119,0.005297701,2.78E-05,-0.005183004,-0.006047568,-0.001907302,0.0037491,0.006226262,0.003553775,-0.001903189,-0.005501467,-0.004278015,0.00057094,0.004787721,0.004748868,0.000557763,-0.00411605,-0.005264782,-0.002001447,0.002748532,0.004873547,0.002672845,-0.001730601,-0.004352035,-0.002892271,0.001278361,0.004412874,0.003747288,-8.38E-05,-0.003690984,-0.003992183,-0.000921473,0.002613184,0.003415971,0.000870068,-0.002582172,-0.003717645,-0.001458907,0.002195562,0.004027309,0.002505341,-0.000895727,-0.003112117,-0.002292188,0.000583988,0.002698787,0.002032148,-0.000801187,-0.00316625,-0.002857397,-0.000107843,0.00266244
0.022732979,0.005192423,-0.000445807,-0.003783627,-0.005801314,-0.00657882,-0.006090588,-0.004415269,-0.001844488,0.001075784,0.003603553,0.004986251,0.004744552,0.002943021,0.000282629,-0.002111261,-0.003185557,-0.002525828,-0.000659272,0.001164682,0.001691679,0.00050017,-0.001598428,-0.002973313,-0.002264328,0.00052748,0.003774884,0.005153335,0.003282161,-0.001056632,-0.005144127,-0.006068482,-0.002878353,0.002465219,0.006244055,0.005612849,0.000824383,-0.004730226,-0.006904727,-0.003938593,0.002061558,0.006585286,0.006144588,0.001039099,-0.004782625,-0.006774299,-0.003401048,0.002598253,0.006381935,0.004913528,-0.000563686,-0.005541955,-0.005954548,-0.001523738,0.004035175,0.006132224,0.003134034,-0.002312619,-0.00556921,-0.003949308,0.001041038,0.005057393,0.004672176,0.000288423,-0.004277928,-0.005141176,-0.001686955,0.002977127,0.004801325,0.002329539,-0.00210255,-0.004507394,-0.002783425,0.001481093,0.004488424,0.003623665,-0.000272738,-0.003734566,-0.003796753,-0.000595579,0.002852579,0.003427639,0.000699081,-0.002759515,-0.003757288,-0.001371497,0.002268831,0.003955963,0.002295691,-0.00110279,-0.003165447,-0.002161845,0.000785175,0.002818253,0.00200875,-0.000894783,-0.00320231,-0.002775671,3.07E-05,0.002736151
0.019238397,0.004074881,-0.000867062,-0.00375033,-0.005374025,-0.005800699,-0.005038876,-0.003223647,-0.0007019,0.00195341,0.004027321,0.00486023,0.004116573,0.002009603,-0.000668947,-0.002810623,-0.003490975,-0.002480312,-0.000451739,0.001321233,0.001697856,0.000435322,-0.001536028,-0.002623438,-0.001656121,0.001145218,0.004068222,0.004928986,0.002649472,-0.001719018,-0.005420615,-0.005792066,-0.002264892,0.002948303,0.006201238,0.00501159,3.57E-05,-0.00518583,-0.006730642,-0.003279243,0.002726967,0.006798914,0.00580895,0.000480191,-0.005076687,-0.006535835,-0.002788282,0.003131584,0.006445812,0.004482725,-0.001143622,-0.005841162,-0.005800844,-0.00112414,0.004284015,0.005980009,0.00267994,-0.002711547,-0.005598762,-0.003592682,0.001502987,0.005289942,0.004561655,1.80E-05,-0.004405727,-0.004973252,-0.001348545,0.003197679,0.004703676,0.001969059,-0.002469678,-0.004644973,-0.00266608,0.0016682,0.004530112,0.003469657,-0.000469053,-0.0037605,-0.003573817,-0.000250619,0.003096285,0.003437584,0.00053354,-0.002920424,-0.003779578,-0.00128128,0.002323111,0.003851458,0.002055443,-0.001324739,-0.003216977,-0.002021986,0.000994614,0.002943794,0.001995567,-0.000968811,-0.003212889,-0.002674153,0.000171957,0.002792922
0.015301388,0.002873762,-0.001253844,-0.003616852,-0.004815136,-0.004891181,-0.003884642,-0.001980085,0.000432179,0.002767502,0.00435308,0.004632239,0.003413613,0.001048631,-0.001598436,-0.003454604,-0.003734458,-0.002390166,-0.000226344,0.001476812,0.00170182,0.000380293,-0.00145388,-0.002261282,-0.001063476,0.001713038,0.004293885,0.004652344,0.002009617,-0.002337679,-0.005627113,-0.005460508,-0.001642483,0.003393507,0.006104338,0.004380793,-0.000735522,-0.005588743,-0.006505628,-0.002606467,0.003359349,0.006956559,0.005432352,-8.01E-05,-0.005338117,-0.006260393,-0.00216401,0.003643507,0.00647459,0.004032611,-0.0017108,-0.006104452,-0.005614017,-0.000716297,0.00451454,0.005801145,0.002212943,-0.00310155,-0.005608746,-0.003225605,0.001954951,0.005498243,0.004430504,-0.000254918,-0.004517786,-0.004784976,-0.001000143,0.003413582,0.004595405,0.001604824,-0.00282829,-0.004768278,-0.002541061,0.001848974,0.004555177,0.00330014,-0.00067024,-0.003780309,-0.003341627,9.83E-05,0.003337011,0.003443422,0.000369944,-0.003071823,-0.003790694,-0.001186604,0.002371337,0.003734179,0.00180373,-0.001551087,-0.003266273,-0.001878164,0.001205631,0.003069038,0.001984336,-0.001035525,-0.003212488,-0.002563934,0.000313892,0.002841407
0.0109053,0.001585927,-0.001604846,-0.003379414,-0.004119689,-0.003845319,-0.002624026,-0.00068263,0.001557419,0.003515658,0.004577127,0.004298433,0.002632849,5.91E-05,-0.002504996,-0.004041109,-0.00391367,-0.002253709,1.76E-05,0.001631381,0.00170349,0.000335451,-0.001351237,-0.001886381,-0.000486987,0.002229051,0.004449319,0.00432144,0.001362329,-0.002910959,-0.005760982,-0.005071731,-0.001010794,0.003799396,0.005951315,0.003719345,-0.001488727,-0.005936973,-0.006227762,-0.001919761,0.003957454,0.00705611,0.005013252,-0.000641699,-0.005565687,-0.005946581,-0.001527802,0.004133208,0.006466942,0.00356246,-0.002264732,-0.006330473,-0.005392817,-0.000299902,0.004726057,0.005594628,0.00173256,-0.003482287,-0.005598428,-0.002847686,0.002396552,0.005681373,0.004277943,-0.000530282,-0.004613508,-0.004575581,-0.000641376,0.003624661,0.00447611,0.001236695,-0.003178065,-0.004876763,-0.002408082,0.002023171,0.004562991,0.003114531,-0.000876482,-0.003793763,-0.003099836,0.000451334,0.003574646,0.003444995,0.000208369,-0.003213352,-0.003790216,-0.0010873,0.002413278,0.003603646,0.00154012,-0.001781999,-0.003313246,-0.001730232,0.001418284,0.003193972,0.001975129,-0.001094648,-0.003200693,-0.002444685,0.000456567,0.002881293
0.006034039,0.00024323,-0.001865666,-0.00297569,-0.003234459,-0.002635853,-0.001268383,0.000614452,0.002583583,0.004089938,0.004599741,0.003793613,0.001761439,-0.000917287,-0.00330729,-0.004476293,-0.003950373,-0.002025861,0.000291347,0.001776074,0.001691132,0.000295077,-0.001233137,-0.00151769,2.95E-05,0.002629471,0.004473346,0.003906525,0.000725856,-0.003381332,-0.005756752,-0.00458794,-0.000376874,0.004126861,0.005705206,0.003024501,-0.002185115,-0.006173214,-0.005858548,-0.00122497,0.004475138,0.007041248,0.004519382,-0.001198739,-0.005729542,-0.005570882,-0.000884638,0.004569663,0.006389889,0.003063673,-0.002781351,-0.006477843,-0.005104827,0.000131542,0.004903166,0.005342747,0.001236749,-0.003838312,-0.005549678,-0.002456415,0.002808215,0.005808126,0.004079704,-0.000813423,-0.004682091,-0.004331794,-0.000268434,0.00382483,0.004340124,0.000870522,-0.003499944,-0.004947681,-0.002253703,0.002188677,0.004540595,0.002899753,-0.00109349,-0.003800455,-0.002849316,0.000800564,0.003795939,0.003431699,4.83E-05,-0.003334828,-0.003763959,-0.000973558,0.002450831,0.00345705,0.001263186,-0.002014423,-0.003352796,-0.001576255,0.001628535,0.003311016,0.001962449,-0.001145711,-0.003172295,-0.002311673,0.000599504,0.002906463
0.001111606,-0.001078668,-0.002076052,-0.002508997,-0.002291445,-0.001391201,8.63E-05,0.001868593,0.003529924,0.004563882,0.004526045,0.003222427,0.000872209,-0.001858969,-0.004035477,-0.004823436,-0.003912602,-0.001754946,0.000575443,0.001911519,0.001667407,0.000250692,-0.001116625,-0.001163198,0.000506983,0.002969141,0.004436529,0.003459809,0.000104701,-0.003796177,-0.00568717,-0.004065074,0.00025116,0.004414818,0.00541986,0.002323769,-0.002845076,-0.006352546,-0.005449418,-0.000533986,0.004948006,0.006970174,0.003992721,-0.001749857,-0.005862488,-0.005169772,-0.000244731,0.004975688,0.006279133,0.002554889,-0.003275074,-0.006584314,-0.004784483,0.00056918,0.005063926,0.005071787,0.00073779,-0.004179106,-0.005482051,-0.002061406,0.003201406,0.005904353,0.003857651,-0.001101246,-0.00473897,-0.004073819,0.00010875,0.004018529,0.00419738,0.000508856,-0.003803907,-0.004996619,-0.002086438,0.002351544,0.004504765,0.00267173,-0.001315789,-0.003805694,-0.00259828,0.001143172,0.004004846,0.0034082,-0.000112162,-0.003446211,-0.003723803,-0.00085061,0.002489316,0.003306496,0.000983813,-0.002244366,-0.003387287,-0.001420001,0.001835246,0.003420988,0.001944788,-0.001195734,-0.003138094,-0.002173454,0.000742146,0.002925361
-0.003848812,-0.002366585,-0.002220732,-0.001964292,-0.001279613,-0.000108238,0.001432371,0.00306108,0.004369003,0.004906697,0.004329067,0.002568696,-3.58E-05,-0.002751816,-0.004665004,-0.005055427,-0.003778508,-0.001429005,0.000872149,0.002034416,0.001628404,0.000200213,-0.001003551,-0.000828636,0.00093277,0.003230187,0.004322135,0.00297369,-0.000495257,-0.00413895,-0.005534043,-0.003493184,0.00087057,0.004651886,0.005085109,0.001617084,-0.003456952,-0.006458498,-0.004989784,0.000150919,0.0053625,0.006826912,0.003424548,-0.002292814,-0.005955799,-0.004736789,0.000389973,0.005341981,0.006125157,0.002033889,-0.003738695,-0.006637923,-0.004422662,0.001014587,0.005203775,0.004776808,0.000235471,-0.004499868,-0.00539018,-0.00166203,0.003570294,0.005960938,0.003604806,-0.00139521,-0.004781066,-0.003798034,0.000490963,0.004203755,0.004046183,0.000153521,-0.004084215,-0.005016798,-0.001902265,0.002511268,0.004451894,0.002426863,-0.001544879,-0.003809346,-0.002347155,0.00147655,0.004197186,0.00337116,-0.000273344,-0.003544593,-0.003665613,-0.000715519,0.002529466,0.003151456,0.000701937,-0.002470629,-0.003415062,-0.00126093,0.002037049,0.003521393,0.001920233,-0.001244867,-0.003096797,-0.002028787,0.000884345,0.002936349
-0.008489864,-0.003509995,-0.002261862,-0.001349569,-0.00024445,0.001136042,0.00266971,0.004080848,0.004995248,0.005036167,0.003965276,0.001835675,-0.000915274,-0.003517923,-0.005108684,-0.005097623,-0.003500928,-0.001031667,0.001174787,0.00212804,0.001557638,0.000129491,-0.000911364,-0.000541858,0.001268018,0.003372365,0.004104685,0.0024502,-0.001044634,-0.004368122,-0.005266056,-0.002867014,0.001461776,0.004811632,0.004690638,0.000922472,-0.003981841,-0.006453929,-0.004466871,0.000810986,0.005681285,0.006579204,0.002805368,-0.002814541,-0.005990451,-0.004266621,0.001003426,0.005640951,0.005908248,0.001503021,-0.004149199,-0.006610131,-0.004002215,0.001467356,0.005312693,0.004452428,-0.000262592,-0.004784187,-0.005261844,-0.001261245,0.003896453,0.005954307,0.003304974,-0.001698789,-0.004803897,-0.003501418,0.000874416,0.004373153,0.003884308,-0.00018624,-0.004321865,-0.004988106,-0.001688968,0.002669257,0.004376791,0.002159976,-0.001782916,-0.003813264,-0.002102603,0.001787203,0.004356425,0.003308229,-0.000438066,-0.003623576,-0.003578788,-0.00055888,0.002577668,0.002997325,0.000424618,-0.002684693,-0.003429739,-0.0010989,0.002226824,0.003601068,0.001878735,-0.001298652,-0.003049776,-0.001877691,0.001025149,0.002937854
-0.012833385,-0.004546594,-0.002248921,-0.000716505,0.000773624,0.002326048,0.003817406,0.004984267,0.005494983,0.00505155,0.003523526,0.001078697,-0.001759325,-0.004199946,-0.005443969,-0.005037222,-0.003151293,-0.000603057,0.001474547,0.002202061,0.001467274,4.50E-05,-0.000834389,-0.000284805,0.001552959,0.003453495,0.00383903,0.001915238,-0.001561106,-0.00453656,-0.004942541,-0.00222011,0.002032132,0.004930108,0.004269761,0.000241466,-0.004456102,-0.00639159,-0.003915527,0.001452312,0.005947189,0.006278666,0.002164262,-0.003321117,-0.005994043,-0.003780501,0.001600886,0.005901695,0.005658903,0.000969963,-0.004529079,-0.006539183,-0.003552865,0.001921733,0.005404914,0.004114683,-0.000755037,-0.005046799,-0.005113996,-0.000861296,0.004198173,0.005913468,0.002980673,-0.002006999,-0.004817215,-0.003195841,0.001256041,0.004532676,0.003717055,-0.000516053,-0.004534862,-0.004931999,-0.001459352,0.002827123,0.004291108,0.001882871,-0.002024767,-0.003817719,-0.001863429,0.002083041,0.004495462,0.003229764,-0.000605518,-0.003692455,-0.003476532,-0.000390047,0.002631704,0.002846086,0.00015251,-0.002889944,-0.003436345,-0.000935674,0.002408654,0.003667591,0.001826026,-0.00135692,-0.003001381,-0.001724285,0.001165001,0.002935252
-0.016669892,-0.005410204,-0.002157589,-6.74E-05,0.001749975,0.003417646,0.004816134,0.005703868,0.005802421,0.00489999,0.002974065,0.000297101,-0.002540249,-0.004749709,-0.00561555,-0.004826074,-0.002698869,-0.000132596,0.001766675,0.002245167,0.001346758,-6.12E-05,-0.000781959,-7.36E-05,0.001763217,0.003446713,0.003506743,0.001368309,-0.00202611,-0.004616137,-0.0045411,-0.001547566,0.002568715,0.004988245,0.003813372,-0.000415578,-0.00485395,-0.00624547,-0.003325651,0.002063123,0.00613475,0.005902536,0.001494103,-0.003803371,-0.005952358,-0.00327327,0.002172319,0.006105248,0.005362781,0.000435453,-0.004862884,-0.006405301,-0.003062613,0.002377137,0.005472606,0.00375871,-0.001237362,-0.005276387,-0.004937591,-0.000463471,0.004463227,0.005822351,0.002620943,-0.002321693,-0.00481706,-0.002878384,0.001633577,0.004676944,0.003542117,-0.000830391,-0.004710739,-0.004835057,-0.001205441,0.00298526,0.004190681,0.001591703,-0.002271642,-0.003823181,-0.001633181,0.002355693,0.004603531,0.003127606,-0.000777432,-0.003746699,-0.003351626,-0.000202993,0.002695136,0.002700436,-0.0001104,-0.003081002,-0.003430538,-0.000770916,0.002578002,0.0037137,0.001755697,-0.00142287,-0.002951925,-0.001568139,0.001303337,0.002927188
-0.019658159,-0.006015473,-0.00198246,0.00055624,0.002613186,0.004324201,0.00557848,0.006165248,0.005867636,0.004563062,0.002330669,-0.000469395,-0.00320437,-0.00511412,-0.00558366,-0.004444784,-0.002144151,0.000366088,0.002033602,0.002242863,0.001186591,-0.000196413,-0.000763324,7.92E-05,0.001886474,0.003346584,0.003114385,0.000827042,-0.002418884,-0.004593987,-0.004064175,-0.000865678,0.003051518,0.004975236,0.003327309,-0.001029243,-0.0051542,-0.006005514,-0.002703771,0.002625776,0.006227641,0.005446464,0.000804139,-0.00424664,-0.005857065,-0.002749658,0.002702875,0.006236736,0.005014673,-9.37E-05,-0.00513804,-0.00619957,-0.002531683,0.002826532,0.005509634,0.003385931,-0.001700239,-0.005461741,-0.00472708,-7.12E-05,0.004682414,0.005672493,0.002222711,-0.002641171,-0.004801654,-0.002551507,0.00200024,0.004799119,0.003357743,-0.001124018,-0.004839987,-0.004688479,-0.000922561,0.003144552,0.004075543,0.001288017,-0.002521041,-0.003829218,-0.001416207,0.002596212,0.004670389,0.002994368,-0.000956165,-0.003784454,-0.003200474,5.86E-06,0.002771724,0.002565608,-0.000356972,-0.003250469,-0.003407669,-0.000605002,0.002729577,0.003731582,0.001660385,-0.001501692,-0.002904464,-0.001410995,0.001439488,0.00291481
-0.022098513,-0.006460493,-0.001763295,0.001152241,0.003394041,0.005106793,0.00619073,0.006470141,0.005793133,0.004126309,0.001645073,-0.001213776,-0.003790046,-0.00536576,-0.005434827,-0.003971016,-0.001538712,0.000873155,0.002280594,0.002211946,0.001003146,-0.000348237,-0.000764169,0.000198637,0.001961501,0.003197045,0.002693685,0.000294992,-0.002767168,-0.004515058,-0.003549553,-0.000185249,0.003498922,0.004921194,0.002827697,-0.001613731,-0.005396551,-0.005713585,-0.002067848,0.003157086,0.006265775,0.004947818,0.000107823,-0.004663831,-0.005730538,-0.002219043,0.003206917,0.006325469,0.004637723,-0.000617723,-0.005378298,-0.005953618,-0.001980223,0.003269665,0.005528007,0.003004651,-0.002149683,-0.005619959,-0.004496695,0.000317223,0.004874662,0.005489411,0.001803868,-0.002961965,-0.004777232,-0.002220427,0.002358714,0.004907058,0.003167477,-0.001405354,-0.004941939,-0.004513346,-0.000623385,0.003304378,0.003952585,0.000978479,-0.002770493,-0.003834898,-0.0012072,0.002817222,0.004712457,0.002842555,-0.001139136,-0.003812953,-0.003034569,0.000226957,0.002856006,0.002437821,-0.000592805,-0.003406199,-0.003374262,-0.000438544,0.002870143,0.003732176,0.001549706,-0.001588768,-0.002858878,-0.001253811,0.001574273,0.002900517
-0.023570947,-0.006630609,-0.001478813,0.001685636,0.004017957,0.005664934,0.006541034,0.006511334,0.005492492,0.003537792,0.000907747,-0.001903819,-0.004233439,-0.005426766,-0.005097307,-0.0033554,-0.000862638,0.001382866,0.002487861,0.002131379,0.000781466,-0.000526651,-0.000796528,0.000264597,0.00196116,0.002973669,0.002235838,-0.000213905,-0.003039532,-0.004346853,-0.002982005,0.000483341,0.003882973,0.004800749,0.002311103,-0.002145237,-0.005542967,-0.005340526,-0.001415323,0.003632721,0.006215077,0.004385161,-0.000591752,-0.005033841,-0.005553034,-0.001680488,0.003663974,0.006343353,0.004215691,-0.001130265,-0.005560602,-0.005644261,-0.0013996,0.003698791,0.005514856,0.002611274,-0.002574317,-0.005732008,-0.004233872,0.000698202,0.005022641,0.005253481,0.001353887,-0.003282879,-0.004737924,-0.001884256,0.00270128,0.004989905,0.00296706,-0.001666307,-0.004999153,-0.004292098,-0.000298413,0.003464881,0.003817885,0.000661371,-0.003018087,-0.003839047,-0.001011522,0.003005303,0.004712997,0.002659792,-0.001329377,-0.00382683,-0.00284533,0.00046738,0.002952884,0.002322544,-0.000809438,-0.003537916,-0.003322839,-0.000271376,0.002991845,0.003703403,0.001412829,-0.001690357,-0.002817332,-0.001097311,0.001706695,0.002883926
-0.024055481,-0.006535091,-0.001150454,0.002129855,0.004460557,0.005983591,0.006629263,0.006305992,0.004998299,0.002839226,0.000159974,-0.002509016,-0.004522759,-0.005306849,-0.004598707,-0.002634674,-0.000151126,0.001870023,0.002643489,0.002000329,0.000526569,-0.000725242,-0.00085353,0.000286887,0.001901206,0.002697864,0.001762623,-0.000685834,-0.003236661,-0.004104692,-0.002384157,0.001121235,0.004196902,0.004619721,0.001788461,-0.002618037,-0.00559905,-0.004900961,-0.000760721,0.004047927,0.006084152,0.00377565,-0.001278565,-0.005349637,-0.005327498,-0.00114113,0.004070353,0.006293776,0.003756235,-0.001626175,-0.005687481,-0.005281594,-0.00080214,0.004105724,0.005469031,0.002209533,-0.002970339,-0.005797378,-0.003940775,0.0010706,0.00512953,0.004972348,0.000881557,-0.003598216,-0.004683181,-0.001546323,0.003023866,0.00504512,0.002755321,-0.001908653,-0.005015598,-0.004030396,4.74E-05,0.003624387,0.003673725,0.000341407,-0.003259106,-0.00383851,-0.000827414,0.003161974,0.004674004,0.002447988,-0.001526441,-0.003827994,-0.002636505,0.000723225,0.003059956,0.002219386,-0.001006017,-0.003644763,-0.003253213,-0.000103714,0.003094743,0.003645869,0.001250457,-0.001806382,-0.002780594,-0.000942478,0.001836638,0.002866468
-0.02390364,-0.006271629,-0.000798677,0.002511237,0.004781801,0.006145652,0.006549626,0.005946467,0.004387223,0.002079316,-0.000585313,-0.003052887,-0.00471041,-0.005072804,-0.004002822,-0.00185485,0.000574856,0.002336526,0.002762858,0.001836552,0.000251733,-0.000934824,-0.00092431,0.000283534,0.001806303,0.002392761,0.00128411,-0.001130826,-0.003385116,-0.003817861,-0.001771647,0.001734864,0.004463498,0.004400319,0.001264132,-0.003051413,-0.005597549,-0.004421333,-0.000108061,0.004422592,0.005902801,0.003139507,-0.001953238,-0.005628197,-0.005071031,-0.000602735,0.004442816,0.006200872,0.003274064,-0.002109985,-0.005778665,-0.004886413,-0.000196657,0.004496004,0.005401294,0.001802985,-0.003346839,-0.005832074,-0.003628331,0.001437138,0.005210295,0.004663499,0.000396844,-0.003908288,-0.004617918,-0.001207816,0.00333247,0.00508158,0.002535764,-0.002139377,-0.005006441,-0.003743741,0.000405517,0.003782565,0.003523692,2.06E-05,-0.0034946,-0.00383392,-0.000650179,0.003298708,0.004609832,0.002217826,-0.001727697,-0.003821196,-0.00241579,0.000988034,0.003172799,0.002123711,-0.001189559,-0.003735302,-0.003171676,6.43E-05,0.003185461,0.003569837,0.001071815,-0.00193155,-0.002746938,-0.000788835,0.001964911,0.002848641
-0.022614,-0.005717745,-0.000420063,0.002763511,0.004871912,0.006020492,0.006172818,0.005325645,0.003591393,0.001239396,-0.001297499,-0.003466383,-0.004708758,-0.004642217,-0.003253125,-0.000996126,0.001300734,0.002747068,0.002808084,0.001613623,-5.42E-05,-0.001157813,-0.001013218,0.000242054,0.001659611,0.002049171,0.000810439,-0.001517941,-0.003445884,-0.003460384,-0.001148038,0.002291133,0.004638726,0.004114341,0.000743673,-0.003409291,-0.005494961,-0.003878723,0.000530904,0.004719739,0.005635194,0.002466809,-0.002593999,-0.005832961,-0.00475932,-7.07E-05,0.004750664,0.006030909,0.002755638,-0.002567838,-0.005806053,-0.004438814,0.000414377,0.004849171,0.005291707,0.001389676,-0.003685024,-0.005810036,-0.003281778,0.001792146,0.005245423,0.004309469,-0.000103737,-0.004203742,-0.00453205,-0.000870049,0.00361261,0.00508154,0.002300605,-0.00235044,-0.004953549,-0.003415907,0.000781759,0.003936228,0.003363857,-0.00029846,-0.003716185,-0.003818866,-0.000483441,0.003400707,0.004501534,0.001955936,-0.001935811,-0.003800866,-0.002176086,0.001265842,0.003293496,0.002040409,-0.001349413,-0.003795768,-0.003068264,0.000232806,0.003254196,0.003460834,0.000864572,-0.002072586,-0.002718749,-0.000637692,0.002089971,0.002830729
-0.020549158,-0.0049775,-4.08E-05,0.002908078,0.004787651,0.005690632,0.005596325,0.004542989,0.00269773,0.000379999,-0.001952503,-0.003765004,-0.00456728,-0.004084921,-0.002421754,-0.000116067,0.001993746,0.00309438,0.002789796,0.001349133,-0.000374854,-0.001380572,-0.001105197,0.000183926,0.001489079,0.00169419,0.000356421,-0.001852844,-0.003443471,-0.003063301,-0.000534384,0.002789534,0.004740018,0.003782518,0.000233847,-0.003707067,-0.005321938,-0.003301221,0.001147507,0.004954671,0.005309927,0.001781255,-0.003195004,-0.005975023,-0.004407217,0.000451371,0.005006904,0.005805614,0.002216409,-0.003001269,-0.005786921,-0.003960183,0.001018231,0.005165663,0.005147717,0.000973218,-0.003991364,-0.005744475,-0.002911093,0.002137325,0.005248598,0.003928188,-0.000607491,-0.004481218,-0.004428075,-0.000534403,0.003867947,0.005051154,0.002051855,-0.002548852,-0.004871753,-0.003063019,0.001165655,0.004082952,0.003197004,-0.000612599,-0.003922338,-0.003791513,-0.000321289,0.003479377,0.004363024,0.00167309,-0.002147442,-0.003771193,-0.001925524,0.001548626,0.003415707,0.001963654,-0.001492532,-0.003833805,-0.00294843,0.000401845,0.00330707,0.00332865,0.00063808,-0.002223517,-0.002693615,-0.00048841,0.002212281,0.002812901
-0.017939899,-0.004108167,0.000336199,0.002973922,0.004578272,0.005215545,0.004879938,0.003649101,0.00173967,-0.000487596,-0.002561823,-0.003978665,-0.004325657,-0.003439568,-0.001536591,0.000773763,0.002658254,0.003393033,0.002724658,0.001055263,-0.000704607,-0.001601431,-0.001197707,0.000115534,0.001303384,0.001333306,-8.13E-05,-0.002148867,-0.003395777,-0.002639453,6.95E-05,0.003243999,0.004787063,0.003418102,-0.000267192,-0.003960846,-0.005098695,-0.002700238,0.00174615,0.005143923,0.004943887,0.001088493,-0.003765114,-0.006070568,-0.004025995,0.000965415,0.005225271,0.00554058,0.001663082,-0.003416202,-0.005734194,-0.003460246,0.001615193,0.005454217,0.004978287,0.000554732,-0.004274164,-0.005647224,-0.002523162,0.002475139,0.005228882,0.003528111,-0.001112209,-0.004744529,-0.004310485,-0.000200466,0.004104812,0.004998333,0.001792986,-0.002738381,-0.004769572,-0.002692877,0.001554116,0.004223998,0.003025012,-0.000922649,-0.004116537,-0.003754531,-0.000161914,0.003541598,0.004203105,0.001375563,-0.002361285,-0.003734793,-0.001667591,0.001834236,0.00353825,0.001891113,-0.001623772,-0.00385566,-0.002816712,0.000571258,0.00334857,0.003179967,0.000398075,-0.002381189,-0.002670436,-0.000340432,0.002332514,0.002795072
-0.014430849,-0.003040563,0.00068628,0.002883573,0.004139509,0.004487938,0.003935181,0.002591909,0.000711722,-0.001322239,-0.003048739,-0.004015544,-0.003901965,-0.002656518,-0.000592741,0.001635543,0.003229644,0.003575157,0.002562987,0.000711119,-0.001039126,-0.001804393,-0.001277254,4.23E-05,0.001106075,0.000980443,-0.00047075,-0.002361902,-0.00326555,-0.002180208,0.000633996,0.003597935,0.004724683,0.002996342,-0.000742557,-0.00412676,-0.004786025,-0.002069052,0.002296072,0.005240841,0.004508031,0.000399145,-0.004259001,-0.006068136,-0.00359013,0.001457866,0.005367233,0.005202366,0.001090653,-0.003789226,-0.005618114,-0.002929137,0.002185153,0.005678089,0.004755922,0.000134373,-0.004508118,-0.005488026,-0.002104115,0.002796928,0.005167509,0.003099829,-0.001607857,-0.004971401,-0.004162729,0.000128851,0.00430223,0.004898861,0.001512436,-0.002913288,-0.004632993,-0.002297044,0.00194331,0.004348816,0.002842721,-0.001220769,-0.004281562,-0.003693175,-3.32E-06,0.003576085,0.004006172,0.001054015,-0.002576636,-0.00368591,-0.001399578,0.002118891,0.003655082,0.001822225,-0.001734344,-0.003847123,-0.002662355,0.000741536,0.003369294,0.003002115,0.000135743,-0.002548289,-0.002648845,-0.000194543,0.002448133,0.002776728
-0.01055657,-0.001905767,0.001005021,0.002706712,0.00358745,0.003646366,0.002899694,0.001486099,-0.000312476,-0.002102074,-0.003443599,-0.003947175,-0.003388368,-0.00182366,0.000348093,0.002445671,0.003720675,0.003676242,0.002344316,0.000345425,-0.001365069,-0.00198543,-0.001338461,-2.25E-05,0.000914614,0.000645362,-0.00082185,-0.002523247,-0.003092896,-0.001713049,0.001161331,0.003884039,0.00459759,0.002546763,-0.001196704,-0.004240777,-0.004428517,-0.001432314,0.002807642,0.005282179,0.004039239,-0.000275202,-0.004697171,-0.006004095,-0.003124729,0.0019331,0.005463144,0.004825375,0.00051395,-0.004133168,-0.005466712,-0.002387698,0.002729245,0.005856794,0.004500424,-0.000285442,-0.004711602,-0.005293076,-0.001669394,0.003107657,0.00508387,0.002661498,-0.002089773,-0.005170131,-0.003994404,0.000454766,0.004474396,0.004770386,0.001218149,-0.003081494,-0.004480452,-0.001892601,0.002326201,0.004459683,0.002653727,-0.001509234,-0.00442525,-0.003613334,0.000158529,0.003598062,0.003791791,0.000722604,-0.002790147,-0.003629873,-0.001128953,0.002397724,0.003763173,0.001751328,-0.001835382,-0.003822228,-0.002495488,0.000912392,0.003379243,0.002810109,-0.000135774,-0.002717264,-0.002625906,-4.93E-05,0.002560438,0.002757181
-0.00638014,-0.000715726,0.001297306,0.002457692,0.002941138,0.002710216,0.001789199,0.000340519,-0.00133275,-0.002835503,-0.003761204,-0.00379086,-0.00279997,-0.000949747,0.001285736,0.003212012,0.004144109,0.003709401,0.002078031,-3.81E-05,-0.00168362,-0.002147933,-0.001384157,-8.01E-05,0.000728237,0.00032535,-0.00114072,-0.002641346,-0.002884886,-0.001239495,0.001657379,0.004113293,0.004416405,0.002074044,-0.001632988,-0.004311395,-0.004033661,-0.00079116,0.003286966,0.005277023,0.003543057,-0.000936772,-0.005088563,-0.005888479,-0.0026347,0.002393838,0.005520515,0.004416042,-6.62E-05,-0.004452695,-0.005285796,-0.00183777,0.003251522,0.005997602,0.004217201,-0.000704759,-0.004889563,-0.005068247,-0.001221629,0.003409087,0.004981643,0.002214879,-0.002560047,-0.005345206,-0.003808839,0.000777816,0.004625404,0.004617642,0.000912375,-0.003244114,-0.004314634,-0.001481079,0.002703689,0.004558797,0.002459115,-0.001789575,-0.004551017,-0.003517967,0.000323151,0.003609642,0.003562901,0.000383034,-0.003002057,-0.003567847,-0.000856203,0.002671588,0.003863852,0.001678675,-0.001928493,-0.003783684,-0.002318177,0.001083725,0.003380206,0.002606327,-0.000414886,-0.002887727,-0.002601791,9.54E-05,0.002669957,0.002736603
-0.001916468,0.000492076,0.001510953,0.002079359,0.002151888,0.00165341,0.000611752,-0.000797178,-0.002265169,-0.00341544,-0.003892675,-0.00346103,-0.002096614,-5.19E-05,0.002149225,0.003828835,0.004388622,0.003587012,0.001718983,-0.000440268,-0.001964863,-0.002251812,-0.00137991,-0.000105137,0.000571899,5.59E-05,-0.001379391,-0.002668506,-0.002616492,-0.000775061,0.002066782,0.00421347,0.004126238,0.00156585,-0.002021472,-0.004293048,-0.003576495,-0.000162777,0.003683205,0.005174621,0.003005202,-0.001549571,-0.005365744,-0.005661359,-0.002100044,0.002816002,0.005496693,0.003948426,-0.000640096,-0.004713292,-0.005047034,-0.001284233,0.003711522,0.006048286,0.003874009,-0.001119606,-0.005011817,-0.004783669,-0.00075274,0.003687263,0.004844171,0.001762373,-0.002991429,-0.005459455,-0.003582579,0.001093904,0.00472951,0.004412791,0.00058214,-0.003397662,-0.004128532,-0.001066627,0.003057435,0.004625014,0.002251053,-0.00204897,-0.004632737,-0.003383477,0.000499888,0.003606577,0.003312216,3.51E-05,-0.003204845,-0.003493081,-0.000584759,0.002925513,0.003938986,0.001594256,-0.00201057,-0.003720198,-0.002121132,0.001256005,0.003365405,0.002384271,-0.000701593,-0.003053603,-0.00257037,0.000240206,0.00277225,0.002711427
0.002499132,0.001659463,0.001680107,0.001657162,0.001328898,0.000583404,-0.000550066,-0.001887109,-0.003121546,-0.003902782,-0.003933147,-0.003062542,-0.001364648,0.000825753,0.002947888,0.004353272,0.004538268,0.003391813,0.001324328,-0.000840175,-0.002218377,-0.002320284,-0.00134595,-0.000108571,0.000436482,-0.000183836,-0.001577798,-0.002655965,-0.00232799,-0.000325009,0.002428423,0.004252479,0.00379061,0.001048832,-0.002383214,-0.004235766,-0.003099147,0.000449288,0.00403484,0.005028813,0.002456173,-0.002130242,-0.005584538,-0.005383389,-0.001549543,0.003216335,0.005436034,0.003459435,-0.001204277,-0.004943161,-0.004783806,-0.000735628,0.004135814,0.006053661,0.003503435,-0.001530345,-0.005107745,-0.004473792,-0.0002779,0.003952435,0.004692009,0.00131237,-0.003398483,-0.005540982,-0.003335894,0.001406317,0.004811338,0.004184229,0.000241307,-0.00354772,-0.00393643,-0.000656422,0.003394372,0.004672154,0.002035859,-0.00229725,-0.004691707,-0.003228488,0.000684768,0.003600087,0.003055825,-0.000312281,-0.003400334,-0.003412098,-0.000316484,0.003165851,0.003997661,0.001500512,-0.002090447,-0.00364732,-0.001916346,0.001428559,0.003344946,0.002157213,-0.000987373,-0.003213298,-0.002533047,0.000385723,0.002870387,0.002682612
0.0068602,0.002781074,0.001798913,0.001185345,0.000467757,-0.000501508,-0.00169416,-0.002922955,-0.003891844,-0.004285328,-0.003870641,-0.002586374,-0.000600334,0.00168052,0.003673166,0.004773153,0.00458056,0.00311423,0.000889392,-0.001237525,-0.002440506,-0.002348688,-0.001278366,-8.76E-05,0.000324744,-0.00038982,-0.001730635,-0.002598499,-0.002016742,0.000108755,0.002736007,0.00422227,0.003403552,0.000521845,-0.002714686,-0.004134431,-0.002598979,0.00104287,0.004335988,0.004833888,0.001894515,-0.002674542,-0.005737253,-0.00504789,-0.000981125,0.00359195,0.005333692,0.002946269,-0.00175743,-0.005138251,-0.004492898,-0.000192622,0.004519689,0.006007763,0.003101889,-0.001936421,-0.005173878,-0.004135298,0.000203657,0.004202887,0.004523225,0.000865213,-0.003777992,-0.005585475,-0.003066106,0.001714561,0.00486795,0.003928842,-0.000111506,-0.00369383,-0.003737545,-0.000251038,0.003712279,0.004697707,0.001812602,-0.002532944,-0.004724928,-0.003050311,0.000878855,0.003589726,0.002792988,-0.000658876,-0.003587555,-0.003324084,-5.18E-05,0.003390806,0.00403771,0.001396217,-0.002167834,-0.003563815,-0.001702807,0.001601416,0.003318079,0.001924503,-0.001272095,-0.003365993,-0.002489044,0.000532019,0.002963821,0.002649684
0.010776401,0.003734324,0.001822603,0.000667241,-0.000389209,-0.001525562,-0.002718249,-0.003786436,-0.004456469,-0.00445978,-0.003635742,-0.002010333,0.00016644,0.002436824,0.004221197,0.004980798,0.004428555,0.002705019,0.000406732,-0.001606972,-0.002590009,-0.002296224,-0.00114524,-1.75E-05,0.000261685,-0.000531439,-0.001804938,-0.002472963,-0.001683191,0.000497062,0.002941343,0.004077105,0.002943223,-5.17E-06,-0.002985905,-0.003963864,-0.002077619,0.001585562,0.004541371,0.004560505,0.001327457,-0.003140462,-0.005770636,-0.004619993,-0.000394189,0.003917202,0.005162813,0.002404123,-0.002277856,-0.005267526,-0.004159467,0.000328809,0.004823401,0.005870323,0.002650721,-0.002329476,-0.005188582,-0.003753974,0.000687735,0.004422768,0.004328398,0.000432046,-0.00409972,-0.005559667,-0.002755187,0.002014465,0.004881299,0.003630182,-0.000481458,-0.003833006,-0.003532558,0.000136057,0.003987091,0.004679421,0.001573807,-0.002745157,-0.004711057,-0.002829649,0.00109208,0.003578375,0.002527427,-0.000995185,-0.003754265,-0.00322293,0.000202401,0.003581805,0.004037744,0.001266957,-0.002246447,-0.003466599,-0.0014775,0.001774089,0.003283365,0.001689062,-0.001546054,-0.0034986,-0.002428675,0.000680727,0.00304731,0.002606274
0.014345089,0.004573958,0.001799526,0.00014423,-0.001215458,-0.002486233,-0.003650779,-0.004538678,-0.004903571,-0.004527818,-0.003324104,-0.001402647,0.000912254,0.003123484,0.004666824,0.005077786,0.004183749,0.002240229,-8.80E-05,-0.001952887,-0.002697757,-0.002201618,-0.000979507,7.68E-05,0.000223049,-0.000641583,-0.001843092,-0.002319416,-0.001345785,0.000857354,0.003095356,0.003880098,0.002455233,-0.000524504,-0.003224694,-0.003762789,-0.001553393,0.002096371,0.004697645,0.00425227,0.000764365,-0.00356298,-0.005745527,-0.004151626,0.000195669,0.004214582,0.004960272,0.001853429,-0.00277667,-0.005362518,-0.003807458,0.000835364,0.005084869,0.005688346,0.002178035,-0.002713631,-0.005178305,-0.003354902,0.001168812,0.004625195,0.004121512,8.80E-06,-0.004389938,-0.00549791,-0.002424423,0.002309579,0.004873936,0.003312327,-0.000857506,-0.003967984,-0.003326209,0.000510765,0.004237249,0.004637471,0.001326882,-0.002945492,-0.004673798,-0.002588127,0.001315124,0.003568232,0.002263588,-0.001322948,-0.003908388,-0.003114762,0.000450115,0.003753734,0.004015629,0.001123269,-0.002327597,-0.003364506,-0.001247919,0.001946198,0.003245946,0.001455015,-0.001811231,-0.003618259,-0.002358483,0.00083091,0.003125078,0.002556252
0.017420974,0.005255235,0.001714393,-0.000380916,-0.001993909,-0.003354578,-0.00445381,-0.005136784,-0.005190676,-0.004453618,-0.002912591,-0.000757246,0.001624807,0.003712498,0.004972796,0.005026367,0.003816452,0.001703925,-0.000595849,-0.002265162,-0.002748605,-0.002050506,-0.000770412,0.000203443,0.00021695,-0.000709992,-0.001833873,-0.002130033,-0.001005012,0.001179068,0.003180993,0.003615438,0.001932594,-0.001031752,-0.003419745,-0.003522092,-0.001027225,0.002563173,0.004788237,0.003898698,0.000208175,-0.003926693,-0.005642831,-0.00363077,0.000787874,0.004474199,0.004716215,0.001292801,-0.003245434,-0.005411533,-0.003431374,0.001321116,0.005289568,0.005447383,0.00167751,-0.003085348,-0.005134949,-0.00293311,0.001644856,0.004803859,0.003898814,-0.000400533,-0.004637569,-0.005388102,-0.00206743,0.002598157,0.004839223,0.002969517,-0.001241062,-0.004097193,-0.003118462,0.000868192,0.004453831,0.004563602,0.001069055,-0.003129974,-0.004605444,-0.002318938,0.001551293,0.0035601,0.002002789,-0.001638505,-0.00404519,-0.002997152,0.000688881,0.003899768,0.003963519,0.000959914,-0.002412583,-0.003256396,-0.001013044,0.002117432,0.003205223,0.001223493,-0.002063893,-0.003719982,-0.002274822,0.000983117,0.003195045,0.002497097
0.019599061,0.005670433,0.001550667,-0.000870869,-0.00265097,-0.004034915,-0.005023546,-0.005483085,-0.005239804,-0.00419,-0.002391237,-0.000101235,0.002247416,0.004131355,0.00506777,0.004772172,0.003299378,0.001097422,-0.001093939,-0.002511293,-0.002712506,-0.00182232,-0.000506919,0.000368934,0.000251026,-0.000726554,-0.001768889,-0.00190512,-0.000674097,0.001439079,0.003175427,0.003272613,0.001383236,-0.001505258,-0.003549542,-0.003235294,-0.000513919,0.002957109,0.004787092,0.003492492,-0.000325102,-0.004202355,-0.005438228,-0.003052094,0.001368187,0.004675198,0.004420214,0.000731122,-0.003661524,-0.005394009,-0.003027243,0.001770579,0.005413002,0.005129623,0.001147417,-0.003433507,-0.005046957,-0.002487984,0.002104104,0.004943989,0.003655054,-0.000785836,-0.004822358,-0.005211819,-0.001677141,0.00287552,0.004768627,0.002598244,-0.001628222,-0.004215028,-0.002910561,0.001196412,0.004618633,0.00444275,0.000795758,-0.003292514,-0.004495439,-0.002013954,0.001804167,0.003556493,0.001751366,-0.001930664,-0.004153151,-0.002865084,0.000913458,0.004006703,0.003866749,0.000766648,-0.002505771,-0.003143468,-0.000774197,0.002285986,0.003161765,0.00100052,-0.002292724,-0.003791313,-0.00216955,0.001138269,0.003252337,0.002422293
0.021242892,0.005933274,0.001349361,-0.001329466,-0.003226642,-0.004598048,-0.005455055,-0.005687108,-0.005161384,-0.003832081,-0.001823708,0.000545426,0.002808245,0.004450397,0.005048127,0.004414926,0.002712782,0.000465744,-0.001576223,-0.002715752,-0.00262848,-0.001555179,-0.000218249,0.000551313,0.000303222,-0.000718839,-0.001678445,-0.001666426,-0.000353109,0.001664207,0.003123579,0.002894549,0.000827717,-0.00195457,-0.003642876,-0.002926928,-1.26E-05,0.003308484,0.004737245,0.003062017,-0.000841664,-0.004429359,-0.005182083,-0.002448657,0.001936212,0.004842393,0.004098387,0.000173392,-0.00404557,-0.00533993,-0.00260989,0.002198346,0.005492668,0.004773298,0.000605412,-0.003766334,-0.004935324,-0.002033343,0.002550639,0.005061182,0.00339993,-0.001157083,-0.004972749,-0.005000646,-0.001270704,0.003145736,0.004679486,0.002214186,-0.002014364,-0.004324926,-0.002702551,0.001507733,0.00475437,0.004296176,0.000514271,-0.00344336,-0.004364,-0.001691338,0.002064681,0.003555175,0.001506215,-0.002208327,-0.004244046,-0.002724672,0.001130106,0.004092024,0.003745557,0.000557047,-0.00260384,-0.003028885,-0.000534361,0.0024524,0.003117165,0.000783543,-0.002506843,-0.003844716,-0.002051917,0.00129486,0.003302092,0.002338082
0.022048242,0.005961015,0.001095253,-0.001731844,-0.003668422,-0.004973657,-0.005670025,-0.005672922,-0.004892246,-0.003338547,-0.00119661,0.001166876,0.00326656,0.004613752,0.004855955,0.003907797,0.002030271,-0.000194276,-0.002026984,-0.00285326,-0.002471808,-0.001231553,0.000105091,0.000756008,0.000379968,-0.000677438,-0.00155323,-0.001411053,-5.04E-05,0.001835815,0.003004468,0.002468765,0.000269093,-0.002363135,-0.003680581,-0.002588665,0.000466767,0.003593589,0.004614917,0.002598207,-0.001329905,-0.004582501,-0.00485118,-0.001812859,0.002481434,0.004957259,0.003739459,-0.000375047,-0.004378845,-0.005230532,-0.002174136,0.002591978,0.005506727,0.004361262,4.86E-05,-0.004074204,-0.004788554,-0.001566723,0.002975378,0.005142373,0.00312777,-0.001506419,-0.005071163,-0.004737865,-0.000841405,0.003404409,0.004563128,0.001812872,-0.002396773,-0.004421574,-0.002494367,0.001792844,0.004845662,0.004110742,0.000220629,-0.003576761,-0.00420118,-0.001343531,0.002335637,0.003557178,0.001271389,-0.002462849,-0.004308215,-0.002571341,0.001334641,0.004144534,0.003587492,0.000322804,-0.002709569,-0.002912532,-0.000293912,0.002615078,0.003071105,0.000576596,-0.002697512,-0.003870081,-0.001915225,0.001453492,0.003340025,0.002239048
0.021885522,0.005729822,0.000799382,-0.002047534,-0.003936402,-0.005121418,-0.005635863,-0.005422091,-0.004431779,-0.002726617,-0.00054099,0.001725681,0.003587848,0.004598618,0.004485915,0.003263731,0.001278604,-0.00085039,-0.002417783,-0.002906145,-0.002237959,-0.000857618,0.000451517,0.000971117,0.000471444,-0.000610907,-0.001402821,-0.001150536,0.000222702,0.001947992,0.002822119,0.002009963,-0.000272086,-0.002713132,-0.003655319,-0.002225912,0.000911072,0.003800534,0.0044174,0.00210889,-0.001777509,-0.004654455,-0.004449694,-0.001159417,0.002986572,0.005009692,0.003345602,-0.000902498,-0.004648507,-0.005059815,-0.001723004,0.002944137,0.005451169,0.003897506,-0.000512932,-0.004347445,-0.004604232,-0.001094663,0.003367141,0.005178656,0.002836368,-0.00183031,-0.005113282,-0.004423012,-0.000393229,0.003646821,0.004418902,0.001399607,-0.002766766,-0.004497982,-0.002284416,0.002048154,0.004887266,0.003883322,-8.51E-05,-0.003691473,-0.004007533,-0.000973937,0.002612679,0.003560517,0.001049219,-0.002688622,-0.004340051,-0.002402483,0.001526012,0.004161288,0.003390126,6.30E-05,-0.002823234,-0.002795622,-5.54E-05,0.002771525,0.003023361,0.000382841,-0.002859241,-0.003862196,-0.001756899,0.001613457,0.003363262,0.002121822
0.021157945,0.005350995,0.00048445,-0.002306607,-0.004097613,-0.005133009,-0.005456435,-0.005037236,-0.003867506,-0.002056104,0.000120033,0.002238347,0.003823529,0.004479144,0.004017567,0.002549639,0.000498392,-0.001493423,-0.002766239,-0.002906942,-0.001960667,-0.000458711,0.000806095,0.001187391,0.000567387,-0.000533432,-0.001241456,-0.000890591,0.000476245,0.002025631,0.00260619,0.001537663,-0.00079692,-0.003024811,-0.003592612,-0.001851135,0.001331758,0.003960334,0.004177285,0.001607938,-0.002198571,-0.004678987,-0.004010485,-0.000501186,0.003463512,0.005023859,0.002932868,-0.001414489,-0.004878519,-0.00485294,-0.001264262,0.003270829,0.005355618,0.003406466,-0.001073314,-0.004597872,-0.004397937,-0.00062164,0.003736763,0.005186806,0.002533332,-0.002139011,-0.005122771,-0.004079225,6.38E-05,0.003878274,0.004258707,0.000981433,-0.003126749,-0.004560441,-0.002072584,0.002285975,0.004899689,0.003631698,-0.0003973,-0.003795216,-0.003796923,-0.000593594,0.002891217,0.00356343,0.000834451,-0.002896768,-0.004352087,-0.002224074,0.001709816,0.004157354,0.003170385,-0.000210867,-0.002940976,-0.002678493,0.000181228,0.002923534,0.002974323,0.000197163,-0.003003312,-0.003834289,-0.001585859,0.001773784,0.003377305,0.001993433
0.0195073,0.004736945,0.000147646,-0.00246262,-0.004074996,-0.004916435,-0.005039786,-0.00444045,-0.003147277,-0.001308206,0.000770236,0.002658854,0.003909443,0.004188822,0.003398143,0.001738375,-0.000307838,-0.002096196,-0.003032653,-0.002817882,-0.001615168,-2.67E-05,0.001164699,0.001396984,0.000663423,-0.00044456,-0.001068729,-0.000637828,0.00069359,0.002047063,0.002341183,0.001053399,-0.001284258,-0.003266621,-0.003467479,-0.001460686,0.001708355,0.004040391,0.003869797,0.001093666,-0.002571298,-0.004625933,-0.003515686,0.000155227,0.003885957,0.004972279,0.002491937,-0.001895568,-0.005039307,-0.00458633,-0.000795493,0.003553672,0.005195812,0.002875913,-0.001625226,-0.004806447,-0.004155641,-0.000150933,0.004065122,0.005145617,0.002210606,-0.002422272,-0.005079315,-0.003690713,0.000531632,0.004089233,0.004072939,0.000558864,-0.00346552,-0.004596364,-0.00185621,0.002495018,0.004864098,0.003341041,-0.000719119,-0.003880919,-0.003560392,-0.000199138,0.003168592,0.003563536,0.000631827,-0.003074598,-0.004330139,-0.0020292,0.001881439,0.00411991,0.002915056,-0.00050638,-0.003064402,-0.002561191,0.0004136,0.003066882,0.002922619,2.54E-05,-0.003117172,-0.003772592,-0.001393896,0.001933971,0.003375255,0.001845854
0.017147578,0.003952865,-0.000189563,-0.002520769,-0.003894466,-0.004514312,-0.004440743,-0.003692848,-0.002331013,-0.000533231,0.001376914,0.002977842,0.003861303,0.003765072,0.002678524,0.000882943,-0.001096379,-0.002632481,-0.003210883,-0.002649642,-0.001221794,0.000416212,0.001507967,0.00158442,0.000746009,-0.000357865,-0.000897587,-0.000400781,0.000875332,0.00202404,0.00204682,0.000577108,-0.001722334,-0.003438954,-0.003289293,-0.001064223,0.002039701,0.004051026,0.003511582,0.000578761,-0.002895755,-0.004509507,-0.002986553,0.000792527,0.004248326,0.004860749,0.002032408,-0.002341323,-0.005135471,-0.004269677,-0.00032298,0.003796421,0.004985363,0.002322506,-0.002157439,-0.004971598,-0.003882981,0.000311122,0.004350336,0.005057573,0.001870246,-0.002683683,-0.004993322,-0.003270641,0.001000587,0.004277704,0.003866395,0.000139108,-0.003777645,-0.004602951,-0.001632642,0.002680743,0.004789062,0.003019928,-0.001046317,-0.003951027,-0.003305751,0.000200064,0.003437322,0.003556183,0.000438139,-0.003225479,-0.004277598,-0.001819264,0.002043594,0.004055961,0.00263314,-0.000815887,-0.003189462,-0.002443169,0.00064047,0.003200173,0.002866914,-0.000134778,-0.003204601,-0.003681888,-0.001185064,0.002092303,0.003357946,0.001681152
0.014351466,0.003066756,-0.000523005,-0.002514104,-0.003612627,-0.003995412,-0.003729309,-0.002855256,-0.001461393,0.000250472,0.001948052,0.003226578,0.003725687,0.00325837,0.001900961,7.85E-06,-0.001864509,-0.003118674,-0.003328208,-0.002429892,-0.000800066,0.000861862,0.00183686,0.001753713,0.000816923,-0.000275007,-0.000729666,-0.000175758,0.00103311,0.001972966,0.001736064,0.000109852,-0.00212473,-0.003564029,-0.00307667,-0.000665442,0.002339963,0.004016212,0.003121868,6.58E-05,-0.003187181,-0.004352386,-0.002437935,0.00141347,0.0045685,0.004709258,0.001561955,-0.00276206,-0.005188275,-0.00392065,0.000150815,0.004012327,0.004742759,0.001756641,-0.00267391,-0.005106559,-0.003590478,0.000766089,0.004605625,0.004937891,0.001518226,-0.002930753,-0.004880137,-0.002831518,0.001468335,0.004450176,0.003646373,-0.000277399,-0.004070422,-0.004588795,-0.001403549,0.002851592,0.004688697,0.002679694,-0.001376229,-0.004010761,-0.003040127,0.000600654,0.003698508,0.003542599,0.000249779,-0.003358643,-0.004204785,-0.001599299,0.002199773,0.003975235,0.002334861,-0.001133301,-0.003314629,-0.002324374,0.00086338,0.00332622,0.002808054,-0.000287495,-0.003274785,-0.003572343,-0.000965557,0.002248955,0.003330327,0.001505198
0.010893043,0.002036858,-0.000833694,-0.002389602,-0.003159528,-0.003288298,-0.002846692,-0.001893074,-0.00053516,0.001013771,0.00242814,0.003335731,0.003436201,0.002622217,0.001051208,-0.0008652,-0.002561258,-0.003489932,-0.003324974,-0.002120194,-0.00034004,0.00129528,0.002122993,0.001876367,0.000855735,-0.000208557,-0.000576152,2.10E-05,0.001145811,0.001876379,0.001407527,-0.000326164,-0.002450208,-0.003598289,-0.002804213,-0.000269038,0.002579296,0.003900853,0.002683176,-0.000433921,-0.003414372,-0.004126346,-0.001866749,0.001990078,0.004802485,0.004484145,0.001077167,-0.003130904,-0.005160059,-0.003515821,0.000622175,0.004178273,0.004447183,0.001178724,-0.003151117,-0.005181005,-0.003262999,0.001202774,0.004801176,0.004758333,0.001145113,-0.003152238,-0.004721409,-0.002365083,0.001926111,0.004589218,0.003402967,-0.000682494,-0.0043213,-0.004531786,-0.00116145,0.0029976,0.004545425,0.002308872,-0.001707701,-0.004051447,-0.002758546,0.000996819,0.003938801,0.003512627,6.88E-05,-0.00346009,-0.004095104,-0.001360911,0.00234623,0.003867069,0.002011755,-0.00145972,-0.003436116,-0.002203013,0.001077832,0.003436807,0.002741482,-0.00042797,-0.003314633,-0.00343002,-0.000728617,0.002400765,0.003283166,0.001309162
0.007153841,0.000960011,-0.001113178,-0.002190466,-0.00261154,-0.002487238,-0.001890373,-0.000892865,0.000384465,0.001725727,0.002822106,0.003343023,0.003053608,0.001925695,0.000190383,-0.001696571,-0.003175326,-0.003761476,-0.003233468,-0.001756714,0.000129835,0.001701345,0.002362887,0.001954018,0.00086275,-0.000161503,-0.000439639,0.000193674,0.001227661,0.001755249,0.001079128,-0.000726786,-0.002712709,-0.003567502,-0.002495068,0.000118775,0.002773311,0.003733898,0.002220543,-0.000914665,-0.00359383,-0.0038591,-0.001293666,0.002521773,0.004968767,0.004208682,0.000588712,-0.003458015,-0.005075139,-0.003077053,0.001086269,0.004308721,0.0041213,0.000603812,-0.003590369,-0.005208347,-0.002912829,0.001621541,0.004950872,0.004536102,0.000758324,-0.003356449,-0.004535733,-0.001888068,0.002368388,0.004700368,0.003144374,-0.001074331,-0.004536768,-0.004440313,-0.000907435,0.003129128,0.004376604,0.001922231,-0.002035962,-0.004078371,-0.002470054,0.001382527,0.004156876,0.003465603,-0.000110108,-0.003540947,-0.003960712,-0.001110108,0.002487139,0.00374363,0.001677499,-0.001785775,-0.003550173,-0.002078084,0.001285383,0.003534224,0.002667076,-0.000562047,-0.00333556,-0.003267561,-0.000482407,0.002547118,0.003221968,0.001100374
0.003226006,-0.000145786,-0.001367702,-0.001936615,-0.001995656,-0.001620415,-0.000884292,0.000130185,0.001293994,0.002395268,0.003149354,0.003273882,0.002603196,0.001187521,-0.000674281,-0.002492317,-0.003724002,-0.003956419,-0.003075653,-0.001354174,0.000605061,0.002084769,0.002566352,0.001996688,0.000845076,-0.000129654,-0.000316438,0.000347869,0.001286519,0.001616496,0.000752121,-0.001099505,-0.0029271,-0.003487863,-0.00215904,0.000499347,0.002933021,0.003528763,0.001741106,-0.001380018,-0.003737121,-0.003561659,-0.000720648,0.003018267,0.005083454,0.003895596,9.82E-05,-0.003753175,-0.004947661,-0.002613423,0.001544203,0.004412366,0.003773344,3.24E-05,-0.003999949,-0.005199773,-0.002545806,0.002026283,0.005065687,0.004281778,0.00036146,-0.003547668,-0.004330297,-0.001404042,0.002798034,0.004790001,0.002874448,-0.001455655,-0.004724979,-0.004322474,-0.000644194,0.003250059,0.004189076,0.00152436,-0.002361255,-0.004094821,-0.002176787,0.001759569,0.004357384,0.003405107,-0.000287848,-0.00360653,-0.003807902,-0.000850063,0.002623979,0.003609136,0.001335577,-0.002110755,-0.003658036,-0.001950225,0.001487651,0.003621459,0.002586466,-0.000691603,-0.003342564,-0.003090319,-0.000229593,0.002689118,0.003150189,0.000882199
-0.000805646,-0.001233256,-0.001555731,-0.001592191,-0.001287688,-0.000682422,0.000152399,0.001130045,0.002123272,0.002936761,0.003322817,0.003056986,0.002045874,0.000411973,-0.00149344,-0.003167686,-0.00410658,-0.003982274,-0.002788781,-0.000891478,0.001066495,0.002399397,0.002678921,0.0019574,0.000769895,-0.00013491,-0.000225558,0.000462536,0.001302787,0.00145307,0.000443112,-0.001402343,-0.003038351,-0.003313304,-0.00177873,0.000856466,0.003022852,0.003256186,0.001242967,-0.001802341,-0.003806283,-0.003214431,-0.00016543,0.003428888,0.005089019,0.003511702,-0.000387238,-0.00397899,-0.004737818,-0.002109,0.00198176,0.004462158,0.003390652,-0.000517414,-0.004337985,-0.00511496,-0.002148324,0.002396981,0.005107497,0.00396461,-5.26E-05,-0.003713331,-0.004092154,-0.000917536,0.003191347,0.004831049,0.002583368,-0.001809919,-0.004852309,-0.004147732,-0.000359809,0.00335365,0.003970856,0.001112417,-0.002674182,-0.004089308,-0.001879196,0.002110123,0.004513375,0.003310654,-0.000467635,-0.003644621,-0.003620899,-0.000573099,0.002754038,0.00345804,0.000987187,-0.002424127,-0.003746567,-0.001813738,0.00167842,0.003685428,0.002490055,-0.000815675,-0.003325889,-0.002888394,3.18E-05,0.002819589,0.003057378,0.000648045
-0.004709276,-0.002260873,-0.001698778,-0.001213932,-0.000561507,0.000252115,0.001159283,0.002072599,0.00287179,0.003384014,0.003403786,0.002767371,0.001452369,-0.000352564,-0.00225397,-0.003748333,-0.004379877,-0.003910206,-0.002437779,-0.000410139,0.001503742,0.002662047,0.002732104,0.001868055,0.00066058,-0.000162437,-0.000154048,0.000555384,0.001298767,0.001282893,0.000152682,-0.00165977,-0.003090963,-0.003090578,-0.00138148,0.001194759,0.003074127,0.002953157,0.000744634,-0.002193232,-0.003833974,-0.002846845,0.000369141,0.003783623,0.005032409,0.003093076,-0.00086367,-0.004163569,-0.004485442,-0.00158895,0.002402196,0.004481832,0.00299472,-0.001046308,-0.004629423,-0.004986078,-0.001736613,0.002745216,0.005107771,0.003614801,-0.000473058,-0.003864487,-0.00384007,-0.000437027,0.00355751,0.004841735,0.002281467,-0.002145796,-0.004942717,-0.003939835,-6.28E-05,0.003449746,0.00374008,0.000698493,-0.002975626,-0.004070535,-0.001582171,0.002440537,0.004639105,0.003193211,-0.000651306,-0.00366971,-0.003417179,-0.000288328,0.002880825,0.003301192,0.000641057,-0.002724728,-0.00381968,-0.001670508,0.001862336,0.003734692,0.002382637,-0.000939239,-0.003299181,-0.002676398,0.000294535,0.00294179,0.002953287,0.000407418
-0.008498408,-0.003234952,-0.001801584,-0.000805396,0.000180978,0.001183579,0.002139513,0.002963896,0.003548061,0.003746952,0.003401998,0.002412688,0.000826484,-0.001107257,-0.002962055,-0.004244236,-0.004555403,-0.00375052,-0.002029392,8.79E-05,0.001919357,0.002878194,0.002732155,0.001733919,0.000520721,-0.00020989,-9.99E-05,0.00062871,0.001276597,0.001106672,-0.000121128,-0.001876569,-0.00309111,-0.00282475,-0.000969069,0.001516211,0.003090903,0.002622874,0.00024612,-0.002556006,-0.00382456,-0.002461043,0.000885248,0.00408836,0.004920169,0.002643366,-0.001332007,-0.004311253,-0.004195006,-0.00105491,0.002807319,0.004474556,0.002586938,-0.00155649,-0.004879179,-0.004817762,-0.001312163,0.003073358,0.00507088,0.003235779,-0.000899355,-0.004002668,-0.003575505,3.81E-05,0.003899388,0.004825259,0.001969882,-0.002465227,-0.00500009,-0.003702268,0.00024546,0.003539138,0.003498065,0.00028279,-0.003266801,-0.004039897,-0.001285648,0.002752938,0.004737762,0.003055196,-0.000838454,-0.003683171,-0.0031985,3.43E-06,0.003004689,0.003139194,0.000296943,-0.003013909,-0.003878996,-0.00152124,0.002040125,0.003770795,0.002265368,-0.001062348,-0.003263495,-0.002455389,0.000558546,0.003056595,0.002839103,0.000160994
-0.011725303,-0.004015482,-0.001813579,-0.00037055,0.000892778,0.002029169,0.002982354,0.003675845,0.004020644,0.003907583,0.003230505,0.001952176,0.000182387,-0.001784119,-0.003508388,-0.004527178,-0.004513434,-0.003417179,-0.001526888,0.000588639,0.002261276,0.002978845,0.002614211,0.001507223,0.000320976,-0.000295685,-7.94E-05,0.000665517,0.001225036,0.000930155,-0.000348466,-0.002003551,-0.002987558,-0.0024841,-0.00054217,0.001792817,0.00303947,0.002251477,-0.000233734,-0.002848689,-0.00374032,-0.002051674,0.001345951,0.004280022,0.004696015,0.002141853,-0.001771484,-0.00438007,-0.003835231,-0.000507278,0.003169534,0.004411595,0.002165515,-0.002013663,-0.005033747,-0.004568251,-0.000867919,0.0033545,0.004958388,0.002803936,-0.001329607,-0.004112318,-0.003292326,0.000489599,0.004179835,0.004747932,0.001640301,-0.002746013,-0.004986468,-0.00340386,0.000576151,0.003617452,0.003240963,-0.000125601,-0.003528025,-0.003982377,-0.000994575,0.003020025,0.00477267,0.002869111,-0.001036891,-0.003677076,-0.002954216,0.000305444,0.003122477,0.002972325,-3.28E-05,-0.003268478,-0.003901777,-0.001356153,0.002204677,0.003777062,0.0021242,-0.001189098,-0.003215419,-0.002223066,0.000818645,0.003152945,0.0027056,-9.19E-05
-0.014568958,-0.004677066,-0.001783668,5.93E-05,0.001562929,0.002802986,0.003730331,0.004279074,0.004382596,0.003969805,0.002987461,0.001459384,-0.00044777,-0.002402171,-0.003961918,-0.004702369,-0.004371832,-0.003013302,-0.000995682,0.001075582,0.002557968,0.00302098,0.002442253,0.001241695,9.83E-05,-0.000395393,-7.16E-05,0.000688436,0.001163942,0.000758202,-0.000550912,-0.002089295,-0.002841171,-0.002117394,-0.000116884,0.00204468,0.002958867,0.001868433,-0.000696841,-0.003104718,-0.003623295,-0.001637608,0.0017749,0.004417656,0.004424081,0.001623482,-0.00219214,-0.004412289,-0.003448806,3.91E-05,0.003506836,0.004323011,0.001742215,-0.002441213,-0.005142116,-0.004282957,-0.000418119,0.003611947,0.004812731,0.002352401,-0.001757119,-0.004207418,-0.003003208,0.000925294,0.004427888,0.004641221,0.001303487,-0.003007566,-0.004940201,-0.003079103,0.00091554,0.003691112,0.002980124,-0.000525941,-0.003771632,-0.003911246,-0.000707403,0.003263649,0.004775978,0.00265953,-0.001241654,-0.003663807,-0.002700767,0.000609833,0.003236921,0.002805233,-0.000351873,-0.003502803,-0.003904663,-0.001182555,0.002362924,0.003768705,0.001970824,-0.001319273,-0.003164246,-0.001988742,0.001074117,0.003239557,0.002564147,-0.000345177
-0.016948219,-0.005194808,-0.001703431,0.000482636,0.002182148,0.003489533,0.004363331,0.004750863,0.004611123,0.003913664,0.002658699,0.000928368,-0.001060445,-0.00294883,-0.004303383,-0.00474783,-0.004110588,-0.002525018,-0.000430486,0.001545447,0.002799973,0.002992659,0.002205431,0.000929652,-0.000151874,-0.000511685,-7.91E-05,0.000694775,0.001091532,0.000591885,-0.000723351,-0.002125521,-0.002643504,-0.001719671,0.000306195,0.002266693,0.002843302,0.001471635,-0.001139569,-0.003316585,-0.003466949,-0.001218101,0.002165512,0.004490334,0.00409488,0.001085091,-0.002590016,-0.004400542,-0.003030544,0.000583678,0.00381405,0.004203653,0.001316804,-0.002833013,-0.005194917,-0.003954737,3.82E-05,0.003840872,0.004627299,0.001877364,-0.00218119,-0.004284995,-0.002707042,0.001341883,0.004636901,0.004499171,0.000958016,-0.003245972,-0.004854724,-0.002722748,0.001265327,0.003759202,0.002714898,-0.000916458,-0.003993957,-0.003823726,-0.000424958,0.003479005,0.004741257,0.002421682,-0.001454057,-0.003641984,-0.002436393,0.000917005,0.00334733,0.002637942,-0.000658105,-0.003712669,-0.003883546,-0.000998691,0.002513596,0.003742757,0.001802745,-0.001453622,-0.003109441,-0.001752121,0.00132394,0.003314428,0.002413175,-0.000598665
-0.018389065,-0.005439081,-0.00154799,0.000862338,0.002670906,0.003982084,0.004762237,0.004974762,0.004607142,0.00367038,0.002214985,0.000372967,-0.001602419,-0.003342676,-0.00444025,-0.004579452,-0.003671238,-0.001929741,0.000155091,0.001957855,0.00293573,0.002847112,0.001872352,0.000557145,-0.00043144,-0.000643083,-0.000102502,0.000681742,0.001008749,0.00044203,-0.000844187,-0.002086853,-0.00237734,-0.001291536,0.000708384,0.002433161,0.002676929,0.001067424,-0.001534266,-0.003450325,-0.003251721,-0.000801435,0.002484697,0.004458534,0.00368476,0.000530693,-0.002939887,-0.004318573,-0.002573007,0.001109478,0.004062235,0.0040345,0.000895709,-0.003159024,-0.005156348,-0.003563103,0.000496807,0.004020093,0.004382628,0.0013757,-0.002588793,-0.004330028,-0.002403354,0.00171957,0.004776553,0.004298848,0.000601118,-0.003445095,-0.00470819,-0.002321398,0.001626135,0.003817257,0.002447693,-0.001282554,-0.004174612,-0.003707,-0.000151804,0.003645499,0.004643155,0.002137932,-0.001679244,-0.003609167,-0.002159737,0.001223184,0.003448925,0.002472946,-0.000937145,-0.003875965,-0.003818833,-0.000796593,0.002651514,0.003687194,0.001609472,-0.001597198,-0.003053164,-0.001517643,0.00155939,0.003368201,0.002249049,-0.000846884
-0.019317627,-0.005539495,-0.001359869,0.001208606,0.003079697,0.004363072,0.005032684,0.005068804,0.004487829,0.003341276,0.001726917,-0.000178902,-0.002094284,-0.003649885,-0.004471747,-0.004309127,-0.003154612,-0.001296444,0.000735767,0.002330603,0.00301386,0.00264498,0.001497852,0.000162968,-0.000717813,-0.000776043,-0.000129741,0.00066233,0.000923678,0.000302362,-0.000939599,-0.002014661,-0.002084251,-0.000856887,0.001093265,0.002569528,0.00248793,0.000665321,-0.001899715,-0.003543369,-0.003009542,-0.000390474,0.002765783,0.004376596,0.003240456,-2.44E-05,-0.003261458,-0.00420249,-0.002101256,0.001619422,0.004277011,0.003840553,0.000479411,-0.003450068,-0.005072918,-0.003143339,0.000952629,0.004173289,0.004111062,0.000865994,-0.002983266,-0.004356675,-0.002096889,0.002075449,0.004880031,0.004069746,0.000239808,-0.003624237,-0.004532979,-0.001901095,0.001989131,0.003869088,0.002180922,-0.001633537,-0.004331886,-0.003574624,0.000116482,0.003787213,0.004513803,0.001832314,-0.001910133,-0.003571554,-0.001879047,0.001526426,0.003544737,0.002309495,-0.001200844,-0.004014033,-0.003731157,-0.000585173,0.002782806,0.003616661,0.00140355,-0.001745826,-0.002997429,-0.001286199,0.001785851,0.003410787,0.002079342,-0.001090221
-0.01952862,-0.005440153,-0.001128671,0.001504947,0.003373658,0.004585973,0.005122983,0.004982709,0.004210691,0.002897219,0.001182639,-0.000720406,-0.002512253,-0.003834706,-0.00435768,-0.003900757,-0.00253616,-0.000616446,0.001304424,0.00264513,0.003011385,0.002365964,0.001068908,-0.000257914,-0.001010747,-0.000909045,-0.000160697,0.000635331,0.000836488,0.000177349,-0.00100028,-0.001897885,-0.001756815,-0.000416356,0.001452005,0.002663802,0.00226888,0.000268148,-0.002223226,-0.003580037,-0.002731285,1.12E-05,0.002993787,0.004226649,0.00275148,-0.00057793,-0.003542719,-0.004039983,-0.001611916,0.002105361,0.004444605,0.003612648,7.06E-05,-0.003692441,-0.004928276,-0.002686258,0.001403343,0.004290381,0.003803571,0.000347107,-0.003358018,-0.004357368,-0.001786957,0.002400602,0.00493339,0.003801306,-0.000127101,-0.003775862,-0.004319099,-0.001456044,0.002353964,0.003911965,0.001915241,-0.001962784,-0.004456209,-0.00342042,0.000378017,0.003894828,0.004341751,0.00149709,-0.002148604,-0.003527609,-0.001593563,0.001824784,0.003632132,0.002148302,-0.001442898,-0.004116827,-0.003611581,-0.000360895,0.002904925,0.003525544,0.001180261,-0.001901535,-0.002942888,-0.001059603,0.001999352,0.003437805,0.001902329,-0.001326077
-0.01880214,-0.005090565,-0.000857761,0.001716959,0.003500126,0.004590874,0.004976244,0.004671681,0.003749938,0.002335127,0.000601461,-0.001214458,-0.002809837,-0.003851861,-0.004064528,-0.003340337,-0.00182412,8.31E-05,0.001823526,0.002864621,0.002902217,0.002000273,0.000591569,-0.000689228,-0.001291504,-0.001027097,-0.00018627,0.000605889,0.000751924,7.32E-05,-0.00102046,-0.001735974,-0.001403986,1.17E-05,0.001762868,0.002700486,0.002018385,-0.000110435,-0.002483468,-0.00354329,-0.002413633,0.000392187,0.003151362,0.003997944,0.002222153,-0.00111207,-0.003763388,-0.003821547,-0.001112923,0.002546443,0.004543993,0.003341972,-0.000323566,-0.003870164,-0.004710019,-0.002191751,0.001837939,0.004359038,0.003457326,-0.000170627,-0.003695804,-0.004319433,-0.001473689,0.002682952,0.004921451,0.003485173,-0.00049749,-0.003892087,-0.004061521,-0.000989342,0.002711716,0.003938988,0.001652675,-0.002259025,-0.004533649,-0.00323625,0.000631137,0.003959817,0.004118529,0.001128965,-0.002393207,-0.003475943,-0.001306332,0.002111053,0.003704733,0.001989441,-0.001655209,-0.004172171,-0.003450391,-0.000120863,0.003014505,0.00340838,0.000935886,-0.002065829,-0.002891391,-0.000842529,0.002192993,0.003443907,0.001718269,-0.001547643
-0.017583124,-0.00461309,-0.000571537,0.001878238,0.003532668,0.004477278,0.00470425,0.004245807,0.003200162,0.001721764,1.33E-05,-0.001671933,-0.003035734,-0.00377779,-0.003680517,-0.002709257,-0.00107624,0.000778485,0.002304406,0.003026916,0.002735862,0.001593488,9.68E-05,-0.001117043,-0.001558074,-0.001131734,-0.00020554,0.000577313,0.000670123,-1.96E-05,-0.00102072,-0.001554228,-0.001044,0.000426224,0.002043169,0.002705005,0.001753326,-0.000475001,-0.002706641,-0.003466811,-0.002077164,0.000759269,0.003270458,0.00373005,0.001677237,-0.001629534,-0.003948162,-0.003574121,-0.000613176,0.002958423,0.00460386,0.003048399,-0.000708248,-0.004012423,-0.004454014,-0.001681011,0.002260166,0.004400557,0.003092643,-0.000683089,-0.004009262,-0.004258418,-0.001158678,0.00294127,0.00487414,0.003144503,-0.000868215,-0.003989005,-0.003782468,-0.000514809,0.003061802,0.003955333,0.001391916,-0.002535915,-0.004584244,-0.003035177,0.0008799,0.004002377,0.003869295,0.00074538,-0.002639258,-0.003419757,-0.001019478,0.002388649,0.003767595,0.0018312,-0.001851188,-0.004201486,-0.003266816,0.000127128,0.003116863,0.003277295,0.00068081,-0.002234121,-0.002841572,-0.000631383,0.002374943,0.003438371,0.001531121,-0.001759962
-0.015627224,-0.003947833,-0.000267899,0.001957258,0.00341883,0.004182489,0.004244162,0.003651404,0.00252455,0.001042298,-0.000573285,-0.002063184,-0.003146049,-0.003564134,-0.003163765,-0.001981573,-0.000287898,0.001453417,0.002716072,0.003096461,0.00248283,0.001129602,-0.000416102,-0.001530754,-0.001795726,-0.001210808,-0.000211944,0.000552157,0.000593817,-9.49E-05,-0.000992522,-0.001346634,-0.000679408,0.000813657,0.002272408,0.002659512,0.001468405,-0.000814407,-0.002870575,-0.00332975,-0.001714399,0.001102423,0.003330526,0.003405687,0.001114537,-0.002115637,-0.004075223,-0.003283719,-0.000116562,0.003321404,0.004600952,0.002720145,-0.00107694,-0.004100144,-0.004142449,-0.001149369,0.002660037,0.004399807,0.002702272,-0.001183062,-0.004281479,-0.004160128,-0.000841066,0.003162117,0.00477286,0.002767633,-0.001237975,-0.004056339,-0.00347275,-3.21E-05,0.003396528,0.003953378,0.001134032,-0.002781875,-0.00459248,-0.00280767,0.001122207,0.004011349,0.003582006,0.000340468,-0.002885731,-0.00335634,-0.000734463,0.002650981,0.003813944,0.001673284,-0.002022036,-0.004190777,-0.003049231,0.000386712,0.00320778,0.003125143,0.000410098,-0.002407893,-0.002794332,-0.000430016,0.002538157,0.003414782,0.001339956,-0.00195673
-0.013040275,-0.003131738,3.52E-05,0.001947864,0.003162941,0.003721179,0.003620583,0.002921517,0.00176158,0.00033607,-0.001123648,-0.00236448,-0.003132667,-0.003220815,-0.002541173,-0.001196356,0.000497471,0.002069136,0.003032333,0.003064147,0.002151006,0.000629102,-0.000920989,-0.001905298,-0.001984947,-0.001251482,-0.000197886,0.000534834,0.000525022,-0.000154299,-0.000942819,-0.001126324,-0.000327363,0.001157715,0.002440636,0.002563324,0.001170621,-0.001119511,-0.002970331,-0.003134563,-0.001333032,0.001415109,0.003332774,0.003036169,0.000551642,-0.002554505,-0.004137785,-0.002954877,0.000365183,0.003624023,0.004530218,0.002358987,-0.001425829,-0.004133758,-0.003782942,-0.000608934,0.003027546,0.004354798,0.002293439,-0.001658253,-0.004501512,-0.004019213,-0.000520658,0.003344563,0.004619461,0.002359668,-0.001601815,-0.004093859,-0.003138955,0.000447649,0.003704872,0.003926733,0.000878305,-0.0029943,-0.004555798,-0.002552756,0.001358693,0.003989563,0.00326292,-7.76E-05,-0.003126105,-0.003283742,-0.000454245,0.002892514,0.003838822,0.00151303,-0.002168676,-0.004141006,-0.002799756,0.000655244,0.003285848,0.002953,0.000126819,-0.002584031,-0.002748409,-0.000239346,0.002680954,0.003372684,0.001146543,-0.00213465
-0.010118466,-0.002238908,0.000332866,0.001885565,0.002826073,0.003167643,0.002909328,0.002122558,0.000958958,-0.00037444,-0.001643162,-0.002606759,-0.003045099,-0.00280497,-0.001864752,-0.000388908,0.001268569,0.002639133,0.003285375,0.002969799,0.001775574,0.000113334,-0.001413378,-0.002249499,-0.002140143,-0.001266119,-0.000169983,0.000522966,0.000460887,-0.000204868,-0.000882362,-0.000902024,1.27E-05,0.001471784,0.002570131,0.002436999,0.000867155,-0.001401819,-0.00303078,-0.002905719,-0.000942882,0.001707828,0.003301034,0.002643042,-6.38E-06,-0.002960813,-0.004160092,-0.002604455,0.000834808,0.003887613,0.004417831,0.001978893,-0.001761758,-0.004135276,-0.003397145,-6.69E-05,0.003372758,0.004282708,0.00187557,-0.002115219,-0.004687345,-0.003851378,-0.000198515,0.00350391,0.004435661,0.001934837,-0.001960472,-0.004113348,-0.00279262,0.000922233,0.003994162,0.003883323,0.000623465,-0.003186145,-0.004491735,-0.002281344,0.001591802,0.003950255,0.002926812,-0.000501008,-0.003360635,-0.003204816,-0.000177578,0.00312006,0.003849354,0.001350438,-0.002301352,-0.00406844,-0.002532105,0.000928136,0.003355721,0.00276927,-0.000162876,-0.002760369,-0.002702576,-5.51E-05,0.002811198,0.003319401,0.000952199,-0.002300528
-0.006732327,-0.001247771,0.000610446,0.001735227,0.002363195,0.002476757,0.002074252,0.001234731,0.000117769,-0.001066594,-0.002091347,-0.002739565,-0.002833734,-0.002279444,-0.001119406,0.000429032,0.001988779,0.003110701,0.003419924,0.002769882,0.001335273,-0.000413412,-0.001868253,-0.002528209,-0.002227765,-0.001230791,-0.000115567,0.000521844,0.000404862,-0.000242363,-0.00080861,-0.000678954,0.000323061,0.001727196,0.002630353,0.002260953,0.000558611,-0.00164126,-0.003023862,-0.002623311,-0.000543223,0.001963549,0.00321406,0.002218044,-0.000545471,-0.00330361,-0.004111812,-0.002221213,0.001277267,0.004079942,0.004233829,0.001568922,-0.002073702,-0.004083998,-0.00297281,0.000470055,0.003674496,0.004164269,0.001447045,-0.002534479,-0.004809813,-0.003635678,0.000126643,0.003624577,0.004202983,0.001485724,-0.002306935,-0.004102426,-0.002429472,0.001381158,0.00424464,0.003807703,0.000369225,-0.003342623,-0.004381026,-0.00198227,0.001819527,0.003883705,0.002566739,-0.000927399,-0.003580671,-0.003113554,9.17E-05,0.003320975,0.003832763,0.001181911,-0.00241192,-0.003959202,-0.002236191,0.001206119,0.003410849,0.002567071,-0.000460843,-0.002934403,-0.002655383,0.000118537,0.002919824,0.00324727,0.000757211,-0.002444707
-0.003160537,-0.000232501,0.000856413,0.001522115,0.001824041,0.001712939,0.001185111,0.000324013,-0.000708235,-0.001705772,-0.002457055,-0.002776014,-0.002532635,-0.001692011,-0.000356603,0.001213027,0.002629539,0.003475794,0.003447605,0.002489765,0.000860309,-0.000924842,-0.002268856,-0.002735181,-0.002248991,-0.00114934,-3.76E-05,0.000529856,0.000354473,-0.000272797,-0.000731533,-0.00046794,0.000597351,0.001926142,0.002631811,0.002048503,0.000252989,-0.001841005,-0.002963428,-0.002304602,-0.000144643,0.002185085,0.003086968,0.001780055,-0.001053718,-0.003584011,-0.004004527,-0.001817866,0.001688387,0.004208684,0.003992374,0.001139478,-0.002362985,-0.00399307,-0.002527189,0.000990489,0.003932697,0.004008007,0.001016842,-0.002913759,-0.00487416,-0.003379029,0.000453923,0.003715106,0.003935808,0.001024548,-0.002637683,-0.004066838,-0.002059343,0.001817022,0.00445414,0.003700409,0.00011381,-0.003470577,-0.004233322,-0.001662259,0.002042925,0.003798977,0.002195273,-0.001346543,-0.003781314,-0.003009273,0.000353425,0.003496316,0.003790145,0.001005379,-0.002507657,-0.003824313,-0.001922339,0.001483974,0.003452536,0.002352044,-0.000760826,-0.00310165,-0.002603893,0.000284594,0.003010961,0.003160218,0.000562825,-0.002570126
0.000498009,0.000788083,0.001078329,0.001268805,0.00123902,0.000907895,0.000268852,-0.000592477,-0.001515118,-0.002302211,-0.002762902,-0.002746603,-0.002173607,-0.0010684,0.000410455,0.001966104,0.003209748,0.003764463,0.003401674,0.002157048,0.000365703,-0.001421196,-0.002628367,-0.002890438,-0.002223554,-0.00103609,5.62E-05,0.000543827,0.000307555,-0.000299137,-0.000653482,-0.000266923,0.000845276,0.002085513,0.002593262,0.001812294,-4.93E-05,-0.002013013,-0.002867093,-0.001962787,0.000251442,0.0023826,0.002933525,0.001335625,-0.001538238,-0.003820185,-0.003857023,-0.001402177,0.002076531,0.004293344,0.003712275,0.000697932,-0.002636131,-0.00387577,-0.002069005,0.001497372,0.004159745,0.003825989,0.000586767,-0.003264209,-0.004897913,-0.00309434,0.000782444,0.003785346,0.003646223,0.000556748,-0.002956496,-0.004014362,-0.001685638,0.002235312,0.004634041,0.003570576,-0.000142713,-0.00357922,-0.004060749,-0.001328452,0.002263245,0.003702555,0.00181759,-0.001758849,-0.003967227,-0.002895478,0.000609786,0.003653561,0.003729092,0.000822804,-0.002593933,-0.003672838,-0.00159735,0.001760821,0.00348474,0.002128722,-0.001061187,-0.003263201,-0.002548736,0.000445813,0.003090253,0.003063075,0.000369,-0.002682671
0.004114632,0.001762018,0.001243322,0.000954653,0.000600653,7.00E-05,-0.000647964,-0.001469773,-0.0022424,-0.002786428,-0.002940195,-0.002595149,-0.001724427,-0.000408756,0.001146598,0.002622906,0.003646159,0.003893066,0.003216453,0.001738053,-0.000144838,-0.001866322,-0.00289153,-0.002936293,-0.002105165,-0.000862535,0.000178635,0.000567393,0.000265148,-0.000321579,-0.000580183,-9.33E-05,0.001035725,0.002166578,0.002481368,0.001537751,-0.000338638,-0.00213055,-0.002707633,-0.001586779,0.000634007,0.002532292,0.002736642,0.000891579,-0.00196539,-0.003966411,-0.003635558,-0.000970699,0.00241423,0.004293167,0.003363712,0.000240075,-0.002876083,-0.003713243,-0.001597598,0.001967592,0.004321984,0.003596736,0.000163377,-0.003553635,-0.004842065,-0.00275744,0.001112188,0.003819533,0.003321003,8.49E-05,-0.003247163,-0.003930428,-0.001311356,0.002611886,0.004751043,0.00339448,-0.000402811,-0.003653029,-0.003844185,-0.0009717,0.002477255,0.003588144,0.001436328,-0.002148952,-0.004118357,-0.002760931,0.00085519,0.003774141,0.003630626,0.000626142,-0.002666075,-0.003495413,-0.001257415,0.002031146,0.003497875,0.001892429,-0.001357205,-0.003408885,-0.002483107,0.000599711,0.003148145,0.002947781,0.000176989,-0.002771096
0.007516874,0.002655494,0.001363016,0.000617168,-3.98E-05,-0.000746713,-0.001518834,-0.00227733,-0.002881223,-0.003173104,-0.003024458,-0.002370856,-0.001237357,0.000243649,0.001828205,0.003185817,0.003967026,0.003908573,0.002945144,0.001278047,-0.000645336,-0.002258342,-0.003077483,-0.002903679,-0.001925391,-0.000652522,0.000315972,0.000594318,0.000223281,-0.000344673,-0.000514868,5.66E-05,0.001184021,0.00219567,0.002325484,0.001245084,-0.000613521,-0.002211384,-0.002512167,-0.001197726,0.000999466,0.002648474,0.002516925,0.00045847,-0.002344912,-0.004049488,-0.003368701,-0.000536087,0.002713095,0.004237283,0.002975862,-0.000221373,-0.00309115,-0.003524915,-0.001126793,0.002404102,0.004436729,0.003337969,-0.000250114,-0.003797998,-0.004732655,-0.002388293,0.001440763,0.003831711,0.002978559,-0.000381647,-0.003513787,-0.00382571,-0.000941668,0.002954109,0.004821267,0.003185406,-0.000666198,-0.003705533,-0.003601992,-0.000603523,0.002685836,0.003464998,0.001059748,-0.0025162,-0.004240341,-0.002610124,0.001092876,0.003868757,0.003505675,0.000418196,-0.00273213,-0.003305907,-0.000913483,0.002292647,0.003497229,0.001650103,-0.001645513,-0.003539134,-0.002407046,0.000750672,0.003192936,0.002821307,-1.34E-05,-0.002844314
0.010738043,0.003482608,0.001446939,0.000262881,-0.000679416,-0.001543714,-0.00235041,-0.003027314,-0.003448554,-0.003482199,-0.00303583,-0.002090588,-0.000722538,0.000888012,0.002464784,0.003673417,0.004196513,0.003835633,0.002607422,0.000787456,-0.001136374,-0.002607535,-0.00320234,-0.002809605,-0.001697967,-0.000414536,0.000464518,0.000623545,0.000181629,-0.000368483,-0.000456058,0.000187558,0.001299249,0.002184321,0.002135714,0.000938879,-0.00087666,-0.002263538,-0.002289074,-0.000799259,0.001350916,0.002738319,0.00227979,3.47E-05,-0.00268658,-0.004083062,-0.003066734,-9.96E-05,0.002981236,0.00413799,0.002557878,-0.000684983,-0.003286479,-0.003316697,-0.000657139,0.002813583,0.004514037,0.003056283,-0.000655474,-0.004006852,-0.00458142,-0.001994227,0.001768182,0.003826774,0.002623121,-0.00084335,-0.003761169,-0.003704703,-0.000575896,0.003269035,0.004854607,0.002950445,-0.000932175,-0.003741505,-0.003340059,-0.000226766,0.002890002,0.003335202,0.000687315,-0.002864987,-0.004339086,-0.002446417,0.001324503,0.003942969,0.003359926,0.000201325,-0.002793642,-0.003107324,-0.000566881,0.002546891,0.003485704,0.001403252,-0.001927413,-0.003656921,-0.002322545,0.000899489,0.003227559,0.002686144,-0.00020254,-0.002905731
0.013342916,0.004111457,0.001451994,-9.84E-05,-0.001268708,-0.002240712,-0.003039888,-0.003604217,-0.003828071,-0.003610095,-0.002897157,-0.001715476,-0.000186659,0.00147177,0.002965935,0.003973508,0.004222088,0.003583693,0.00215228,0.000262702,-0.001578285,-0.00284588,-0.00319023,-0.002589407,-0.001380798,-0.000129991,0.000626742,0.000651383,0.000136534,-0.000397502,-0.00041525,0.000275578,0.001345656,0.002094928,0.001886993,0.000617158,-0.00110782,-0.002258102,-0.002019932,-0.000396448,0.0016622,0.002772441,0.002015617,-0.000356469,-0.002940384,-0.004014235,-0.002701033,0.000329528,0.003180528,0.003953733,0.002089931,-0.00114089,-0.003436732,-0.003073604,-0.000202549,0.003155857,0.0045101,0.002731292,-0.001037035,-0.004138804,-0.004346651,-0.001555384,0.002088722,0.003789032,0.002250385,-0.001283495,-0.003961388,-0.003550107,-0.000224118,0.003520581,0.004807723,0.002661371,-0.001203694,-0.003746403,-0.003043893,0.000160726,0.003082077,0.003195279,0.000332415,-0.003165458,-0.004382538,-0.002253208,0.001543387,0.003974083,0.003170559,-3.54E-05,-0.002849937,-0.002897406,-0.000223438,0.00277971,0.003450291,0.001150881,-0.002189275,-0.003742237,-0.002215817,0.001046733,0.003243076,0.002534427,-0.000388838,-0.00294492
0.015509226,0.004608881,0.001415943,-0.000447182,-0.001805765,-0.002855106,-0.003625352,-0.004065945,-0.004093286,-0.003637891,-0.002685831,-0.001306183,0.000338594,0.002000656,0.003376617,0.004163728,0.00413947,0.003246675,0.001651556,-0.000261441,-0.001978449,-0.003016534,-0.003104683,-0.002308296,-0.001025597,0.000169637,0.000789012,0.000674291,8.75E-05,-0.000430588,-0.000385007,0.000340858,0.001358177,0.001970146,0.001615402,0.0002951,-0.001318133,-0.002224316,-0.001733784,-2.99E-07,0.001946244,0.002776922,0.001742165,-0.000723905,-0.003144555,-0.003893769,-0.002308408,0.000748178,0.003341547,0.003729142,0.001604243,-0.001584904,-0.003560481,-0.002815463,0.000237523,0.003457422,0.004462405,0.002386474,-0.001402456,-0.004229639,-0.004071422,-0.001098482,0.002401996,0.003735,0.00187382,-0.001705805,-0.004132677,-0.003377715,0.000117645,0.003736128,0.004717988,0.002344939,-0.001477363,-0.003736585,-0.002733908,0.000549139,0.003265296,0.003051288,-9.01E-06,-0.003435635,-0.004393595,-0.00204336,0.001755473,0.003982555,0.002958766,-0.000282621,-0.00290521,-0.002685384,0.000113558,0.002997668,0.003401542,0.000897751,-0.00243688,-0.003806897,-0.002094938,0.001194598,0.003249553,0.002374764,-0.000573669,-0.002973965
0.017247712,0.004978099,0.001339787,-0.000783699,-0.002291869,-0.00338892,-0.004109346,-0.004415316,-0.004246992,-0.003568033,-0.002403622,-0.000863536,0.000853488,0.002476017,0.003699045,0.004246761,0.003951302,0.002826653,0.001106354,-0.000784995,-0.002337886,-0.00312115,-0.002947495,-0.001967754,-0.000633287,0.000483985,0.000951332,0.000692391,3.47E-05,-0.000467643,-0.000365071,0.000383953,0.001337641,0.001810836,0.001321496,-2.73E-05,-0.00150811,-0.002162872,-0.001431038,0.00038936,0.002203717,0.002752485,0.001459657,-0.001068237,-0.00330031,-0.003722921,-0.001889512,0.001156596,0.003465229,0.003465194,0.001101237,-0.00201732,-0.003658375,-0.002542638,0.000663437,0.003719276,0.00437202,0.002022306,-0.001752135,-0.004280358,-0.003756716,-0.000623956,0.002708187,0.003665073,0.001493514,-0.002110723,-0.004275743,-0.003187957,0.000449642,0.003916555,0.004586447,0.002001814,-0.001753131,-0.00371241,-0.002410439,0.000938454,0.003439884,0.00290333,-0.000337304,-0.003676262,-0.004373044,-0.001817276,0.001960928,0.003968939,0.002725092,-0.000539955,-0.002959487,-0.002471307,0.000444267,0.003201131,0.003339781,0.000643876,-0.002670577,-0.003851407,-0.001960251,0.001343072,0.003247216,0.002207347,-0.00075707,-0.002993115
0.018013006,0.005069015,0.001193106,-0.001068207,-0.002639415,-0.003723683,-0.004358483,-0.004519965,-0.004173445,-0.003315455,-0.002006894,-0.000390791,0.001309343,0.002812862,0.003827908,0.004117314,0.003572923,0.002275682,0.00051276,-0.001271469,-0.002593293,-0.003088936,-0.002659178,-0.001531808,-0.000193589,0.000804678,0.00109825,0.000692964,-2.86E-05,-0.000512908,-0.000364046,0.000388016,0.00126211,0.001599457,0.001002237,-0.000335175,-0.001652424,-0.002053346,-0.001110746,0.000750074,0.002399726,0.002672575,0.001168267,-0.001358645,-0.003360578,-0.003463286,-0.00143484,0.001532792,0.003515036,0.003136222,0.000582953,-0.002411689,-0.00370084,-0.002246968,0.001051472,0.003897195,0.004199966,0.001627581,-0.002065462,-0.004254987,-0.003375618,-0.000128576,0.002991974,0.003565168,0.001114997,-0.002470837,-0.004357357,-0.00296435,0.000759285,0.004027002,0.004376407,0.001612295,-0.002029592,-0.003662961,-0.002069189,0.00131967,0.003591802,0.002748357,-0.000634438,-0.003853149,-0.004287509,-0.001559134,0.002153269,0.003913805,0.00245196,-0.000814809,-0.003013365,-0.002259207,0.000754789,0.003370466,0.003251651,0.000392285,-0.00287125,-0.003851406,-0.00179535,0.001494691,0.003229394,0.002026254,-0.000937898,-0.00299635
0.018293321,0.005026138,0.00101888,-0.001317923,-0.002909584,-0.003953429,-0.004489016,-0.004506525,-0.003996191,-0.002986151,-0.001570171,8.01E-05,0.001722532,0.003074127,0.003862425,0.003892967,0.003117727,0.001680699,-8.51E-05,-0.001725511,-0.002791656,-0.002992572,-0.002316804,-0.001063177,0.000255289,0.001117458,0.001230866,0.000681996,-9.76E-05,-0.000561329,-0.000370195,0.00037698,0.001166248,0.001371314,0.000679444,-0.000629791,-0.001773178,-0.001924228,-0.000788694,0.001090556,0.002563305,0.002567347,0.000876144,-0.001621035,-0.003377132,-0.003167501,-0.000970853,0.001888593,0.003530348,0.002782594,6.61E-05,-0.002781285,-0.003714992,-0.00194274,0.001418036,0.004033953,0.003991232,0.001222106,-0.002359476,-0.004195608,-0.002969006,0.000369734,0.003260745,0.003451048,0.000740757,-0.002805664,-0.004407674,-0.00272486,0.00105749,0.004104921,0.004132082,0.001204669,-0.002303992,-0.003602362,-0.001723245,0.00169252,0.003730011,0.002589662,-0.000915464,-0.003998476,-0.004170951,-0.001286433,0.002339158,0.003840139,0.002162382,-0.001096014,-0.003066844,-0.002049905,0.001052904,0.003521519,0.00315077,0.00014322,-0.003054235,-0.003828772,-0.001615405,0.001648164,0.003204757,0.001839276,-0.00111757,-0.002993506
0.017966127,0.004816128,0.000810869,-0.001523216,-0.003082037,-0.004051074,-0.004470838,-0.004345527,-0.003689931,-0.002562093,-0.001084961,0.000547075,0.002081023,0.003240096,0.003778962,0.003550778,0.002568005,0.001032594,-0.000686531,-0.002137609,-0.002918073,-0.002816234,-0.00190778,-0.000555007,0.000714305,0.001419279,0.001344939,0.000656304,-0.000173582,-0.000613618,-0.000385117,0.000347446,0.001045592,0.001123039,0.000353083,-0.000907217,-0.001864346,-0.001770982,-0.000465094,0.001405148,0.002686093,0.002430622,0.000583448,-0.001848221,-0.003339291,-0.002827197,-0.000495995,0.002218437,0.003502667,0.002398812,-0.000448244,-0.003119301,-0.003693613,-0.001628047,0.001757466,0.004119215,0.00373693,0.000803584,-0.002629189,-0.004094005,-0.002531143,0.000871015,0.003510343,0.003319189,0.000372191,-0.003108539,-0.004418722,-0.00246556,0.001341342,0.00414232,0.003845261,0.000774828,-0.002575587,-0.003527931,-0.001371808,0.002054482,0.003850821,0.002426279,-0.001176263,-0.004104292,-0.004015663,-0.000995625,0.002516979,0.003743463,0.0018525,-0.001384951,-0.003119806,-0.001844277,0.00133526,0.003649555,0.003033951,-0.000102555,-0.00321495,-0.003777745,-0.001416612,0.00180399,0.003171668,0.001645008,-0.001295811,-0.002983223
0.016739203,0.004367981,0.000567387,-0.001645689,-0.003093749,-0.003941782,-0.00422919,-0.00397309,-0.003210558,-0.002024896,-0.000560615,0.000975667,0.00233243,0.003251325,0.003523613,0.003054074,0.001912225,0.000346882,-0.00125384,-0.00245881,-0.002925764,-0.002527533,-0.001421197,-1.77E-05,0.001158619,0.001681266,0.001417077,0.000602907,-0.000260122,-0.00066846,-0.000407635,0.000298968,0.000900942,0.000861535,3.87E-05,-0.001146392,-0.001907909,-0.001588336,-0.000152121,0.001668575,0.002741916,0.002248934,0.000296255,-0.002019227,-0.003225032,-0.002433941,-2.14E-05,0.002498823,0.003412059,0.001983027,-0.000940528,-0.003395815,-0.003614328,-0.001301533,0.002050149,0.004125772,0.003419659,0.000373899,-0.002858092,-0.003933878,-0.002059747,0.001361045,0.003720652,0.003159349,1.81E-05,-0.003355906,-0.004366762,-0.002176809,0.001602486,0.004121349,0.0035023,0.000321556,-0.002836217,-0.003433107,-0.001019287,0.002390433,0.003938368,0.002253602,-0.001405513,-0.004149577,-0.003803244,-0.000680155,0.002681491,0.003614657,0.001517713,-0.001679843,-0.003169674,-0.001646349,0.001589173,0.003739117,0.002892604,-0.000340812,-0.003338679,-0.003681819,-0.00118913,0.001962984,0.003126141,0.001440729,-0.001471789,-0.002964218
0.015090453,0.003811904,0.000313054,-0.001722568,-0.003023705,-0.003730915,-0.003881375,-0.00350419,-0.002656998,-0.001445358,-3.09E-05,0.001373168,0.002522954,0.003184146,0.003188319,0.002492488,0.001220074,-0.000339916,-0.001788964,-0.002725131,-0.002872123,-0.002188024,-0.000906605,0.000521109,0.001583383,0.001914317,0.001463236,0.000534118,-0.000351219,-0.000722696,-0.000431231,0.0002449,0.000749711,0.000600044,-0.000263203,-0.001361983,-0.001926762,-0.001393731,0.000150745,0.001902121,0.002762523,0.002045912,1.41E-05,-0.002161381,-0.003075294,-0.002020194,0.000446458,0.002750419,0.003290817,0.001556601,-0.001414673,-0.003636132,-0.003504339,-0.000970491,0.002317469,0.004092956,0.003073569,-5.77E-05,-0.003064789,-0.003746561,-0.001577181,0.00183885,0.003906757,0.002984588,-0.000326792,-0.003572874,-0.004281965,-0.001873584,0.001851883,0.004072486,0.003134854,-0.000138815,-0.003088017,-0.003327735,-0.000668825,0.0027095,0.004006187,0.002074973,-0.001619026,-0.004164688,-0.003563255,-0.000353885,0.002838537,0.003470724,0.00117302,-0.001974861,-0.00321637,-0.00145252,0.001827387,0.003808088,0.002738771,-0.000574422,-0.00344278,-0.003562956,-0.000947651,0.002122934,0.003074174,0.001231746,-0.001646417,-0.002941523
0.012862781,0.003109638,4.68E-05,-0.001733359,-0.00283814,-0.003378285,-0.003387135,-0.002904291,-0.002005246,-0.00081326,0.000499453,0.001721198,0.002624374,0.003006318,0.002743636,0.001845783,0.000484939,-0.001019613,-0.002271501,-0.002909764,-0.002731367,-0.001779751,-0.000357908,0.001055636,0.001974744,0.002102324,0.001470458,0.000442953,-0.000448377,-0.000775163,-0.000455011,0.000184874,0.000591875,0.000341796,-0.000544387,-0.001542274,-0.001910461,-0.001183657,0.000437083,0.0020916,0.002732817,0.001813471,-0.000259771,-0.002262637,-0.002877046,-0.001580571,0.000901407,0.0029596,0.003126943,0.00111783,-0.00185987,-0.003822946,-0.003350361,-0.000633756,0.002548201,0.004004818,0.002688282,-0.000490194,-0.003239417,-0.003522052,-0.001081645,0.002296275,0.00405664,0.002788413,-0.000657779,-0.003745859,-0.004150389,-0.00155014,0.002084593,0.003985075,0.002734751,-0.000606917,-0.003325783,-0.003207366,-0.000322516,0.003002973,0.004044785,0.001887335,-0.001810457,-0.004137454,-0.003285016,-1.32E-05,0.002984707,0.003305994,0.000815642,-0.002268676,-0.003257819,-0.001264564,0.002042831,0.003847471,0.002567283,-0.000801077,-0.003518758,-0.003411628,-0.000686673,0.002283927,0.003013052,0.001016295,-0.001819048,-0.002913965
0.010088764,0.002279159,-0.000215463,-0.001664013,-0.002526692,-0.002879732,-0.002750762,-0.002187416,-0.001278795,-0.000159442,0.000996265,0.001987717,0.002612849,0.002707608,0.002196323,0.001137849,-0.000255806,-0.001648431,-0.002660366,-0.002983194,-0.002491783,-0.001310539,0.000200832,0.001552822,0.00229937,0.002219041,0.001423365,0.000324553,-0.000549196,-0.000820002,-0.000471843,0.000127505,0.000439069,0.000102142,-0.000787742,-0.001672985,-0.001852737,-0.000962463,0.000694035,0.002221982,0.002642911,0.001550875,-0.000518981,-0.002316309,-0.002631034,-0.001126432,0.001325482,0.00311097,0.002916727,0.000677775,-0.002255428,-0.003936334,-0.003142472,-0.000293802,0.002733039,0.003854517,0.002265712,-0.000914125,-0.003372747,-0.003260088,-0.000585037,0.002714155,0.004153712,0.002564961,-0.000968849,-0.003863073,-0.003962975,-0.001204793,0.002297133,0.003857131,0.002306888,-0.00107147,-0.003538138,-0.003067936,1.34E-05,0.003258016,0.004042263,0.001685652,-0.001977631,-0.004063179,-0.002966746,0.000339122,0.003115666,0.003119595,0.000450507,-0.002553036,-0.003287898,-0.001082595,0.002229625,0.003850256,0.002375153,-0.00101793,-0.00356051,-0.003223013,-0.000405449,0.002443474,0.002940223,0.000794101,-0.001988356,-0.002881613
0.007072746,0.001396023,-0.000469588,-0.001551613,-0.002152297,-0.002311332,-0.002049667,-0.001421442,-0.000526794,0.000492198,0.001463672,0.002203177,0.002538766,0.002348032,0.001603498,0.000410733,-0.000984143,-0.002235653,-0.002988532,-0.002992308,-0.002200907,-0.000815835,0.000754431,0.002018826,0.002578862,0.002291461,0.001344575,0.00019167,-0.000650364,-0.000858566,-0.000482458,7.46E-05,0.000292927,-0.000122899,-0.001006442,-0.001774341,-0.001772574,-0.000737511,0.000931883,0.002318045,0.002520144,0.001273522,-0.000768438,-0.002344237,-0.002362152,-0.000669765,0.001727408,0.00322813,0.002682468,0.000241381,-0.002618794,-0.004006292,-0.002904597,4.66E-05,0.002891846,0.003671364,0.001825984,-0.001329845,-0.003482058,-0.00297963,-9.26E-05,0.003105094,0.00421836,0.002325791,-0.001267926,-0.003948564,-0.003744959,-0.000848356,0.002498242,0.003708567,0.001867575,-0.001529493,-0.003733198,-0.002917279,0.000341999,0.003489258,0.004014923,0.001475045,-0.002132218,-0.003964283,-0.002628547,0.000695578,0.003237166,0.002922161,8.37E-05,-0.002829165,-0.003309588,-0.000903255,0.002400308,0.003832486,0.002171785,-0.001228908,-0.003583271,-0.003014553,-0.000114415,0.002600968,0.002860453,0.000568519,-0.002155293,-0.002846632
0.00375185,0.00045277,-0.000703749,-0.00137361,-0.001687774,-0.001647081,-0.001264362,-0.000597698,0.000246054,0.001123332,0.00187213,0.002331793,0.002367005,0.001900747,0.000953253,-0.000328605,-0.001674436,-0.002741775,-0.003211305,-0.002897713,-0.001834087,-0.00029127,0.001287118,0.002423506,0.002778046,0.002288924,0.001214344,3.69E-05,-0.000750057,-0.000884861,-0.000480507,3.24E-05,0.000161864,-0.000319935,-0.0011822,-0.001827581,-0.00165798,-0.000509577,0.001136514,0.002358617,0.002346648,0.000975455,-0.001000729,-0.0023327,-0.00206187,-0.000215777,0.002088686,0.003289236,0.002412614,-0.000184044,-0.002926253,-0.004005108,-0.002619735,0.000386215,0.003009278,0.003438817,0.001363654,-0.001728586,-0.003552485,-0.002672996,0.000387576,0.003447912,0.004228566,0.00206133,-0.001547129,-0.00398353,-0.003479542,-0.000475843,0.002681192,0.003530008,0.001415094,-0.001971841,-0.003897378,-0.002748274,0.000657171,0.003680311,0.003946358,0.001249117,-0.002268179,-0.003828676,-0.002261926,0.001055808,0.003342664,0.00270865,-0.000282646,-0.003088841,-0.003315664,-0.000727182,0.002545553,0.003782284,0.001951091,-0.001430193,-0.003576342,-0.002776068,0.000190256,0.002753752,0.002769288,0.000338055,-0.002317901,-0.002807572
0.000344531,-0.000489298,-0.000903902,-0.001143662,-0.001165888,-0.000932481,-0.000447146,0.000230706,0.000991768,0.001696646,0.002199495,0.002369337,0.002111571,0.001395497,0.00028585,-0.001036658,-0.002287949,-0.003139932,-0.003318165,-0.002705949,-0.001411669,0.000235264,0.001770815,0.00274483,0.002884279,0.002208045,0.001035733,-0.000134011,-0.000842572,-0.000894024,-0.000461036,7.26E-06,5.37E-05,-0.000481412,-0.001310503,-0.001833273,-0.001514205,-0.000285429,0.001304031,0.002345644,0.0021296,0.000664758,-0.001212624,-0.002286994,-0.001743037,0.000220616,0.002399341,0.003293652,0.002114997,-0.000587717,-0.003170646,-0.003932627,-0.002292787,0.00072077,0.003087251,0.003166091,0.000891133,-0.002101501,-0.003583711,-0.002348356,0.000843638,0.003733148,0.0041806,0.001772285,-0.001805624,-0.003970573,-0.003172614,-9.25E-05,0.002846052,0.003328806,0.000961665,-0.002386645,-0.004023721,-0.002560035,0.00095608,0.003828011,0.003834744,0.001006225,-0.002389497,-0.003663916,-0.001876357,0.001412217,0.003429872,0.002482813,-0.000641021,-0.003324479,-0.003300847,-0.000551487,0.002667366,0.003701954,0.001715242,-0.001621449,-0.003542575,-0.002513139,0.000502502,0.002897846,0.002665963,0.000104233,-0.002474418,-0.002763955
-0.003061505,-0.00141535,-0.001079614,-0.000885135,-0.000616836,-0.000198194,0.000376726,0.001048781,0.001708842,0.002225051,0.002471355,0.002349641,0.001807964,0.000861825,-0.000382182,-0.001714608,-0.00284442,-0.003464688,-0.003350754,-0.002455744,-0.000959975,0.000755985,0.002217099,0.003008996,0.002929831,0.002077956,0.000828187,-0.000313142,-0.000928947,-0.000891252,-0.00042958,-6.08E-06,-3.87E-05,-0.000619215,-0.001408331,-0.00180953,-0.001353493,-6.53E-05,0.001447455,0.002299734,0.001887163,0.000348289,-0.001410753,-0.002220973,-0.001415557,0.000642421,0.002675825,0.003262315,0.001801815,-0.000975183,-0.003373819,-0.003815519,-0.001940842,0.001050881,0.003140716,0.002870318,0.000415343,-0.002455809,-0.003589976,-0.00201421,0.001281738,0.003979922,0.004095213,0.001468057,-0.002050791,-0.003928098,-0.002841147,0.000296026,0.002999237,0.00311493,0.000510563,-0.002781132,-0.004124407,-0.002359357,0.001244113,0.003947685,0.003695664,0.000752389,-0.002502429,-0.003482596,-0.001481266,0.001764158,0.003504787,0.002250008,-0.000992537,-0.003542994,-0.003271444,-0.000375241,0.002774926,0.003603212,0.001470402,-0.001806272,-0.003492612,-0.002236291,0.000817836,0.003035286,0.00255469,-0.000131269,-0.002626476,-0.002717117
-0.006318264,-0.002273003,-0.001204483,-0.000587387,-4.38E-05,0.000538892,0.001176786,0.001813735,0.002345192,0.002652265,0.00263415,0.00222986,0.001431795,0.000299632,-0.001024459,-0.00231231,-0.003277893,-0.003646436,-0.003249718,-0.002110303,-0.000472082,0.001247895,0.002580454,0.00316061,0.002863291,0.001861879,0.000573929,-0.000501616,-0.001000277,-0.000864511,-0.000374585,4.29E-06,-9.98E-05,-0.000712123,-0.001451158,-0.001735501,-0.001166881,0.000143745,0.001546727,0.002198124,0.001605579,2.74E-05,-0.001582328,-0.002122493,-0.001080914,0.001029401,0.00288635,0.003168137,0.00146638,-0.001327618,-0.003500731,-0.003620853,-0.001549014,0.001369871,0.00315211,0.002540069,-5.79E-05,-0.002771319,-0.003551759,-0.001668209,0.001681046,0.004153455,0.003942106,0.001137961,-0.002271848,-0.003835595,-0.002470856,0.000689663,0.003131222,0.002883002,7.12E-05,-0.00313216,-0.004175266,-0.002135989,0.001511418,0.004016295,0.003507456,0.000478648,-0.00260287,-0.003276971,-0.001075817,0.002102834,0.003556087,0.002007069,-0.00132716,-0.003726251,-0.003212668,-0.000195932,0.002858842,0.003473655,0.001211236,-0.00197952,-0.003416113,-0.001938908,0.001134161,0.003157951,0.002428701,-0.000368596,-0.002769075,-0.0026637
-0.009274868,-0.003028802,-0.001282607,-0.00027604,0.000515251,0.001236265,0.001913243,0.002494809,0.002883878,0.00297774,0.002703573,0.002038814,0.001019231,-0.000255127,-0.001613137,-0.002816492,-0.003592985,-0.003706726,-0.003048258,-0.001706045,2.17E-05,0.001694196,0.002860908,0.003214724,0.002708672,0.001584892,0.000292361,-0.000688964,-0.001054247,-0.000816256,-0.00029982,3.46E-05,-0.000134559,-0.000768858,-0.001452249,-0.001626466,-0.000966112,0.000339131,0.001610974,0.002058103,0.001302296,-0.000288551,-0.00173018,-0.002003082,-0.000750581,0.00137887,0.003039977,0.003026789,0.001120688,-0.001645562,-0.003565888,-0.003369763,-0.001133429,0.00167513,0.003132278,0.002191302,-0.000518236,-0.003049035,-0.003478398,-0.001318861,0.002042239,0.004264846,0.003735895,0.000790059,-0.002473218,-0.003707514,-0.002077239,0.001080796,0.003245067,0.002641893,-0.000349728,-0.003440297,-0.004182099,-0.001894212,0.001761023,0.004044091,0.003281416,0.000189743,-0.002695932,-0.003058653,-0.00067084,0.002423898,0.0035862,0.001758722,-0.001642784,-0.003875904,-0.003126616,-1.16E-05,0.002926483,0.003322635,0.000943215,-0.002143415,-0.00332188,-0.001631268,0.001444954,0.003264854,0.002290348,-0.000605565,-0.00290172,-0.002603334
-0.011992481,-0.003705745,-0.001326999,4.20E-05,0.001059238,0.001899179,0.002598082,0.003110545,0.003348858,0.003228584,0.002706531,0.00179915,0.000584534,-0.000799916,-0.002159011,-0.003250418,-0.003821828,-0.00368064,-0.002777329,-0.001263272,0.000515842,0.002104817,0.003080449,0.003199153,0.002492491,0.001266499,-6.60E-06,-0.000873963,-0.001095052,-0.000752508,-0.000211132,7.90E-05,-0.000150857,-0.00080022,-0.001424352,-0.001493582,-0.000756386,0.000524164,0.001650522,0.001891918,0.000985243,-0.000599708,-0.001860715,-0.001869493,-0.00042474,0.001700363,0.00315272,0.002852544,0.000768906,-0.001938101,-0.003587264,-0.003079724,-0.000702479,0.001969703,0.003090542,0.001830762,-0.000967714,-0.003298811,-0.00338008,-0.000968001,0.002375389,0.004331724,0.003492334,0.000430145,-0.002660428,-0.003554842,-0.001668362,0.001468949,0.003345649,0.002394917,-0.00075637,-0.003716782,-0.004157071,-0.00163936,0.001997877,0.004042962,0.003028871,-0.000109624,-0.002783978,-0.002832257,-0.00026755,0.002731303,0.003600822,0.001506894,-0.001944092,-0.004000868,-0.003020646,0.00017663,0.002982921,0.00315685,0.000669344,-0.002300598,-0.003215566,-0.001317328,0.001750768,0.003359882,0.002143112,-0.000841936,-0.003026819,-0.002537667
-0.014080916,-0.004188266,-0.001303072,0.000353756,0.001540659,0.002454703,0.003141291,0.003562775,0.003643647,0.003320405,0.002580815,0.001479237,0.000131757,-0.001294675,-0.002591468,-0.003524121,-0.003870682,-0.003487868,-0.002385151,-0.000767947,0.000986027,0.002425271,0.003169579,0.003046811,0.002164562,0.000880772,-0.000325848,-0.001044259,-0.001105062,-0.000657591,-9.65E-05,0.000149027,-0.000132799,-0.000784929,-0.001345074,-0.00132155,-0.000536652,0.000684842,0.001643799,0.001682822,0.000652507,-0.000892349,-0.001954915,-0.001713201,-0.000116916,0.001959375,0.003183836,0.002619047,0.000413246,-0.002175896,-0.003525078,-0.002722221,-0.000251885,0.002237624,0.003008514,0.001456621,-0.001385152,-0.003487717,-0.003233823,-0.000619873,0.002648305,0.004310588,0.003179385,5.13E-05,-0.00281929,-0.003359402,-0.001238708,0.001843519,0.003418246,0.002140928,-0.001127141,-0.003924636,-0.004066886,-0.001359331,0.002209095,0.003986679,0.00272776,-0.000427132,-0.002863905,-0.002596506,0.000123664,0.00300492,0.003582762,0.001250682,-0.002212514,-0.004073008,-0.002872747,0.000374646,0.003020194,0.002965826,0.000387071,-0.002444459,-0.003089411,-0.000997727,0.002040128,0.003427647,0.001978112,-0.001074927,-0.003134288,-0.002459381
-0.015674781,-0.004525716,-0.001237497,0.000646327,0.00195943,0.00291603,0.003569809,0.003891465,0.003818613,0.003309134,0.002381031,0.001124176,-0.000311668,-0.001736061,-0.002934104,-0.003686016,-0.003805238,-0.003199334,-0.001933713,-0.00026023,0.001422019,0.002676147,0.003172874,0.002813797,0.001778363,0.000467255,-0.000644928,-0.001196853,-0.001092415,-0.000543795,3.18E-05,0.00023188,-9.68E-05,-0.000744888,-0.001239616,-0.001132073,-0.00031687,0.000827545,0.001610694,0.001454352,0.000319434,-0.001166071,-0.002024342,-0.001546243,0.000173407,0.00217477,0.003164244,0.002353612,6.16E-05,-0.002376462,-0.003413933,-0.002331139,0.000201478,0.002483613,0.002902956,0.00108112,-0.001774453,-0.003634079,-0.00305839,-0.000277418,0.002880551,0.004235375,0.002827636,-0.000334667,-0.002959369,-0.003141518,-0.000803743,0.002202753,0.003470908,0.001885125,-0.001470378,-0.004085445,-0.003934743,-0.001064461,0.002403777,0.003897718,0.002399997,-0.000752884,-0.002938977,-0.002359202,0.000500847,0.003251982,0.003542291,0.000993322,-0.002457071,-0.004109264,-0.002697068,0.000579834,0.003047301,0.002761873,0.000102153,-0.002579566,-0.002953654,-0.000679784,0.002313894,0.003475216,0.001801867,-0.001303763,-0.003228107,-0.002371076
-0.016863603,-0.004744623,-0.001138228,0.000922726,0.002326427,0.00329988,0.003904284,0.004119146,0.003895922,0.003214181,0.002121517,0.000741294,-0.000746616,-0.002133237,-0.003203136,-0.003756808,-0.003647103,-0.002833577,-0.00143499,0.000256616,0.001829438,0.002870041,0.003106409,0.002515625,0.001345474,3.19E-05,-0.000963264,-0.001334689,-0.00106124,-0.000414739,0.000170833,0.000324918,-4.64E-05,-0.000684985,-0.001113185,-0.000928747,-9.73E-05,0.000955534,0.001556281,0.001210481,-1.35E-05,-0.001424092,-0.002073538,-0.001370747,0.000449275,0.002354571,0.003103507,0.002062478,-0.000286579,-0.002546664,-0.003263185,-0.001913196,0.000656627,0.002711514,0.002778322,0.000704812,-0.002140546,-0.00374568,-0.002859282,6.03E-05,0.003079646,0.004116304,0.002444616,-0.000726061,-0.003084098,-0.00290557,-0.000364812,0.002549193,0.003507226,0.001627923,-0.001791052,-0.004207879,-0.003768491,-0.000757602,0.002584982,0.003782289,0.002050779,-0.001085143,-0.003010059,-0.002120779,0.000866361,0.003477225,0.003483517,0.000735092,-0.002682103,-0.00411626,-0.00249878,0.000790857,0.003066196,0.002547527,-0.000184786,-0.002707519,-0.002810199,-0.000363409,0.002574755,0.003506234,0.00161649,-0.001529114,-0.003310699,-0.00227453
-0.017107034,-0.004696667,-0.000975564,0.001143493,0.002555567,0.003490516,0.004014952,0.004117251,0.003762757,0.002951393,0.001756629,0.000328699,-0.001131882,-0.002409101,-0.00329889,-0.00363202,-0.003306197,-0.002331665,-0.000871549,0.000757431,0.002149358,0.002930874,0.002896745,0.002098627,0.000841435,-0.000421207,-0.001257452,-0.00142845,-0.000987819,-0.000257417,0.000325269,0.000430896,2.51E-05,-0.00059377,-0.000955012,-0.000709206,0.000111739,0.001049528,0.001463071,0.000947636,-0.000330582,-0.001637972,-0.002077573,-0.001182446,0.000687132,0.002456111,0.002960796,0.001727966,-0.000617165,-0.002650758,-0.003038138,-0.001455793,0.001098536,0.002892564,0.002616235,0.000337516,-0.002446666,-0.003779157,-0.002612828,0.000382483,0.003207257,0.003910687,0.002006917,-0.001119021,-0.0031743,-0.002638971,6.95E-05,0.002857327,0.003504627,0.001370382,-0.00205881,-0.004246431,-0.003531636,-0.000428619,0.002737299,0.003615899,0.001664854,-0.001423789,-0.003071212,-0.001885298,0.001198447,0.003649199,0.003383755,0.000477138,-0.002862438,-0.00405955,-0.002252791,0.001014237,0.003070107,0.00231599,-0.000471431,-0.002819401,-0.002654714,-5.82E-05,0.002800735,0.003498291,0.001412407,-0.001743505,-0.003365415,-0.002157219
-0.016877197,-0.004519668,-0.000788225,0.001328125,0.002707809,0.003578672,0.00401153,0.004003187,0.003532177,0.002617175,0.001354668,-8.24E-05,-0.001478273,-0.002615524,-0.003306772,-0.003416732,-0.002888943,-0.001781854,-0.000297059,0.001232321,0.002414936,0.002924112,0.002623776,0.001637365,0.000319748,-0.000866795,-0.001528014,-0.001494761,-0.000893342,-8.96E-05,0.000482106,0.000537591,0.000101102,-0.000493736,-0.000788505,-0.000488706,0.000310765,0.001125953,0.001354628,0.000682697,-0.000632189,-0.001825085,-0.002058536,-0.000990213,0.00090367,0.002519398,0.002782046,0.001378688,-0.000934072,-0.002722421,-0.002782779,-0.000988979,0.001524693,0.003046076,0.002437089,-2.04E-05,-0.002718706,-0.003772913,-0.002345029,0.00069471,0.003300269,0.003667388,0.00154976,-0.001506623,-0.00324605,-0.002361105,0.000494997,0.003140806,0.003480395,0.001113288,-0.002299152,-0.004243927,-0.003262313,-9.13E-05,0.002875126,0.00342762,0.001266319,-0.001760707,-0.003125693,-0.001653028,0.00151049,0.003792034,0.003263028,0.000220221,-0.003019806,-0.003971728,-0.001984605,0.001242759,0.003067347,0.002078331,-0.00075544,-0.002922614,-0.002495127,0.000238046,0.003006178,0.003469649,0.001199809,-0.001950497,-0.003404325,-0.0020281
-0.016143957,-0.004205414,-0.00057465,0.001474314,0.00277825,0.003557826,0.003886753,0.003769817,0.003197987,0.00220699,0.000913286,-0.00049202,-0.001783305,-0.002748081,-0.003221185,-0.003105193,-0.002390493,-0.001181111,0.000289162,0.001679619,0.002622702,0.002845452,0.002283483,0.001129032,-0.000220697,-0.001304385,-0.001773435,-0.001531868,-0.000776471,8.93E-05,0.000641493,0.000645047,0.000181859,-0.000384325,-0.000613139,-0.000267194,0.00049911,0.001183689,0.001229985,0.000415538,-0.000917314,-0.00198372,-0.002014959,-0.000793803,0.001097525,0.002541995,0.002564967,0.001013716,-0.00123642,-0.002759585,-0.002495186,-0.00051217,0.00193408,0.003170294,0.002239807,-0.000368314,-0.002954489,-0.00372442,-0.002054536,0.000996301,0.003356479,0.003384016,0.001071918,-0.001888513,-0.003298169,-0.002071264,0.000910949,0.00339805,0.003433157,0.000856679,-0.002510326,-0.004197755,-0.00295846,0.00025491,0.002997535,0.003216062,0.000854383,-0.002095777,-0.003173075,-0.001424181,0.001801204,0.00390387,0.003120003,-3.56E-05,-0.00315274,-0.003850812,-0.001692816,0.001476744,0.003057495,0.001834168,-0.001036637,-0.003016603,-0.002331182,0.000524639,0.003189771,0.003418992,0.00097816,-0.002149611,-0.003426419,-0.001886424
-0.014562408,-0.003668434,-0.000330161,0.001540122,0.002695967,0.003342364,0.00355343,0.003340325,0.002703862,0.001692233,0.000434882,-0.00086808,-0.001991801,-0.002738971,-0.002974968,-0.002644424,-0.001783065,-0.00053262,0.000854232,0.002045231,0.002711268,0.002641926,0.001844366,0.000570037,-0.000757664,-0.001695526,-0.001952485,-0.001508007,-0.000621639,0.000279193,0.000793698,0.000741583,0.000258579,-0.000271625,-0.000436251,-5.70E-05,0.000659844,0.001207374,0.001084323,0.00015801,-0.001159285,-0.002083064,-0.001926563,-0.000593878,0.00124775,0.002495001,0.002289983,0.00063449,-0.001503383,-0.002736633,-0.002163548,-3.78E-05,0.002295433,0.003233544,0.002012403,-0.000689974,-0.003118455,-0.003599708,-0.001728163,0.001274695,0.003349622,0.003040683,0.000573557,-0.002246835,-0.003311423,-0.001766787,0.001297484,0.003597381,0.003339675,0.000600996,-0.002668653,-0.00407638,-0.002599578,0.000610447,0.003091279,0.002969522,0.000430275,-0.002416423,-0.003202416,-0.001202977,0.002048539,0.003955936,0.002936208,-0.000287897,-0.003241232,-0.003672983,-0.001363366,0.001716817,0.003035045,0.001582372,-0.001307807,-0.003091921,-0.002161959,0.000788258,0.003328839,0.003326926,0.000742295,-0.002330493,-0.003414525,-0.001719645
-0.012631021,-0.003043527,-7.90E-05,0.001565651,0.002543894,0.003041615,0.003132172,0.002832081,0.002150337,0.001144952,-4.54E-05,-0.001216102,-0.002147981,-0.002663212,-0.002660642,-0.002127641,-0.001143188,0.000118108,0.001391482,0.002360383,0.00273989,0.002384489,0.001370812,3.39E-06,-0.001276524,-0.002051509,-0.002092294,-0.001453087,-0.000451037,0.000469631,0.000937049,0.000827548,0.000328017,-0.000163029,-0.0002645,0.000142562,0.00080446,0.001215168,0.000932241,-8.95E-05,-0.001375826,-0.002151705,-0.001817124,-0.000393849,0.00137685,0.002417616,0.001993144,0.000254828,-0.001749876,-0.002686559,-0.001817441,0.000426746,0.002626655,0.003264694,0.001771812,-0.000996149,-0.003246459,-0.003439704,-0.00138744,0.001540414,0.003314787,0.002674904,7.33E-05,-0.00258785,-0.003304466,-0.001458067,0.001665145,0.003765026,0.003222337,0.000345498,-0.002802511,-0.003921819,-0.00221866,0.00096687,0.003170764,0.002709473,5.90E-06,-0.002724931,-0.003220308,-0.00098531,0.00227393,0.003978627,0.002733221,-0.000537912,-0.003308909,-0.003470099,-0.001019042,0.001957364,0.003006155,0.001328485,-0.001572028,-0.003157214,-0.001990894,0.001039093,0.00344513,0.003214952,0.000500886,-0.002500937,-0.003385113,-0.00154024
-0.010257725,-0.002308365,0.000179315,0.001538807,0.002302234,0.002632074,0.002599433,0.002224802,0.001523152,0.000558802,-0.000525187,-0.001525736,-0.002235455,-0.002501539,-0.002259888,-0.001541254,-0.000464936,0.00076801,0.001889591,0.002608282,0.002690536,0.002058444,0.000855078,-0.000570157,-0.001769023,-0.002359732,-0.002180049,-0.001357694,-0.000260489,0.000659904,0.00106798,0.000898885,0.000387079,-6.08E-05,-0.000100445,0.000327622,0.000927728,0.001202504,0.000772521,-0.000323246,-0.001558648,-0.002180255,-0.001680568,-0.000193967,0.001478611,0.002301487,0.001669123,-0.000124249,-0.001969284,-0.002601735,-0.001453828,0.000876844,0.002917655,0.003253836,0.001514397,-0.001281793,-0.003327712,-0.003234307,-0.001028674,0.00178948,0.0032442,0.002281245,-0.000427985,-0.002905419,-0.0032711,-0.001144358,0.002007557,0.003891014,0.003073861,9.02E-05,-0.002904897,-0.003724885,-0.001810034,0.001323793,0.003231727,0.002432552,-0.000417806,-0.003016815,-0.003222898,-0.000772186,0.002470752,0.003963224,0.002505484,-0.000784856,-0.003349773,-0.003235234,-0.00065606,0.002198091,0.002968869,0.001072171,-0.001826886,-0.00320936,-0.00181757,0.001273095,0.003531724,0.003077232,0.000252536,-0.002657587,-0.003332835,-0.001344405
-0.007432904,-0.001470545,0.000429452,0.001440275,0.001951644,0.002098443,0.001947662,0.001521478,0.000837128,-4.03E-05,-0.000970363,-0.001759645,-0.002220269,-0.002230284,-0.001765156,-0.00089708,0.000221021,0.001372282,0.002298049,0.002743195,0.002532358,0.001654836,0.000311876,-0.001116418,-0.00219058,-0.002576441,-0.002182703,-0.001205073,-4.96E-05,0.000838675,0.001169869,0.000938967,0.000421246,2.18E-05,4.18E-05,0.000483005,0.001016292,0.001162805,0.000609595,-0.000527465,-0.001686114,-0.002149696,-0.001508055,2.45E-06,0.001542749,0.002138887,0.001320683,-0.000488634,-0.002143752,-0.002472478,-0.001080002,0.001288686,0.003138286,0.003178971,0.001236241,-0.001533376,-0.003341821,-0.002969648,-0.000651794,0.002011696,0.00312885,0.001862754,-0.000913076,-0.00317683,-0.003196894,-0.00082891,0.002305328,0.003951215,0.002878729,-0.000165556,-0.002965968,-0.003476187,-0.001373467,0.001672433,0.00326486,0.002138774,-0.000828374,-0.003273543,-0.003197048,-0.000563917,0.002626422,0.003894119,0.002244628,-0.001026012,-0.003354703,-0.002961549,-0.000275308,0.002432314,0.002917836,0.000815288,-0.002063927,-0.003240156,-0.001641585,0.001480828,0.003574724,0.002904198,-2.29E-06,-0.002791225,-0.003246352,-0.001125132
-0.004452932,-0.000602721,0.000668604,0.001307518,0.001554438,0.001515318,0.001252222,0.00078777,0.000139449,-0.000629667,-0.001385609,-0.001948169,-0.002152469,-0.001909593,-0.001234848,-0.000239862,0.000893061,0.001937094,0.002649127,0.002815412,0.002320887,0.001220289,-0.000232563,-0.001634885,-0.002563978,-0.002738537,-0.002138816,-0.001024291,0.00016811,0.00100705,0.001252706,0.000959503,0.000439436,9.10E-05,0.000169522,0.000620378,0.001085795,0.001110084,0.00044766,-0.000713366,-0.001782966,-0.002088512,-0.001318368,0.000195793,0.00158812,0.001955786,0.000965125,-0.000840261,-0.002292728,-0.002322196,-0.000706246,0.001674505,0.003318152,0.003069869,0.000948715,-0.001765733,-0.003321437,-0.002676872,-0.000268793,0.00221863,0.002992597,0.001437021,-0.001383124,-0.003419517,-0.003100241,-0.000514359,0.002577076,0.003975332,0.002658905,-0.000421642,-0.003007063,-0.00320423,-0.000927192,0.002012974,0.00328271,0.001838792,-0.001227567,-0.003507641,-0.003153766,-0.000357265,0.002760952,0.003797769,0.001967718,-0.001263492,-0.003341945,-0.002670598,0.000110872,0.00266014,0.002858639,0.000559035,-0.002289996,-0.003258679,-0.001464115,0.001674442,0.003594987,0.002713667,-0.000259001,-0.002911667,-0.003141731,-0.000894072
-0.001297267,0.000294063,0.000887547,0.00112688,0.001095692,0.000869608,0.000504687,2.21E-05,-0.000563278,-0.001194759,-0.001749793,-0.002066862,-0.002008582,-0.001521696,-0.00066112,0.000425647,0.001533582,0.002434579,0.002909926,0.002793897,0.002033924,0.000746618,-0.000770596,-0.002104345,-0.002860196,-0.002816731,-0.002025751,-0.000803525,0.000393208,0.00115752,0.00130533,0.000949519,0.000432467,0.000138723,0.000274018,0.00072992,0.00112692,0.001039063,0.000288836,-0.000870728,-0.001834116,-0.001982822,-0.001104635,0.000383857,0.001606685,0.001745153,0.00060271,-0.001170104,-0.002403271,-0.00214262,-0.000335965,0.002018605,0.003436067,0.002910337,0.000648434,-0.001969161,-0.003251118,-0.002344863,0.000121047,0.002402497,0.00282741,0.001004311,-0.001827119,-0.003617432,-0.00297015,-0.000202238,0.002809188,0.003945754,0.002402873,-0.000678308,-0.003020036,-0.002900716,-0.000469811,0.002339351,0.003277811,0.001531381,-0.001607359,-0.003706075,-0.003083441,-0.000152389,0.00286488,0.003662195,0.001668173,-0.00149521,-0.003304075,-0.002356349,0.000502561,0.002876763,0.002786918,0.000304274,-0.002499026,-0.003258602,-0.001284412,0.001847223,0.003582119,0.002498209,-0.000517546,-0.003012136,-0.003010488,-0.000646102
0.001841075,0.001162627,0.001069174,0.000904824,0.000598787,0.000196997,-0.000251189,-0.000727951,-0.001224507,-0.001694636,-0.002032201,-0.002098998,-0.001788308,-0.001083138,-7.53E-05,0.001057925,0.002097522,0.002823815,0.003050897,0.00266568,0.001676945,0.000255673,-0.001269605,-0.002489138,-0.003048299,-0.002790495,-0.001835571,-0.000545925,0.000615556,0.001277601,0.001316384,0.000899959,0.000392799,0.000157475,0.000347454,0.000804553,0.001135696,0.000950814,0.000139182,-0.000991084,-0.001832655,-0.001830367,-0.000869367,0.000562661,0.001597947,0.001513483,0.000246322,-0.001463958,-0.002466889,-0.001935962,1.82E-05,0.002303465,0.003477592,0.002694575,0.000338232,-0.002137438,-0.00312799,-0.001977552,0.00050934,0.002557139,0.002635802,0.000577387,-0.002226775,-0.003755035,-0.00280047,0.000103213,0.002991806,0.00385382,0.002107162,-0.000935142,-0.003005604,-0.002571801,-1.27E-05,0.002640102,0.003245201,0.001221495,-0.001955119,-0.003854872,-0.002976899,5.30E-05,0.002936373,0.003485924,0.001347354,-0.001718466,-0.003240988,-0.00202408,0.00089017,0.003072792,0.002698249,5.31E-05,-0.002685026,-0.003234768,-0.001101371,0.001996681,0.003533371,0.00225806,-0.000774149,-0.003087706,-0.002849679,-0.00038149
0.004901769,0.001996375,0.001225615,0.000663885,9.07E-05,-0.000476673,-0.00099577,-0.001453224,-0.001847962,-0.002146594,-0.002261807,-0.002080818,-0.001528732,-0.000624426,0.000505642,0.00165845,0.002606172,0.00314293,0.003119802,0.002478009,0.001285925,-0.000236345,-0.001736868,-0.002817603,-0.003169717,-0.002703255,-0.001603046,-0.000270773,0.00083254,0.001377335,0.001301917,0.000826957,0.000333954,0.000159072,0.000402391,0.00085876,0.001126261,0.000853852,-3.73E-06,-0.001089312,-0.001801425,-0.001652815,-0.000623902,0.000734978,0.001574477,0.00127286,-0.000102481,-0.001733899,-0.002502738,-0.001715643,0.000359554,0.002551249,0.00347409,0.002447429,2.40E-05,-0.002284863,-0.002976017,-0.001593183,0.000893554,0.00269383,0.002430807,0.000157783,-0.002596704,-0.00385536,-0.002607716,0.000403682,0.003144905,0.003726099,0.001789585,-0.001191555,-0.002976652,-0.002231519,0.000440178,0.002923021,0.00319592,0.000911841,-0.002281593,-0.00397254,-0.002848008,0.000259549,0.00299003,0.003287666,0.001015935,-0.001936065,-0.003164361,-0.001684132,0.001272077,0.003254376,0.002598876,-0.000195429,-0.002856625,-0.003196385,-0.000916039,0.002133005,0.003464729,0.002005018,-0.001028297,-0.003148334,-0.002672303,-0.000108441
0.007736664,0.002746326,0.001335851,0.000399767,-0.000419541,-0.00113068,-0.00169824,-0.002114858,-0.002389776,-0.002505719,-0.002397564,-0.001980578,-0.001212546,-0.00014648,0.001061188,0.002188942,0.003008847,0.003337129,0.003067636,0.002197138,0.000849151,-0.000716967,-0.002139064,-0.003043772,-0.003176741,-0.002516077,-0.001305097,2.73E-05,0.00103525,0.001439946,0.001243832,0.000715078,0.000243585,0.00013221,0.00042651,0.000879464,0.001087994,0.000744586,-0.000133584,-0.001150548,-0.001722836,-0.001437395,-0.000365205,0.000895102,0.001528648,0.001022434,-0.000432927,-0.001960458,-0.002492579,-0.001476091,0.000675337,0.002734698,0.003396247,0.002150995,-0.000294105,-0.002397675,-0.00277972,-0.001186065,0.001266468,0.002799835,0.002206868,-0.000244092,-0.002912363,-0.003891639,-0.002377233,0.000694419,0.00324878,0.003540692,0.001438088,-0.001446538,-0.00292609,-0.001877673,0.000880141,0.003172559,0.003118609,0.000605003,-0.002569449,-0.0040361,-0.002680763,0.000468873,0.003016097,0.003055995,0.00066981,-0.002143364,-0.003067282,-0.00133575,0.001639809,0.003408775,0.002480774,-0.000438957,-0.003003252,-0.00313318,-0.000726442,0.002248535,0.003365061,0.001733075,-0.001276509,-0.003183904,-0.002468801,0.000176569
0.010187816,0.003373042,0.00139729,0.00013117,-0.000899923,-0.001726263,-0.002318996,-0.002677795,-0.002823944,-0.002758248,-0.002439424,-0.001811378,-0.000863348,0.000321072,0.001561339,0.002624901,0.00329143,0.003405467,0.002906513,0.001845099,0.000393026,-0.001161976,-0.002459978,-0.003162833,-0.003076014,-0.002243869,-0.000959678,0.00033279,0.001214042,0.001462772,0.001144902,0.000569695,0.000127176,8.15E-05,0.00042401,0.000871527,0.001026601,0.000628095,-0.000248547,-0.00117839,-0.00160587,-0.001195493,-0.000102256,0.001040638,0.001465688,0.000772045,-0.000736109,-0.002140554,-0.002440388,-0.001225034,0.000959883,0.002854942,0.003252197,0.001815853,-0.000609814,-0.002478218,-0.002549516,-0.000769168,0.001619484,0.002874912,0.001970753,-0.000619881,-0.003169386,-0.003865373,-0.002113477,0.000973304,0.003307187,0.003306201,0.001061066,-0.001697485,-0.002859285,-0.001520884,0.001296983,0.003383638,0.003014161,0.000304825,-0.002815912,-0.004045586,-0.00247628,0.000682279,0.003020223,0.002799455,0.000316151,-0.002338667,-0.002954575,-0.000987605,0.001985256,0.003531556,0.002343293,-0.000676534,-0.003124516,-0.003045463,-0.000531838,0.002346857,0.003240621,0.001448639,-0.001515459,-0.003195819,-0.002244192,0.000467908
0.012356108,0.003911306,0.001426466,-0.000136386,-0.001354139,-0.00227567,-0.002878262,-0.003169164,-0.003182633,-0.002938563,-0.002420214,-0.001600091,-0.000497651,0.000775617,0.002019122,0.002994173,0.003492874,0.003391683,0.002677035,0.001451418,-7.00E-05,-0.001578579,-0.002724422,-0.003211039,-0.002906506,-0.001919531,-0.000587345,0.000639428,0.001374964,0.001458975,0.001019973,0.000403809,-4.76E-06,1.64E-05,0.000405189,0.000845941,0.000951233,0.000507867,-0.000353426,-0.001185122,-0.001465643,-0.000938683,0.000161436,0.001175858,0.001392324,0.000523569,-0.001019557,-0.002289393,-0.002361262,-0.000967902,0.001222791,0.002933902,0.003066389,0.00145764,-0.00092233,-0.002537765,-0.002299045,-0.000348624,0.001957346,0.00292924,0.001727767,-0.000976872,-0.003386888,-0.003798211,-0.001828789,0.001243815,0.003336323,0.003041209,0.000669217,-0.001944858,-0.002782547,-0.001164197,0.001696411,0.003568121,0.00289182,9.75E-06,-0.003034497,-0.004019425,-0.002247577,0.000898437,0.003010853,0.002528221,-4.09E-05,-0.00252547,-0.002832352,-0.000641346,0.002314237,0.003632421,0.002192827,-0.000909925,-0.003228824,-0.002941529,-0.000333774,0.002434485,0.003101056,0.001157296,-0.001747526,-0.00319235,-0.002006738,0.000762076
0.013904572,0.004262681,0.001395696,-0.000389007,-0.001738876,-0.002714812,-0.003299101,-0.003507135,-0.003387205,-0.002979163,-0.002290894,-0.001322034,-0.000118614,0.001186096,0.002379591,0.003226034,0.003538009,0.003228965,0.002332595,0.000997991,-0.000527055,-0.001926654,-0.002875157,-0.003127568,-0.002617274,-0.001511669,-0.00017955,0.000936433,0.001496024,0.001404708,0.000850038,0.000205197,-0.000160069,-7.06E-05,0.000360221,0.000791778,0.000854192,0.000384069,-0.000438806,-0.0011558,-0.001289092,-0.000662635,0.000419799,0.001289744,0.001302641,0.00028476,-0.001260836,-0.002378466,-0.002234902,-0.000704457,0.001442334,0.002937866,0.002809581,0.001064755,-0.001223794,-0.002559433,-0.002017935,6.96E-05,0.002260586,0.002944079,0.001475832,-0.001293949,-0.003528581,-0.003656599,-0.001508666,0.001497064,0.003313684,0.002725905,0.000256464,-0.00218267,-0.002689982,-0.000814325,0.002056616,0.00369944,0.002736419,-0.000273579,-0.0031997,-0.003927422,-0.001975176,0.001119904,0.002979713,0.002235359,-0.000398909,-0.002694659,-0.002695095,-0.000304183,0.002607039,0.003689321,0.002017678,-0.001134752,-0.003301047,-0.002807433,-0.000128768,0.002504499,0.002937468,0.000857493,-0.001964365,-0.003161131,-0.001749024,0.001057113
0.014911241,0.004457147,0.001322546,-0.000616782,-0.002051539,-0.003049068,-0.003595463,-0.003714182,-0.003467523,-0.002914845,-0.002087353,-0.001009281,0.000250835,0.001543459,0.002650609,0.003345577,0.003466156,0.002964628,0.001919949,0.000521817,-0.00095844,-0.002208215,-0.002934967,-0.002950236,-0.002251972,-0.001059717,0.000236455,0.001212401,0.00158047,0.001313037,0.000652,-9.92E-06,-0.000324855,-0.00016705,0.000301642,0.000721775,0.000746044,0.000261163,-0.000509346,-0.001103809,-0.00109376,-0.000382163,0.000666284,0.0013848,0.001203427,5.91E-05,-0.001465491,-0.002421796,-0.002076675,-0.000441479,0.001626888,0.002888966,0.002508386,0.000656233,-0.001510451,-0.002553525,-0.001721501,0.000475758,0.002530403,0.002927704,0.001220551,-0.001576713,-0.003612077,-0.003462061,-0.001166695,0.001735101,0.003255337,0.002380696,-0.000163424,-0.002408736,-0.002587212,-0.000475939,0.002380393,0.003786942,0.0025563,-0.000546038,-0.003323816,-0.003787451,-0.001672592,0.001344484,0.002935159,0.001932346,-0.000751579,-0.002847927,-0.002548732,2.06E-05,0.002866904,0.003709896,0.001823633,-0.001352041,-0.003348397,-0.002650708,8.18E-05,0.002563458,0.002760137,0.000556136,-0.002167015,-0.00311005,-0.001480389,0.001347397
0.015514059,0.004535363,0.001218912,-0.000824726,-0.002309215,-0.003304191,-0.003798648,-0.003823978,-0.003456374,-0.00277422,-0.001830923,-0.000673285,0.000610769,0.001859584,0.00285442,0.003382203,0.003309222,0.002627677,0.001460045,3.20E-05,-0.001368379,-0.002439338,-0.002927815,-0.002705215,-0.001833126,-0.000578189,0.000655897,0.001471111,0.001637284,0.001194167,0.000434306,-0.000235892,-0.000495354,-0.000269399,0.000233964,0.000640935,0.000630423,0.000139347,-0.000569019,-0.001035806,-0.000885795,-9.98E-05,0.000902984,0.001465607,0.001097478,-0.00015639,-0.001642731,-0.002431521,-0.001895559,-0.000179496,0.001785527,0.002801834,0.002175908,0.000237724,-0.001785269,-0.002527399,-0.001414776,0.000871819,0.002774671,0.002888132,0.000963158,-0.001833829,-0.003652798,-0.003229183,-0.000809425,0.001961585,0.003171163,0.002014623,-0.000587289,-0.002625397,-0.002476991,-0.000146691,0.002676575,0.003841784,0.002358042,-0.000810264,-0.003417687,-0.003612553,-0.001348343,0.001571064,0.002881002,0.001622625,-0.001099463,-0.002989048,-0.002395856,0.000335563,0.003101876,0.003703401,0.001615713,-0.001563591,-0.00337734,-0.00247738,0.000296331,0.002614496,0.002573212,0.000254249,-0.002358865,-0.003044493,-0.001204317,0.001633423
0.015274518,0.004377428,0.001061526,-0.000979701,-0.002440993,-0.003385809,-0.003803954,-0.003733926,-0.003264626,-0.002491257,-0.001485771,-0.000312081,0.000929846,0.002075065,0.002913303,0.003253016,0.002993634,0.002167028,0.000933319,-0.000456824,-0.001712748,-0.002557616,-0.002788199,-0.002339137,-0.001330625,-6.41E-05,0.001058734,0.001679815,0.001633418,0.001024615,0.000187022,-0.000471521,-0.000665752,-0.000373625,0.00015662,0.000546102,0.000506378,2.36E-05,-0.000607766,-0.000942269,-0.000663585,0.000174234,0.001111025,0.001514794,0.000980755,-0.000346043,-0.001761789,-0.002375524,-0.001674334,7.47E-05,0.001891598,0.002645337,0.001794156,-0.000186854,-0.00202832,-0.002462081,-0.001096557,0.001236151,0.002960016,0.002800776,0.000704674,-0.002036873,-0.003609698,-0.002926136,-0.000428934,0.002162143,0.003040118,0.001617618,-0.001007631,-0.002816707,-0.002352594,0.000158446,0.002911351,0.003828492,0.00212442,-0.001056263,-0.003451859,-0.003372129,-0.000986226,0.001799017,0.002810327,0.001306456,-0.001430475,-0.003102375,-0.00223179,0.000625733,0.003281923,0.003640469,0.001380652,-0.001762165,-0.003369072,-0.002271685,0.000518661,0.002651891,0.002372003,-4.32E-05,-0.002526247,-0.002951654,-0.000918921,0.001904259
0.014553017,0.004088587,0.00087995,-0.001096585,-0.002493176,-0.003362403,-0.003693573,-0.003531429,-0.002976274,-0.002138056,-0.001104295,4.79E-05,0.001211298,0.002222863,0.002885675,0.003033293,0.002599501,0.001654046,0.000389792,-0.000924865,-0.002004827,-0.002605271,-0.002576801,-0.001916857,-0.000799183,0.000448282,0.001434978,0.001849297,0.001591917,0.000829875,-6.91E-05,-0.000703111,-0.000827117,-0.000471373,8.00E-05,0.000448707,0.000381959,-8.63E-05,-0.000635297,-0.000838775,-0.000440974,0.000434914,0.001296151,0.001543354,0.000859208,-0.0005179,-0.001845806,-0.002283377,-0.001434298,0.000320583,0.001967366,0.00245459,0.001394138,-0.000604421,-0.002246754,-0.002374555,-0.00077776,0.001574312,0.003105865,0.002684633,0.00044728,-0.002207479,-0.003520335,-0.002588135,-4.11E-05,0.002345147,0.002885213,0.001210693,-0.001417084,-0.002987745,-0.002219473,0.000446429,0.003106918,0.003774256,0.001871189,-0.001290568,-0.003452511,-0.003097686,-0.000607186,0.002024734,0.002731076,0.000991057,-0.001746434,-0.003196611,-0.002061849,0.000898458,0.003427124,0.003543761,0.001130787,-0.001951792,-0.003338847,-0.002048059,0.000744746,0.002682315,0.002165513,-0.000334491,-0.002677407,-0.002844131,-0.000632107,0.002161371
0.013423868,0.003689051,0.000677955,-0.001181198,-0.002477988,-0.003250129,-0.003485322,-0.003233833,-0.002606253,-0.001725516,-0.00069219,0.000406756,0.001460834,0.002313342,0.002784847,0.002737013,0.00213901,0.001096917,-0.000167807,-0.001375187,-0.002252579,-0.002593148,-0.002304709,-0.001447122,-0.000243388,0.00095914,0.001788608,0.001985531,0.00151856,0.000613856,-0.000332652,-0.000931218,-0.000980779,-0.000563595,4.15E-06,0.000349177,0.000257252,-0.000191112,-0.00065334,-0.000726885,-0.000218073,0.000684251,0.001461847,0.001554446,0.000733589,-0.000674678,-0.001900165,-0.002160656,-0.001178375,0.0005593,0.00201749,0.002234899,0.000978737,-0.00101598,-0.002444312,-0.002268239,-0.000458515,0.001890274,0.003218255,0.002544127,0.000190823,-0.002350625,-0.00339184,-0.002220601,0.000352888,0.002513273,0.002710139,0.000795428,-0.001817256,-0.003141585,-0.002078967,0.000719875,0.003269279,0.003685367,0.001601377,-0.001514962,-0.003424802,-0.002794488,-0.000213869,0.002248528,0.002644572,0.000676345,-0.002049615,-0.003274669,-0.001886942,0.001156397,0.003542816,0.003418467,0.000868409,-0.002133832,-0.003290039,-0.001809272,0.000973996,0.002706841,0.001954573,-0.000620464,-0.002814822,-0.002724191,-0.000344126,0.002406832
0.011519538,0.003086727,0.000449177,-0.001190102,-0.002320667,-0.002958084,-0.003086174,-0.002758641,-0.002093085,-0.001220596,-0.000248387,0.000734497,0.001623033,0.002275547,0.00253734,0.002302251,0.001574206,0.000489627,-0.000712219,-0.001753407,-0.002387179,-0.002454416,-0.001923182,-0.000910644,0.000323292,0.001428069,0.002065502,0.002036838,0.001377904,0.000364276,-0.000594358,-0.001133379,-0.001101694,-0.000630594,-5.90E-05,0.000254922,0.000139621,-0.000281619,-0.000653832,-0.000606478,-8.42E-06,0.000895461,0.001576636,0.001525446,0.00060149,-0.00079657,-0.001892679,-0.001979894,-0.000898514,0.000776368,0.00201588,0.001967514,0.000551424,-0.00139518,-0.002586926,-0.00212352,-0.000148718,0.00214707,0.003252535,0.002351568,-6.11E-05,-0.002436324,-0.003188531,-0.00180439,0.000746832,0.002645026,0.00249911,0.000377904,-0.002181196,-0.003248406,-0.001920739,0.000959081,0.003357934,0.003523465,0.001299689,-0.001716739,-0.003341219,-0.002440659,0.000197702,0.002460691,0.002543238,0.000370433,-0.002316729,-0.003313125,-0.001701774,0.001379445,0.003593293,0.003233394,0.000582967,-0.002296856,-0.003202002,-0.001541282,0.001207263,0.002719596,0.001738926,-0.000889265,-0.002920106,-0.002580494,-6.10E-05,0.002619137
0.009337117,0.002415657,0.000217062,-0.001164344,-0.002104976,-0.002595818,-0.002615914,-0.002221295,-0.0015348,-0.000693156,0.000192913,0.001035835,0.00173974,0.0021813,0.002232875,0.00182111,0.00098315,-0.000118003,-0.001230704,-0.002085068,-0.002465297,-0.002262706,-0.001504963,-0.000362388,0.000874952,0.001860725,0.002296184,0.002045423,0.001209117,0.000106371,-0.000846467,-0.001315335,-0.001200757,-0.000680612,-0.000111705,0.000167082,2.83E-05,-0.000364382,-0.000647813,-0.000486413,0.000189387,0.00108387,0.001664934,0.00147754,0.000467352,-0.000902238,-0.001859072,-0.001777278,-0.000612955,0.000980827,0.001992882,0.001685719,0.000128703,-0.001750848,-0.002700219,-0.001962331,0.000152406,0.002372572,0.003249444,0.002136116,-0.000309736,-0.002497362,-0.002956589,-0.001373903,0.001133961,0.002757953,0.002275112,-3.34E-05,-0.002521176,-0.003329125,-0.001753202,0.001182157,0.003413097,0.003330101,0.000985896,-0.001907585,-0.00323511,-0.002069849,0.000610877,0.002663265,0.002434859,7.14E-05,-0.002563737,-0.003331339,-0.001511773,0.001585912,0.00361425,0.003022858,0.000289493,-0.002449728,-0.003096652,-0.00126208,0.001440445,0.002726827,0.001522916,-0.001147894,-0.003009752,-0.002427373,0.000216746,0.002812894
0.006832186,0.001664862,-1.89E-05,-0.001098375,-0.001821582,-0.002152107,-0.002063177,-0.001611872,-0.0009242,-0.000139608,0.000631294,0.00130654,0.001803672,0.00202157,0.001862347,0.001286184,0.00036166,-0.000726008,-0.001719097,-0.002362707,-0.002477891,-0.002009548,-0.001044196,0.000199515,0.001409172,0.002251292,0.002473252,0.002004448,0.001007702,-0.000161183,-0.001087436,-0.001473847,-0.001274468,-0.000710931,-0.000152361,8.67E-05,-7.57E-05,-0.000438158,-0.000634241,-0.000366751,0.000373453,0.001245822,0.001722499,0.001407705,0.000330852,-0.000989081,-0.001795163,-0.001549314,-0.000320793,0.001170656,0.001945073,0.001387219,-0.000288678,-0.002079206,-0.002779498,-0.001782044,0.000443461,0.002561765,0.003203,0.001894118,-0.000554687,-0.00252979,-0.002691442,-0.000926869,0.001513173,0.002849037,0.002036078,-0.000437559,-0.00283335,-0.003379562,-0.001574871,0.001386513,0.003429409,0.003100246,0.000658073,-0.002085743,-0.003102877,-0.001679353,0.001025898,0.002854706,0.002318311,-0.000219519,-0.002787414,-0.003326071,-0.001316173,0.001773139,0.00360096,0.002782792,-1.33E-05,-0.002590822,-0.002971219,-0.000969882,0.001673521,0.002727648,0.001306494,-0.001394715,-0.00308126,-0.002263322,0.000488138,0.002985128
0.003983387,0.000839212,-0.000243101,-0.000970418,-0.001447105,-0.001606768,-0.001415544,-0.000929308,-0.000273478,0.000414856,0.001031196,0.001505523,0.001774777,0.001764733,0.001409506,0.000701592,-0.000264233,-0.001289323,-0.002120688,-0.002528776,-0.002378617,-0.00167022,-0.000543764,0.00074494,0.001875596,0.00254119,0.002543658,0.001877944,0.000760796,-0.00042904,-0.00129246,-0.001578135,-0.001294415,-0.000699881,-0.000165879,2.50E-05,-0.000162674,-0.000495283,-0.000611081,-0.000255269,0.000524902,0.001355287,0.001724557,0.001301413,0.000192206,-0.001045201,-0.001686756,-0.001289854,-2.87E-05,0.001330956,0.001861004,0.001075829,-0.000677718,-0.002345804,-0.002794822,-0.001572363,0.000710033,0.002683945,0.003083156,0.001611162,-0.000790929,-0.002518559,-0.002383415,-0.000469404,0.00186486,0.002898913,0.001778496,-0.000815909,-0.003085184,-0.003370804,-0.001375849,0.001559921,0.003383219,0.002815276,0.000313087,-0.002241197,-0.002933625,-0.001269416,0.001429274,0.003017822,0.002186488,-0.000492286,-0.002965681,-0.003277609,-0.001110486,0.001928209,0.003532803,0.002498888,-0.000325352,-0.002708896,-0.00281386,-0.000661206,0.001901371,0.002716299,0.001091966,-0.001617874,-0.003120899,-0.002083766,0.000743061,0.003115531
0.001062118,4.48E-06,-0.00045428,-0.000816739,-0.001040875,-0.001030132,-0.000743198,-0.000233675,0.000375416,0.000951729,0.001399545,0.001663416,0.001701909,0.001469081,0.000931152,0.000111365,-0.00087259,-0.001813262,-0.002467423,-0.002635091,-0.002227392,-0.001298593,-3.85E-05,0.001266215,0.002294685,0.002772255,0.002558145,0.001711335,0.000497166,-0.000690013,-0.001473415,-0.00165111,-0.001285055,-0.000666699,-0.000164552,-2.60E-05,-0.00024002,-0.000544001,-0.000584472,-0.000150316,0.000657557,0.001437163,0.001699195,0.001178284,5.34E-05,-0.001087202,-0.001560049,-0.001020206,0.000258698,0.001475026,0.001761749,0.00076433,-0.001045576,-0.002576744,-0.002777081,-0.001349807,0.000962025,0.00277211,0.002928588,0.001310654,-0.001021674,-0.002488192,-0.002060342,-1.44E-05,0.002197203,0.002926907,0.001514525,-0.001176539,-0.003302752,-0.003330435,-0.001165889,0.001718891,0.003308619,0.002506969,-3.70E-05,-0.002384855,-0.002749391,-0.000855984,0.001820587,0.003162928,0.002046296,-0.000754675,-0.003119759,-0.003206913,-0.000899583,0.002068163,0.003439814,0.002196814,-0.000638797,-0.002814329,-0.002641962,-0.000347163,0.002124124,0.002698018,0.000879055,-0.001828252,-0.003144643,-0.001897806,0.000987874,0.003223783
-0.001929581,-0.000834781,-0.000646069,-0.000629932,-0.000595731,-0.000416751,-4.38E-05,0.000473137,0.001015922,0.00146009,0.001722183,0.001764709,0.001570638,0.001123933,0.000422767,-0.000481225,-0.001452047,-0.002279697,-0.002737379,-0.002660072,-0.002007471,-0.000886513,0.000469057,0.001750742,0.00264656,0.002922001,0.002496823,0.001491583,0.000212705,-0.000939834,-0.001620391,-0.001680893,-0.001235679,-0.000603403,-0.000142938,-6.22E-05,-0.00030416,-0.000581405,-0.000553595,-5.48E-05,0.000764293,0.00148162,0.001637094,0.001032921,-8.55E-05,-0.001110576,-0.001409829,-0.000738381,0.000538351,0.001596893,0.001642895,0.000454403,-0.001383076,-0.002758493,-0.002714637,-0.001110458,0.001193794,0.002814448,0.002727921,0.000987373,-0.001244716,-0.002432852,-0.0017188,0.000435283,0.002502047,0.002925168,0.001242764,-0.001512052,-0.003473183,-0.003247073,-0.000941086,0.001858747,0.003196629,0.002168471,-0.000392887,-0.002512546,-0.002545994,-0.000439554,0.002194004,0.003282807,0.001894672,-0.001002773,-0.003240944,-0.003106187,-0.000681637,0.00218807,0.003314176,0.001871357,-0.000953207,-0.00290248,-0.00245093,-2.67E-05,0.00233935,0.002670201,0.000668503,-0.002021197,-0.003147045,-0.001703616,0.001218593,0.003301943
-0.004793562,-0.001618209,-0.000798174,-0.000413053,-0.000131681,0.00020045,0.00064026,0.001143113,0.001598526,0.00189357,0.001960713,0.001783474,0.00137107,0.000737378,-8.98E-05,-0.001035468,-0.001952504,-0.002636753,-0.002885517,-0.002573527,-0.001709127,-0.000446479,0.000947092,0.002154144,0.002883955,0.002950079,0.002333771,0.00121051,-8.45E-05,-0.001159453,-0.001710338,-0.001646497,-0.001130627,-0.000499688,-9.40E-05,-7.76E-05,-0.000349515,-0.000603901,-0.000519409,2.42E-05,0.000832979,0.001475293,0.001528424,0.000861986,-0.000222027,-0.001111887,-0.001237028,-0.00045248,0.000797401,0.00168583,0.001503722,0.000159168,-0.00166646,-0.002865872,-0.00259134,-0.000852981,0.001394056,0.002795692,0.002471411,0.000641314,-0.001454035,-0.002349369,-0.001366066,0.000861376,0.00275801,0.002880572,0.000966115,-0.001804565,-0.003572877,-0.003102872,-0.000695754,0.001975213,0.003041239,0.001799568,-0.000748052,-0.002617028,-0.002323997,-3.24E-05,0.002529806,0.003360176,0.001725629,-0.0012295,-0.003315331,-0.002964185,-0.000453985,0.002283399,0.003150929,0.001523411,-0.001261136,-0.00296458,-0.002237385,0.000295591,0.002538196,0.002626817,0.000461861,-0.00218901,-0.003120813,-0.001500901,0.001426973,0.003337847
-0.007512391,-0.002350897,-0.000925154,-0.000186035,0.000330023,0.00080325,0.001298018,0.001775686,0.002134848,0.002275706,0.002148153,0.001757747,0.001140216,0.000338602,-0.000591667,-0.001555283,-0.002398192,-0.002926333,-0.002964585,-0.002429024,-0.001375552,-1.58E-06,0.001398202,0.002504494,0.003053901,0.002911278,0.002118651,0.000901789,-0.000382468,-0.001357797,-0.001766715,-0.001576935,-0.000996534,-0.000375649,-3.14E-05,-8.23E-05,-0.000384935,-0.000618687,-0.000484115,9.36E-05,0.000881007,0.001442565,0.001396658,0.000679437,-0.00035634,-0.001102485,-0.001055436,-0.000168757,0.001041902,0.001756135,0.001355663,-0.000124274,-0.001917033,-0.002931511,-0.002435979,-0.000587671,0.001576176,0.002745067,0.002187945,0.000286456,-0.001654439,-0.002252543,-0.001011998,0.001269295,0.002983844,0.002812125,0.000688636,-0.002071326,-0.003632846,-0.002925748,-0.000439686,0.002079892,0.00286527,0.001418367,-0.0010994,-0.00270819,-0.002094375,0.000365311,0.00284085,0.00341187,0.001546528,-0.001444203,-0.003364058,-0.002800074,-0.00022123,0.002366439,0.00296998,0.001166864,-0.00156263,-0.003011674,-0.002013023,0.000616237,0.002725807,0.002573897,0.000257387,-0.002342885,-0.003079292,-0.001294403,0.001622465,0.003350881
-0.009951364,-0.002990586,-0.001011284,5.14E-05,0.000778139,0.001371161,0.001901628,0.002337848,0.00258936,0.002571682,0.002254001,0.001664972,0.000866654,-7.05E-05,-0.001066912,-0.002012197,-0.002751592,-0.003107414,-0.002936846,-0.00219892,-0.000994534,0.000442458,0.001799931,0.002767436,0.003117615,0.002770664,0.001827295,0.000555741,-0.000676711,-0.001520075,-0.001770241,-0.00145393,-0.000819464,-0.000222158,5.08E-05,-7.14E-05,-0.000405531,-0.000622117,-0.000447689,0.000147838,0.000897786,0.00137083,0.001231703,0.000481126,-0.000486464,-0.00107788,-0.000863309,0.000108173,0.001261714,0.001797656,0.001195872,-0.000386831,-0.002115242,-0.002932931,-0.002232894,-0.00031212,0.001730021,0.002647266,0.001866379,-7.89E-05,-0.001840182,-0.002137073,-0.000659689,0.001645438,0.003161243,0.002707142,0.000411363,-0.002297212,-0.003631673,-0.002698915,-0.000167714,0.002167458,0.002660553,0.001021925,-0.001442251,-0.00277863,-0.001855192,0.000745116,0.003110986,0.003422666,0.001351744,-0.001640369,-0.003373766,-0.002602767,1.91E-05,0.002431721,0.002764418,0.00080019,-0.001852062,-0.003035386,-0.001773425,0.000932291,0.002894556,0.002505689,5.62E-05,-0.002475437,-0.003014843,-0.001082863,0.001797849,0.003329382
-0.011923175,-0.003486972,-0.001047951,0.000283714,0.001181327,0.001863393,0.002406599,0.002786735,0.002925613,0.002755384,0.002265181,0.001506233,0.00056493,-0.000464469,-0.001483401,-0.0023727,-0.002983513,-0.003160163,-0.002795204,-0.00188979,-0.000584449,0.00085985,0.002125016,0.002920337,0.003061764,0.002526233,0.001467937,0.00018712,-0.000951003,-0.001633262,-0.001713903,-0.001276762,-0.000603087,-4.44E-05,0.000148351,-4.69E-05,-0.000412002,-0.000614643,-0.000411169,0.000185728,0.000883225,0.001262535,0.001038606,0.000272834,-0.000609072,-0.001039983,-0.000668316,0.000367433,0.001447424,0.001806848,0.001028305,-0.000619293,-0.002251584,-0.002865131,-0.001983337,-3.14E-05,0.001851617,0.002503725,0.001514119,-0.000445099,-0.002005636,-0.002005657,-0.000320042,0.0019755,0.003279131,0.00256224,0.000138386,-0.002474957,-0.003564045,-0.002421355,0.000118733,0.002238362,0.002432637,0.000620176,-0.001766901,-0.002824451,-0.001611131,0.001095715,0.003327677,0.003384156,0.00113907,-0.001815935,-0.003341897,-0.002371643,0.000266412,0.002480359,0.002539401,0.00043195,-0.002121132,-0.003031949,-0.001521223,0.001236586,0.003036991,0.002418127,-0.000141518,-0.002584648,-0.00292651,-0.000867719,0.001950533,0.003272124
-0.013578654,-0.003888557,-0.001054628,0.000508375,0.001549953,0.00230115,0.002843258,0.003159724,0.003185196,0.002868923,0.002219967,0.001311354,0.000252137,-0.00084219,-0.00185743,-0.00266948,-0.003139162,-0.003135732,-0.002588314,-0.001538969,-0.000164025,0.001254391,0.002399082,0.003005161,0.002935497,0.002223718,0.001073633,-0.000189157,-0.001208895,-0.001714948,-0.001622106,-0.001069447,-0.000366339,0.000144907,0.000252877,-1.57E-05,-0.000410844,-0.000601113,-0.000374743,0.000214237,0.000851214,0.001134613,0.000831413,6.09E-05,-0.000726187,-0.000994953,-0.000473889,0.000613457,0.001610951,0.001796544,0.000857322,-0.000832213,-0.002350351,-0.002756975,-0.001708172,0.000250362,0.001953637,0.002334783,0.001146974,-0.000808584,-0.00215746,-0.001865656,9.37E-06,0.002275225,0.003359957,0.002393669,-0.000130967,-0.002623329,-0.003457365,-0.002115094,0.000412524,0.002299591,0.002193082,0.000218513,-0.002078005,-0.002854783,-0.001365453,0.001426462,0.003510304,0.003315175,0.00091567,-0.001979078,-0.003285631,-0.002121249,0.000517267,0.002519638,0.00230477,6.54E-05,-0.002375977,-0.003011823,-0.001262661,0.001531886,0.003162023,0.002318204,-0.000337322,-0.002679877,-0.002824185,-0.000650869,0.002089591,0.003194256
-0.014636583,-0.004114665,-0.0010103,0.000711801,0.001846618,0.002630785,0.003148424,0.003390642,0.00330545,0.002859387,0.002080667,0.001061967,-6.87E-05,-0.001179523,-0.002146935,-0.002848399,-0.003160395,-0.002981196,-0.002277349,-0.001128484,0.00026084,0.001597999,0.002578186,0.002971778,0.002693242,0.001831209,0.000631238,-0.000567574,-0.001431136,-0.001739936,-0.001471529,-0.00081573,-0.0001012,0.000347909,0.000364803,2.39E-05,-0.000398398,-0.000578281,-0.000338749,0.000227775,0.000792325,0.000977894,0.000605609,-0.000152805,-0.000832268,-0.000939462,-0.000284585,0.000832422,0.00173404,0.001753281,0.00068288,-0.001009556,-0.002385109,-0.002583108,-0.001394101,0.000530428,0.002022313,0.00212686,0.000761244,-0.001161392,-0.002283702,-0.001713017,0.000316743,0.002519024,0.003375995,0.002185822,-0.0003923,-0.002721405,-0.003286528,-0.001763744,0.000716204,0.002345134,0.001938113,-0.000177033,-0.00236154,-0.002857771,-0.001119452,0.001719564,0.003632005,0.003193348,0.000674263,-0.002121214,-0.003189335,-0.00184033,0.000772902,0.002544321,0.00205773,-0.000293226,-0.002603232,-0.002962908,-0.000995604,0.001808519,0.003254843,0.002196147,-0.000529988,-0.002751636,-0.002698955,-0.000432003,0.002205711,0.003083286
-0.015111675,-0.004174977,-0.000924605,0.000884501,0.00206325,0.002847294,0.003321738,0.003484897,0.003297875,0.002743701,0.001867892,0.000779676,-0.000378191,-0.001463099,-0.00234748,-0.002915833,-0.00306446,-0.002722583,-0.001892945,-0.000687963,0.000667478,0.001879878,0.002665974,0.002837667,0.002362482,0.001380006,0.000168925,-0.000928893,-0.001610522,-0.00171278,-0.001275275,-0.000532577,0.000175885,0.000551388,0.000474655,6.54E-05,-0.000379335,-0.000548985,-0.000303083,0.000230827,0.00071583,0.00080481,0.000373324,-0.000360301,-0.000925546,-0.000877104,-0.000105783,0.001021397,0.001818421,0.001682022,0.000508693,-0.001153699,-0.002366237,-0.00235911,-0.001055449,0.000802341,0.002062063,0.001892607,0.000371172,-0.001494368,-0.002383025,-0.001551621,0.000598716,0.002708681,0.00333424,0.001946216,-0.000643783,-0.002776302,-0.003065323,-0.001381158,0.001022638,0.0023772,0.001676334,-0.000557652,-0.002613505,-0.002834805,-0.000876241,0.001974821,0.003697223,0.003025143,0.000418405,-0.002245071,-0.003061029,-0.001537339,0.001029722,0.002557673,0.001805808,-0.000637432,-0.002801082,-0.00288837,-0.000725013,0.002063393,0.003315438,0.002053147,-0.00072006,-0.002803326,-0.002555109,-0.000212614,0.002302621,0.002947216
-0.015192403,-0.004124084,-0.000812451,0.00103459,0.002223938,0.002985864,0.003405177,0.003487012,0.003205254,0.002558691,0.001608707,0.000478794,-0.000676647,-0.001707659,-0.002486592,-0.002908386,-0.002891698,-0.002397629,-0.001463923,-0.00023227,0.001057579,0.002117637,0.002692023,0.002637887,0.001976232,0.000894414,-0.000301793,-0.001274904,-0.001759181,-0.001650722,-0.001050178,-0.000232482,0.000457979,0.000752603,0.000581241,0.000107039,-0.000356527,-0.000515674,-0.000267544,0.00022752,0.000628898,0.000622695,0.00013878,-0.000561994,-0.001009552,-0.000810493,6.50E-05,0.001189259,0.001876427,0.001592275,0.000335231,-0.001275492,-0.002312347,-0.002103441,-0.00070254,0.001067322,0.002082499,0.001642369,-1.93E-05,-0.001811863,-0.002463296,-0.001384638,0.000862735,0.002861383,0.003253888,0.001686069,-0.000888096,-0.002802642,-0.002811876,-0.000979675,0.001329398,0.002400046,0.00141118,-0.000926429,-0.002842835,-0.002793974,-0.000635344,0.00220401,0.003724293,0.002826156,0.000153344,-0.002356626,-0.002911953,-0.001220667,0.001286522,0.002563529,0.001551666,-0.000970517,-0.002978238,-0.002796618,-0.000452845,0.002302624,0.003353691,0.001895874,-0.000908352,-0.002841616,-0.002399049,6.90E-06,0.002386879,0.002795187
-0.014531371,-0.003868117,-0.000656905,0.001134541,0.002271948,0.002972038,0.003316842,0.003317233,0.002958714,0.002253735,0.001276022,0.000158278,-0.000939766,-0.00186781,-0.002504984,-0.002762425,-0.002584665,-0.001964921,-0.000972151,0.00023047,0.001399038,0.002262592,0.002602158,0.002324971,0.001503967,0.000366375,-0.000767167,-0.001576529,-0.001842819,-0.001524618,-0.000779448,8.71E-05,0.000736665,0.000938775,0.000673918,0.000143796,-0.000329734,-0.000476305,-0.000231842,0.000215325,0.000528487,0.000432107,-9.11E-05,-0.00074612,-0.001073566,-0.000737527,0.000216606,0.001313977,0.001884055,0.001469665,0.000165467,-0.001355708,-0.002197887,-0.001797588,-0.000332755,0.001313338,0.00206768,0.001369723,-0.00040002,-0.002091625,-0.002504237,-0.001208571,0.001089754,0.002943224,0.003103058,0.001391245,-0.001116796,-0.00277802,-0.002505471,-0.000552013,0.001630348,0.002405116,0.001144829,-0.001265648,-0.003024277,-0.002718279,-0.000400582,0.002382243,0.003679913,0.002571779,-0.000126597,-0.002445326,-0.002727542,-0.000883513,0.001539843,0.002555997,0.001297884,-0.001277107,-0.003113142,-0.002673002,-0.000181126,0.002508592,0.003347684,0.001711362,-0.001093174,-0.002855442,-0.002221629,0.000225666,0.00244877,0.002617416
-0.013389874,-0.003483339,-0.000479535,0.001194551,0.002239656,0.002853797,0.003114517,0.003037409,0.002618291,0.001881216,0.000909183,-0.000159916,-0.001165688,-0.001962257,-0.002439792,-0.002528641,-0.00220033,-0.001478867,-0.000460472,0.000676414,0.00169119,0.002336989,0.002436575,0.001948331,0.000993805,-0.000166975,-0.001207437,-0.001832932,-0.001876144,-0.0013579,-0.000487561,0.000406427,0.000999567,0.001103623,0.000749334,0.000172382,-0.000303002,-0.000433999,-0.000195391,0.000200238,0.000424967,0.000244066,-0.000309211,-0.000911609,-0.001121091,-0.000661271,0.000351995,0.001406503,0.001856928,0.001326542,2.18E-07,-0.00140854,-0.002047956,-0.001467403,3.81E-05,0.001539967,0.002029359,0.001089041,-0.000763623,-0.002336762,-0.002514235,-0.001026935,0.001289078,0.002975994,0.002906735,0.001077107,-0.001332415,-0.002721257,-0.00217087,-0.000116599,0.001919756,0.002396376,0.000881864,-0.001577789,-0.003167519,-0.002616978,-0.000171195,0.002524279,0.003587546,0.002282707,-0.000413495,-0.002517953,-0.002522351,-0.00053787,0.001786495,0.002538931,0.001047987,-0.001560427,-0.003215811,-0.002527923,8.70E-05,0.002687908,0.003309124,0.001508018,-0.001275004,-0.00285267,-0.002030811,0.000442959,0.002496507,0.002426019
-0.01188961,-0.003002819,-0.000286551,0.001223922,0.002146607,0.002656968,0.002826776,0.002675543,0.002208386,0.001459336,0.000518296,-0.00047474,-0.00136226,-0.002006416,-0.002311563,-0.002229444,-0.001759287,-0.000954747,6.38E-05,0.001107454,0.001944519,0.002357477,0.002214299,0.001525091,0.000457277,-0.000701825,-0.001626508,-0.002053655,-0.001870901,-0.001160896,-0.000180803,0.000724196,0.001249101,0.001251196,0.000810914,0.000194327,-0.000276558,-0.000389562,-0.000158295,0.000183279,0.000319692,5.88E-05,-0.000517445,-0.001062311,-0.001155818,-0.000582584,0.000474815,0.001474428,0.001803483,0.001168095,-0.00016142,-0.001440765,-0.0018718,-0.001119854,0.000408658,0.001751195,0.001973246,0.00080298,-0.001113213,-0.002554748,-0.002500335,-0.000841091,0.00146723,0.00297158,0.002676279,0.000748844,-0.001537824,-0.0026404,-0.001815753,0.00032357,0.002199528,0.002376882,0.00062181,-0.001868741,-0.003281246,-0.002496059,5.40E-05,0.00263879,0.003458959,0.00196775,-0.00070524,-0.002578273,-0.002301729,-0.000186395,0.002027564,0.002514492,0.000801324,-0.001825622,-0.003293706,-0.0023666,0.000351969,0.002846621,0.003245665,0.001290417,-0.001454444,-0.00283727,-0.001829928,0.000659024,0.002533593,0.002224669
-0.009767764,-0.002362345,-7.57E-05,0.00118924,0.001937548,0.002315587,0.002386979,0.00217331,0.001686461,0.000966644,0.000105407,-0.000761604,-0.001486765,-0.001946881,-0.002065697,-0.001819141,-0.001233698,-0.000388554,0.000579379,0.001480765,0.002103495,0.002268038,0.001891737,0.001034432,-9.88E-05,-0.001205953,-0.001975685,-0.002186725,-0.00178539,-0.00091198,0.000139187,0.001019432,0.001454127,0.001350575,0.00083575,0.000197482,-0.000253901,-0.000342253,-0.000118923,0.000166944,0.000219013,-0.000110313,-0.000695278,-0.00117562,-0.001161784,-0.000500021,0.000569927,0.00149212,0.001699503,0.00098302,-0.000313517,-0.001435109,-0.001653791,-0.000753131,0.000763607,0.001923238,0.001882993,0.000516035,-0.001421707,-0.002708124,-0.002434319,-0.000647327,0.001602034,0.002895401,0.002384516,0.000400184,-0.00171957,-0.002516495,-0.001432408,0.000757953,0.002448818,0.002332837,0.00037203,-0.002109849,-0.003330419,-0.002334435,0.00027015,0.002698869,0.003262398,0.001608249,-0.001000663,-0.002613146,-0.002055533,0.000168281,0.002250749,0.002473867,0.000564807,-0.002049228,-0.003319167,-0.002174214,0.000606465,0.002960101,0.003131073,0.001045504,-0.001627561,-0.002796824,-0.001610868,0.000871195,0.002551116,0.002009091
-0.007400888,-0.001663249,0.000135184,0.001121124,0.001674744,0.001910945,0.001884154,0.001616972,0.001126496,0.000456894,-0.000301549,-0.001020919,-0.001566893,-0.00183386,-0.001766844,-0.001366347,-0.00068471,0.000176545,0.001068624,0.001807137,0.002204455,0.002122217,0.001527468,0.00052678,-0.000643015,-0.001672574,-0.002271699,-0.002265015,-0.001657466,-0.000642736,0.000454783,0.001290352,0.001624851,0.001416682,0.000836332,0.000187981,-0.000234762,-0.000294073,-7.77E-05,0.000153455,0.00012544,-0.000264664,-0.000850885,-0.001264706,-0.001150715,-0.000415775,0.000649409,0.00148343,0.001570884,0.000786843,-0.000459086,-0.001411849,-0.001420809,-0.000386509,0.001100578,0.002069114,0.00177544,0.00023457,-0.001700635,-0.002821252,-0.002338244,-0.000449549,0.00171384,0.002783781,0.00206567,4.65E-05,-0.001886331,-0.00237307,-0.001042573,0.001179024,0.002674215,0.002273185,0.000129856,-0.002320409,-0.00334233,-0.002150489,0.000481089,0.002731077,0.00303354,0.001230741,-0.001293333,-0.002633462,-0.001799066,0.000518931,0.002459546,0.002423001,0.000335319,-0.002247928,-0.003315347,-0.001966435,0.000852669,0.003047304,0.002989001,0.000787477,-0.001795785,-0.002742879,-0.001383353,0.001080181,0.002559055,0.001789323
-0.004809229,-0.000910369,0.000346236,0.00102234,0.00136264,0.001448273,0.001323513,0.001010999,0.000531635,-6.85E-05,-0.000703072,-0.001254967,-0.001606317,-0.001671779,-0.001419388,-0.000874573,-0.000114255,0.000740648,0.001533731,0.002090462,0.002252204,0.001924679,0.00112494,3.53E-06,-0.001176351,-0.002104799,-0.002518956,-0.002293064,-0.001490641,-0.000354845,0.000766352,0.001538974,0.001764116,0.001452273,0.000814668,0.000166874,-0.00021885,-0.00024509,-3.49E-05,0.000142575,3.84E-05,-0.0004055,-0.000986108,-0.001331574,-0.001124019,-0.000329986,0.000714555,0.001450544,0.001419665,0.00058048,-0.000598669,-0.001372442,-0.001174089,-2.00E-05,0.001421064,0.002190992,0.001652018,-4.19E-05,-0.001952451,-0.002897469,-0.0022146,-0.000248086,0.001804554,0.002639653,0.001721977,-0.000311888,-0.002039352,-0.002211739,-0.000646779,0.001587892,0.002877699,0.002199217,-0.000105345,-0.002502954,-0.003320069,-0.001946069,0.000687289,0.002737722,0.002775053,0.000836711,-0.001583483,-0.00264043,-0.001533171,0.000865891,0.002655151,0.00236274,0.000112276,-0.002423787,-0.003284673,-0.001744533,0.001091273,0.003110405,0.002821723,0.000517417,-0.001959521,-0.002676549,-0.001148082,0.001286248,0.002558202,0.001565709
-0.001984437,-0.000113378,0.000539266,0.000870215,0.000978308,0.00090885,0.000694675,0.000356601,-8.35E-05,-0.000581744,-0.00106059,-0.001419208,-0.001561195,-0.001425142,-0.001003516,-0.000345217,0.000452765,0.001257302,0.001913228,0.002264711,0.002188834,0.001637947,0.000676053,-0.000511031,-0.00164648,-0.002433364,-0.002646652,-0.002214222,-0.001254109,-4.78E-05,0.001047686,0.001722501,0.001825258,0.001417752,0.000744124,0.000120525,-0.000210759,-0.000195397,1.20E-05,0.00014058,-2.87E-05,-0.0005106,-0.001072632,-0.001349163,-0.00106485,-0.000241742,0.000751657,0.001373556,0.001230939,0.000361406,-0.000723746,-0.001307174,-0.000915241,0.000326731,0.001691806,0.002257067,0.001499744,-0.000298148,-0.002139081,-0.002893405,-0.002034903,-4.02E-05,0.001855726,0.00243996,0.001342936,-0.000666694,-0.002160674,-0.002022315,-0.000255989,0.001953502,0.003024039,0.002092228,-0.000324125,-0.002625375,-0.00322797,-0.001701951,0.000883739,0.002698242,0.002468637,0.000423617,-0.001858283,-0.002618941,-0.001255386,0.001194356,0.002815242,0.002280253,-9.64E-05,-0.002551541,-0.003200651,-0.001498155,0.001310203,0.003123699,0.002606705,0.000228313,-0.002110612,-0.002585564,-0.000900354,0.001483988,0.002541277,0.001340509
0.000838971,0.000673071,0.00071641,0.000699428,0.000575808,0.000355263,5.89E-05,-0.000294889,-0.000684652,-0.001070092,-0.001384573,-0.001545382,-0.001479131,-0.001149129,-0.000571947,0.000181623,0.000997287,0.001733325,0.002239669,0.002382478,0.002076381,0.001319965,0.000221259,-0.00100378,-0.002070954,-0.002702105,-0.002713629,-0.002087199,-0.000991859,0.000258746,0.001305802,0.00186884,0.001846262,0.001349524,0.000651242,6.31E-05,-0.000206166,-0.000145613,6.07E-05,0.000143639,-8.47E-05,-0.000596854,-0.001134878,-0.001343405,-0.000991088,-0.000152691,0.000776894,0.001279367,0.001029457,0.000140465,-0.000841004,-0.001233089,-0.000657617,0.000656162,0.001933271,0.002295043,0.001335854,-0.00054134,-0.002292494,-0.002851502,-0.001830479,0.000169708,0.001890522,0.002220095,0.000955057,-0.001013681,-0.002265575,-0.00182352,0.000125216,0.002291522,0.003138962,0.001968416,-0.000534797,-0.002719628,-0.003104591,-0.001441127,0.001075506,0.002640516,0.002146283,8.83E-06,-0.002121068,-0.002583566,-0.000975259,0.001509491,0.002955114,0.002185934,-0.00029839,-0.002657081,-0.003093249,-0.001242694,0.001518369,0.003114283,0.00237202,-6.65E-05,-0.002253926,-0.002483371,-0.000648499,0.001676565,0.002517407,0.001116934
0.003655107,0.001445131,0.000873874,0.000506291,0.000152029,-0.000214426,-0.000583901,-0.000941552,-0.00126752,-0.001527236,-0.001667165,-0.00162504,-0.001352328,-0.000837946,-0.000122134,0.00070439,0.001513423,0.002159059,0.002501003,0.002431359,0.001904452,0.000964554,-0.000239913,-0.001469133,-0.002439158,-0.002897606,-0.002706603,-0.001901741,-0.000698712,0.00056435,0.001535253,0.001969666,0.001818324,0.0012403,0.000531253,-7.88E-06,-0.000205816,-9.57E-05,0.000111829,0.000152883,-0.000127076,-0.000660107,-0.001167556,-0.001309269,-0.000899629,-6.27E-05,0.000787781,0.001164455,0.000812719,-8.25E-05,-0.000948713,-0.00114846,-0.000401827,0.000964205,0.002138867,0.002298785,0.00115795,-0.000768457,-0.002405419,-0.002763621,-0.001596095,0.000382143,0.001905537,0.001976019,0.00055683,-0.001350861,-0.002350448,-0.001613531,0.000494412,0.002595661,0.003215488,0.001824095,-0.000735599,-0.002779665,-0.002943284,-0.001160103,0.001261581,0.0025608,0.001804897,-0.000407666,-0.002369014,-0.002531296,-0.000692447,0.001808199,0.003070246,0.00207717,-0.000492254,-0.002735653,-0.002957526,-0.000976313,0.001713382,0.003077309,0.002113579,-0.00036806,-0.0023877,-0.002367578,-0.000391714,0.001862809,0.002485126,0.000895449
0.006236834,0.002132817,0.000987216,0.000292939,-0.000271491,-0.00076386,-0.001186651,-0.001529444,-0.001775926,-0.001899581,-0.001862507,-0.001625033,-0.001164596,-0.000495181,0.000321919,0.00118075,0.001945532,0.002473191,0.002639593,0.002366986,0.001649969,0.000574551,-0.000678824,-0.001857948,-0.002691139,-0.002961172,-0.00257975,-0.001633135,-0.000373879,0.00084898,0.001703037,0.00198865,0.001710229,0.001068723,0.000372952,-9.64E-05,-0.000210595,-4.59E-05,0.000165994,0.000172303,-0.000146261,-0.000685236,-0.001153045,-0.00123179,-0.00078265,2.79E-05,0.000779063,0.001024621,0.000582377,-0.000299988,-0.001038787,-0.001053091,-0.000161596,0.001224107,0.002277568,0.002245737,0.000961858,-0.00096401,-0.002451079,-0.002604991,-0.001319383,0.000595625,0.001893401,0.001705795,0.000158295,-0.00165965,-0.002399933,-0.00139265,0.000831221,0.002832842,0.003223081,0.001645103,-0.000920344,-0.002786712,-0.002726335,-0.000852221,0.001437662,0.00245292,0.001446848,-0.000811738,-0.002583204,-0.002450689,-0.000411499,0.002071784,0.003139083,0.001942482,-0.000673846,-0.002772894,-0.002780892,-0.000697813,0.001884599,0.002998635,0.001823992,-0.000672781,-0.002501858,-0.002230665,-0.000130841,0.002035766,0.002439753,0.000681062
0.008618984,0.002756157,0.001074642,7.62E-05,-0.000681254,-0.001285413,-0.001749977,-0.002069243,-0.002231111,-0.002217928,-0.002008166,-0.001585173,-0.000952169,-0.000147171,0.000749448,0.001619339,0.002322496,0.002722012,0.002712516,0.002247569,0.001361202,0.000178098,-0.001094278,-0.002197351,-0.002877372,-0.00295605,-0.002395306,-0.001329166,-4.12E-05,0.001115619,0.001834897,0.001964925,0.001563286,0.00086903,0.000198874,-0.00019114,-0.000216842,3.80E-06,0.000221168,0.000196335,-0.000154192,-0.000691803,-0.001116021,-0.001134316,-0.000654554,0.000118269,0.000761978,0.00087581,0.000349709,-0.000511014,-0.001118922,-0.000954383,6.66E-05,0.001455382,0.002380034,0.002164172,0.000758469,-0.001141959,-0.002463057,-0.002413162,-0.001024604,0.000807934,0.001869256,0.001427439,-0.000233961,-0.001949196,-0.002430266,-0.001168723,0.001147276,0.003032314,0.003193976,0.001448456,-0.001096977,-0.002768368,-0.002484164,-0.000533648,0.001607992,0.002333537,0.00108586,-0.001203604,-0.002776506,-0.002355301,-0.000133751,0.002314526,0.003182314,0.001793805,-0.000849663,-0.00279039,-0.002585772,-0.000415499,0.002042885,0.002900305,0.001521911,-0.000975686,-0.002604244,-0.002083392,0.000130434,0.002200536,0.002387587,0.000471301
0.01069352,0.003282015,0.001124769,-0.000142621,-0.001066731,-0.001761572,-0.002251326,-0.002535352,-0.002606576,-0.002457179,-0.002082839,-0.001490243,-0.000707853,0.000203996,0.001148861,0.0020001,0.002618192,0.002876919,0.002693052,0.002052716,0.00102778,-0.000223065,-0.001472551,-0.002464169,-0.002969811,-0.002854973,-0.002132195,-0.000978748,0.000299108,0.001354496,0.001915153,0.001881502,0.001363147,0.000631682,4.31E-06,-0.000293637,-0.000224692,5.34E-05,0.000277531,0.000226551,-0.000146699,-0.000672923,-0.001048316,-0.001009864,-0.000511731,0.000208048,0.000733889,0.000715944,0.000115559,-0.000711754,-0.001184895,-0.00085185,0.000276368,0.001645342,0.002431359,0.002043166,0.000545696,-0.001294884,-0.002428483,-0.002176312,-0.000706064,0.001017968,0.001829127,0.001139762,-0.000615056,-0.002210206,-0.002433571,-0.000941514,0.001432895,0.003178049,0.003113308,0.001227291,-0.001262374,-0.002715374,-0.002208148,-0.000201361,0.001770086,0.002199258,0.000722898,-0.001576288,-0.002939402,-0.002239254,0.000138696,0.002527204,0.003189216,0.001625399,-0.001017643,-0.002780965,-0.002365879,-0.000128782,0.002182909,0.002775281,0.001203759,-0.001274769,-0.002689608,-0.00192188,0.000391628,0.002353403,0.002325945,0.000268345
0.012227571,0.003645606,0.001123373,-0.000348469,-0.001393247,-0.002145187,-0.002637442,-0.002874362,-0.002854247,-0.002579364,-0.002062349,-0.001332123,-0.000440085,0.0005348,0.001484981,0.002281341,0.002790693,0.002902302,0.002557648,0.001774771,0.000658999,-0.000604824,-0.001779774,-0.002621831,-0.002936688,-0.002637173,-0.001784008,-0.000589521,0.000629215,0.001543425,0.001923675,0.001724987,0.001104895,0.000358851,-0.000204959,-0.000398268,-0.000231251,0.000102768,0.000333477,0.000262012,-0.000122782,-0.000626039,-0.00094751,-0.000857858,-0.000355716,0.000295373,0.000695502,0.000550548,-0.000110124,-0.000891436,-0.001230504,-0.000748189,0.000455717,0.001776614,0.002415942,0.001875109,0.000325879,-0.001413913,-0.002338585,-0.001891392,-0.000367362,0.001219976,0.001772112,0.000851353,-0.000968234,-0.002424951,-0.002400193,-0.000714849,0.001672417,0.00325028,0.002966244,0.000976611,-0.001413465,-0.002622959,-0.001897681,0.000140215,0.001919224,0.002051729,0.000369221,-0.001912154,-0.003056053,-0.002096417,0.000399803,0.002696092,0.003146597,0.001430967,-0.001176616,-0.002740724,-0.002120385,0.00015796,0.002298181,0.002620585,0.000873518,-0.00156079,-0.002749199,-0.001743332,0.000648583,0.002487441,0.002251272,7.54E-05
0.01342605,0.003910644,0.001093405,-0.00054221,-0.001679184,-0.002468227,-0.002950469,-0.003135036,-0.003025561,-0.00263419,-0.001989957,-0.001142923,-0.000165666,0.000846655,0.001778401,0.002501253,0.0028914,0.002855812,0.002361462,0.001457219,0.00027877,-0.00096769,-0.002041299,-0.002715951,-0.002834924,-0.002359387,-0.001395948,-0.000186818,0.000946842,0.001700651,0.001891937,0.001530694,0.000819275,7.18E-05,-0.000417735,-0.00050107,-0.000235831,0.000151912,0.000388334,0.000299104,-9.14E-05,-0.000565813,-0.000831085,-0.000693468,-0.00019465,0.00038057,0.000652588,0.000384889,-0.000327773,-0.001056913,-0.001264016,-0.00064478,0.000616605,0.001874426,0.002364102,0.001682811,0.00010399,-0.001513886,-0.002220152,-0.001583808,-2.16E-05,0.001415382,0.001706609,0.000565963,-0.001301745,-0.002611117,-0.002345876,-0.000489769,0.00188471,0.003281145,0.002783162,0.000710806,-0.001556469,-0.002510535,-0.001571479,0.000483742,0.002059986,0.001898451,2.43E-05,-0.002223878,-0.003144919,-0.001938734,0.000653231,0.002839277,0.003075945,0.001222192,-0.001330781,-0.002684642,-0.00186285,0.000442777,0.002399315,0.002451079,0.000539571,-0.001836732,-0.002793157,-0.001555808,0.000901674,0.002609665,0.002168847,-0.000111977
0.014067072,0.004013935,0.001019034,-0.000712193,-0.00189414,-0.002687833,-0.003140679,-0.003266096,-0.003072712,-0.002581907,-0.001837804,-0.000909421,0.000112687,0.001121368,0.001997831,0.002619692,0.002877058,0.002697601,0.002074376,0.001084647,-0.000111031,-0.001293023,-0.002225488,-0.002708316,-0.002627509,-0.00199317,-0.000953292,0.00022873,0.001238231,0.001804591,0.001797162,0.001280473,0.000496024,-0.000231928,-0.000631302,-0.000598004,-0.000236066,0.000200643,0.000440632,0.00033745,-5.01E-05,-0.000487064,-0.000693146,-0.000512753,-2.80E-05,0.000461693,0.000603833,0.000221639,-0.00052958,-0.001197776,-0.001277925,-0.000542642,0.000747232,0.001919328,0.002256262,0.001454709,-0.000119277,-0.001583996,-0.002059538,-0.001245026,0.000331163,0.001598363,0.001628801,0.000288708,-0.001600492,-0.002749941,-0.002258423,-0.000268447,0.002053024,0.003247127,0.002544921,0.000422751,-0.001686756,-0.002368883,-0.001224222,0.000827082,0.002186538,0.001737851,-0.000303463,-0.002494342,-0.003188461,-0.001757989,0.000893329,0.002941101,0.002961161,0.000991225,-0.001477664,-0.002605204,-0.001588771,0.000722647,0.002478067,0.002260221,0.00020288,-0.002094165,-0.002811479,-0.001354814,0.001147239,0.002712152,0.002073848,-0.00029036
0.014098832,0.003945229,0.000903579,-0.000847379,-0.002022856,-0.002787583,-0.003193261,-0.003256711,-0.00299062,-0.002424103,-0.001614067,-0.000645219,0.000378103,0.001341686,0.00212883,0.002627985,0.002746896,0.002435602,0.001712136,0.000678023,-0.000488177,-0.001561938,-0.002321016,-0.002597944,-0.002324338,-0.001557278,-0.000479463,0.000634389,0.00148646,0.001847638,0.001642004,0.000985514,0.000151164,-0.000535788,-0.000832297,-0.000680725,-0.00022864,0.000248511,0.000487668,0.00037299,-4.32E-06,-0.000396758,-0.000542106,-0.000324325,0.000137554,0.00053628,0.000551908,6.75E-05,-0.000707559,-0.001308034,-0.001270151,-0.000443097,0.000845528,0.001911625,0.002096585,0.001197403,-0.000338674,-0.001624358,-0.00186389,-0.000887136,0.000678801,0.001762284,0.001540034,2.74E-05,-0.001854947,-0.002835041,-0.002136784,-5.35E-05,0.002174917,0.003149268,0.002256165,0.000117472,-0.001803222,-0.002203071,-0.000865481,0.001160936,0.002294794,0.001573019,-0.000605922,-0.002715188,-0.003182238,-0.001554738,0.001116772,0.002998886,0.002802097,0.000739474,-0.001617071,-0.002505496,-0.001303883,0.000992398,0.002533418,0.00205249,-0.000128571,-0.002325692,-0.002800851,-0.001141878,0.001381004,0.002790976,0.001964485,-0.000459987
0.013757546,0.003772393,0.000764809,-0.000959064,-0.002096616,-0.002812245,-0.003160717,-0.003161614,-0.002830971,-0.002204532,-0.00135035,-0.00036661,0.000631306,0.001525232,0.002203736,0.002568933,0.002548184,0.002114516,0.001309847,0.00025705,-0.000851732,-0.001792306,-0.002361007,-0.002426554,-0.001967287,-0.001085408,6.24E-06,0.001027775,0.001704321,0.001852424,0.001451804,0.00066724,-0.000201878,-0.000834931,-0.001021921,-0.000752582,-0.000215746,0.000295642,0.000530685,0.000405619,4.27E-05,-0.000301482,-0.000385546,-0.000133681,0.000300569,0.000606117,0.000498624,-7.94E-05,-0.000869152,-0.001398272,-0.001248667,-0.000345265,0.000924078,0.001872635,0.001907102,0.000924521,-0.000554175,-0.001646794,-0.001649139,-0.000521185,0.00101985,0.001912603,0.001444705,-0.000222556,-0.002080304,-0.002886106,-0.001994231,0.000156868,0.002268351,0.003013473,0.001938553,-0.000196462,-0.001910742,-0.002023899,-0.000502448,0.00148632,0.002390568,0.001406133,-0.000891187,-0.002903989,-0.003144869,-0.00133811,0.001329237,0.003029404,0.002616406,0.0004758,-0.001751636,-0.002394171,-0.001013942,0.001254578,0.002574235,0.001835688,-0.000454703,-0.002539508,-0.002771792,-0.000922177,0.001606351,0.002854269,0.001845823,-0.000624429
0.012779405,0.003424496,0.000590449,-0.001025636,-0.00207165,-0.002704854,-0.002980894,-0.002920839,-0.002542517,-0.001885986,-0.001027155,-7.34E-05,0.000853883,0.00163811,0.002178451,0.002395133,0.002237831,0.001702728,0.000852783,-0.000173603,-0.001178765,-0.00194775,-0.002303339,-0.002155311,-0.001529089,-0.000567346,0.000495757,0.001386044,0.001861357,0.001789668,0.001206172,0.000318451,-0.000557384,-0.001115071,-0.00118377,-0.00080096,-0.000191744,0.000341044,0.000565024,0.000430559,8.80E-05,-0.000202517,-0.000225262,5.50E-05,0.000454899,0.000666146,0.000444345,-0.000210558,-0.000998681,-0.00145141,-0.001202787,-0.000250642,0.000969033,0.001782334,0.001671138,0.000630299,-0.000759559,-0.001639273,-0.001407124,-0.00014976,0.001341743,0.00203529,0.001338509,-0.000449132,-0.002251477,-0.002876466,-0.001816017,0.000358359,0.002313121,0.002815548,0.001576411,-0.000520855,-0.00200189,-0.001825182,-0.000138331,0.001791178,0.002462123,0.001236969,-0.001143207,-0.003034296,-0.003052796,-0.001099561,0.001521185,0.003012684,0.002386361,0.000193594,-0.001877334,-0.002264828,-0.000718948,0.001500698,0.002589774,0.001606276,-0.00076694,-0.002718881,-0.002709655,-0.000692173,0.001814617,0.002888677,0.001710141,-0.000780417
0.011338453,0.002953318,0.000396353,-0.001052129,-0.00196776,-0.00249581,-0.002691127,-0.002575051,-0.00216561,-0.001504873,-0.000673484,0.000215774,0.001039836,0.00168791,0.002073589,0.002137912,0.001853861,0.001239617,0.000375698,-0.000589458,-0.001459325,-0.002034718,-0.002169745,-0.001817107,-0.001047375,-3.81E-05,0.000963395,0.00169705,0.001959885,0.001673604,0.000926217,-3.87E-05,-0.000897046,-0.001364258,-0.00131216,-0.000824459,-0.000157057,0.000384044,0.000589785,0.000445507,0.000126705,-0.000107633,-7.03E-05,0.000233981,0.00059608,0.000715767,0.000390638,-0.000325095,-0.001098199,-0.001472098,-0.001136641,-0.000158436,0.000989083,0.001656528,0.001406699,0.000328017,-0.000951613,-0.00160941,-0.001151948,0.000213491,0.001636778,0.002129483,0.001223532,-0.000653014,-0.002375067,-0.00281676,-0.001610595,0.000551251,0.002320752,0.002574422,0.001187988,-0.000845764,-0.002077726,-0.001615536,0.000217509,0.002070768,0.002509801,0.001066828,-0.001364754,-0.003114585,-0.002916749,-0.000845793,0.001694521,0.002958627,0.002124242,-9.93E-05,-0.001994279,-0.002123437,-0.000424984,0.001729623,0.002584644,0.001370927,-0.001061555,-0.002865441,-0.002619588,-0.000456225,0.002005304,0.002896856,0.001559395,-0.000930407
0.009594142,0.002402134,0.000190574,-0.001050867,-0.001810677,-0.002218975,-0.002328689,-0.002160586,-0.001731754,-0.001084633,-0.000302419,0.00049936,0.001198841,0.001693938,0.001915132,0.001825935,0.001423104,0.000745796,-0.000110484,-0.000991119,-0.001705266,-0.002073811,-0.001985231,-0.001436042,-0.00054024,0.000493929,0.00141153,0.001972452,0.002016941,0.001521582,0.000624927,-0.000398509,-0.001222567,-0.001589464,-0.001415746,-0.00082998,-0.000114857,0.000425142,0.000607498,0.000452947,0.000159955,-1.67E-05,7.95E-05,0.000404771,0.000727149,0.000757757,0.000337472,-0.00042767,-0.001176531,-0.001470185,-0.00105653,-6.78E-05,0.000992561,0.00150758,0.001124504,2.20E-05,-0.00113351,-0.001564506,-0.000889323,0.000568852,0.00191129,0.00220293,0.001102408,-0.000840783,-0.002465479,-0.002722653,-0.001386881,0.000737974,0.002303356,0.002305062,0.000783485,-0.001169374,-0.002142489,-0.001399153,0.000566036,0.002331379,0.002540186,0.000896019,-0.001564885,-0.003160184,-0.002750681,-0.000582122,0.001854672,0.002879125,0.001840906,-0.000398668,-0.002104739,-0.001974092,-0.000132602,0.001945945,0.0025652,0.001132197,-0.001342958,-0.002988591,-0.002510151,-0.000216673,0.002183174,0.002886455,0.001398063,-0.00107639
0.00737141,0.001729376,-2.65E-05,-0.00099732,-0.001561317,-0.001828557,-0.001848176,-0.001638708,-0.00121398,-0.0006135,8.13E-05,0.000757045,0.001298456,0.001617017,0.001663916,0.001427175,0.000926967,0.000220338,-0.000587922,-0.00134462,-0.001872758,-0.002020237,-0.001713802,-0.000993283,-1.08E-05,0.001003883,0.001799325,0.002165175,0.001990702,0.001307039,0.00029666,-0.000745918,-0.001504242,-0.001755667,-0.001463746,-0.000797563,-5.79E-05,0.000461355,0.000609661,0.000443059,0.000178345,6.03E-05,0.000212051,0.000552788,0.000833692,0.00078307,0.000286106,-0.000505265,-0.001212775,-0.001424993,-0.000950485,2.03E-05,0.000968476,0.001322885,0.000819524,-0.000281234,-0.001291248,-0.001493606,-0.000621704,0.000897245,0.002136691,0.002231793,0.000969347,-0.000996037,-0.002492152,-0.002565203,-0.001131689,0.000911919,0.002242581,0.001991635,0.000360192,-0.001481547,-0.002183851,-0.001174598,0.000892192,0.002548192,0.002533873,0.000724002,-0.00172297,-0.003140147,-0.002530403,-0.000303254,0.001988372,0.002753922,0.001523006,-0.000704558,-0.002200673,-0.001811875,0.000152064,0.002134735,0.002518782,0.00089106,-0.001593995,-0.003063916,-0.002364077,2.69E-05,0.002333413,0.002838801,0.001215965,-0.001215613
0.004951237,0.001011376,-0.000240508,-0.000913062,-0.001264865,-0.001384072,-0.001315147,-0.001073371,-0.000667795,-0.000132878,0.000454292,0.000985696,0.001355315,0.001490707,0.001365286,0.000991812,0.000412587,-0.000300302,-0.001036915,-0.001650286,-0.001981757,-0.001909345,-0.001398773,-0.000530959,0.000508816,0.001476083,0.002129745,0.002294371,0.001909996,0.001059884,-3.56E-05,-0.001070032,-0.001743867,-0.001873889,-0.001470489,-0.000739018,8.03E-06,0.00049302,0.000600193,0.000419957,0.000184028,0.000123748,0.000327883,0.000680593,0.000920386,0.000795877,0.000236131,-0.000565793,-0.001221589,-0.001352813,-0.000828947,0.000107287,0.00093065,0.001123189,0.000510141,-0.00057356,-0.001429142,-0.001408229,-0.000358634,0.00119839,0.00232236,0.002227901,0.000828191,-0.001129653,-0.002478657,-0.002370229,-0.000860065,0.001076556,0.002158111,0.001659208,-6.39E-05,-0.001777731,-0.002207524,-0.000948372,0.001196978,0.002730395,0.002500609,0.000550764,-0.00185385,-0.003079459,-0.00227894,-1.85E-05,0.002103819,0.002602236,0.001188835,-0.00100879,-0.00228458,-0.00164285,0.000427907,0.002302747,0.002455089,0.000651549,-0.00182144,-0.003106205,-0.002195163,0.000270158,0.002463007,0.002765754,0.001020329,-0.001350915
0.002383842,0.000260183,-0.000451441,-0.000804905,-0.000932319,-0.00089849,-0.000742549,-0.000475721,-0.000101098,0.000353571,0.000817659,0.001190694,0.001378291,0.001325903,0.001030288,0.000529056,-0.000114452,-0.000815403,-0.001461985,-0.001917211,-0.002044257,-0.001753595,-0.001050355,-5.47E-05,0.00101905,0.001916974,0.002413791,0.002372934,0.001786439,0.000787647,-0.000370165,-0.001374752,-0.001949468,-0.001953704,-0.00144444,-0.000659846,8.09E-05,0.000520979,0.000581455,0.000386338,0.000179539,0.000176316,0.000430187,0.000792137,0.000991182,0.000798707,0.000187243,-0.00061284,-0.001208804,-0.001259458,-0.000695308,0.000193356,0.000882259,0.000912217,0.000197995,-0.000856677,-0.001551077,-0.001311565,-9.96E-05,0.001477411,0.002476175,0.002197917,0.000680619,-0.001246185,-0.002433592,-0.002145938,-0.000575791,0.001233747,0.002055235,0.001312453,-0.000487836,-0.002060673,-0.002217021,-0.000721037,0.001484457,0.002884869,0.002445853,0.000376511,-0.001963296,-0.002986855,-0.002003181,0.000270631,0.002204763,0.002429866,0.000842276,-0.00131126,-0.002358761,-0.001468515,0.000696541,0.002454149,0.002377748,0.000413511,-0.002030024,-0.003122298,-0.002008301,0.000513031,0.00257611,0.002672586,0.000814025,-0.001483118
-0.000287958,-0.00050201,-0.000640665,-0.000656579,-0.000551257,-0.00036544,-0.00013217,0.00014277,0.000464481,0.000815008,0.001133917,0.00133221,0.001330635,0.001094918,0.000645836,4.44E-05,-0.000628612,-0.00128128,-0.001806783,-0.002085058,-0.002006565,-0.001516592,-0.00065776,0.000417023,0.001474236,0.002262145,0.002581239,0.002339491,0.001580276,0.000479744,-0.000688023,-0.001618584,-0.002068747,-0.001944995,-0.001347867,-0.000539439,0.000165398,0.00053902,0.000542268,0.000329761,0.000151551,0.000201898,0.000498695,0.000864364,0.001025146,0.000779254,0.000140357,-0.000632707,-0.001153967,-0.001126613,-0.00054031,0.000277932,0.000818928,0.0006911,-0.000103992,-0.001107716,-0.001634647,-0.001195433,0.000140324,0.001698622,0.00255548,0.0021106,0.000519635,-0.001328455,-0.002328343,-0.001869675,-0.000273306,0.001373851,0.001922071,0.00095175,-0.000893672,-0.002303393,-0.00219348,-0.000496107,0.001727636,0.002974882,0.002343341,0.000199164,-0.002030708,-0.002834267,-0.001685831,0.000561641,0.002274611,0.002221034,0.000480936,-0.001600173,-0.002408398,-0.001285043,0.000945303,0.002567716,0.002272905,0.000182606,-0.002195566,-0.003083442,-0.001787392,0.000750378,0.002651923,0.002537471,0.000586836,-0.001609022
-0.002894555,-0.001236417,-0.000810904,-0.00049462,-0.000162281,0.000168529,0.000470849,0.000744841,0.001004711,0.001243534,0.0014125,0.001435458,0.001249281,0.000840274,0.000252618,-0.000430846,-0.001114506,-0.001702404,-0.002096046,-0.002195126,-0.001918997,-0.001247493,-0.000258256,0.000867537,0.001882986,0.00254413,0.002681381,0.002248551,0.001338245,0.000164214,-0.000985611,-0.001821324,-0.002137634,-0.001888925,-0.00121638,-0.000400629,0.000253303,0.000550649,0.000492477,0.000261757,0.000111406,0.000212601,0.000548108,0.000914653,0.001039091,0.00074796,9.42E-05,-0.000639883,-0.001080244,-0.000977104,-0.000377234,0.000361578,0.000751721,0.00047206,-0.000392226,-0.001335569,-0.001696005,-0.00107144,0.000365455,0.001884962,0.002593484,0.001993307,0.000352084,-0.001394375,-0.002196373,-0.001572955,3.32E-05,0.001503939,0.00177781,0.000592784,-0.001280387,-0.002518531,-0.00215097,-0.000274622,0.00194426,0.00302897,0.002215276,1.97E-05,-0.002078565,-0.002655439,-0.001353052,0.000849113,0.002327975,0.001997515,0.000118637,-0.001876186,-0.002442709,-0.001097664,0.001181421,0.002660235,0.002154425,-4.27E-05,-0.002337581,-0.003016931,-0.001551456,0.000982094,0.002707198,0.002381366,0.000350314,-0.001731256
-0.005435996,-0.001943054,-0.000962164,-0.000319027,0.000234612,0.000703427,0.001066518,0.001330505,0.001519601,0.001639157,0.001653413,0.001500441,0.001134232,0.00056197,-0.00014937,-0.000896737,-0.001572144,-0.002078783,-0.002329782,-0.002247419,-0.001781551,-0.000946296,0.000148161,0.001296877,0.002245308,0.002762938,0.002714218,0.002100117,0.001060342,-0.000158948,-0.001262937,-0.001982979,-0.00215613,-0.001785493,-0.001049977,-0.000243412,0.000344628,0.000555866,0.000432082,0.000182326,5.91E-05,0.000208424,0.000578428,0.000943006,0.001033019,0.000704827,4.86E-05,-0.000634367,-0.000987637,-0.000810929,-0.000206078,0.000444297,0.000680635,0.000255094,-0.000666712,-0.00154024,-0.001735156,-0.000939585,0.00057575,0.002036435,0.002590192,0.001846038,0.000177965,-0.001443946,-0.00203768,-0.001255772,0.000343616,0.001624011,0.00162245,0.000235551,-0.00164799,-0.00270609,-0.002089491,-5.66E-05,0.002134334,0.003047136,0.00206166,-0.000161783,-0.002106868,-0.002450368,-0.001004838,0.001133052,0.00236486,0.001759307,-0.000244628,-0.002139301,-0.002461696,-0.000906377,0.001404901,0.002731711,0.002022308,-0.000262502,-0.002456072,-0.002922765,-0.001300493,0.001208181,0.002741937,0.002204266,0.000104455,-0.001849825
-0.007636111,-0.002537302,-0.001065488,-0.00013329,0.000612508,0.001194823,0.001598045,0.001835692,0.001943083,0.001939307,0.0018032,0.001488202,0.000965626,0.000262317,-0.000534836,-0.001307,-0.001939368,-0.002340216,-0.002439619,-0.002185973,-0.001560214,-0.000607514,0.00053654,0.00165336,0.002491905,0.002844644,0.002615372,0.001851453,0.000732602,-0.000474553,-0.001481932,-0.002053592,-0.002074783,-0.001595907,-0.00082577,-6.04E-05,0.000436011,0.000546636,0.000352854,8.42E-05,-1.37E-05,0.000177241,0.000572622,0.000929706,0.00098948,0.000639843,3.56E-06,-0.000608692,-0.000866586,-0.00062218,-2.66E-05,0.000524019,0.000608642,5.47E-05,-0.000900824,-0.001690433,-0.001729023,-0.000796793,0.000750554,0.002115976,0.002507309,0.001644303,-6.76E-06,-0.001465841,-0.001838505,-0.000913889,0.000650007,0.00172219,0.001454185,-0.000102357,-0.001962295,-0.002829959,-0.001989095,0.000151565,0.002269284,0.002994902,0.001859972,-0.000347574,-0.002103057,-0.002206162,-0.000640276,0.001401107,0.002369884,0.001501632,-0.00059672,-0.002366737,-0.002446618,-0.000708917,0.001600616,0.002761185,0.0018656,-0.000468937,-0.002529147,-0.002779386,-0.00102713,0.001418211,0.002736287,0.001990166,-0.00015488,-0.001959599
-0.009592153,-0.003056396,-0.001142646,5.00E-05,0.000967281,0.001647489,0.002079671,0.002284217,0.002307743,0.002183326,0.00190456,0.001440132,0.000778044,-3.65E-05,-0.000898712,-0.001676504,-0.002251021,-0.002538222,-0.002487053,-0.002072803,-0.001306675,-0.000262311,0.000903486,0.001963622,0.002675597,0.002858554,0.002456887,0.001562631,0.000391026,-0.000777001,-0.001666336,-0.002078239,-0.001947604,-0.001370189,-0.000580186,0.000129543,0.000524141,0.000529776,0.000265916,-2.07E-05,-9.39E-05,0.000135095,0.000551156,0.000898027,0.000929513,0.000565392,-4.16E-05,-0.000575609,-0.000735954,-0.000427339,0.000153105,0.000601332,0.000538437,-0.000133269,-0.001110826,-0.00181151,-0.001700875,-0.000650467,0.000906452,0.002160772,0.002388177,0.001419326,-0.00019505,-0.00147623,-0.001625193,-0.000567049,0.000949041,0.001808493,0.001282937,-0.000424949,-0.002245098,-0.002919825,-0.001869557,0.000353854,0.002377125,0.002909726,0.001636806,-0.000535054,-0.002086366,-0.001948526,-0.000273976,0.001657557,0.002359686,0.001238482,-0.00093799,-0.002572708,-0.002413496,-0.000509061,0.001781855,0.002770271,0.001697954,-0.000668168,-0.002581095,-0.002614917,-0.000746302,0.00161835,0.002711408,0.001760504,-0.00041809,-0.002063947
-0.011230575,-0.003478104,-0.001186407,0.000229466,0.001291197,0.002049141,0.002496037,0.002659078,0.00259638,0.002355276,0.001944247,0.001346996,0.000567324,-0.000332954,-0.00123371,-0.001992889,-0.002491092,-0.002655198,-0.002455389,-0.001894702,-0.001013464,8.96E-05,0.001241854,0.002214208,0.002779026,0.002786671,0.002223569,0.001224083,3.32E-05,-0.001061706,-0.001806301,-0.002044607,-0.001762839,-0.001099501,-0.000308389,0.000327494,0.000607773,0.000503202,0.000169407,-0.000133648,-0.000183151,7.94E-05,0.000510131,0.000843349,0.000849002,0.000479116,-8.69E-05,-0.00053345,-0.000593718,-0.000225378,0.000332834,0.000675493,0.000470755,-0.000305014,-0.001289836,-0.001895488,-0.001644909,-0.000499888,0.001038271,0.002161695,0.002223538,0.001165364,-0.00038765,-0.001472312,-0.001394674,-0.000214775,0.001238146,0.001879649,0.001108312,-0.000727493,-0.002487443,-0.002966371,-0.001725806,0.000548622,0.002450682,0.002783081,0.001386723,-0.00072463,-0.002053728,-0.001674582,9.38E-05,0.001898889,0.002330285,0.000968883,-0.001264953,-0.002751071,-0.002357402,-0.000306245,0.001944692,0.002753601,0.001516608,-0.000858215,-0.002606462,-0.002424133,-0.000456441,0.001805747,0.002662281,0.001511464,-0.000685883,-0.002161304
-0.012262939,-0.003720895,-0.001177199,0.000388601,0.001543537,0.002343287,0.002782498,0.002894561,0.002748678,0.002405853,0.001888479,0.001193578,0.000338052,-0.000603546,-0.001500643,-0.002206576,-0.002606537,-0.002642321,-0.002307374,-0.001631819,-0.00068132,0.000427138,0.001514119,0.00235828,0.002755084,0.002590703,0.001892994,0.000832568,-0.000326174,-0.001301394,-0.001869935,-0.001924377,-0.001501808,-0.000777144,-1.40E-05,0.000524222,0.0006774,0.000461135,6.24E-05,-0.000252529,-0.000279364,9.44E-06,0.000445484,0.00075967,0.000742636,0.000378266,-0.000132821,-0.000482648,-0.000443065,-2.32E-05,0.00050433,0.000741985,0.000409926,-0.000445424,-0.001415277,-0.001920154,-0.001548041,-0.00034622,0.001132066,0.002099443,0.001997936,0.000876472,-0.000582143,-0.001450232,-0.00114946,0.000131096,0.001500858,0.001924634,0.000933948,-0.000989602,-0.00265943,-0.002943094,-0.001545927,0.000730166,0.002473082,0.002598171,0.001101522,-0.000915366,-0.002001929,-0.001387197,0.000451071,0.002109329,0.002272167,0.000697271,-0.00155985,-0.002879869,-0.002263952,-0.000100284,0.002077869,0.002698254,0.00131663,-0.001033237,-0.002594199,-0.002200015,-0.000160352,0.001969617,0.002577825,0.001238971,-0.000954062,-0.002244706
-0.012951517,-0.003864249,-0.00114115,0.000532392,0.001751474,0.002573399,0.002993651,0.003051324,0.002826229,0.002392389,0.001785181,0.001013625,0.000105885,-0.000853099,-0.001725066,-0.002361553,-0.002654777,-0.002563082,-0.00210359,-0.001332459,-0.000338071,0.000748307,0.001745251,0.002443883,0.002666333,0.002335987,0.001520795,0.000423658,-0.000677312,-0.00151179,-0.001892378,-0.001762088,-0.001207512,-0.000435903,0.000284686,0.000714812,0.000737062,0.000411026,-4.81E-05,-0.000371575,-0.000376028,-6.48E-05,0.00037157,0.000663873,0.000625455,0.000271523,-0.000178997,-0.000429284,-0.000291567,0.000175143,0.000668333,0.000803104,0.000353179,-0.00056799,-0.001511605,-0.001913958,-0.00143106,-0.000192172,0.001206288,0.002006839,0.001744969,0.000573833,-0.000775296,-0.001419826,-0.000900844,0.000468182,0.00174563,0.001954674,0.000761225,-0.001227884,-0.002792686,-0.002883089,-0.001348123,0.000904204,0.002469853,0.002385647,0.00080107,-0.001105381,-0.001941785,-0.001096952,0.000798252,0.002300849,0.002199323,0.000427367,-0.001834585,-0.002980527,-0.002150558,0.000106654,0.002195093,0.002623187,0.00110791,-0.001200142,-0.002563695,-0.001961388,0.00013599,0.002119779,0.002475885,0.000956963,-0.001219562,-0.002319281
-0.013132643,-0.003861777,-0.00106697,0.000651752,0.001892092,0.002707563,0.003092878,0.00309205,0.002794663,0.002286649,0.001614821,0.000798081,-0.000126987,-0.001068625,-0.00188492,-0.002429649,-0.002605446,-0.002389295,-0.001822276,-0.000984693,1.64E-05,0.001041481,0.001913969,0.002444093,0.002485398,0.001999995,0.001093491,-5.01E-06,-0.001012034,-0.001677192,-0.001855006,-0.00154102,-0.000868789,-7.17E-05,0.000585532,0.000893792,0.000781072,0.000349395,-0.000162682,-0.000489376,-0.000471735,-0.000143573,0.000285914,0.000552216,0.000494113,0.000157188,-0.000225533,-0.000373233,-0.000140662,0.000365756,0.000819957,0.000855814,0.00030255,-0.00066419,-0.00156556,-0.001863514,-0.001285835,-3.82E-05,0.001252554,0.001871998,0.001454983,0.000253735,-0.00096535,-0.001378056,-0.000649508,0.0007899,0.001962537,0.001962609,0.000591617,-0.001430584,-0.002869329,-0.002770218,-0.001125053,0.001067169,0.002430384,0.0021349,0.00048028,-0.001293694,-0.001870506,-0.000804703,0.001128581,0.002463795,0.002105471,0.000161311,-0.002078645,-0.003039639,-0.0020083,0.000314666,0.002289183,0.002520051,0.000887134,-0.001355262,-0.002507723,-0.001703396,0.000431178,0.002249544,0.002349333,0.000662669,-0.001479763,-0.002380402
-0.012691153,-0.003684562,-0.000952544,0.00073328,0.001942282,0.00271768,0.003051383,0.00299104,0.002634486,0.002077508,0.001375712,0.000554546,-0.000345058,-0.001229241,-0.001957377,-0.00238996,-0.002443275,-0.002114213,-0.001466657,-0.000601354,0.000362025,0.001283047,0.001998031,0.002342829,0.002206017,0.001587844,0.000626494,-0.000431353,-0.001306905,-0.00177851,-0.001747573,-0.001261819,-0.000496239,0.000298576,0.000870139,0.001046076,0.000800852,0.000274937,-0.000276782,-0.000598276,-0.000558305,-0.000219811,0.000194365,0.000429736,0.000353085,3.85E-05,-0.000271883,-0.000318107,1.70E-06,0.000538173,0.000949533,0.000894835,0.000259012,-0.000727763,-0.001569041,-0.001762992,-0.001111239,0.00011285,0.001267515,0.001695097,0.001133491,-7.50E-05,-0.001145116,-0.001324628,-0.000404121,0.001081418,0.002137113,0.001941069,0.000427981,-0.001586871,-0.002876703,-0.002596255,-0.000875545,0.001215429,0.002351297,0.001846784,0.000144096,-0.001475534,-0.001788791,-0.000518879,0.001428799,0.002586721,0.001987239,-9.44E-05,-0.002279381,-0.003045362,-0.001831722,0.000521913,0.002354711,0.002384956,0.00065459,-0.001495716,-0.002424966,-0.001429391,0.000717915,0.002351947,0.002196256,0.000360784,-0.001726278,-0.002421337
-0.011906612,-0.003412357,-0.000817964,0.000791526,0.001940201,0.002657457,0.002931264,0.002812107,0.002405063,0.001814429,0.001102915,0.000300462,-0.000550082,-0.00135546,-0.001979053,-0.002290411,-0.00222096,-0.001787805,-0.00107653,-0.000205846,0.000695537,0.001490623,0.002032697,0.002186433,0.001876764,0.001140995,0.000146413,-0.00084787,-0.001573301,-0.001841353,-0.001602264,-0.000954825,-0.00011161,0.000664871,0.001139466,0.001179369,0.000805469,0.000193798,-0.000388752,-0.000699691,-0.00063711,-0.000291966,0.000102202,0.000303888,0.000209065,-8.09E-05,-0.000317756,-0.000264621,0.000136952,0.000697649,0.001064452,0.000924867,0.000219042,-0.000773163,-0.001544795,-0.001635727,-0.000921838,0.00026131,0.001265753,0.001497599,0.000798773,-0.000404162,-0.001316631,-0.001264931,-0.000164721,0.001352408,0.002285104,0.001901884,0.000268096,-0.001716331,-0.002845217,-0.002389169,-0.000612767,0.001354791,0.002251202,0.001540602,-0.000197482,-0.001651864,-0.00170171,-0.000239167,0.001709087,0.002685314,0.001855458,-0.000342515,-0.002453862,-0.003020134,-0.001636155,0.00072787,0.002403768,0.002232385,0.000416346,-0.001627623,-0.002328222,-0.00114863,0.000997617,0.002437987,0.002029227,5.70E-05,-0.001962538,-0.002449407
-0.010588492,-0.00299408,-0.000654672,0.000810373,0.001853617,0.002485225,0.00268743,0.002512193,0.002070038,0.001471411,0.000783192,3.63E-05,-0.000728428,-0.001422769,-0.001918317,-0.002097128,-0.001907744,-0.001387421,-0.000641133,0.000198876,0.001000883,0.001638072,0.00198693,0.001945299,0.001475648,0.000649665,-0.000342534,-0.00123795,-0.00178689,-0.001840215,-0.001398997,-0.000610141,0.000283235,0.001015563,0.001376753,0.001277527,0.000784139,0.000102777,-0.000494953,-0.000786097,-0.000700274,-0.000354285,1.25E-05,0.000176201,6.35E-05,-0.000199414,-0.000362392,-0.000215164,0.000258036,0.000833189,0.001153294,0.000939032,0.000184185,-0.000790032,-0.001477522,-0.001467978,-0.00071122,0.000404453,0.001238656,0.001271433,0.000448889,-0.000728621,-0.00147193,-0.001195686,6.18E-05,0.001586374,0.002387475,0.001833423,0.000114666,-0.001802411,-0.002752376,-0.002131272,-0.000331056,0.001479264,0.002119504,0.00120963,-0.000543394,-0.001817073,-0.001606791,2.77E-05,0.001953993,0.002743081,0.001702456,-0.000576615,-0.002584376,-0.002944761,-0.001410965,0.000930669,0.002426241,0.002052813,0.000170282,-0.001745612,-0.002210733,-0.000860076,0.001263248,0.002496885,0.001841374,-0.000246575,-0.002179287,-0.002455183
-0.008840016,-0.002461731,-0.000474116,0.00079028,0.001691637,0.002216703,0.002340507,0.002115094,0.001654499,0.001072768,0.000437909,-0.000221572,-0.000870782,-0.001430188,-0.001783095,-0.001826495,-0.001526841,-0.000940327,-0.000188083,0.000588994,0.00126199,0.001720048,0.001867439,0.001637405,0.001028971,0.000143793,-0.000812311,-0.001580669,-0.00193754,-0.001777038,-0.001150384,-0.000247399,0.000666469,0.001331274,0.001568303,0.001333692,0.000736023,5.04E-06,-0.000590368,-0.000852014,-0.00074217,-0.000400586,-6.75E-05,5.44E-05,-7.66E-05,-0.000312083,-0.000404367,-0.000171812,0.00036065,0.000940207,0.001212638,0.000935132,0.000152073,-0.000782812,-0.001374636,-0.001268927,-0.000487095,0.000539864,0.001191407,0.001028575,9.87E-05,-0.001035816,-0.001604817,-0.001117754,0.000270186,0.001777712,0.002441315,0.001735504,-3.24E-05,-0.001848435,-0.002605885,-0.001832457,-3.79E-05,0.001587901,0.001962876,0.0008652,-0.000882994,-0.001965764,-0.001505078,0.000276685,0.002159056,0.002759046,0.001530641,-0.000793674,-0.002670473,-0.002822284,-0.00116075,0.001127473,0.00242315,0.001850262,-7.99E-05,-0.001849672,-0.002077125,-0.000570659,0.001509675,0.002528419,0.0016375,-0.000542961,-0.002370745,-0.002436164
-0.006847389,-0.001865763,-0.000285498,0.000745987,0.00148474,0.001891785,0.0019341,0.00166295,0.001194629,0.000645149,8.17E-05,-0.000471716,-0.000988429,-0.00139993,-0.001603179,-0.001511377,-0.001109113,-0.000470493,0.000269437,0.000964287,0.001491549,0.001759716,0.001703331,0.001291942,0.000560003,-0.000364032,-0.001263324,-0.001888612,-0.002046209,-0.00167534,-0.000876312,0.000121945,0.001037109,0.001620275,0.001727753,0.00136179,0.000670902,-9.61E-05,-0.000677692,-0.000903654,-0.000769334,-0.0004354,-0.000139988,-6.19E-05,-0.000211449,-0.000419858,-0.000444197,-0.00013266,0.000450696,0.001028164,0.001252501,0.000919217,0.000121059,-0.000761451,-0.001250996,-0.00105227,-0.000256319,0.000669686,0.001132487,0.000777889,-0.000248117,-0.001328965,-0.001721802,-0.001034283,0.000465945,0.001940742,0.002463645,0.001618779,-0.000175623,-0.001869869,-0.00242723,-0.001510142,0.000260468,0.001686029,0.001791839,0.000514909,-0.00121588,-0.00210239,-0.001399007,0.000513421,0.002337775,0.002748147,0.001347355,-0.000999234,-0.002728232,-0.002670616,-0.000895831,0.001319602,0.002403857,0.001633971,-0.000331713,-0.001944675,-0.001934162,-0.000282236,0.001742637,0.002542391,0.001424505,-0.000833041,-0.002544624,-0.002400666
-0.004506195,-0.001182425,-9.08E-05,0.000660475,0.001206926,0.001480725,0.001439588,0.001132494,0.000675734,0.00018436,-0.00027858,-0.000697395,-0.001057212,-0.00130416,-0.001351719,-0.001130821,-0.000643796,1.99E-05,0.000715748,0.001297669,0.001655604,0.001722607,0.001466672,0.000893806,7.05E-05,-0.000854673,-0.001662531,-0.002121829,-0.002075038,-0.001508104,-0.000566743,0.000489155,0.001370706,0.00184937,0.001821877,0.001336378,0.000575778,-0.000200638,-0.000747207,-0.000926504,-0.000767012,-0.000446212,-0.000194614,-0.000163709,-0.000332546,-0.000515613,-0.000478957,-0.000101833,0.000516165,0.001079763,0.001255832,0.000880558,9.02E-05,-0.000718395,-0.001095986,-0.000810976,-1.93E-05,0.000787702,0.001056139,0.000521251,-0.000578982,-0.001588555,-0.001805976,-0.000940986,0.000636364,0.002050257,0.002428368,0.001468588,-0.000312123,-0.001850261,-0.002197171,-0.001153379,0.000562499,0.001764295,0.0015994,0.000161903,-0.001529214,-0.002213227,-0.001285135,0.000725606,0.002466994,0.002688912,0.001145199,-0.001182528,-0.002735571,-0.002469465,-0.00060835,0.001500985,0.002356054,0.001395865,-0.000583723,-0.002023076,-0.001777192,2.30E-08,0.001948192,0.002524819,0.001198411,-0.001107079,-0.002683145,-0.002333999
-0.002028098,-0.000470192,9.76E-05,0.000548253,0.000890503,0.001026878,0.00090535,0.00057161,0.000140299,-0.000276598,-0.000622512,-0.000892315,-0.001085247,-0.001163954,-0.00105967,-0.000721209,-0.000167382,0.000499684,0.001129878,0.001581614,0.001761198,0.001628917,0.001186935,0.000476012,-0.000409485,-0.001306883,-0.002001345,-0.002285269,-0.002040171,-0.001297746,-0.000244243,0.000837091,0.001659,0.002019637,0.001858669,0.001268157,0.000459746,-0.000303996,-0.000799238,-0.000924213,-0.000739495,-0.000435679,-0.00023163,-0.000249518,-0.000438119,-0.000598337,-0.00050804,-7.76E-05,0.000561383,0.001102034,0.001230231,0.000823546,5.71E-05,-0.000663783,-0.000924961,-0.000560138,0.000215059,0.000894184,0.000970596,0.00026981,-0.000885658,-0.001812424,-0.00185977,-0.000839865,0.000784959,0.002116648,0.002348787,0.001293758,-0.000443981,-0.001803723,-0.001936637,-0.000780918,0.00085923,0.001825569,0.001395877,-0.000183448,-0.001817987,-0.002298686,-0.001164599,0.000916747,0.002556368,0.002593083,0.000930881,-0.001347071,-0.002705552,-0.00223494,-0.000309203,0.00167062,0.002286899,0.001144745,-0.000831977,-0.002087778,-0.00161244,0.000272492,0.002128931,0.002483116,0.00096631,-0.001363058,-0.002790001,-0.002241682
0.000526195,0.00025649,0.000280065,0.000417992,0.000549338,0.000546499,0.00034744,-6.12E-06,-0.000402347,-0.000733771,-0.00095189,-0.001063718,-0.001084071,-0.00099333,-0.000741214,-0.000294369,0.00031295,0.000967969,0.001517691,0.001828037,0.001824295,0.001495666,0.000878732,4.75E-05,-0.000878866,-0.001728089,-0.002294353,-0.002397531,-0.001959954,-0.001058047,8.52E-05,0.001168676,0.001912677,0.002146361,0.001853867,0.00116947,0.000329336,-0.000405843,-0.000838275,-0.000903677,-0.000693821,-0.000409697,-0.000255692,-0.000323338,-0.000531982,-0.000671241,-0.000532776,-5.81E-05,0.000592101,0.001103346,0.001184008,0.000753408,2.21E-05,-0.000601714,-0.000743776,-0.000303956,0.000446271,0.000992015,0.000879058,2.35E-05,-0.001173387,-0.002009399,-0.001891147,-0.000733077,0.000917747,0.002152131,0.002237751,0.001101624,-0.000572569,-0.001738703,-0.001655809,-0.000398993,0.001150848,0.001874368,0.001185196,-0.000521893,-0.002087783,-0.002365146,-0.001039122,0.001092646,0.002617138,0.002471298,0.000708264,-0.001498013,-0.002649162,-0.001977408,-2.70E-06,0.001831256,0.002202553,0.000884922,-0.001076894,-0.002142467,-0.001442494,0.000537272,0.002291415,0.002424202,0.000730512,-0.001605312,-0.002873616,-0.002130844
0.003068635,0.000965698,0.0004393,0.000260895,0.00018164,4.49E-05,-0.000221382,-0.000580449,-0.000925257,-0.001155343,-0.001232798,-0.00117908,-0.001026487,-0.000774394,-0.000391256,0.000139663,0.000771588,0.001385588,0.001831145,0.001986912,0.001801061,0.001293275,0.000533082,-0.000376916,-0.001300423,-0.002064395,-0.002480706,-0.002402603,-0.001794459,-0.000773107,0.000410839,0.001450317,0.002083988,0.00217909,0.001765191,0.001013588,0.000175606,-0.000500042,-0.000848886,-0.000846323,-0.000612417,-0.000352831,-0.000252367,-0.000370284,-0.000599032,-0.000721682,-0.000547102,-4.69E-05,0.00059493,0.001064637,0.00109885,0.000658169,-1.87E-05,-0.000531228,-0.000552555,-4.84E-05,0.000662904,0.001070343,0.000780269,-0.00020316,-0.00141283,-0.002145097,-0.001874615,-0.000614982,0.001018791,0.002127971,0.002068203,0.000878711,-0.000695184,-0.001643954,-0.001347095,-1.18E-05,0.001423026,0.001896946,0.000966437,-0.000836653,-0.002310966,-0.002389086,-0.000902983,0.001237913,0.002622341,0.002301426,0.000472736,-0.001621482,-0.002544807,-0.00168217,0.000310629,0.001970294,0.002089732,0.000612923,-0.001310614,-0.002176406,-0.001265361,0.000782269,0.002415246,0.002332708,0.000492062,-0.001815352,-0.002908392,-0.001983321
0.005478141,0.001629179,0.000576541,9.53E-05,-0.000183924,-0.000444767,-0.000768681,-0.00112439,-0.001410522,-0.001534714,-0.001470633,-0.001254868,-0.000937508,-0.000536777,-3.91E-05,0.000557163,0.001195085,0.001752531,0.002084535,0.002084977,0.001726191,0.001057902,0.000180241,-0.000779707,-0.001673675,-0.00233342,-0.002592923,-0.002340966,-0.001582963,-0.000471876,0.000720769,0.00168924,0.002196659,0.002151181,0.001626756,0.000827216,1.28E-05,-0.000585741,-0.000840594,-0.000767019,-0.000510721,-0.000278314,-0.000232338,-0.000399573,-0.000647775,-0.000756542,-0.000553663,-3.96E-05,0.000582196,0.001003621,0.000992317,0.00054903,-6.41E-05,-0.000460184,-0.000362767,0.000198421,0.000864178,0.001134708,0.000680034,-0.000411207,-0.001615593,-0.002238193,-0.001826715,-0.000489933,0.001100646,0.002069484,0.001866802,0.000640481,-0.000814063,-0.001536176,-0.001030896,0.000367886,0.001675831,0.001901933,0.000746983,-0.001129677,-0.002499031,-0.00238337,-0.000759474,0.00136452,0.002594922,0.00210516,0.000232271,-0.00172778,-0.002414713,-0.001370404,0.000621666,0.002092832,0.001960591,0.000337517,-0.001533566,-0.002196426,-0.001085714,0.001012023,0.002513678,0.00222242,0.000255405,-0.002002112,-0.002911526,-0.001813802
0.007774613,0.002254045,0.000695497,-7.71E-05,-0.000547152,-0.000923788,-0.001297427,-0.00164251,-0.0018641,-0.001878825,-0.001672716,-0.001298035,-0.000822884,-0.000284187,0.000314306,0.00096044,0.001589068,0.00207729,0.002288201,0.00213294,0.00160901,0.000795774,-0.000178002,-0.001164129,-0.002006705,-0.002546774,-0.002644048,-0.002224576,-0.001333932,-0.000157648,0.001017354,0.001892732,0.002260963,0.002073433,0.001447562,0.00061599,-0.000157387,-0.00066433,-0.000816738,-0.000669728,-0.00039244,-0.000189376,-0.000198629,-0.000414354,-0.000681445,-0.000778554,-0.0005538,-3.56E-05,0.000556742,0.00092437,0.000868322,0.000428537,-0.000113421,-0.000388809,-0.000174381,0.000437696,0.001052635,0.001187526,0.000578682,-0.000603823,-0.001788033,-0.002296155,-0.001752995,-0.000359169,0.001166756,0.001982881,0.001639373,0.000389794,-0.000929856,-0.001417839,-0.000708833,0.000741174,0.001912477,0.001892401,0.00052707,-0.001404634,-0.002658044,-0.002353172,-0.000609874,0.001475807,0.002540751,0.001887305,-1.22E-05,-0.001819956,-0.002263583,-0.001045266,0.00093061,0.002201699,0.001818066,5.94E-05,-0.001747538,-0.002204952,-0.00090404,0.00122917,0.002591186,0.002096718,2.03E-05,-0.002169644,-0.002888614,-0.001626226
0.009639433,0.002744904,0.00076594,-0.000248994,-0.000874764,-0.001340028,-0.001742625,-0.002062838,-0.002213135,-0.002120174,-0.001782916,-0.0012691,-0.000663827,-2.09E-05,0.000641448,0.001300976,0.001889056,0.002287113,0.002370816,0.00207137,0.001411553,0.000497247,-0.000520373,-0.001480598,-0.002229454,-0.002625952,-0.00256126,-0.001999678,-0.001022299,0.000162469,0.001264911,0.00200629,0.002216825,0.001893277,0.001191934,0.000364656,-0.000332144,-0.000721773,-0.000759524,-0.000538443,-0.00024512,-7.54E-05,-0.000139281,-0.00039937,-0.000682563,-0.000772045,-0.000538577,-3.55E-05,0.0005089,0.000812887,0.000714165,0.00028858,-0.0001713,-0.000323501,-7.45E-07,0.000648048,0.001204317,0.001212966,0.000478986,-0.000755708,-0.00188853,-0.002275579,-0.001624288,-0.000217035,0.001201572,0.001843577,0.001366786,0.000120934,-0.001038057,-0.001285781,-0.000390437,0.001083503,0.002103224,0.00184998,0.000312549,-0.001631318,-0.002747276,-0.00226723,-0.000446497,0.001556129,0.002434645,0.001630949,-0.000259229,-0.001882398,-0.00207561,-0.000704246,0.001223726,0.002276487,0.001649785,-0.000217059,-0.001935845,-0.002187018,-0.000720613,0.001415689,0.002623026,0.001941214,-0.000206161,-0.002292281,-0.002810054,-0.001403245
0.01121651,0.003150225,0.000810023,-0.000413353,-0.001171208,-0.001708266,-0.002128634,-0.002418245,-0.002497092,-0.002301918,-0.001844312,-0.001206715,-0.000490028,0.000236697,0.000942499,0.001597406,0.002131628,0.002433146,0.002391826,0.001959448,0.001183102,0.000192683,-0.000842025,-0.001752316,-0.002390591,-0.002637291,-0.002416634,-0.001730285,-0.000691403,0.00047415,0.001479969,0.002072103,0.00212128,0.00166918,0.000907538,0.000102229,-0.000502974,-0.000766309,-0.00068707,-0.000394204,-8.83E-05,4.64E-05,-7.07E-05,-0.000371858,-0.000668856,-0.000751984,-0.000515436,-3.58E-05,0.000453266,0.000690084,0.000549948,0.00014247,-0.000232753,-0.000263754,0.000160722,0.000838852,0.00133423,0.001224013,0.000381523,-0.000885427,-0.001952613,-0.002217248,-0.001470478,-7.03E-05,0.001222849,0.001683463,0.001078695,-0.000151604,-0.001141485,-0.001151031,-8.14E-05,0.001402911,0.002266661,0.001790887,0.000103351,-0.001830883,-0.002800203,-0.002153652,-0.000276488,0.001622622,0.0023067,0.001360428,-0.000504363,-0.001930781,-0.001874178,-0.000362136,0.001503487,0.002332531,0.001470676,-0.000489008,-0.002108456,-0.002155228,-0.000537324,0.001586049,0.002632791,0.00177307,-0.000426107,-0.002392028,-0.002705521,-0.001165543
0.012479953,0.003462303,0.000825371,-0.000569463,-0.001433691,-0.002024189,-0.002450133,-0.002702885,-0.002710109,-0.002418687,-0.001852499,-0.001107857,-0.000300143,0.000488027,0.001215123,0.001845766,0.002311613,0.002509636,0.002345667,0.001792618,0.000920843,-0.000118484,-0.001141108,-0.001975256,-0.002484558,-0.002574661,-0.002204573,-0.00141236,-0.000339481,0.000776651,0.001659607,0.002085865,0.001969674,0.001397159,0.000591755,-0.000172311,-0.000669535,-0.000796776,-0.000597996,-0.000235834,7.88E-05,0.000176874,8.11E-06,-0.000330684,-0.000638982,-0.000717146,-0.000483657,-3.64E-05,0.000389131,0.00055493,0.000374752,-1.04E-05,-0.000298105,-0.000210069,0.000308928,0.001008352,0.001440416,0.001219366,0.00028649,-0.000990984,-0.001976997,-0.002117745,-0.001289289,8.14E-05,0.001229366,0.00150065,0.000773683,-0.000428169,-0.001239714,-0.001013339,0.000217555,0.001697349,0.002400331,0.001713611,-0.000100055,-0.002000893,-0.002813549,-0.002009934,-9.92E-05,0.001674042,0.002154937,0.001074447,-0.000747402,-0.001963838,-0.001658061,-1.88E-05,0.001768705,0.002368143,0.001279752,-0.00075602,-0.002263964,-0.00210833,-0.000354173,0.001738799,0.002618488,0.001591136,-0.000638949,-0.002466822,-0.002572663,-0.000911777
0.01307853,0.003582096,0.000788262,-0.000697822,-0.00161379,-0.002220662,-0.00263006,-0.002837935,-0.002779227,-0.002410179,-0.001765314,-0.000952135,-9.70E-05,0.000708122,0.001415517,0.001989045,0.002366217,0.002456541,0.002183661,0.001540932,0.000618325,-0.000418116,-0.001377972,-0.002095214,-0.002452342,-0.002385009,-0.001887626,-0.001030463,2.53E-05,0.00104171,0.001763513,0.002005496,0.001727901,0.00105759,0.000241094,-0.000449565,-0.00081605,-0.000798154,-0.000483129,-6.14E-05,0.000253198,0.000312117,9.66E-05,-0.000271072,-0.000584239,-0.000658158,-0.000436454,-3.46E-05,0.000316626,0.000407451,0.000190331,-0.000167309,-0.000367703,-0.000170398,0.000426066,0.001131658,0.001498717,0.001185341,0.000197421,-0.001051863,-0.001931952,-0.001949796,-0.001065427,0.000239134,0.00121331,0.001288203,0.000452713,-0.000700485,-0.001325377,-0.000876744,0.000485615,0.001934205,0.002473115,0.001603299,-0.000288875,-0.002113599,-0.002754787,-0.001813989,8.96E-05,0.001701164,0.001968349,0.000770759,-0.000979991,-0.001970431,-0.001424642,0.000313867,0.001997554,0.002363835,0.001071553,-0.001006871,-0.002382985,-0.002032658,-0.000172735,0.001858657,0.002562524,0.001388591,-0.00083523,-0.002496637,-0.002393338,-0.000635805
0.013333773,0.003604509,0.000727061,-0.000808233,-0.001747712,-0.002352474,-0.002735214,-0.002895897,-0.002776296,-0.002341332,-0.001634976,-0.000774216,0.000105764,0.000905769,0.0015744,0.002076914,0.002358568,0.002342697,0.001971052,0.00125643,0.000306035,-0.000702757,-0.001577505,-0.00216192,-0.002360412,-0.002140011,-0.001529776,-0.000629252,0.000385202,0.001280725,0.001827634,0.001881831,0.001449456,0.000695197,-0.000116089,-0.000719618,-0.000947813,-0.000784401,-0.000358178,0.00011617,0.000425749,0.000444704,0.000185743,-0.000205711,-0.000519837,-0.00058903,-0.000382187,-3.03E-05,0.000243032,0.000258357,6.15E-06,-0.000322511,-0.000437618,-0.000138005,0.000526159,0.00123037,0.001532492,0.001136918,0.000111504,-0.00109167,-0.001855579,-0.001752503,-0.000824734,0.000397885,0.001187955,0.001066362,0.000130452,-0.00096553,-0.001403111,-0.000742649,0.0007344,0.002138912,0.002514174,0.001477164,-0.000469241,-0.002197733,-0.002661871,-0.001594584,0.000282799,0.001717551,0.001768399,0.000462949,-0.001204559,-0.001964567,-0.001186524,0.000636284,0.002204842,0.002339178,0.000856817,-0.001246864,-0.002482046,-0.001942436,7.37E-06,0.001962326,0.002487317,0.001177885,-0.001022137,-0.002505128,-0.002193998,-0.000352409
0.01313616,0.003498837,0.000634657,-0.00089428,-0.001820034,-0.002398433,-0.002741423,-0.002852204,-0.00267877,-0.00219373,-0.001448881,-0.000568386,0.000306534,0.001072605,0.00167773,0.002091476,0.002269284,0.002149901,0.001693452,0.000930739,-1.70E-05,-0.000965905,-0.001726808,-0.002158372,-0.002190757,-0.001823963,-0.001120501,-0.000205177,0.000736682,0.001484115,0.001839148,0.001702071,0.00112452,0.000304991,-0.000479691,-0.000978534,-0.001059276,-0.000750665,-0.000220539,0.000296982,0.000594822,0.000572808,0.000274841,-0.000133488,-0.000443303,-0.000506972,-0.000318774,-2.27E-05,0.000168619,0.000108033,-0.000176751,-0.000474672,-0.000507595,-0.000115216,0.000603585,0.001296506,0.001533957,0.001069644,2.97E-05,-0.001104069,-0.001738747,-0.001517642,-0.000562823,0.000557656,0.001150785,0.000833251,-0.000192197,-0.001220027,-0.001470117,-0.000612216,0.000957134,0.002300762,0.002513329,0.001330384,-0.000638291,-0.002244381,-0.00252449,-0.001344891,0.00048153,0.001720129,0.001551697,0.000150644,-0.001418059,-0.001942508,-0.000943007,0.000944259,0.002383175,0.002287726,0.000633902,-0.001472067,-0.002554572,-0.001833072,0.000185641,0.002044802,0.00238716,0.000956877,-0.001196538,-0.002485859,-0.001969008,-6.00E-05
0.012312609,0.003219973,0.000505126,-0.000939456,-0.001800038,-0.002319887,-0.002607614,-0.002668317,-0.002454925,-0.001945827,-0.001197738,-0.000338151,0.000490121,0.001184286,0.001695835,0.002002285,0.002071895,0.001859956,0.001344082,0.000569823,-0.000333123,-0.001181131,-0.001795875,-0.002056974,-0.001923887,-0.001429627,-0.000666363,0.00022296,0.001053109,0.001623937,0.001775555,0.001454547,0.000754722,-9.93E-05,-0.000828355,-0.001203691,-0.001132773,-0.000688405,-7.18E-05,0.000471485,0.000747048,0.000683576,0.000354566,-5.93E-05,-0.000356018,-0.000411308,-0.000244376,-8.44E-06,9.91E-05,-3.47E-05,-0.000347654,-0.000614111,-0.000572907,-0.000105092,0.000647591,0.001315174,0.001489743,0.000976717,-4.63E-05,-0.001081699,-0.001573556,-0.001241658,-0.000281843,0.00071377,0.001100397,0.000595263,-0.000501299,-0.001448275,-0.001517431,-0.000489513,0.001136742,0.002396613,0.002451676,0.001156259,-0.000789289,-0.002239196,-0.002329571,-0.001059356,0.000683897,0.001705221,0.00131932,-0.000158096,-0.001609618,-0.001898468,-0.000699374,0.001222069,0.002513907,0.002197791,0.000403959,-0.001670394,-0.002585832,-0.001696202,0.000360305,0.002097718,0.002254864,0.000725622,-0.001351136,-0.002430033,-0.00171494,0.000236883
0.011181343,0.002857423,0.000359606,-0.00096184,-0.00173198,-0.002177962,-0.002403757,-0.00241561,-0.002170613,-0.001651782,-0.000919088,-0.000101215,0.000659829,0.001264114,0.001668827,0.001861098,0.001823029,0.001526635,0.000966115,0.000199705,-0.000637473,-0.001365818,-0.001821219,-0.001906939,-0.001612835,-0.001004144,-0.000200014,0.000642583,0.001343221,0.001726725,0.001673754,0.001177128,0.000370126,-0.000501135,-0.001160317,-0.001404866,-0.001183478,-0.000611585,8.00E-05,0.000638568,0.000886106,0.000781325,0.000426026,1.30E-05,-0.00026558,-0.000310439,-0.000165188,9.73E-06,3.42E-05,-0.000170381,-0.000508656,-0.000743765,-0.000633772,-0.000100759,0.00067428,0.001309191,0.001422184,0.000870985,-0.000119595,-0.00104303,-0.001386919,-0.000949192,4.56E-06,0.000865703,0.001044102,0.000358605,-0.000798214,-0.001658557,-0.0015525,-0.000371272,0.001292174,0.002456676,0.002358213,0.000968779,-0.00093018,-0.002207723,-0.002107088,-0.000758239,0.000886127,0.001681567,0.001081513,-0.00046134,-0.001787267,-0.001843044,-0.000458157,0.001480821,0.002617559,0.002087696,0.000172104,-0.001852464,-0.002594184,-0.001544862,0.000532629,0.002135268,0.002106884,0.000490578,-0.001494636,-0.002356181,-0.001448485,0.000532767
0.009611938,0.002376762,0.000192951,-0.000949833,-0.001593569,-0.001944238,-0.00209929,-0.002064992,-0.001801374,-0.001294311,-0.000604485,0.000141461,0.000805879,0.001295183,0.001575272,0.001645162,0.00150207,0.001134701,0.000552235,-0.000177686,-0.000919182,-0.00150201,-0.001781243,-0.00168727,-0.001241466,-0.00053958,0.000276652,0.001042539,0.001589341,0.001772628,0.001516626,0.000859594,-3.03E-05,-0.000892759,-0.00146178,-0.001566594,-0.001198768,-0.000513648,0.000234207,0.000791992,0.001002904,0.000857304,0.000483084,8.06E-05,-0.000172186,-0.000203225,-7.96E-05,3.39E-05,-2.27E-05,-0.000293389,-0.000652693,-0.000856952,-0.000686758,-0.000104351,0.000675683,0.001267173,0.001320748,0.000746878,-0.000188913,-0.000981728,-0.00117142,-0.000635934,0.000295873,0.001009977,0.000979816,0.00012651,-0.001073821,-0.001839632,-0.001568289,-0.000259847,0.001411058,0.002463392,0.002218073,0.000762328,-0.001055806,-0.002138244,-0.001845871,-0.000436388,0.001086792,0.001645349,0.000837595,-0.000754085,-0.001942873,-0.001770991,-0.00022214,0.001709413,0.002680013,0.001947998,-6.14E-05,-0.002009207,-0.002568034,-0.001372229,0.000701229,0.002150342,0.001936648,0.000251022,-0.001621373,-0.002256623,-0.001165751,0.000825013
0.007654361,0.001795485,1.38E-05,-0.000899958,-0.001385524,-0.001623284,-0.001702382,-0.001627869,-0.001361268,-0.000889215,-0.000270193,0.00037474,0.000916062,0.001269968,0.001413775,0.001360053,0.001121542,0.000702585,0.000124685,-0.000539289,-0.001157919,-0.001575663,-0.001671079,-0.001403825,-0.000826052,-6.03E-05,0.000735321,0.001395701,0.001770702,0.001751265,0.001306082,0.00051543,-0.000424825,-0.001248935,-0.001709467,-0.00167197,-0.001170516,-0.000395234,0.000383562,0.00092073,0.001085719,0.000901023,0.000517118,0.000136452,-8.17E-05,-9.42E-05,9.88E-06,6.49E-05,-6.70E-05,-0.00039584,-0.000770279,-0.000945034,-0.000726019,-0.000113399,0.000651882,0.00118863,0.001185747,0.000605355,-0.000254471,-0.000901538,-0.000935602,-0.000313989,0.000580173,0.001139597,0.000908728,-9.18E-05,-0.001314529,-0.001979145,-0.001558241,-0.000155699,0.001488411,0.002411653,0.002029446,0.000538725,-0.00116349,-0.002030926,-0.001550735,-0.000101578,0.001279506,0.00159578,0.000593491,-0.001026718,-0.002068636,-0.001680909,2.90E-06,0.001898414,0.002693728,0.001777106,-0.000291962,-0.002133428,-0.002501962,-0.001177011,0.000864337,0.002141349,0.001745309,1.06E-05,-0.001728327,-0.002132389,-0.000872882,0.001104814
0.005511591,0.001167784,-0.000168834,-0.000829127,-0.001141418,-0.00125842,-0.001260083,-0.001149555,-0.000889029,-0.000464704,6.88E-05,0.000597895,0.001003298,0.001212754,0.001216299,0.001040716,0.000714188,0.000255809,-0.000302344,-0.000884666,-0.001367125,-0.001611691,-0.001522438,-0.001088961,-0.00039316,0.000418324,0.001174729,0.001714881,0.001910829,0.001690937,0.001068116,0.000161951,-0.000808574,-0.001577652,-0.001920725,-0.001741794,-0.001116544,-0.000266338,0.00052768,0.001032544,0.001146521,0.000924143,0.000536147,0.000183899,5.40E-06,1.42E-05,0.000100508,9.96E-05,-0.000103186,-0.000484823,-0.000870639,-0.001016784,-0.000755877,-0.000124373,0.000614815,0.001090572,0.001033063,0.000454973,-0.000317985,-0.000812465,-0.00069184,8.37E-06,0.000856452,0.001258714,0.000834131,-0.000299687,-0.001531989,-0.002092137,-0.001531971,-5.54E-05,0.001542007,0.00232704,0.001814411,0.000306733,-0.001260505,-0.001903351,-0.001239187,0.000237239,0.00146541,0.001538452,0.000351132,-0.001285263,-0.002175555,-0.001580457,0.00022025,0.002063035,0.00267875,0.001588981,-0.000519345,-0.002237627,-0.002412567,-0.00096931,0.001023705,0.002118679,0.001542911,-0.000229131,-0.001823499,-0.001995133,-0.000576656,0.001374816
0.003130209,0.000483293,-0.000351325,-0.000725764,-0.000845415,-0.0008326,-0.000756836,-0.000618327,-0.000378599,-2.15E-05,0.000404726,0.000797209,0.001049813,0.001104472,0.000965647,0.00067493,0.000275328,-0.000201225,-0.000715226,-0.001192506,-0.001521016,-0.001584349,-0.001314676,-0.000731711,5.55E-05,0.000881251,0.001568906,0.001967975,0.001978054,0.001567259,0.000791108,-0.000197045,-0.001163371,-0.001850814,-0.002064438,-0.001749229,-0.001019965,-0.00012256,0.000659492,0.001112704,0.001167861,0.000910758,0.000528143,0.000214972,8.42E-05,0.000118987,0.00019121,0.000139872,-0.000125079,-0.000549453,-0.000939994,-0.001059167,-0.000768158,-0.000136523,0.000558291,0.000963372,0.000854391,0.000292118,-0.000378398,-0.000712195,-0.000441189,0.000324119,0.001113461,0.001357587,0.000754506,-0.000487079,-0.001706889,-0.002158153,-0.001477345,3.91E-05,0.001557468,0.002190536,0.00155907,6.35E-05,-0.001339752,-0.001745461,-0.000906045,0.000577076,0.001636772,0.001468467,0.000114513,-0.00151708,-0.002249398,-0.001463257,0.000423009,0.002185757,0.002616397,0.001374142,-0.000739148,-0.002307421,-0.002284934,-0.000742236,0.001176124,0.002074193,0.001324354,-0.000465555,-0.00189902,-0.001838705,-0.000278907,0.001624823
0.000678674,-0.000210527,-0.000522383,-0.000599412,-0.000520983,-0.000378243,-0.000229687,-7.19E-05,0.000135354,0.000411909,0.000717926,0.000963307,0.001057196,0.000957149,0.000682623,0.000289577,-0.0001656,-0.000640492,-0.001091296,-0.00144883,-0.001616426,-0.001501767,-0.001065845,-0.000356936,0.000492598,0.001303668,0.001899878,0.002146884,0.00197507,0.001392313,0.000493136,-0.000541987,-0.001472579,-0.002057903,-0.002137366,-0.001697315,-0.000887513,2.88E-05,0.000773676,0.001158971,0.00115009,0.000862205,0.000493623,0.000228255,0.000151294,0.000216107,0.00027832,0.000183424,-0.000133549,-0.000589882,-0.000978389,-0.001072035,-0.000761483,-0.0001458,0.000489806,0.000817099,0.000659668,0.000122967,-0.000436148,-0.000608283,-0.000195936,0.000620536,0.001342178,0.001432896,0.000671241,-0.000650891,-0.00183749,-0.00217762,-0.001395099,0.000130207,0.001542214,0.002013918,0.001275489,-0.000183871,-0.001402739,-0.001566862,-0.000564681,0.000906618,0.001788383,0.001386915,-0.000112217,-0.001719118,-0.002290379,-0.001331676,0.000609921,0.002269145,0.002512958,0.001139525,-0.000947742,-0.002344474,-0.002124524,-0.00050102,0.001320354,0.002011481,0.001095358,-0.000695208,-0.001956556,-0.001669475,1.28E-05,0.001850053
-0.001784503,-0.00090074,-0.000683578,-0.000459865,-0.000182638,8.83E-05,0.000305605,0.000476904,0.000644524,0.000833052,0.001012087,0.001105588,0.001039102,0.000786542,0.000382503,-0.000103188,-0.00060188,-0.001062323,-0.001438459,-0.001668307,-0.001672586,-0.001384367,-0.000793564,2.44E-05,0.000916545,0.001694267,0.002185428,0.002275118,0.001926233,0.001185946,0.000185006,-0.000873624,-0.001748222,-0.002219134,-0.002162823,-0.001606809,-0.000732784,0.000183604,0.000875021,0.001182309,0.001106536,0.000790749,0.000441805,0.000229623,0.000210164,0.000307295,0.000362246,0.000228583,-0.000133421,-0.000614381,-0.000996301,-0.001065299,-0.000741952,-0.000152369,0.000414861,0.000660175,0.000456317,-4.90E-05,-0.000492067,-0.000503317,4.33E-05,0.000901527,0.001550159,0.001491709,0.000585697,-0.00079847,-0.001938261,-0.002166162,-0.001294598,0.00021937,0.001507956,0.001812945,0.000975599,-0.000432474,-0.001455016,-0.001376287,-0.00022055,0.001226863,0.001925558,0.001297697,-0.000331572,-0.001900611,-0.002309356,-0.001190876,0.000786037,0.002326776,0.002383342,0.000893142,-0.001148027,-0.002359914,-0.001943321,-0.000251524,0.001458682,0.001937155,0.000860484,-0.000919559,-0.002002264,-0.00149285,0.000298901,0.002057709
-0.004147562,-0.001550119,-0.000818578,-0.000303037,0.000164241,0.000553587,0.000829093,0.001002763,0.001120009,0.001211274,0.001257205,0.001197504,0.000975465,0.000581888,6.60E-05,-0.000490293,-0.001008572,-0.001432134,-0.001716382,-0.001810156,-0.001654396,-0.00120878,-0.000491036,0.000399935,0.001296843,0.002008641,0.002374588,0.002304304,0.001794898,0.000930345,-0.000128906,-0.001166719,-0.001950064,-0.002288278,-0.00209847,-0.001447451,-0.000542043,0.000339187,0.00094857,0.00116158,0.001015729,0.000678308,0.000358927,0.000208497,0.00025177,0.000384645,0.000437472,0.000274702,-0.000118426,-0.000609788,-0.000976427,-0.001022129,-0.000697597,-0.000151112,0.000333088,0.000490467,0.000243998,-0.000221634,-0.000544369,-0.000401146,0.000263254,0.001144876,0.001712853,0.001516924,0.000496385,-0.000913921,-0.001982194,-0.002097182,-0.001160467,0.000306478,0.001443256,0.001574665,0.000653889,-0.000677909,-0.001487716,-0.001169622,0.000119372,0.001521301,0.00203133,0.001194262,-0.000534446,-0.002041289,-0.002286821,-0.001034073,0.00094117,0.002337831,0.002208946,0.000629631,-0.00132989,-0.002335649,-0.001726854,9.52E-06,0.001584446,0.001842941,0.00061833,-0.001131282,-0.002026415,-0.00130632,0.000569452,0.002228839
-0.006309333,-0.002134279,-0.000926987,-0.000142218,0.000498105,0.000992261,0.001315149,0.001483306,0.001545422,0.001538185,0.00145381,0.001248193,0.000882471,0.000363815,-0.000245262,-0.00085246,-0.001372238,-0.001744933,-0.001929863,-0.001888639,-0.001583419,-0.001000078,-0.000182001,0.000752345,0.001626314,0.002251911,0.002484212,0.002259778,0.001609494,0.000650662,-0.000432549,-0.001418076,-0.002088349,-0.0022862,-0.001970302,-0.001243775,-0.000332598,0.000488789,0.000998212,0.001108581,0.000893055,0.00053963,0.000256327,0.000171997,0.000279716,0.000449387,0.000503394,0.000318888,-9.47E-05,-0.00058573,-0.000930609,-0.000953576,-0.000635011,-0.000141619,0.000251802,0.000319146,3.31E-05,-0.000389243,-0.000593214,-0.000305331,0.000461109,0.00135216,0.001836094,0.001514828,0.000404529,-0.001004751,-0.001984465,-0.001987489,-0.001003031,0.000393352,0.001361824,0.001318319,0.000326081,-0.000914631,-0.001506101,-0.000957641,0.000446268,0.001787748,0.002109169,0.001080239,-0.000722699,-0.00214977,-0.002233625,-0.000866828,0.001080323,0.002316856,0.002006646,0.000359158,-0.001495011,-0.002283205,-0.001488873,0.000274192,0.001698743,0.001735707,0.000374738,-0.001330608,-0.002034935,-0.001116291,0.000823366,0.002369511
-0.008307453,-0.002666174,-0.001014959,2.05E-05,0.000820029,0.001408166,0.001770154,0.001927045,0.001930924,0.001824961,0.001613231,0.001268063,0.000768404,0.0001373,-0.000550438,-0.001193752,-0.001701672,-0.002013525,-0.002094312,-0.001919761,-0.001473859,-0.000768205,0.000129899,0.001085398,0.001916113,0.002441046,0.00253428,0.002160931,0.001385135,0.000354766,-0.000726838,-0.001637061,-0.002178721,-0.002231291,-0.001795478,-0.001008315,-0.000110415,0.000633117,0.001029788,0.001031846,0.00074732,0.000382198,0.000139683,0.000124401,0.000297533,0.000504552,0.000562078,0.000361281,-6.48E-05,-0.000547596,-0.000865919,-0.00086651,-0.000559027,-0.000125803,0.000171493,0.000147555,-0.000175857,-0.000552437,-0.000639317,-0.000214636,0.000641804,0.00153183,0.001929453,0.001492225,0.000310798,-0.001077292,-0.001955994,-0.001847944,-0.000828611,0.000480129,0.001268652,0.001049737,-4.99E-06,-0.001144052,-0.001513819,-0.00074246,0.000762332,0.002032361,0.002165707,0.000958334,-0.000899829,-0.002234142,-0.002157704,-0.000692015,0.001207567,0.002272429,0.001784314,8.43E-05,-0.00164731,-0.002210008,-0.001235534,0.000540865,0.001804186,0.001618963,0.000130556,-0.001520322,-0.002031831,-0.000924067,0.00106436,0.002487193
-0.009841679,-0.003056775,-0.0010556,0.000175855,0.001095767,0.001749564,0.002131528,0.00226677,0.002210539,0.002012285,0.001687709,0.001225051,0.000619935,-9.08E-05,-0.000822914,-0.001470416,-0.001940838,-0.002176229,-0.002150225,-0.001854333,-0.00129419,-0.000504663,0.000427925,0.001358875,0.002108427,0.002509994,0.002461802,0.001958925,0.001095714,4.34E-05,-0.000985491,-0.001778467,-0.002167356,-0.002072628,-0.001535776,-0.000721237,0.000125551,0.00075878,0.001022588,0.000910436,0.000562006,0.000194925,1.28E-06,5.81E-05,0.000295503,0.000538675,0.0006032,0.000396572,-2.64E-05,-0.000485433,-0.000767857,-0.000746207,-0.000457942,-9.54E-05,9.92E-05,-1.54E-05,-0.000371122,-0.000699981,-0.000678299,-0.000138002,0.000780882,0.001648712,0.001957976,0.001426845,0.000213469,-0.001113678,-0.00186876,-0.001653221,-0.000623796,0.000567539,0.001159071,0.000768682,-0.000329959,-0.00135085,-0.001500114,-0.000528336,0.001045565,0.002223496,0.002174646,0.000820645,-0.001052418,-0.002268921,-0.002037302,-0.000504047,0.001310912,0.002185008,0.001529189,-0.000192168,-0.001770443,-0.002097525,-0.000957959,0.000804802,0.001888807,0.001485011,-0.000110119,-0.001687072,-0.002005602,-0.000731482,0.001274262,0.002555799
-0.011035716,-0.003347075,-0.00106667,0.000319833,0.00133164,0.002031475,0.002421502,0.002530375,0.002416032,0.002133643,0.001709825,0.001147786,0.000458494,-0.00030913,-0.001063888,-0.00169705,-0.002117084,-0.002270669,-0.002141253,-0.001736297,-0.001082056,-0.000234318,0.000705127,0.001586306,0.00223635,0.002506719,0.002321671,0.001705759,0.000780555,-0.000264337,-0.001213285,-0.001869451,-0.002097524,-0.001859938,-0.001236805,-0.000415247,0.000360289,0.000868381,0.000992531,0.000767072,0.000360362,-2.45E-06,-0.000143763,-1.53E-05,0.00028339,0.000560202,0.000632554,0.000425352,1.38E-05,-0.000413298,-0.000654916,-0.000610752,-0.000344794,-5.63E-05,3.51E-05,-0.000167558,-0.000552307,-0.000833939,-0.000711648,-7.10E-05,0.000892779,0.001726428,0.001947688,0.001336858,0.000114266,-0.001130562,-0.001751289,-0.001431646,-0.00040531,0.000655156,0.001044705,0.000488703,-0.000642772,-0.001539172,-0.001473907,-0.000319433,0.001303196,0.002378291,0.0021537,0.000674162,-0.001189743,-0.002275123,-0.001892837,-0.000310243,0.001400716,0.002076208,0.00126083,-0.00046419,-0.001874698,-0.001964638,-0.000671587,0.001062062,0.001959111,0.001342352,-0.000345596,-0.00183808,-0.001966037,-0.000541011,0.001463476,0.002595023
-0.011936469,-0.0035509,-0.001052243,0.000453967,0.00153314,0.002262095,0.002649916,0.002728353,0.002557624,0.002198133,0.001686804,0.001040992,0.000285876,-0.000519142,-0.001277696,-0.001880549,-0.002239082,-0.002306259,-0.002076349,-0.001572916,-0.000841941,4.19E-05,0.000964367,0.001774035,0.002308759,0.002441182,0.002123225,0.001408497,0.000443218,-0.000568972,-0.001414468,-0.001916969,-0.001977292,-0.001600682,-0.000903992,-9.30E-05,0.000593962,0.000964131,0.000942772,0.000604788,0.000144645,-0.000208533,-0.000294528,-9.48E-05,0.000262586,0.00057087,0.000651766,0.00044852,5.56E-05,-0.000332571,-0.000529153,-0.000462239,-0.000221248,-9.65E-06,-2.21E-05,-0.000310477,-0.000721347,-0.000956183,-0.000740141,-1.22E-05,0.000981242,0.001770377,0.001903941,0.00122566,1.34E-05,-0.001130634,-0.001607753,-0.001186933,-0.000175047,0.000742948,0.000926217,0.000209661,-0.000945092,-0.00171156,-0.001436924,-0.000115038,0.001538749,0.002501754,0.002106994,0.000520103,-0.001313905,-0.002256692,-0.001727634,-0.000111416,0.001478843,0.00194898,0.000981071,-0.000732415,-0.001962677,-0.001814167,-0.000377641,0.001313556,0.00201707,0.001192191,-0.000576587,-0.001975514,-0.001914976,-0.000352367,0.001634852,0.002608918
-0.012132472,-0.003551645,-0.00098387,0.00055574,0.001643428,0.002362465,0.002726437,0.002768834,0.002550719,0.002135945,0.001569521,0.000880197,0.000103914,-0.000693585,-0.001415429,-0.001956552,-0.00223531,-0.002213744,-0.001897958,-0.001326494,-0.00056164,0.00030862,0.00116503,0.001862662,0.002257491,0.002248356,0.001816113,0.001040243,8.43E-05,-0.000844154,-0.001544121,-0.001868439,-0.001758393,-0.00126088,-0.000523084,0.000240475,0.000807654,0.001022034,0.000852902,0.000412422,-8.61E-05,-0.000417588,-0.000444543,-0.000178734,0.000227546,0.00055919,0.000647582,0.000455773,9.44E-05,-0.000242059,-0.000386096,-0.000295523,-8.22E-05,5.16E-05,-6.00E-05,-0.000424992,-0.00085476,-0.001046,-0.000755034,2.83E-05,0.001017832,0.001741721,0.001790685,0.001072146,-9.00E-05,-0.001099106,-0.00141843,-0.000905233,7.07E-05,0.000829281,0.00080657,-5.31E-05,-0.001210251,-0.001840917,-0.001376728,7.27E-05,0.001717753,0.002551607,0.002003487,0.000351396,-0.001408841,-0.002187747,-0.001523001,9.41E-05,0.001532926,0.001789795,0.000688224,-0.000982982,-0.002013186,-0.001631674,-7.80E-05,0.001543045,0.002044559,0.001028309,-0.000792465,-0.002079824,-0.001839376,-0.000170912,0.001765052,0.002569078
-0.011998644,-0.003459214,-0.000893156,0.000638893,0.001707567,0.002399046,0.002730251,0.002735657,0.002476319,0.002018448,0.001413795,0.000700895,-7.54E-05,-0.000845166,-0.001513187,-0.00198063,-0.002174415,-0.002066504,-0.001674744,-0.001051537,-0.000273368,0.000561426,0.00133194,0.001903195,0.00215197,0.002004668,0.001470622,0.000652812,-0.000271817,-0.001096362,-0.001636788,-0.001777888,-0.001502035,-0.000895933,-0.000133268,0.00056739,0.00100438,0.001059847,0.000746865,0.000212199,-0.000315971,-0.000620278,-0.000587853,-0.000260217,0.000188568,0.000538369,0.000632559,0.000454381,0.000129059,-0.00015126,-0.000240294,-0.000125628,6.02E-05,0.000118016,-8.81E-05,-0.000523729,-0.000968523,-0.001118289,-0.000762198,6.13E-05,0.001031648,0.001681843,0.001648567,0.00090196,-0.000193957,-0.001055675,-0.00121378,-0.000613469,0.000318301,0.000913383,0.000689201,-0.000302747,-0.001452578,-0.001947181,-0.00130592,0.000250318,0.001868087,0.002566481,0.001874561,0.000177242,-0.00149022,-0.002097492,-0.001303377,0.000300361,0.001576482,0.001619642,0.000394648,-0.001221355,-0.00204584,-0.00143758,0.000219061,0.001758105,0.002056426,0.000859275,-0.000999062,-0.002167345,-0.001752591,6.18E-06,0.001875883,0.002505837
-0.01147523,-0.003256745,-0.000776086,0.000700022,0.001717167,0.002360263,0.002648175,0.002615483,0.002322219,0.001835658,0.001212707,0.000499795,-0.000251569,-0.00096969,-0.001563691,-0.001943365,-0.002046065,-0.001854672,-0.001398661,-0.000742966,2.42E-05,0.000797694,0.001458929,0.001886906,0.001982401,0.001700982,0.001079911,0.000242853,-0.000624479,-0.001321357,-0.001685738,-0.001637733,-0.001201509,-0.000501397,0.00026695,0.000886496,0.001181001,0.00107391,0.000621756,2.75E-06,-0.000544737,-0.000815383,-0.00072319,-0.000338799,0.000144962,0.000506763,0.000604733,0.000442768,0.000158847,-6.02E-05,-9.13E-05,4.80E-05,0.000206267,0.000190413,-0.000104709,-0.000603809,-0.00105905,-0.001169855,-0.000760221,8.53E-05,0.001018575,0.001585111,0.001472392,0.000712113,-0.000298511,-0.000998211,-0.000991083,-0.000309884,0.000567875,0.000994836,0.000574548,-0.000536803,-0.001667887,-0.002026142,-0.001222583,0.000416009,0.001984536,0.002540033,0.001715626,-3.33E-06,-0.001555583,-0.001982091,-0.001066079,0.000507547,0.00160761,0.001436571,0.000100263,-0.001445287,-0.0020574,-0.001229815,0.000513192,0.001956082,0.002049832,0.000684172,-0.001194674,-0.002235026,-0.001652602,0.000178104,0.001963833,0.002414974
-0.01034335,-0.002885972,-0.000623406,0.000720079,0.001634899,0.002198266,0.002428764,0.002359471,0.002047443,0.001558498,0.000951641,0.000277643,-0.000409278,-0.001039917,-0.001531829,-0.001806968,-0.001815466,-0.001551798,-0.001055801,-0.000401731,0.000315411,0.00098955,0.00151091,0.001777995,0.001719212,0.00131993,0.000642465,-0.000174979,-0.000946195,-0.001485186,-0.001658598,-0.001424883,-0.000848376,-8.50E-05,0.000656402,0.001169524,0.001310196,0.001045231,0.000471437,-0.000208806,-0.000755611,-0.000982486,-0.000832757,-0.000403629,9.94E-05,0.000460429,0.000556574,0.00041252,0.000175675,2.33E-05,5.25E-05,0.000216835,0.000349907,0.000268086,-0.000102383,-0.000649778,-0.001106636,-0.001183212,-0.000740246,9.74E-05,0.000965704,0.001434798,0.001248866,0.000497191,-0.000401935,-0.000923064,-0.000750849,-1.70E-06,0.000808872,0.001067461,0.000468355,-0.000735713,-0.00182889,-0.002054534,-0.00111865,0.000558453,0.002041959,0.002445575,0.001510499,-0.000190955,-0.001594314,-0.001829687,-0.000806714,0.000711007,0.001618842,0.001239273,-0.000185313,-0.001637761,-0.002033374,-0.001005996,0.000792265,0.002117422,0.002009699,0.000501344,-0.001367649,-0.002266924,-0.001530783,0.000340046,0.002014117,0.002282108
-0.008948375,-0.002443974,-0.000457744,0.000719471,0.001509984,0.001980574,0.002148557,0.002044713,0.001722116,0.001243823,0.000669355,5.20E-05,-0.000553114,-0.001081375,-0.001460541,-0.001626155,-0.001541894,-0.001213746,-0.00069089,-5.50E-05,0.000594608,0.001153941,0.001524708,0.001627083,0.001418095,0.0009124,0.000195228,-0.000584128,-0.001243042,-0.001613985,-0.001594707,-0.001182361,-0.000479531,0.000330009,0.001029005,0.001425976,0.001411341,0.000995224,0.000312108,-0.000415715,-0.00095127,-0.001129936,-0.000924977,-0.000458309,5.52E-05,0.00040846,0.000499276,0.000372945,0.000184599,1.00E-04,0.000189518,0.000378904,0.000488526,0.000345928,-9.16E-05,-0.000678696,-0.001132339,-0.001176974,-0.000710489,0.00010524,0.000896236,0.001262522,0.001007013,0.00027386,-0.000503595,-0.000841572,-0.000507329,0.000302288,0.001040452,0.001133496,0.000367254,-0.000914484,-0.00196034,-0.002056672,-0.001004845,0.00068862,0.002070344,0.002319217,0.001285177,-0.000380092,-0.001619997,-0.001661438,-0.000539923,0.000910198,0.001620454,0.001037814,-0.000462632,-0.001812057,-0.001991966,-0.00077717,0.001059893,0.002257652,0.001952185,0.000315791,-0.001527805,-0.002280268,-0.001398343,0.000496711,0.002046475,0.002130697
-0.007209462,-0.001909395,-0.000275947,0.000690837,0.001328301,0.001689225,0.001788367,0.001653146,0.001331271,0.000881249,0.000360976,-0.000176084,-0.000676759,-0.001083376,-0.001336379,-0.001386728,-0.001212571,-0.000831164,-0.000299534,0.000295835,0.000854915,0.001279544,0.001486583,0.001420578,0.001068285,0.000472684,-0.000261179,-0.000977711,-0.001503367,-0.001693991,-0.001481424,-0.00090166,-9.26E-05,0.000739503,0.001375323,0.001643853,0.001473184,0.00091634,0.000141665,-0.000614601,-0.001124425,-0.001249062,-0.000992354,-0.000498252,1.37E-05,0.000349378,0.000429906,0.000320735,0.000182388,0.000166547,0.000316238,0.00053044,0.000619204,0.000423255,-6.97E-05,-0.00068452,-0.001128278,-0.001144045,-0.000667242,0.00010793,0.000805282,0.001061952,0.000741946,4.04E-05,-0.0006025,-0.000752237,-0.000261013,0.000598648,0.001257729,0.001189949,0.000273311,-0.001065199,-0.002051032,-0.002022955,-0.000877796,0.000801954,0.002059539,0.002150282,0.001033381,-0.000570659,-0.001628089,-0.001472528,-0.000264166,0.001102878,0.001609129,0.000831613,-0.000727601,-0.001960988,-0.001927138,-0.000542477,0.001310835,0.002368443,0.001870943,0.000126892,-0.001670143,-0.00226828,-0.001251608,0.000646138,0.002054824,0.001954906
-0.005142962,-0.001290669,-8.51E-05,0.000627878,0.001084832,0.001321298,0.001348192,0.001188305,0.000882231,0.000481642,4.01E-05,-0.00039175,-0.000765603,-0.001033733,-0.001151609,-0.001087112,-0.000833125,-0.000416962,9.92E-05,0.000627828,0.001072725,0.001346027,0.001383302,0.00115537,0.000678303,2.04E-05,-0.000698808,-0.001324146,-0.001697811,-0.001703904,-0.001310008,-0.000588609,0.000293108,0.001114788,0.001663481,0.001794835,0.001476587,0.000801755,-3.44E-05,-0.000790613,-0.001255467,-0.001320313,-0.001018997,-0.000512844,-1.97E-05,0.000285004,0.00034774,0.000253037,0.00016366,0.000214631,0.0004214,0.00065908,0.000731225,0.000493857,-3.69E-05,-0.000661918,-0.001086205,-0.001076524,-0.000605206,0.000108027,0.000694637,0.000836527,0.000459757,-0.000196145,-0.000694429,-0.000657685,-2.28E-05,0.000870919,0.001444866,0.001228384,0.000189265,-0.001175427,-0.002085016,-0.001941527,-0.000734651,0.000892668,0.002000176,0.0019322,0.000754934,-0.000757733,-0.001613539,-0.001262702,1.49E-05,0.001281186,0.001581004,0.000625046,-0.00096864,-0.002071963,-0.001832919,-0.000306701,0.001531741,0.002435147,0.001757785,-6.37E-05,-0.001785927,-0.002221858,-0.001086877,0.000785637,0.002034135,0.001753048
-0.002953814,-0.000642432,0.000106012,0.000548288,0.0008144,0.000921499,0.000876157,0.000695941,0.000413457,7.24E-05,-0.000279339,-0.000595376,-0.000833679,-0.000957736,-0.000938991,-0.000762704,-0.000436292,3.80E-06,0.000491798,0.000941424,0.00126238,0.001379224,0.001247645,0.000865131,0.0002762,-0.000427694,-0.001115705,-0.001636708,-0.00185187,-0.001675522,-0.001111034,-0.000265279,0.000669192,0.001462695,0.00191308,0.001905415,0.001447366,0.000669577,-0.000210159,-0.000950274,-0.001360156,-0.001362971,-0.001021744,-0.000512324,-4.73E-05,0.000219224,0.000260037,0.000177834,0.00013591,0.000251454,0.000512674,0.000772623,0.000830521,0.000558631,2.35E-07,-0.000625333,-0.001024796,-0.000991184,-0.000533037,0.00010821,0.000576693,0.000602507,0.0001735,-0.000430367,-0.000781192,-0.000561918,0.000207136,0.001125531,0.001611957,0.001255135,0.000110295,-0.001263321,-0.002088209,-0.001834864,-0.000583534,0.000971303,0.00191637,0.001690833,0.000465632,-0.000940714,-0.00158695,-0.001043963,0.000292542,0.001449557,0.001543753,0.000420129,-0.001194393,-0.002161206,-0.001723579,-7.27E-05,0.001733883,0.002476604,0.001627521,-0.000254044,-0.001886395,-0.002156692,-0.00091289,0.000919646,0.001998848,0.001539448
-0.000625589,3.68E-05,0.000293552,0.000445147,0.000508637,0.000481582,0.000365617,0.000172258,-7.51E-05,-0.000342516,-0.000589568,-0.000776199,-0.000868597,-0.000843135,-0.000688388,-0.000407378,-2.15E-05,0.000425456,0.000866606,0.001220083,0.001404906,0.001360833,0.001065366,0.000542717,-0.000136021,-0.000859974,-0.001492077,-0.001890718,-0.00194062,-0.001588758,-0.000873627,6.74E-05,0.001022973,0.001761473,0.002098118,0.001951118,0.001367806,0.000512201,-0.000382355,-0.00108172,-0.00142182,-0.001359964,-0.000986667,-0.00048769,-6.50E-05,0.000152565,0.000165133,9.20E-05,9.44E-05,0.000270128,0.000580977,0.000860947,0.000908261,0.00061269,4.23E-05,-0.000568744,-0.000935127,-0.000879597,-0.000445532,0.000109805,0.000450565,0.000359625,-0.00011446,-0.00065769,-0.000858926,-0.000465691,0.000421184,0.001349394,0.001745439,0.00126251,3.88E-05,-0.00131698,-0.002044615,-0.001690441,-0.000420965,0.00103176,0.001797072,0.001417003,0.000162937,-0.001115599,-0.001542285,-0.000813778,0.000565338,0.001601003,0.001492637,0.000219303,-0.001394959,-0.002216469,-0.001591984,0.000156759,0.001905414,0.002478581,0.001471458,-0.000443165,-0.001962823,-0.00206301,-0.000725284,0.001045224,0.001942379,0.001310074
0.001693352,0.000703991,0.000465674,0.00032461,0.000185988,2.82E-05,-0.000152022,-0.000349853,-0.000552163,-0.000735871,-0.00086977,-0.000921525,-0.000866811,-0.000695734,-0.000414236,-4.26E-05,0.000385469,0.000820715,0.001198383,0.001444054,0.00148884,0.001289505,0.000845659,0.000206681,-0.000533209,-0.001248681,-0.001802122,-0.00206667,-0.001954091,-0.001444639,-0.000609137,0.000390559,0.001331994,0.001989776,0.002202334,0.001923182,0.001237028,0.000335096,-0.000541969,-0.001175298,-0.001432452,-0.001305856,-0.000910484,-0.0004366,-7.01E-05,8.85E-05,6.68E-05,-1.52E-06,3.99E-05,0.000268535,0.000621594,0.000917828,0.000958044,0.000650373,8.46E-05,-0.000496321,-0.000821011,-0.000744691,-0.000343311,0.000116215,0.000324587,0.000120248,-0.000390626,-0.00086751,-0.000923381,-0.00037236,0.000610023,0.001531001,0.0018357,0.001245187,-2.65E-05,-0.00133587,-0.001954432,-0.001510116,-0.000249102,0.001074303,0.001647022,0.001119537,-0.000143362,-0.001275932,-0.001479396,-0.000578043,0.000824835,0.001729272,0.001426751,2.68E-05,-0.001564452,-0.002234438,-0.001439811,0.000375757,0.002039805,0.00243736,0.001290063,-0.000627848,-0.002012232,-0.001940124,-0.000525312,0.001161602,0.001866947,0.001070571
0.003961761,0.001351255,0.000625512,0.000196172,-0.000140529,-0.000424546,-0.000664074,-0.000861047,-0.001013104,-0.001108798,-0.001126731,-0.001043004,-0.000843279,-0.000531622,-0.000131201,0.000321128,0.000780074,0.001192824,0.00149826,0.001631198,0.001536246,0.001187891,0.000607603,-0.000131442,-0.000914312,-0.001604389,-0.002066898,-0.002192616,-0.001922004,-0.001268416,-0.000332779,0.000702506,0.001608887,0.002171747,0.002255918,0.001850973,0.001077078,0.000148584,-0.000691613,-0.001244442,-0.001411762,-0.001221247,-0.00081019,-0.000370015,-6.75E-05,2.68E-05,-3.23E-05,-9.84E-05,-2.16E-05,0.000254983,0.000645198,0.000955026,0.000990005,0.000677011,0.000125559,-0.000416152,-0.000694145,-0.000597447,-0.000233017,0.000126219,0.000201029,-0.000113507,-0.000655981,-0.001064008,-0.000978764,-0.000281488,0.000781778,0.001685018,0.001898302,0.001212063,-8.87E-05,-0.001334719,-0.001837654,-0.00130985,-7.27E-05,0.001106527,0.001480693,0.000811215,-0.000448613,-0.001425744,-0.001405816,-0.000340841,0.001074054,0.001842147,0.001351914,-0.000159882,-0.001714313,-0.002229904,-0.001276242,0.000587042,0.002150865,0.002370185,0.001094315,-0.000808876,-0.002045061,-0.001800175,-0.000318684,0.001272269,0.001781076,0.000826829
0.00605765,0.001940335,0.000758814,5.94E-05,-0.00046132,-0.000859477,-0.001147545,-0.001334471,-0.00142923,-0.001432819,-0.001334503,-0.001119498,-0.000783795,-0.00034526,0.000156511,0.000669532,0.001139243,0.001511821,0.00173274,0.001748708,0.001519673,0.001038336,0.000346762,-0.0004612,-0.001254643,-0.001891355,-0.002245037,-0.002228465,-0.001812699,-0.001042813,-4.50E-05,0.000985118,0.001821583,0.002268066,0.002220354,0.001704288,0.000871214,-4.90E-05,-0.000819811,-0.001269249,-0.001337141,-0.001085768,-0.000670509,-0.000278163,-5.16E-05,-2.93E-05,-0.000130232,-0.000198532,-9.31E-05,0.000221756,0.000639468,0.000957597,0.000990009,0.00068273,0.000161455,-0.000326407,-0.000549623,-0.000432726,-0.000110655,0.000143629,8.61E-05,-0.000330969,-0.00089591,-0.001232647,-0.001016762,-0.00019615,0.000921051,0.001788372,0.001911121,0.001150504,-0.000146844,-0.001301531,-0.001678891,-0.001079241,0.000109413,0.001122271,0.001291282,0.000491161,-0.000745846,-0.001554406,-0.001314767,-0.000104809,0.001301546,0.001926293,0.001261876,-0.000334768,-0.001829298,-0.002187345,-0.001095401,0.000782539,0.002220725,0.002259385,0.000876128,-0.000981838,-0.002049342,-0.001632484,-0.000102371,0.001372979,0.001679512,0.000579562
0.007878695,0.002444588,0.000862195,-7.56E-05,-0.000757813,-0.001253297,-0.001577895,-0.001747361,-0.001782089,-0.001695669,-0.001488088,-0.001153497,-0.000697671,-0.000151256,0.000431226,0.000984615,0.001447362,0.001767026,0.001897878,0.001800124,0.001449651,0.000856601,8.13E-05,-0.000765393,-0.001541409,-0.002103898,-0.002339312,-0.002185011,-0.001642737,-0.000786494,0.00023757,0.001227934,0.00196809,0.002285553,0.002109363,0.001500078,0.000635187,-0.000246964,-0.000923434,-0.001254198,-0.001218697,-0.000911849,-0.000502728,-0.000168668,-2.53E-05,-7.85E-05,-0.000223187,-0.000296765,-0.000169253,0.000174429,0.000610054,0.000930841,0.000961887,0.000668344,0.000188896,-0.000234595,-0.000397316,-0.000259738,1.83E-05,0.000168382,-1.55E-05,-0.000525026,-0.001104173,-0.001370172,-0.001037029,-0.000116866,0.001028955,0.001844877,0.001879214,0.001063391,-0.000203561,-0.001245433,-0.001491114,-0.000829822,0.000292339,0.001125721,0.001089972,0.000172229,-0.001026212,-0.001659988,-0.00121006,0.000124573,0.001504204,0.001982306,0.001158921,-0.000497536,-0.001913226,-0.002113734,-0.000903518,0.000960897,0.002254324,0.002113651,0.000642945,-0.001144749,-0.002029181,-0.001443927,0.000118943,0.001464423,0.001567622,0.000334854
0.009492406,0.002885697,0.000944325,-0.000207776,-0.001034352,-0.001614743,-0.001967358,-0.002114549,-0.002088096,-0.00191417,-0.001603386,-0.001158564,-0.000594724,4.55E-05,0.000693958,0.00127361,0.001717556,0.001976343,0.002014432,0.001806465,0.001344471,0.000655294,-0.000184205,-0.001048998,-0.001788975,-0.00226402,-0.002376071,-0.002088558,-0.001433653,-0.000512122,0.00051382,0.001441415,0.002068448,0.002249655,0.001948545,0.001259009,0.00038106,-0.000443349,-0.001009432,-0.001212283,-0.001071665,-0.000713531,-0.000317559,-4.84E-05,7.59E-06,-0.000122857,-0.000312017,-0.00039275,-0.000247555,0.000118378,0.00056525,0.000884685,0.000914929,0.00064018,0.000209943,-0.000142578,-0.000241267,-8.26E-05,0.000150773,0.000198067,-0.000107013,-0.000701707,-0.001289384,-0.001485454,-0.001044811,-4.18E-05,0.00111528,0.001869453,0.001817059,0.000959023,-0.000259672,-0.001174852,-0.001285299,-0.000569305,0.000474905,0.001121169,0.000882163,-0.000143754,-0.00129324,-0.001749034,-0.001096391,0.00034839,0.001688934,0.002018689,0.00104727,-0.000651784,-0.001976066,-0.00201956,-0.000704948,0.00112705,0.002263421,0.001945009,0.000400628,-0.001300188,-0.001992555,-0.001241957,0.00034285,0.001549342,0.001449276,9.29E-05
0.010625453,0.003183829,0.000982546,-0.000326736,-0.001258063,-0.001895653,-0.002258763,-0.002375653,-0.002289029,-0.002037122,-0.0016404,-0.001109174,-0.000466011,0.00023684,0.000920118,0.001498294,0.001902211,0.002088296,0.002033397,0.001727636,0.001178654,0.000427617,-0.000436331,-0.001279621,-0.001950551,-0.002317676,-0.002302735,-0.001896811,-0.001160676,-0.000216573,0.000765176,0.001589661,0.002077101,0.002114589,0.001700798,0.000958914,0.000103776,-0.000628191,-0.001058257,-0.001121032,-0.000876426,-0.000477226,-0.000107464,8.65E-05,5.05E-05,-0.000157151,-0.00038981,-0.000480165,-0.000325522,4.98E-05,0.000494761,0.000804562,0.000833947,0.000585695,0.000216101,-5.56E-05,-8.51E-05,9.56E-05,0.000285627,0.000236742,-0.000175993,-0.000839247,-0.001424525,-0.001554143,-0.001027255,2.50E-05,0.001160003,0.00183381,0.001698889,0.000822831,-0.000316227,-0.001082026,-0.001053219,-0.000295543,0.000652646,0.001103208,0.000669289,-0.000444415,-0.00152688,-0.001803283,-0.000967361,0.000557098,0.001835371,0.002015995,0.000919686,-0.000788803,-0.001999477,-0.001889268,-0.000497505,0.001267838,0.002227225,0.00173718,0.000145929,-0.00143876,-0.001925725,-0.001018299,0.000568019,0.001621025,0.001321349,-0.000139381
0.011368212,0.003368499,0.000989248,-0.000429971,-0.001433792,-0.002106917,-0.002468018,-0.00255052,-0.002407393,-0.002088114,-0.001621944,-0.001025311,-0.000326583,0.000414419,0.001109803,0.001667804,0.002019242,0.002128139,0.001984698,0.001594513,0.000979649,0.000193163,-0.00066705,-0.001463098,-0.002045947,-0.002296333,-0.002157764,-0.001648846,-0.000856488,8.01E-05,0.000988236,0.001686714,0.00202271,0.001917711,0.001404469,0.000631487,-0.00017735,-0.000797046,-0.001079208,-0.000999394,-0.000656006,-0.000224777,0.000110401,0.000224816,9.71E-05,-0.000184271,-0.000457287,-0.000557596,-0.000398653,-2.27E-05,0.000411176,0.00070522,0.000732619,0.000514152,0.000210276,2.34E-05,6.45E-05,0.000267838,0.000417424,0.000280228,-0.000227449,-0.000945789,-0.001521007,-0.001587966,-0.00099121,8.62E-05,0.001176936,0.001759019,0.001545344,0.0006669,-0.000374081,-0.000978995,-0.000811114,-2.06E-05,0.000822717,0.001077345,0.000459391,-0.000725893,-0.001730536,-0.001830837,-0.000829421,0.000751447,0.00195203,0.001985236,0.000781867,-0.000913237,-0.001996872,-0.001737349,-0.000287623,0.001389569,0.002161865,0.00150733,-0.000112011,-0.001563041,-0.001839365,-0.000783762,0.000790065,0.001682291,0.001188866,-0.000361295
0.011807356,0.003465108,0.000971752,-0.000520586,-0.001571802,-0.002263674,-0.002613167,-0.00265829,-0.002461734,-0.002083559,-0.001560963,-0.000915385,-0.000179613,0.00058061,0.001270585,0.001794162,0.002083804,0.002112414,0.001884251,0.001420302,0.00075607,-4.54E-05,-0.00088029,-0.00160956,-0.002090121,-0.002217511,-0.001958429,-0.001358782,-0.000529631,0.000376357,0.001188618,0.001744036,0.001920124,0.001674179,0.001072061,0.000284432,-0.000460243,-0.000952887,-0.001078603,-0.000854844,-0.000417097,3.90E-05,0.000333274,0.000364984,0.000146252,-0.000205893,-0.000516609,-0.000626981,-0.000467627,-9.77E-05,0.000318008,0.000591565,0.000616023,0.000429682,0.000195157,9.59E-05,0.000208556,0.000434966,0.0005464,0.000327204,-0.000265362,-0.001028256,-0.001587501,-0.001594813,-0.000940889,0.000143245,0.001172654,0.001654447,0.001365006,0.00049609,-0.000432957,-0.000868555,-0.000562043,0.000254457,0.000986446,0.001045475,0.000252322,-0.000991875,-0.001910532,-0.001837633,-0.000684788,0.000934398,0.002045495,0.001932813,0.000636265,-0.001027915,-0.001974363,-0.001569103,-7.62E-05,0.00149651,0.002074289,0.001261043,-0.000371911,-0.001676054,-0.001738097,-0.000541261,0.001009288,0.001735365,0.001053018,-0.000574928
0.01158954,0.00337418,0.000906619,-0.000578152,-0.001622353,-0.002297596,-0.002616684,-0.00262075,-0.002380688,-0.00196525,-0.001417225,-0.000760205,-2.80E-05,0.000711568,0.001361037,0.001823706,0.002036852,0.00198431,0.001684985,0.001174113,0.000497649,-0.000276172,-0.001043524,-0.001670972,-0.002027324,-0.002027112,-0.001661556,-0.001001766,-0.000177525,0.000652964,0.001330106,0.001716777,0.001725774,0.001350838,0.000686896,-8.10E-05,-0.000728967,-0.001072038,-0.001033231,-0.000671461,-0.00015439,0.000309899,0.000551713,0.000498472,0.000195231,-0.000216856,-0.000556339,-0.00067484,-0.000521762,-0.000170694,0.000213018,0.000456358,0.000474611,0.000322272,0.000160336,0.00014981,0.000333096,0.00058273,0.00066272,0.000378026,-0.000275313,-0.001059194,-0.001590384,-0.001545456,-0.000861236,0.000192644,0.001128456,0.001495371,0.001137401,0.000300087,-0.000494235,-0.000749901,-0.000310148,0.000518526,0.00113094,0.001002673,5.89E-05,-0.001215927,-0.002034392,-0.001799657,-0.000529163,0.001089389,0.002088373,0.001835955,0.000476399,-0.00112205,-0.001913744,-0.001372811,0.000133244,0.001571959,0.001945605,0.000989389,-0.000627845,-0.001762497,-0.001608792,-0.000288851,0.001216632,0.001769406,0.000912469,-0.000767466
0.011024335,0.003185794,0.000818987,-0.00061496,-0.001623306,-0.002263744,-0.002543613,-0.002506281,-0.002229829,-0.001790451,-0.001235006,-0.00058746,0.000119377,0.000817809,0.001409793,0.001800021,0.001932003,0.00180119,0.001440915,0.000899509,0.000231301,-0.000493086,-0.00117319,-0.001684355,-0.001909927,-0.001784814,-0.001324478,-0.00062318,0.000174123,0.000908078,0.001434378,0.001645132,0.001489732,0.00099729,0.000288512,-0.000441769,-0.000979249,-0.001166256,-0.0009648,-0.000473562,0.000111373,0.000573882,0.000758386,0.000621683,0.000240563,-0.000222878,-0.000584304,-0.000708539,-0.000564344,-0.000238172,0.000106887,0.000315072,0.000324768,0.00020573,0.000115545,0.000191694,0.00044293,0.000715166,0.000768013,0.000428227,-0.000271438,-0.001062915,-0.001559682,-0.001466873,-0.000766535,0.000238688,0.001065987,0.001312446,0.000890527,9.49E-05,-0.00055626,-0.000630687,-6.35E-05,0.000769906,0.00126123,0.000954447,-0.000123186,-0.001412376,-0.002124593,-0.001737081,-0.000369489,0.001226986,0.002103003,0.001715955,0.000310286,-0.001204873,-0.001834607,-0.001165017,0.000338568,0.001630176,0.001798116,0.000709679,-0.00087655,-0.001832612,-0.001466213,-3.53E-05,0.001413594,0.001791547,0.000770327,-0.000946676
0.010132566,0.002905792,0.00071021,-0.000632253,-0.001577633,-0.002166181,-0.002398544,-0.002319491,-0.002013345,-0.001562551,-0.001016616,-0.000398204,0.000262777,0.000900813,0.001419348,0.001726293,0.001772728,0.001566353,0.001154732,0.000598199,-4.25E-05,-0.000696992,-0.001271295,-0.001652584,-0.001741203,-0.001493732,-0.000949613,-0.000224326,0.00052533,0.00114298,0.001503661,0.001531761,0.0012145,0.000615354,-0.000122288,-0.000798254,-0.001212187,-0.00123703,-0.000874692,-0.000262022,0.000379999,0.00083139,0.000953989,0.000735228,0.000282465,-0.000224255,-0.000601206,-0.000728929,-0.000596064,-0.000300442,-3.12E-07,0.000168076,0.000167004,8.06E-05,6.14E-05,0.000222227,0.000538938,0.000833187,0.000862936,0.000477844,-0.000254565,-0.00104105,-0.001497407,-0.001360818,-0.00065769,0.000281576,0.000986343,0.001107107,0.000625546,-0.000118818,-0.000618985,-0.000510951,0.000178179,0.00100935,0.001378164,0.000901124,-0.000294626,-0.001582869,-0.002183149,-0.001651378,-0.000206012,0.001348225,0.002091079,0.001574203,0.000138306,-0.001277059,-0.001738061,-0.000946415,0.000540009,0.001672192,0.001632952,0.000422405,-0.001118453,-0.001887377,-0.00131116,0.000219225,0.001600789,0.001802496,0.000626688,-0.001113352
0.008662882,0.002466899,0.000569121,-0.000608749,-0.001443019,-0.001950433,-0.002122762,-0.002004479,-0.001684069,-0.001247631,-0.000744259,-0.000191864,0.000386342,0.000930987,0.001350772,0.001559914,0.00151896,0.001248209,0.000808109,0.000268006,-0.0003093,-0.000859109,-0.001299508,-0.001534534,-0.001484862,-0.001129477,-0.000529446,0.00018378,0.000848814,0.001320045,0.001498419,0.001344294,0.000882409,0.000206088,-0.000526402,-0.001118665,-0.00139212,-0.001254479,-0.000746617,-3.78E-05,0.000634788,0.001055962,0.001110644,0.000817709,0.00031101,-0.000218586,-0.000595214,-0.000719681,-0.000600877,-0.000344681,-9.97E-05,2.10E-05,4.27E-06,-5.36E-05,-8.05E-06,0.000228512,0.000601831,0.000915101,0.000930046,0.000520408,-0.000216731,-0.000973252,-0.001378021,-0.001205796,-0.000524132,0.00031975,0.000880542,0.000870425,0.000339049,-0.00033915,-0.000680602,-0.000396372,0.000398317,0.001213358,0.001461876,0.000838022,-0.000439404,-0.001695474,-0.002175739,-0.001521196,-3.91E-05,0.001433841,0.002026824,0.00139287,-4.16E-05,-0.001327859,-0.001611605,-0.000713789,0.00072817,0.001682578,0.001440282,0.000131503,-0.00133728,-0.001908561,-0.001135599,0.000467406,0.001761001,0.00178803,0.000481277,-0.001252625
0.006978755,0.001970642,0.00041857,-0.000566993,-0.001272185,-0.00168809,-0.001796796,-0.001641735,-0.001314575,-0.000903855,-0.000456858,1.48E-05,0.000496165,0.000935681,0.001248759,0.001357006,0.00123092,0.000903143,0.000446011,-6.38E-05,-0.000563414,-0.000996226,-0.001294572,-0.001381032,-0.001197359,-0.000744446,-0.000103173,0.000581926,0.001148285,0.001464227,0.001458779,0.001128814,0.00053524,-0.000201847,-0.00091342,-0.001410974,-0.001540642,-0.001245708,-0.000604369,0.000185366,0.000874652,0.001257046,0.001242623,0.000881292,0.000330823,-0.000210764,-0.00057878,-0.000696091,-0.000591667,-0.000377781,-0.000191317,-0.000121024,-0.000155716,-0.000187977,-8.23E-05,0.00022382,0.000647969,0.000977923,0.000981604,0.000556977,-0.000172171,-0.000887728,-0.00123625,-0.001031936,-0.000381414,0.000356329,0.000766618,0.000625824,4.98E-05,-0.000557216,-0.00074001,-0.000286301,0.000603991,0.001396437,0.00152761,0.000770334,-0.000570279,-0.001779837,-0.002137816,-0.001372024,0.000127445,0.001502085,0.001939409,0.001195639,-0.000223014,-0.001368634,-0.001473568,-0.000478086,0.000907851,0.001678893,0.001238555,-0.000155938,-0.001541368,-0.001913147,-0.000952684,0.000708843,0.001905445,0.001760417,0.000335382,-0.001378537
0.005035347,0.001405171,0.000256806,-0.000502891,-0.001057274,-0.001369168,-0.001410001,-0.001221262,-0.000896601,-0.000525496,-0.000151712,0.00022126,0.000588797,0.000909035,0.001105915,0.001109739,0.000901512,0.000525884,6.58E-05,-0.000396589,-0.000801272,-0.00110226,-0.001248908,-0.001184355,-0.000872298,-0.000334868,0.00032952,0.000966827,0.001417486,0.001567625,0.001376944,0.000879419,0.000170378,-0.000607142,-0.001278453,-0.001667984,-0.001650127,-0.001204658,-0.000444977,0.000406736,0.001095591,0.001428719,0.001343848,0.000921367,0.000339739,-0.000200379,-0.000549546,-0.000654859,-0.000565138,-0.000397011,-0.000273199,-0.000256632,-0.000311976,-0.000322229,-0.0001622,0.000205678,0.000673446,0.001017145,0.001013887,0.000585997,-0.000119568,-0.000780711,-0.001067307,-0.00083524,-0.000227624,0.000390992,0.000643015,0.000371983,-0.000242403,-0.000772114,-0.000796585,-0.000181917,0.000791593,0.001553505,0.0015711,0.000697019,-0.000683982,-0.001829441,-0.002062458,-0.001199672,0.0002933,0.001548948,0.00182366,0.000979078,-0.000406212,-0.001397098,-0.001321487,-0.000238858,0.001076953,0.001657982,0.001025986,-0.000438757,-0.001727075,-0.001897296,-0.000760907,0.000941727,0.002030305,0.001716578,0.000188924,-0.001488001
0.002836423,0.000775643,9.06E-05,-0.000408603,-0.000790441,-0.000987213,-0.000958751,-0.000743408,-0.000435081,-0.00012203,0.00015787,0.000411721,0.000647657,0.000835926,0.000910939,0.000812851,0.000533162,0.000127187,-0.000314007,-0.000706397,-0.000996339,-0.001152328,-0.001143633,-0.00093553,-0.000513271,8.24E-05,0.000740378,0.001303073,0.001620044,0.001599873,0.001234859,0.000594531,-0.000196363,-0.000979388,-0.001582569,-0.001850332,-0.00168902,-0.001113933,-0.000268081,0.000610895,0.001271272,0.001540635,0.001386822,0.000918231,0.000327872,-0.00018832,-0.00050198,-0.000586906,-0.000510647,-0.000390886,-0.00033297,-0.000372808,-0.000452268,-0.000447398,-0.000244954,0.000169234,0.000666432,0.00101727,0.001012423,0.00059806,-6.17E-05,-0.000649943,-0.000867372,-0.000613495,-6.29E-05,0.000423447,0.000513009,0.000118159,-0.000523505,-0.000970419,-0.00084433,-8.93E-05,0.000943861,0.001662895,0.001575991,0.000614665,-0.00076969,-0.001825162,-0.00193219,-0.000996732,0.000453573,0.001561991,0.001668085,0.000739243,-0.000586943,-0.001406181,-0.001152619,-1.30E-06,0.001225207,0.001612144,0.000804535,-0.000704085,-0.001876754,-0.001848522,-0.000560291,0.00115372,0.002118661,0.001645213,4.21E-05,-0.001571375
0.000576354,0.000133401,-7.25E-05,-0.000301931,-0.000505806,-0.00058555,-0.000489193,-0.000251481,3.42E-05,0.000281796,0.000460277,0.000588329,0.000687772,0.000741791,0.000695885,0.000500259,0.000156552,-0.00027021,-0.000682295,-0.000995439,-0.001164152,-0.001172831,-0.001011583,-0.000667945,-0.000147868,0.000491253,0.001128164,0.001604991,0.001783087,0.00159517,0.001066224,0.000299617,-0.000553767,-0.001324316,-0.001846949,-0.001989158,-0.00169028,-0.000999731,-8.65E-05,0.000801001,0.001418951,0.001618383,0.001397848,0.000891915,0.000304709,-0.000176223,-0.000446193,-0.000506494,-0.000442533,-0.000371364,-0.000379632,-0.000476085,-0.000580857,-0.000564519,-0.000326428,0.000125272,0.000643818,0.000997702,0.000993211,0.000599858,-4.26E-06,-0.000511566,-0.000656994,-0.00038394,0.000104337,0.000454844,0.000383085,-0.000130049,-0.000792951,-0.001155748,-0.000885648,-3.16E-06,0.001076297,0.001746267,0.001560413,0.000527638,-0.00084141,-0.001794835,-0.001776608,-0.000781213,0.00060913,0.001558159,0.001494733,0.000490895,-0.000764097,-0.001405358,-0.000977313,0.000232641,0.001361368,0.001554611,0.00058172,-0.000956808,-0.00200576,-0.00178307,-0.000357287,0.001352366,0.002186568,0.001559331,-0.000104559,-0.001641616
-0.001740253,-0.000518268,-0.000229088,-0.000179198,-0.000199898,-0.000161519,-1.18E-07,0.00025377,0.000508328,0.000680898,0.000748679,0.000743161,0.000701006,0.000619348,0.000455456,0.000169712,-0.000226755,-0.000660648,-0.001029649,-0.001251624,-0.001291535,-0.001151525,-0.000843578,-0.000377394,0.000221861,0.000882994,0.001478645,0.001854863,0.001888499,0.001538468,0.000862183,-5.93E-06,-0.00089378,-0.001626615,-0.002052074,-0.002064782,-0.001638182,-0.000853451,9.97E-05,0.000969223,0.001525369,0.001646758,0.001363219,0.000832675,0.000265444,-0.000164416,-0.000379371,-0.000409137,-0.000355621,-0.000332896,-0.000407182,-0.000560052,-0.000691568,-0.000668942,-0.000404965,7.15E-05,0.000599778,0.000950672,0.000948933,0.000586612,5.14E-05,-0.000364431,-0.000434251,-0.000145541,0.000273868,0.000484789,0.000254684,-0.000368038,-0.001043555,-0.001321016,-0.00091716,7.36E-05,0.001180209,0.001792505,0.001515859,0.000434048,-0.000893668,-0.001728647,-0.001586724,-0.000549358,0.000757296,0.001530865,0.001297566,0.000232046,-0.000935266,-0.001390659,-0.000793892,0.00046035,0.001479982,0.001481138,0.000358333,-0.001190332,-0.002104864,-0.001694327,-0.00015184,0.001531192,0.00222508,0.001452937,-0.000251047,-0.001693539
-0.003961513,-0.001134623,-0.000365802,-4.51E-05,0.00011025,0.000259357,0.000477653,0.000739194,0.000954647,0.001045895,0.00099933,0.000860025,0.000680015,0.000470674,0.000200944,-0.000159344,-0.000591093,-0.001015013,-0.0013269,-0.001449403,-0.001360041,-0.001079846,-0.000642539,-7.83E-05,0.000571542,0.00122668,0.001758854,0.00202297,0.001914789,0.001420238,0.000626821,-0.000305295,-0.001190133,-0.001855692,-0.002168851,-0.002054878,-0.001520709,-0.000674465,0.000281366,0.001099806,0.001572602,0.001609532,0.001270835,0.000733129,0.000206468,-0.000154356,-0.000302136,-0.00029496,-0.000248837,-0.000272027,-0.000408964,-0.000615117,-0.000773388,-0.000750516,-0.000473444,1.10E-05,0.000533209,0.000872255,0.000874217,0.000552224,9.83E-05,-0.000217061,-0.000209165,9.17E-05,0.000438582,0.000512417,0.000135036,-0.000581512,-0.001258068,-0.001451754,-0.000931991,0.000138773,0.001246522,0.001790886,0.001435033,0.000332394,-0.000923549,-0.001623194,-0.001362399,-0.000305356,0.000891895,0.001476079,0.001077758,-3.12E-05,-0.001093249,-0.001358569,-0.000605176,0.00067425,0.001573816,0.001390324,0.000141064,-0.001392568,-0.002162783,-0.0015778,5.17E-05,0.001679887,0.002223921,0.001320826,-0.000396427,-0.001723375
-0.006076002,-0.001716318,-0.000488058,9.20E-05,0.00041512,0.000668078,0.000937392,0.001201783,0.001374778,0.001383241,0.001223074,0.000953061,0.00064059,0.000311099,-5.52E-05,-0.000479593,-0.000936172,-0.001340983,-0.001589419,-0.001610226,-0.001394343,-0.000981911,-0.000427835,0.000218498,0.000902037,0.001535802,0.001993635,0.002141806,0.001896417,0.001270263,0.000379027,-0.000594832,-0.001455807,-0.002038932,-0.002233589,-0.001997048,-0.001368739,-0.000480525,0.000456979,0.001206709,0.001585551,0.00153591,0.001147415,0.000612473,0.000137288,-0.000145526,-0.000220389,-0.000173292,-0.000132794,-0.00019981,-0.000396513,-0.000653213,-0.000837534,-0.000817426,-0.000534287,-5.14E-05,0.000455995,0.000777961,0.000783462,0.000505774,0.00013834,-7.30E-05,1.29E-05,0.000324105,0.000597948,0.000538358,2.22E-05,-0.000777941,-0.001448852,-0.001560511,-0.000936144,0.000197739,0.001291843,0.001762808,0.001334481,0.000226428,-0.000941865,-0.001498201,-0.001122177,-5.76E-05,0.00101749,0.001406794,0.000847972,-0.000293928,-0.001241898,-0.001316741,-0.000415061,0.000878566,0.001652998,0.001290689,-7.07E-05,-0.00157533,-0.002196902,-0.001446501,0.000252404,0.001810261,0.002200054,0.001174674,-0.000540765,-0.001741184
-0.007965583,-0.002227611,-0.000584036,0.000230466,0.000703476,0.001046555,0.001356249,0.001615924,0.0017424,0.001668008,0.001398394,0.001005953,0.000573028,0.000138496,-0.000307009,-0.000777448,-0.001241741,-0.001613587,-0.001790268,-0.001708496,-0.001373654,-0.000844879,-0.000196888,0.000504416,0.00119387,0.001782456,0.002150607,0.002179589,0.001807591,0.001073402,0.000117222,-0.000862122,-0.001666642,-0.002145056,-0.002213924,-0.001863989,-0.001164924,-0.000266741,0.000619349,0.001273658,0.001543492,0.001405556,0.000976712,0.000460275,5.30E-05,-0.000138897,-0.000132979,-4.19E-05,-4.24E-06,-0.000111077,-0.00036194,-0.000663839,-0.000872343,-0.000859318,-0.000580994,-0.000114401,0.000364195,0.000660587,0.00066863,0.000440163,0.00016578,6.22E-05,0.000225507,0.000544606,0.000746065,0.000561233,-7.81E-05,-0.000944057,-0.001598616,-0.001631936,-0.000922107,0.000247372,0.001304291,0.001693584,0.00120362,0.000113924,-0.000943067,-0.00134519,-0.00086067,0.000192664,0.001127441,0.001315727,0.000605444,-0.000552312,-0.0013738,-0.001259637,-0.00022445,0.001065839,0.001708351,0.001178176,-0.000271763,-0.001725426,-0.002192889,-0.001292881,0.000447035,0.001910329,0.002140033,0.001006896,-0.000683002,-0.00174049
-0.009506417,-0.002634655,-0.00064706,0.000361287,0.000956234,0.001369578,0.001706413,0.001954358,0.002033569,0.001881794,0.00151399,0.001015268,0.000481677,-3.59E-05,-0.000538196,-0.001033571,-0.001488122,-0.001815474,-0.001916822,-0.001738098,-0.001299236,-0.000677151,3.61E-05,0.00076186,0.001429098,0.001951425,0.002219961,0.002133623,0.001653057,0.000840658,-0.000143842,-0.001091976,-0.001810372,-0.002167308,-0.002109769,-0.001661715,-0.000919237,-4.40E-05,0.000759874,0.001296572,0.001447619,0.001224008,0.000766375,0.000283548,-4.23E-05,-0.000134491,-4.37E-05,9.29E-05,0.000130358,-1.09E-05,-0.000307998,-0.000647292,-0.000876082,-0.000872947,-0.000609106,-0.00017252,0.000264134,0.000526351,0.000534302,0.000356545,0.000177095,0.000180588,0.000418021,0.00074287,0.000876082,0.000579494,-0.000162109,-0.001073255,-0.00170051,-0.001661031,-0.000887176,0.000289221,0.001285875,0.001586389,0.001045778,-3.94E-06,-0.000930268,-0.00117189,-0.000588024,0.000436869,0.001218313,0.001205981,0.000357979,-0.00079797,-0.001483949,-0.001187441,-3.74E-05,0.001231681,0.001738367,0.001055187,-0.000457407,-0.001839211,-0.002150437,-0.001120023,0.00063127,0.0019774,0.002044117,0.000819715,-0.000821481,-0.00172231
-0.010805335,-0.00297023,-0.000688561,0.000485187,0.001182614,0.001652703,0.002008043,0.002240191,0.002272551,0.002048131,0.001590762,0.000997515,0.000377175,-0.000208529,-0.000752698,-0.001259583,-0.001693812,-0.001970344,-0.001995434,-0.001724835,-0.001192855,-0.000493161,0.000266754,0.000997622,0.001625626,0.002069722,0.002234072,0.00203659,0.001460246,0.000589215,-0.000400584,-0.001295311,-0.001910497,-0.002137319,-0.001954766,-0.00141941,-0.000651048,0.00018126,0.000884884,0.00129183,0.001319648,0.001013163,0.000534328,9.41E-05,-0.000143059,-0.000131309,4.57E-05,0.00022825,0.000266737,9.46E-05,-0.000243242,-0.000614515,-0.000860648,-0.000868661,-0.000624812,-0.000226232,0.000160729,0.00038357,0.000389457,0.00026248,0.000177926,0.000286828,0.000595666,0.000924951,0.00099322,0.00059438,-0.000235553,-0.00117843,-0.001771591,-0.001663111,-0.000838845,0.000326719,0.001249184,0.001456918,0.000872438,-0.000124648,-0.000909618,-0.000988146,-0.00031122,0.000675046,0.001296542,0.001085564,0.000109533,-0.001033574,-0.001579376,-0.001105967,0.000146573,0.001383213,0.001752375,0.000926286,-0.000632541,-0.00192988,-0.002084406,-0.000936217,0.000808001,0.002023562,0.001926345,0.000621362,-0.000957042,-0.001693509
-0.011623816,-0.003165693,-0.000690207,0.000591789,0.001352956,0.001853487,0.002211383,0.002421374,0.002409724,0.002124106,0.001596057,0.000932847,0.00025382,-0.000370784,-0.00092896,-0.001423279,-0.00181949,-0.00203626,-0.001986633,-0.001636775,-0.001034487,-0.000287771,0.000484131,0.001186133,0.001746512,0.002094353,0.002150464,0.001853366,0.001207251,0.000314067,-0.000640484,-0.00144478,-0.001930396,-0.002016443,-0.001715602,-0.001114919,-0.000352361,0.000403169,0.0009783,0.001238429,0.001139277,0.000757602,0.000271705,-0.000111402,-0.000249604,-0.000129865,0.000132844,0.000360092,0.000401464,0.000205286,-0.000162684,-0.000555186,-0.00081229,-0.000832461,-0.000616959,-0.00026901,5.59E-05,0.000230648,0.000230258,0.000152106,0.000159453,0.000368061,0.000741777,0.001073246,0.001084076,0.000602189,-0.000289351,-0.001239323,-0.001786664,-0.001616641,-0.000766278,0.000357843,0.00118299,0.001292022,0.000675311,-0.000249087,-0.000877403,-0.000791539,-3.39E-05,0.000897311,0.001350929,0.000948917,-0.000135543,-0.001246534,-0.001646355,-0.001008656,0.000322608,0.001507511,0.001737973,0.000788588,-0.000787126,-0.001979118,-0.001978241,-0.000735884,0.000969166,0.002032486,0.00177177,0.0004058,-0.001086118,-0.001646881
-0.012007356,-0.003236585,-0.00065933,0.000678408,0.001468164,0.001976019,0.002323487,0.002507624,0.002456962,0.002122965,0.001543475,0.000834009,0.000122192,-0.00051557,-0.001064459,-0.001527542,-0.001873709,-0.002026971,-0.001908081,-0.001493452,-0.000842926,-7.62E-05,0.000679348,0.001326747,0.0018003,0.002042481,0.00199275,0.001610412,0.000918884,3.38E-05,-0.000854917,-0.001543702,-0.001885025,-0.001828573,-0.001420494,-0.000775198,-4.36E-05,0.000611622,0.001041593,0.001148121,0.000925043,0.000478074,-2.89E-06,-0.000319466,-0.000354839,-0.000128788,0.000214989,0.000483136,0.000527833,0.000313421,-7.50E-05,-0.000478738,-0.000740185,-0.000771553,-0.000588913,-0.000299239,-4.42E-05,7.68E-05,6.61E-05,3.27E-05,0.000125768,0.000425764,0.00085675,0.001188368,0.001149478,0.000602504,-0.000327141,-0.001263736,-0.001756368,-0.001531521,-0.000674335,0.000385528,0.001097404,0.001104866,0.000464809,-0.000374152,-0.000838697,-0.000592053,0.000234579,0.001099731,0.001384234,0.000802862,-0.00037101,-0.001434784,-0.001687285,-0.000899414,0.00048926,0.001607389,0.001700584,0.000645825,-0.000923025,-0.001994947,-0.001842534,-0.000526454,0.001114747,0.002011539,0.001590799,0.000180614,-0.001207543,-0.001586794
-0.012084224,-0.003219984,-0.000606064,0.000750278,0.001543828,0.002042818,0.002370919,0.002526909,0.002441122,0.00206816,0.001451117,0.000712333,-1.39E-05,-0.00064681,-0.001170282,-0.001589441,-0.001877682,-0.001965451,-0.001781757,-0.001313037,-0.000630056,0.000137784,0.000857384,0.001432788,0.001806953,0.001937887,0.001784929,0.001328101,0.000608479,-0.000247588,-0.001049785,-0.001606639,-0.001794674,-0.001595738,-0.001089004,-0.000413875,0.000269538,0.00080889,0.001083306,0.0010328,0.000688981,0.000184211,-0.000283419,-0.000527402,-0.000458037,-0.000127728,0.000293112,0.000599043,0.00064716,0.000418567,1.65E-05,-0.000391272,-0.000652224,-0.000693818,-0.000546779,-0.000320221,-0.000139905,-7.65E-05,-0.000100269,-9.22E-05,8.18E-05,0.000466769,0.000949329,0.001279585,0.001196535,0.000597271,-0.000353915,-0.001262866,-0.001694722,-0.001419816,-0.000569086,0.000411055,0.0009991,0.000903372,0.000246092,-0.000499139,-0.000795861,-0.000391761,0.000495419,0.001287185,0.001402561,0.00065087,-0.000598647,-0.001604771,-0.001709578,-0.000782015,0.000648869,0.00168985,0.00164716,0.000499835,-0.001045626,-0.0019876,-0.001686809,-0.000311449,0.00124897,0.001969875,0.001392101,-5.04E-05,-0.001323119,-0.001517409
-0.011564339,-0.003035194,-0.000512449,0.000789588,0.001538661,0.001997929,0.002290561,0.002415737,0.00230451,0.001913068,0.001287403,0.000553581,-0.000151009,-0.000744505,-0.001212923,-0.001566227,-0.001784721,-0.001806955,-0.001570714,-0.001071415,-0.000387984,0.000344665,0.000992872,0.00146688,0.001722933,0.00173786,0.00149216,0.00098533,0.000272179,-0.000516424,-0.001197156,-0.001597527,-0.001622908,-0.001288696,-0.000704656,-2.95E-05,0.000575076,0.000974451,0.00108104,0.000874725,0.000422435,-0.000122536,-0.000560889,-0.000723707,-0.000550773,-0.00012531,0.000360621,0.000695586,0.000746074,0.000510943,0.000108826,-0.000288521,-0.000538602,-0.00058684,-0.00047813,-0.000320885,-0.000221789,-0.000221368,-0.000263579,-0.000222031,2.02E-05,0.000474668,0.000995746,0.00132128,0.001205564,0.000579697,-0.000360809,-0.001215345,-0.001575834,-0.001260303,-0.000440047,0.000433915,0.000881629,0.000681958,1.85E-05,-0.000620915,-0.000747596,-0.000197075,0.000732979,0.001439789,0.001391091,0.000491443,-0.000804832,-0.001734279,-0.001694032,-0.000650282,0.00079225,0.001737247,0.001563572,0.00034962,-0.0011416,-0.001937362,-0.001496913,-9.05E-05,0.001358884,0.001889921,0.001164115,-0.000287471,-0.001424632,-0.001431063
-0.010686773,-0.002751347,-0.000397369,0.000806145,0.001481824,0.001883437,0.002132013,0.002226257,0.002097136,0.001701287,0.001085938,0.000378737,-0.000282138,-0.000816094,-0.001213143,-0.001489738,-0.001634298,-0.001594133,-0.001315675,-0.000802188,-0.000138627,0.000537482,0.001095133,0.001453767,0.001585228,0.001486398,0.001158797,0.000619732,-6.54E-05,-0.000765214,-0.001307794,-0.001543093,-0.001407063,-0.000948077,-0.000303669,0.000352573,0.00086208,0.001112061,0.001050192,0.000695656,0.000147684,-0.000424052,-0.00082364,-0.000902808,-0.000631253,-0.000120698,0.000419274,0.000775502,0.000826601,0.000589411,0.000195841,-0.000181731,-0.000413787,-0.000465114,-0.000394302,-0.000307488,-0.000290926,-0.000354911,-0.000418562,-0.00034986,-4.95E-05,0.000462297,0.001011998,0.001330098,0.00118912,0.000553008,-0.000356975,-0.001141367,-0.001424959,-0.001074844,-0.000298503,0.000455917,0.000756583,0.000454788,-0.000208203,-0.000737554,-0.000697481,-1.14E-05,0.000949207,0.001565789,0.001360263,0.000330655,-0.000992416,-0.001834213,-0.001653361,-0.000510873,0.000923144,0.00176135,0.001461623,0.000198301,-0.001220246,-0.001861989,-0.001289564,0.000129784,0.001451498,0.001787527,0.00092228,-0.000523224,-0.001514431,-0.001334491
-0.009526217,-0.002389241,-0.000265479,0.000804499,0.00138391,0.00171372,0.001911512,0.001974817,0.001833874,0.001444863,0.000854911,0.000191538,-0.000408163,-0.00086666,-0.001179519,-0.001370957,-0.001438449,-0.00133856,-0.001026239,-0.000511676,0.000115864,0.000718563,0.001170621,0.001403042,0.001405075,0.001194584,0.000793944,0.000236899,-0.000403004,-0.000997351,-0.001388834,-0.001452643,-0.001156613,-0.000581555,0.000109547,0.00073175,0.00113352,0.001226964,0.00099656,0.000500247,-0.000132932,-0.000720601,-0.001073908,-0.001067624,-0.00070164,-0.000114257,0.000470754,0.000841926,0.000892169,0.000656467,0.000278281,-7.21E-05,-0.000280368,-0.000331884,-0.000298509,-0.000282855,-0.000349706,-0.000479127,-0.000566536,-0.000475727,-0.000125469,0.000433864,0.001004209,0.001312667,0.001152314,0.000518978,-0.000344716,-0.001046511,-0.001248875,-0.000868996,-0.000147177,0.000477251,0.000625743,0.000223426,-0.000433928,-0.000849886,-0.000645944,0.00016686,0.001148076,0.001670329,0.001313971,0.000168963,-0.001164893,-0.001910346,-0.001592596,-0.000365429,0.001043947,0.001766807,0.001345066,4.62E-05,-0.001285053,-0.001766692,-0.00106854,0.000349411,0.001530203,0.001667344,0.000669684,-0.000757641,-0.001594698,-0.001229769
-0.007865597,-0.00189184,-0.000108506,0.000765237,0.001208043,0.001442022,0.001578917,0.001613695,0.001474529,0.001115223,0.00058001,-7.23E-06,-0.000514236,-0.000869986,-0.001078413,-0.001173567,-0.001163262,-0.001013645,-0.000687228,-0.000198683,0.000362277,0.00086229,0.001185566,0.001278653,0.001150638,0.000840794,0.000390548,-0.000153893,-0.000716583,-0.001178494,-0.00140297,-0.001294206,-0.000852358,-0.000187341,0.000518874,0.001077997,0.00135298,0.001285654,0.000898092,0.000283368,-0.000406777,-0.00098583,-0.001279352,-0.001188891,-0.000743367,-0.000102061,0.000504997,0.000875322,0.000920154,0.000692256,0.000342648,3.42E-05,-0.00013856,-0.000182856,-0.00018281,-0.000235363,-0.00038276,-0.000576183,-0.00069065,-0.000588856,-0.000207778,0.000376385,0.00094912,0.00124238,0.001073933,0.000468558,-0.000319241,-0.000916267,-0.00103097,-0.000630998,1.83E-05,0.000497698,0.000490167,-5.43E-06,-0.000647121,-0.000948012,-0.000593099,0.000322765,0.001302978,0.001725685,0.001236392,1.06E-05,-0.001299861,-0.00193348,-0.001490518,-0.000210518,0.001141025,0.00173339,0.001200574,-0.000105123,-0.001321748,-0.001635175,-0.000827161,0.00056065,0.001578186,0.001514832,0.000403579,-0.000980712,-0.001650852,-0.001109126
-0.006023766,-0.001347394,5.45E-05,0.000708793,0.00100047,0.001130568,0.001204041,0.001212706,0.001082072,0.000762685,0.0002946,-0.000203546,-0.000605979,-0.000849626,-0.000947836,-0.000945122,-0.000859856,-0.00066753,-0.000337437,0.000112684,0.000594609,0.000981594,0.001169814,0.001122685,0.000869538,0.000470421,-1.58E-05,-0.000532932,-0.001005528,-0.001326828,-0.001382973,-0.001107915,-0.000533099,0.00020523,0.00091004,0.001393807,0.001537149,0.001312976,0.00078001,6.34E-05,-0.000666846,-0.001224599,-0.001453164,-0.001281934,-0.000767345,-8.61E-05,0.000529787,0.000890383,0.000926886,0.000709261,0.000393927,0.000133758,1.97E-06,-3.10E-05,-6.08E-05,-0.000177757,-0.000401709,-0.000656313,-0.000798319,-0.000690932,-0.000289063,0.000307933,0.000873396,0.001148163,0.000976335,0.000409782,-0.000289827,-0.000773634,-0.000799144,-0.000383654,0.000186563,0.00051747,0.000355954,-0.000227033,-0.000848391,-0.001035994,-0.000540004,0.000464624,0.001432681,0.001754944,0.001144179,-0.000143437,-0.001413464,-0.001929179,-0.001368866,-5.29E-05,0.0012249,0.00168092,0.001043818,-0.00025464,-0.00134507,-0.001488868,-0.000580356,0.000763914,0.00161015,0.001349165,0.000135947,-0.001193248,-0.001692583,-0.00098108
-0.003996088,-0.000754693,0.000223746,0.000634737,0.000760388,0.000778345,0.000785805,0.000770832,0.000655653,0.000386659,-1.60E-06,-0.000397357,-0.000683041,-0.00080499,-0.000787048,-0.000684833,-0.000527506,-0.000299666,2.34E-05,0.000422403,0.000812523,0.001075874,0.001122599,0.000934341,0.00056109,8.30E-05,-0.000425224,-0.000899948,-0.001269242,-0.001441543,-0.001327987,-0.000893063,-0.000198442,0.000596139,0.001282615,0.001678438,0.001685159,0.001308147,0.000641815,-0.000159765,-0.000912809,-0.001436263,-0.001594566,-0.001346055,-0.000773132,-6.63E-05,0.000544887,0.000886652,0.000911835,0.000707014,0.000431792,0.000226471,0.000141185,0.000123704,6.77E-05,-0.000109783,-0.000406204,-0.000719099,-0.000889141,-0.000781684,-0.000369304,0.000228231,0.000776518,0.001029409,0.000859032,0.000342439,-0.000256372,-0.000618294,-0.000553036,-0.000126714,0.000357764,0.000536554,0.000223129,-0.000441215,-0.001037453,-0.001113585,-0.00048665,0.000592092,0.001536564,0.001757458,0.001036962,-0.000292987,-0.001505175,-0.00189676,-0.001227143,0.000107463,0.001295247,0.001608918,0.000874483,-0.000402329,-0.001354686,-0.001327391,-0.000327971,0.000959015,0.001625697,0.001170007,-0.000133266,-0.001394999,-0.001719532,-0.000845436
-0.001792063,-0.000121623,0.00039058,0.000534346,0.000480148,0.000379933,0.000321986,0.000289827,0.000201556,-1.91E-06,-0.000293508,-0.000570833,-0.000726939,-0.0007195,-0.00058394,-0.000387259,-0.000168957,7.84E-05,0.000375519,0.00070419,0.000986503,0.001116722,0.001021476,0.00070164,0.000226985,-0.000304903,-0.000807872,-0.001215809,-0.001465533,-0.001484927,-0.001212267,-0.000641706,0.000139085,0.000953857,0.001591737,0.001882546,0.001753297,0.001242104,0.000474836,-0.000373325,-0.001114246,-0.0015804,-0.001662508,-0.001348179,-0.000741292,-3.84E-05,0.000541572,0.000847143,0.000854859,0.000666042,0.000439275,0.000298157,0.000267633,0.000273226,0.000199744,-2.73E-05,-0.000384121,-0.000745945,-0.000942202,-0.000843497,-0.000439062,0.000136548,0.000649412,0.000873441,0.000710991,0.000260248,-0.000220832,-0.000451114,-0.000295919,0.000133221,0.000524889,0.000552988,9.92E-05,-0.000631059,-0.001193904,-0.00116638,-0.000432749,0.000689532,0.001589433,0.001710337,0.000905374,-0.000429509,-0.001553469,-0.001813295,-0.001052561,0.000268285,0.001338683,0.00150293,0.000686263,-0.000543827,-0.001341034,-0.001145273,-7.49E-05,0.001132148,0.001610678,0.000972743,-0.000394907,-0.001567752,-0.001715232,-0.000697174
0.000415294,0.00050754,0.000550235,0.000425203,0.000191183,-2.58E-05,-0.00014648,-0.00019221,-0.000249195,-0.000382401,-0.000572917,-0.000728532,-0.000753713,-0.000617938,-0.000368294,-8.29E-05,0.000189071,0.000447784,0.000710982,0.000962859,0.001133674,0.001131005,0.000898567,0.000456249,-0.000107504,-0.000679567,-0.001164597,-0.001496546,-0.001623085,-0.001492888,-0.001071501,-0.000381356,0.000466714,0.001283784,0.001860153,0.00204111,0.001780481,0.001148264,0.000298838,-0.000575833,-0.001287896,-0.001687048,-0.00169207,-0.00131924,-0.000691201,-6.75E-06,0.000529756,0.00079131,0.000778699,0.000606776,0.000431142,0.000357116,0.00038401,0.000415779,0.000329387,5.93E-05,-0.000350552,-0.000755275,-0.000975609,-0.00088887,-0.000500317,4.35E-05,0.000512748,0.000704466,0.000551804,0.000172033,-0.000186486,-0.00028354,-4.06E-05,0.000387896,0.000685709,0.000567229,-1.82E-05,-0.000805429,-0.001331172,-0.001205296,-0.000378275,0.000772139,0.001617926,0.001640706,0.00076422,-0.000558048,-0.001580802,-0.00170714,-0.000865061,0.000427043,0.001368832,0.001382283,0.000491395,-0.000681083,-0.001317426,-0.000956775,0.000174311,0.001292178,0.001581479,0.000770114,-0.000648482,-0.001723189,-0.001694825,-0.000543749
0.002615419,0.00112843,0.000699888,0.000305447,-0.000107408,-0.000438611,-0.000618432,-0.00067305,-0.000693327,-0.000750597,-0.000834914,-0.000865274,-0.000758487,-0.000496391,-0.000137765,0.000228647,0.000544581,0.000804184,0.001023493,0.001190688,0.001245866,0.001111301,0.000748468,0.000195896,-0.000440794,-0.001035402,-0.00148643,-0.001731021,-0.001730359,-0.001455536,-0.000899392,-0.000110749,0.000780135,0.001576616,0.002075236,0.002140648,0.001755091,0.001019214,0.000112023,-0.000763346,-0.001425224,-0.001745197,-0.001672271,-0.001250521,-0.000617817,2.98E-05,0.000507154,0.00071479,0.000678219,0.00052423,0.000402955,0.00039948,0.000486996,0.000548819,0.000455435,0.000150666,-0.000302526,-0.000742247,-0.000983747,-0.000912925,-0.000550242,-5.08E-05,0.0003646,0.000519597,0.000378916,7.63E-05,-0.000153976,-0.000116208,0.00021158,0.000634923,0.000837882,0.000578544,-0.000127145,-0.000959543,-0.001443495,-0.001226241,-0.000323021,0.000835788,0.001615368,0.00154257,0.000611168,-0.000676172,-0.001581404,-0.001572318,-0.000661494,0.000582856,0.001381993,0.001243182,0.000288388,-0.000812759,-0.001281303,-0.000760639,0.000418064,0.001435153,0.001534277,0.000561108,-0.000891159,-0.001856079,-0.001653727,-0.000383859
0.004634345,0.001688974,0.00082321,0.000179484,-0.000396762,-0.000829711,-0.001058725,-0.001114847,-0.001093482,-0.001072478,-0.001051341,-0.00096094,-0.000730871,-0.000355164,9.66E-05,0.000526544,0.000869182,0.001114486,0.001278804,0.001356265,0.00129849,0.001043393,0.000569859,-6.69E-05,-0.000747537,-0.001337321,-0.001733386,-0.001880313,-0.001755686,-0.001353801,-0.000692981,0.000156126,0.00105063,0.001793964,0.002195945,0.002145012,0.00165231,0.00084536,-7.94E-05,-0.000916691,-0.001499262,-0.001726259,-0.001578437,-0.001124855,-0.000512545,7.25E-05,0.000470137,0.000611614,0.000546618,0.00041092,0.000345763,0.000414117,0.000563614,0.000659328,0.000567667,0.000242241,-0.000237709,-0.000698123,-0.000953909,-0.000902193,-0.000577249,-0.000137728,0.000210817,0.000322868,0.000194808,-2.71E-05,-0.000127985,4.02E-05,0.000444701,0.00085703,0.000968282,0.000583106,-0.00022012,-0.001077588,-0.001513321,-0.00121745,-0.000265611,0.000872201,0.001569481,0.001407084,0.000445843,-0.000775921,-0.001544003,-0.001400938,-0.000441552,0.000729228,0.001369871,0.00108122,7.91E-05,-0.00093332,-0.001229304,-0.000560553,0.000645496,0.001548381,0.001462211,0.000349757,-0.001109106,-0.001949688,-0.001580811,-0.000216777
0.00649938,0.002201534,0.000929179,5.41E-05,-0.000672642,-0.001197791,-0.001469441,-0.001523278,-0.001459033,-0.001360911,-0.001237839,-0.001032574,-0.000687367,-0.000207993,0.000325996,0.000808589,0.001168281,0.001391929,0.001497168,0.001484896,0.001318804,0.000952493,0.000381595,-0.000323462,-0.00103186,-0.001602826,-0.001934637,-0.001981261,-0.001737706,-0.001221271,-0.000474163,0.000414045,0.001291664,0.001966242,0.002264175,0.002099383,0.001511454,0.000652174,-0.000268813,-0.001048524,-0.001538335,-0.001667186,-0.001447693,-0.000971911,-0.000392688,0.000117495,0.000426433,0.000496732,0.000401591,0.000284017,0.000274743,0.000414046,0.000624793,0.000755436,0.000669696,0.000331088,-0.000166433,-0.000639384,-0.000905008,-0.000872968,-0.000590593,-0.000217618,5.84E-05,0.000124606,8.62E-06,-0.000132807,-0.000106414,0.000187531,0.000663024,0.001061453,0.001084187,0.000583139,-0.00030401,-0.001175255,-0.001559617,-0.001192414,-0.000206668,0.000895212,0.001502713,0.001254565,0.000276368,-0.000865206,-0.001487936,-0.001213322,-0.000216265,0.000868695,0.001344719,0.000909311,-0.00013102,-0.001046904,-0.001169969,-0.000361045,0.000861583,0.001644718,0.001378057,0.0001398,-0.001311266,-0.002021094,-0.0014913,-4.71E-05
0.008109285,0.002635657,0.001008075,-6.85E-05,-0.000924271,-0.001526168,-0.001830208,-0.001876324,-0.00176815,-0.001595893,-0.001377698,-0.001068049,-0.000621467,-5.46E-05,0.000544308,0.001062902,0.001425357,0.001617033,0.001658228,0.001557683,0.001291756,0.000829568,0.000182262,-0.000566933,-0.001279059,-0.001811151,-0.00206619,-0.00201021,-0.001656857,-0.001045789,-0.00024045,0.000655155,0.001486235,0.002070263,0.002254796,0.00198134,0.001316861,0.00043329,-0.000452694,-0.001147247,-0.001525816,-0.00155017,-0.001264561,-0.000780891,-0.00025289,0.000165551,0.000373526,0.00036615,0.000238714,0.000138833,0.000184462,0.000392595,0.000662738,0.000829277,0.000755332,0.000414441,-8.71E-05,-0.000560418,-0.00082898,-0.000816831,-0.000583253,-0.000285621,-8.96E-05,-7.33E-05,-0.000178508,-0.000240882,-9.18E-05,0.000319622,0.000857285,0.001237744,0.001177418,0.000576073,-0.000374358,-0.001242623,-0.001571168,-0.001143503,-0.000145277,0.00089931,0.001406728,0.001078787,0.000102133,-0.000938894,-0.001405545,-0.001003811,1.50E-05,0.000997102,0.001300826,0.00072412,-0.000341085,-0.001149766,-0.001100552,-0.000163817,0.001059726,0.001715901,0.001276923,-6.67E-05,-0.001489035,-0.002059481,-0.001377812,0.000125869
0.009304384,0.002946337,0.001049234,-0.000179051,-0.001129315,-0.001784178,-0.002106306,-0.002139042,-0.001989009,-0.001751459,-0.00145285,-0.001058456,-0.000533831,9.52E-05,0.000734188,0.001266725,0.001615083,0.001765032,0.001740856,0.001559799,0.00121075,0.00067716,-1.68E-05,-0.000778717,-0.001466085,-0.001938321,-0.002106932,-0.001952287,-0.001506852,-0.000830509,-3.58E-06,0.000861589,0.001613933,0.002087083,0.00215389,0.001784292,0.001069776,0.000196428,-0.00061968,-0.001201181,-0.001452752,-0.00137073,-0.001029111,-0.000554938,-9.70E-05,0.000214432,0.000312299,0.000223802,6.36E-05,-1.97E-05,7.71E-05,0.00034793,0.000671731,0.000872606,0.00081579,0.000484829,-4.70E-06,-0.000463373,-0.000725267,-0.000730701,-0.000549604,-0.000333544,-0.000222919,-0.00025995,-0.000357507,-0.000346986,-8.65E-05,0.000427335,0.001013833,0.0013719,0.001237898,0.000558413,-0.000428158,-0.001272815,-0.001540918,-0.001066306,-8.02E-05,0.000884123,0.001282118,0.000882826,-7.20E-05,-0.000992896,-0.001296355,-0.000776609,0.00024503,0.001107986,0.001235965,0.000528701,-0.000544998,-0.001237136,-0.001021349,2.51E-05,0.001231119,0.001755374,0.001158475,-0.000263411,-0.001632664,-0.002056763,-0.001237568,0.000299356
0.010235433,0.003179357,0.001067785,-0.000280301,-0.001303065,-0.001996054,-0.002327706,-0.002344193,-0.002154489,-0.001858186,-0.00148935,-0.001023299,-0.000435698,0.000239734,0.000903592,0.001437171,0.001762155,0.001865771,0.001776912,0.001521507,0.001100634,0.000511114,-0.000211465,-0.000967961,-0.001614827,-0.002016485,-0.002094952,-0.001845903,-0.001320332,-0.000596736,0.00023048,0.001044211,0.001700944,0.002053712,0.00200254,0.001545754,0.000797274,-4.63E-05,-0.000773931,-0.001228501,-0.001346351,-0.001158781,-0.000767937,-0.000313078,6.52E-05,0.000262714,0.000247191,7.71E-05,-0.00011546,-0.000182714,-3.77E-05,0.000291245,0.000664303,0.000897702,0.000860404,0.000545921,7.73E-05,-0.000358177,-0.000607625,-0.00062859,-0.000500909,-0.000368582,-0.000345233,-0.000436946,-0.000528993,-0.000450299,-8.66E-05,0.00051963,0.001146536,0.001479753,0.001278162,0.000534076,-0.00047257,-0.001281781,-0.001487039,-0.000973277,-1.30E-05,0.000858978,0.001143221,0.000677813,-0.000244181,-0.00103536,-0.001173407,-0.000542064,0.000471673,0.001207469,0.001159582,0.000329274,-0.00074338,-0.001314663,-0.000937086,0.00020763,0.0013857,0.001776274,0.001031043,-0.000452832,-0.001755404,-0.002030257,-0.001082841,0.000471967
0.010706541,0.003278204,0.001048655,-0.000363336,-0.001420327,-0.002125943,-0.002452844,-0.00244898,-0.002224472,-0.001881906,-0.001461579,-0.000947375,-0.000323298,0.000371219,0.001034464,0.001547989,0.001835191,0.001886376,0.001735886,0.001418339,0.000946114,0.000327486,-0.000393583,-0.00111509,-0.001696904,-0.002012481,-0.001997255,-0.001663333,-0.001079239,-0.000338979,0.000453829,0.001183266,0.001719351,0.00193931,0.001772729,0.001245534,0.00049012,-0.000292691,-0.000903615,-0.001211741,-0.001188146,-0.000898895,-0.000471073,-5.11E-05,0.000233667,0.0003086,0.000177022,-7.32E-05,-0.0002964,-0.000348863,-0.000161223,0.000216937,0.000630694,0.000892468,0.000877638,0.000589555,0.000155832,-0.000242824,-0.000470165,-0.000502386,-0.000428046,-0.000381049,-0.000446352,-0.000594167,-0.000684585,-0.000546904,-9.51E-05,0.000585197,0.001237901,0.001542412,0.001283967,0.000498186,-0.000502014,-0.001256708,-0.001395578,-0.000855285,5.79E-05,0.000819284,0.000984172,0.000461599,-0.000410809,-0.001058926,-0.001030466,-0.000299437,0.000689254,0.001286799,0.001065325,0.000125866,-0.000930196,-0.00137507,-0.000845412,0.000377891,0.001511268,0.001766768,0.000890401,-0.000628348,-0.001842777,-0.001965172,-0.000905935,0.000641582
0.010711852,0.003243243,0.00099459,-0.000424083,-0.001476543,-0.00216962,-0.002478564,-0.002451931,-0.002199597,-0.00182555,-0.001374605,-0.000837392,-0.000204178,0.000482327,0.001120764,0.0015955,0.0018337,0.001830005,0.001624543,0.001260052,0.000758739,0.000137935,-0.000553294,-0.001213977,-0.001711363,-0.001931241,-0.001824383,-0.001419365,-0.000800282,-7.29E-05,0.000654917,0.00127385,0.001672291,0.001754866,0.001481429,0.000903327,0.000166748,-0.000529299,-0.00100322,-0.001154228,-0.000989296,-0.000607322,-0.000156099,0.000215795,0.000398545,0.000348882,0.000104797,-0.00021981,-0.00046951,-0.000508248,-0.000284991,0.00013151,0.000575195,0.000858948,0.000867132,0.000612737,0.000225225,-0.00012496,-0.000321153,-0.000359036,-0.000334817,-0.000370623,-0.000522192,-0.000725385,-0.000818107,-0.000632489,-0.000110466,0.000623894,0.001287165,0.001559552,0.001255483,0.000450432,-0.000518542,-0.001201865,-0.001271971,-0.000716563,0.000131903,0.000769368,0.000812918,0.000242445,-0.000567136,-0.001064749,-0.000874089,-5.75E-05,0.000890936,0.001344052,0.000956363,-7.58E-05,-0.00110063,-0.001416883,-0.000748107,0.000533091,0.001606791,0.001728808,0.000740363,-0.000786966,-0.001894957,-0.001865156,-0.000711966,0.000804619
0.010420369,0.003123471,0.000918961,-0.000469782,-0.001493004,-0.002157638,-0.002440487,-0.002389933,-0.002114688,-0.001719053,-0.001251214,-0.000707312,-8.25E-05,0.000578852,0.001177415,0.001602001,0.001784798,0.001725492,0.001470101,0.001068987,0.00055312,-5.27E-05,-0.000696553,-0.00128084,-0.001682655,-0.001802059,-0.001606153,-0.001139763,-0.000501085,0.000194871,0.000839195,0.001332478,0.001584307,0.001528395,0.001154927,0.000538975,-0.000162638,-0.000756547,-0.001082329,-0.001071482,-0.000767134,-0.000299372,0.000166245,0.000482249,0.000558743,0.000384751,3.19E-05,-0.000362182,-0.000635285,-0.000660922,-0.00040682,4.06E-05,0.00050676,0.000807861,0.000838847,0.000622193,0.000287526,-7.23E-06,-0.000166681,-0.000206412,-0.000229587,-0.000345654,-0.000581068,-0.000838609,-0.000936068,-0.000709933,-0.000129575,0.000645474,0.001309372,0.001547496,0.001205087,0.000395037,-0.000527211,-0.001128862,-0.001128981,-0.00056557,0.000207723,0.000713727,0.000635524,2.33E-05,-0.00071572,-0.001059342,-0.000710498,0.000181944,0.001080771,0.001386579,0.000838618,-0.000274885,-0.001259297,-0.001446235,-0.000647462,0.000677999,0.001682692,0.00167289,0.000585087,-0.000934028,-0.001924494,-0.001743485,-0.000508253,0.000962457
0.00960579,0.002855576,0.000807455,-0.000486399,-0.001436806,-0.002045384,-0.002288628,-0.00221331,-0.001925204,-0.001526851,-0.001067568,-0.000546633,3.86E-05,0.000644848,0.001178055,0.001534208,0.001652574,0.001538873,0.001244843,0.000827208,0.000323446,-0.000237413,-0.000804266,-0.001287393,-0.00157764,-0.001592222,-0.001315643,-0.000807863,-0.000177929,0.000454772,0.000985946,0.001331564,0.001426579,0.001235683,0.000778364,0.000149467,-0.000489616,-0.000957824,-0.001121318,-0.000946489,-0.000511679,2.60E-05,0.000489035,0.000736958,0.000703463,0.0004103,-4.02E-05,-0.000491843,-0.00078108,-0.000794542,-0.000518965,-5.54E-05,0.000418572,0.000727192,0.000778912,0.000605369,0.000333487,0.000105038,-8.31E-06,-4.24E-05,-0.000106141,-0.000295185,-0.00060748,-0.000915842,-0.001022108,-0.000769668,-0.000153772,0.000636911,0.001283203,0.001483411,0.001115882,0.000325911,-0.000523153,-0.001026291,-0.000955132,-0.000395763,0.000285994,0.000650374,0.000452231,-0.000190511,-0.000847113,-0.001034379,-0.000538247,0.000411067,0.001244581,0.001401174,0.000707149,-0.000465508,-0.001393247,-0.001451781,-0.00054167,0.0008027,0.001722577,0.001585847,0.000422816,-0.001058372,-0.001913474,-0.001585452,-0.000290747,0.001108114
0.008439897,0.002489814,0.000674388,-0.000480383,-0.001328624,-0.001863064,-0.002058647,-0.001959455,-0.001666968,-0.00128033,-0.000848239,-0.000371278,0.00015288,0.000684417,0.001136416,0.001413953,0.00146457,0.001300363,0.000978243,0.000559963,8.75E-05,-0.000408226,-0.000879954,-0.001248499,-0.00142084,-0.001332675,-0.000985809,-0.000453665,0.000146859,0.000695811,0.001097419,0.001286265,0.001224523,0.000907824,0.000382851,-0.000239649,-0.000798489,-0.001129352,-0.001127799,-0.000795406,-0.000243338,0.000348566,0.000796087,0.000969571,0.000828181,0.000425354,-0.000109339,-0.000606069,-0.000904156,-0.000905804,-0.000616394,-0.000148608,0.000320749,0.000628039,0.000697008,0.000568116,0.000363683,0.00020722,0.000145574,0.000122947,2.57E-05,-0.000227953,-0.000608868,-0.000963231,-0.001080515,-0.000812726,-0.000179138,0.000607908,0.001222984,0.001382787,0.000999738,0.000247181,-0.000511382,-0.000906004,-0.00076394,-0.00021665,0.000364584,0.000583985,0.000270472,-0.000393799,-0.000961937,-0.000995701,-0.000364684,0.000625558,0.001383619,0.001393507,0.000568134,-0.000644923,-0.001504503,-0.001437847,-0.000432849,0.000910682,0.001735186,0.001477313,0.000258251,-0.001163805,-0.001873048,-0.001404135,-6.80E-05,0.001240939
0.007030411,0.002056448,0.000526781,-0.00045817,-0.001183869,-0.001631706,-0.001774202,-0.001652002,-0.001361298,-0.000996675,-0.000604951,-0.000186708,0.000261495,0.000704683,0.00106468,0.00125688,0.001237896,0.00102639,0.000683988,0.000276469,-0.000151068,-0.000567799,-0.000932071,-0.001177244,-0.001228003,-0.001039356,-0.0006302,-8.61E-05,0.000470372,0.000921486,0.001182704,0.001209395,0.000992085,0.000557103,-2.34E-05,-0.000625594,-0.001092004,-0.00127812,-0.001110727,-0.000626551,3.24E-05,0.000666849,0.001089478,0.001184402,0.000937347,0.000432492,-0.000176094,-0.000708392,-0.001009849,-0.000999893,-0.000702202,-0.000239,0.000216823,0.000516259,0.000599716,0.000516219,0.000382152,0.000301347,0.000295167,0.000288161,0.000162564,-0.000149185,-0.000592358,-0.000988923,-0.00111864,-0.00084334,-0.000204907,0.000564657,0.001138788,0.00125644,0.000864693,0.000161738,-0.000494313,-0.000773674,-0.000561204,-3.16E-05,0.000443088,0.000515739,9.06E-05,-0.000588656,-0.001064324,-0.000947297,-0.000190912,0.000828558,0.001504117,0.001369674,0.000424116,-0.000815561,-0.001598827,-0.001409659,-0.000321954,0.001006441,0.001728171,0.001353617,9.25E-05,-0.001255392,-0.001811677,-0.001206726,0.000157582,0.001363944
0.005231617,0.001517142,0.000359271,-0.000405941,-0.000976365,-0.001318259,-0.001400353,-0.001258496,-0.000981765,-0.000657986,-0.000329755,4.74E-06,0.000352545,0.000686115,0.000938494,0.001037381,0.000949513,0.000699967,0.00035378,-2.15E-05,-0.000380644,-0.000696108,-0.000935369,-0.001047345,-0.000976521,-0.000697748,-0.000245591,0.000285547,0.00077222,0.001103971,0.001212069,0.00107559,0.000713985,0.000182135,-0.000426948,-0.000982811,-0.001338084,-0.001373103,-0.001047756,-0.000431895,0.000307146,0.000958376,0.001338623,0.001350731,0.001007913,0.000421739,-0.000235744,-0.000781906,-0.001074477,-0.001052896,-0.000757853,-0.000316555,0.000107862,0.000385817,0.000476549,0.000437001,0.000375397,0.000373945,0.000428211,0.000444375,0.000302022,-5.27E-05,-0.00054279,-0.000971755,-0.001115184,-0.00084687,-0.000227984,0.000498033,0.001013302,0.00108583,0.000697621,6.51E-05,-0.000469212,-0.000624046,-0.00034394,0.000158253,0.000518993,0.000446545,-7.92E-05,-0.000760548,-0.001139128,-0.000881562,-2.25E-05,0.001002253,0.001583864,0.001314028,0.000273937,-0.000964007,-0.001656339,-0.001352573,-0.000207917,0.001077543,0.001683992,0.001203525,-7.23E-05,-0.001318882,-0.001712277,-0.000983983,0.000382303,0.001463754
0.003286372,0.00093991,0.000187345,-0.000338589,-0.000741226,-0.000970416,-0.000990601,-0.000832201,-0.000576229,-0.000302595,-4.85E-05,0.000191483,0.000429109,0.000645446,0.000785814,0.000790938,0.000637871,0.000357654,1.77E-05,-0.000314235,-0.000594344,-0.000800137,-0.00090972,-0.000888686,-0.000701746,-0.000343073,0.000138653,0.000642639,0.001047386,0.001252464,0.001206836,0.000913901,0.000421095,-0.000190599,-0.000810918,-0.001306736,-0.001544367,-0.001430961,-0.000959283,-0.000229705,0.000569569,0.001220866,0.001549532,0.001479363,0.001050584,0.000399135,-0.000289569,-0.000835029,-0.001110698,-0.001077203,-0.000791036,-0.000381505,1.27E-06,0.000249563,0.000342289,0.000343793,0.000353114,0.000430344,0.000545837,0.000588721,0.000436886,4.96E-05,-0.000476508,-0.000930379,-0.001086916,-0.000832977,-0.00024677,0.000421765,0.000868889,0.000894983,0.000516465,-3.61E-05,-0.00044098,-0.000469159,-0.000124597,0.000345556,0.000591058,0.000378336,-0.000238943,-0.000914503,-0.001195564,-0.000806964,0.000138707,0.001154077,0.001636844,0.001239967,0.000123016,-0.001095755,-0.001689706,-0.001277955,-9.27E-05,0.001133801,0.001619213,0.001040623,-0.000233754,-0.001365351,-0.001593171,-0.000751419,0.00060122,0.001546842
0.001221588,0.00033179,1.19E-05,-0.000258753,-0.000483384,-0.000594366,-0.000551461,-0.00037913,-0.000149533,6.63E-05,0.000237523,0.000374108,0.000493556,0.000586463,0.000611284,0.000522372,0.000307242,2.51E-06,-0.000322962,-0.00060228,-0.000794623,-0.000883881,-0.00086005,-0.000706301,-0.000407907,2.21E-05,0.000522181,0.000987239,0.001300086,0.00137255,0.001172854,0.000729205,0.000116214,-0.000561089,-0.001178195,-0.001602648,-0.001717342,-0.001457878,-0.000849683,-2.14E-05,0.000821469,0.001458945,0.001728422,0.001576495,0.001069984,0.000366665,-0.000338519,-0.000871146,-0.001123243,-0.001077592,-0.000805465,-0.000435883,-0.000103222,0.000108606,0.000198925,0.000239032,0.000317936,0.000473222,0.000650534,0.000723058,0.000567786,0.000156563,-0.00039642,-0.000868937,-0.001038046,-0.000804587,-0.000261932,0.000337588,0.000708891,0.000687477,0.000323737,-0.000140913,-0.000410177,-0.000310018,9.63E-05,0.000530569,0.000659869,0.000310971,-0.000390192,-0.001053461,-0.001236694,-0.000725033,0.00029381,0.001287631,0.001667531,0.001150622,-2.84E-05,-0.001213544,-0.001702959,-0.001188764,2.34E-05,0.00117772,0.001537351,0.000867146,-0.000392505,-0.001397667,-0.00145776,-0.000510821,0.000815186,0.001615964
-0.000920593,-0.000290901,-0.000157073,-0.000159942,-0.000199322,-0.00018994,-8.67E-05,9.25E-05,0.00028584,0.000432522,0.000509729,0.000533282,0.00052767,0.000494181,0.000405311,0.00022941,-3.60E-05,-0.000350161,-0.000644881,-0.000856784,-0.00095052,-0.000918565,-0.000764311,-0.000489035,-9.78E-05,0.000379799,0.000873208,0.001277626,0.001484967,0.001423004,0.001080852,0.000510493,-0.000190078,-0.000897834,-0.001481266,-0.001815546,-0.00180512,-0.001415544,-0.000702137,0.000184833,0.001032056,0.001626285,0.001823883,0.001596664,0.001035417,0.000312973,-0.000374992,-0.000868275,-0.001082639,-0.001024032,-0.000775674,-0.00046127,-0.000194467,-3.22E-05,4.56E-05,0.00011625,0.000257303,0.000484229,0.000720349,0.000826169,0.000679684,0.000263854,-0.000294968,-0.000770696,-0.00094869,-0.000745395,-0.000265217,0.000245328,0.000528144,0.000458046,0.000117358,-0.000248627,-0.000376533,-0.000150897,0.000308768,0.000700855,0.000717374,0.00024718,-0.000517815,-0.001155182,-0.001243646,-0.000630607,0.000430021,0.001377095,0.00164927,0.001031611,-0.000175778,-0.001297043,-0.001671751,-0.001069668,0.00013996,0.001196274,0.001423528,0.000677351,-0.000541101,-0.001400778,-0.001294525,-0.00026334,0.001009632,0.001651452
-0.003008629,-0.000894596,-0.000316475,-5.67E-05,8.51E-05,0.000211109,0.000370824,0.000553298,0.000707,0.000782147,0.000764179,0.000675072,0.000546431,0.000390295,0.000193142,-6.30E-05,-0.000371058,-0.000687105,-0.000944725,-0.001085138,-0.001079374,-0.000929046,-0.000651032,-0.000264258,0.000207503,0.000719711,0.001194902,0.001530851,0.001630469,0.00143857,0.000965056,0.000284225,-0.000485207,-0.001205668,-0.001742237,-0.001980682,-0.001848606,-0.001341224,-0.000541417,0.000382929,0.001215254,0.001753407,0.001875302,0.001578295,0.000975126,0.000250009,-0.000404833,-0.000846864,-0.001017404,-0.000945467,-0.000724616,-0.000471024,-0.000275781,-0.000168156,-0.000107231,-1.10E-05,0.000186776,0.000479962,0.000771317,0.000910618,0.000777871,0.000366333,-0.000188154,-0.000659165,-0.000843112,-0.000672642,-0.000261297,0.000153651,0.000344192,0.000225547,-8.95E-05,-0.00035485,-0.00034258,3.98E-06,0.000511645,0.000859508,0.000767325,0.000185529,-0.000632314,-0.001237605,-0.001234335,-0.000531907,0.000554979,0.001444237,0.001608251,0.000900661,-0.000318578,-0.001362726,-0.001619602,-0.000937658,0.000255844,0.001203566,0.001297211,0.00048315,-0.00068289,-0.00139093,-0.001121909,-1.77E-05,0.001190724,0.001669637
-0.005036077,-0.001477043,-0.000465148,5.15E-05,0.00037004,0.000608373,0.000820325,0.001001832,0.001112262,0.00111319,0.000998774,0.000797429,0.000548034,0.000273444,-2.59E-05,-0.000354639,-0.000696928,-0.001006464,-0.001219887,-0.00128426,-0.001178001,-0.00091248,-0.000518154,-3.11E-05,0.000507401,0.001039715,0.001483802,0.001742535,0.001731957,0.001415148,0.000822674,4.95E-05,-0.000767853,-0.001481182,-0.001956149,-0.002092435,-0.001842592,-0.001231158,-0.000365977,0.000571875,0.001367835,0.001835576,0.001877501,0.001516858,0.000886088,0.000176683,-0.00042726,-0.000804733,-0.000924643,-0.000838959,-0.000649792,-0.000463307,-0.000345995,-0.000298531,-0.000259647,-0.000143121,0.000105193,0.000458626,0.000801221,0.000974206,0.000860731,0.00046343,-7.54E-05,-0.000532786,-0.000719408,-0.000584737,-0.000249323,6.26E-05,0.000156664,-1.04E-05,-0.000296921,-0.000459406,-0.000308282,0.000154101,0.000703819,0.001005155,0.000808833,0.00012627,-0.000732143,-0.001298458,-0.001206849,-0.000428433,0.000667355,0.001486429,0.001541799,0.000756372,-0.000456309,-0.001408497,-0.001544052,-0.000791217,0.000370944,0.001198269,0.001156934,0.000284029,-0.000817066,-0.0013666,-0.000938811,0.000225794,0.001356887,0.001668484
-0.006787077,-0.001974356,-0.000583764,0.000158451,0.000631887,0.000966391,0.001218849,0.001391867,0.001455919,0.001384163,0.001179469,0.000876329,0.000520247,0.000144048,-0.00023901,-0.000621357,-0.000980231,-0.001269039,-0.001429522,-0.00141633,-0.001216296,-0.000850582,-0.00036216,0.000197956,0.000774153,0.001299812,0.001692719,0.001864909,0.001748373,0.001325165,0.000644613,-0.000182114,-0.001007303,-0.001679354,-0.002071338,-0.002101575,-0.001749005,-0.00106501,-0.000176216,0.000731782,0.001455563,0.001831946,0.001791384,0.001381961,0.000750625,8.85E-05,-0.000435938,-0.000728802,-0.000788558,-0.000688744,-0.0005365,-0.000424228,-0.000391542,-0.00041048,-0.000401073,-0.000274724,1.05E-05,0.000409741,0.000792613,0.000996293,0.000909259,0.000541869,3.78E-05,-0.000390341,-0.000571963,-0.000474277,-0.000221431,-1.91E-05,-2.41E-05,-0.000237607,-0.000493185,-0.00055505,-0.000274823,0.000288497,0.00086746,0.001119853,0.000831535,7.13E-05,-0.000804153,-0.001320263,-0.00114881,-0.000319943,0.000754545,0.001484439,0.001433926,0.000594109,-0.000580407,-0.001417846,-0.001429703,-0.000623395,0.000482441,0.001172852,0.0009981,8.31E-05,-0.000934323,-0.001319299,-0.000745223,0.00045592,0.001489925,0.001632118
-0.00834094,-0.002412882,-0.00068401,0.000260788,0.000873269,0.001292909,0.001578752,0.001739773,0.001757423,0.001616295,0.001327646,0.000931526,0.000479374,1.32E-05,-0.000441767,-0.000866798,-0.001233118,-0.001494934,-0.001600024,-0.001511252,-0.001224021,-0.00076887,-0.000200279,0.000417324,0.001015969,0.001522204,0.001855796,0.001939661,0.00172264,0.001205502,0.000454771,-0.000404944,-0.001218171,-0.001833588,-0.002134655,-0.002060048,-0.001615059,-0.00087599,1.53E-05,0.000872919,0.001508902,0.001786121,0.001664059,0.001214433,0.000595772,-4.75E-06,-0.000437829,-0.000638379,-0.000634767,-0.00052093,-0.000407219,-0.000370769,-0.000423814,-0.000510389,-0.000533101,-0.000402006,-8.72E-05,0.00034938,0.000765734,0.000997244,0.000938847,0.000607859,0.000146835,-0.000244601,-0.000416916,-0.000355173,-0.000185629,-9.34E-05,-0.000196369,-0.000454731,-0.000679118,-0.000643831,-0.00024212,0.000412632,0.001013732,0.001216597,0.000843621,1.84E-05,-0.0008623,-0.001323211,-0.001076894,-0.000210403,0.000828666,0.001461542,0.001307942,0.000425712,-0.000696029,-0.001409377,-0.001298066,-0.000447314,0.000591038,0.001138486,0.000832813,-0.000115784,-0.001041949,-0.001261938,-0.000549781,0.000675752,0.00160442,0.001578565
-0.009620231,-0.00276983,-0.000759158,0.000356025,0.001085505,0.00157499,0.001884499,0.002028929,0.002000496,0.001794959,0.001431472,0.000954866,0.000421524,-0.000118516,-0.000629212,-0.001082054,-0.001443629,-0.001670345,-0.001717225,-0.001556127,-0.001191147,-0.000661548,-3.19E-05,0.000622136,0.001222842,0.001692879,0.001956804,0.001950634,0.001641142,0.001047327,0.000250691,-0.000614458,-0.001389579,-0.001928401,-0.002128665,-0.00195153,-0.001428414,-0.000657835,0.000207761,0.00098822,0.001516222,0.001684543,0.001482801,0.001004596,0.000416093,-0.000104376,-0.000430747,-0.0005293,-0.000458413,-0.00033076,-0.000257488,-0.000298551,-0.000438282,-0.000593702,-0.00065179,-0.000522644,-0.000188401,0.000274332,0.000714867,0.000970099,0.000942935,0.000656646,0.000249553,-9.56E-05,-0.000252768,-0.000225214,-0.000139356,-0.000157146,-0.000356384,-0.000657151,-0.000850278,-0.000722971,-0.000210496,0.000522623,0.001136284,0.001288987,0.000841366,-3.20E-05,-0.000902087,-0.00130132,-0.000986907,-9.98E-05,0.00088536,0.00141121,0.001158551,0.000249838,-0.000800043,-0.001377386,-0.001144,-0.000260843,0.000695539,0.001092514,0.000659618,-0.000311363,-0.001136542,-0.00119157,-0.000352656,0.000881124,0.001693893,0.001502336
-0.010417656,-0.002986333,-0.000794579,0.000433433,0.00124097,0.001774199,0.002092072,0.002214433,0.002143534,0.001885392,0.001465754,0.000932499,0.000344881,-0.000241268,-0.000781429,-0.001239548,-0.001579749,-0.001762529,-0.00175151,-0.001528055,-0.001104375,-0.000526691,0.000133223,0.000792066,0.001366634,0.001779802,0.00196446,0.001871991,0.001487482,0.000846259,4.06E-05,-0.00079135,-0.001494715,-0.001934384,-0.002026671,-0.001756661,-0.001180021,-0.000412511,0.000389969,0.001060514,0.001458938,0.00151134,0.001237217,0.000748299,0.000212448,-0.000206999,-0.000411661,-0.000400684,-0.000261013,-0.000120751,-8.85E-05,-0.000205113,-0.00042782,-0.000649351,-0.00074449,-0.000625591,-0.000286355,0.000185122,0.000634625,0.000905131,0.000909672,0.000676271,0.000335203,4.80E-05,-8.55E-05,-8.67E-05,-7.98E-05,-0.000201644,-0.000489988,-0.000828046,-0.000991557,-0.000783768,-0.000180588,0.000608903,0.001220544,0.001323323,0.000817099,-7.95E-05,-0.00091717,-0.001247141,-0.000875258,9.30E-06,0.000917546,0.001326259,0.000982984,7.00E-05,-0.000884674,-0.001314255,-0.000964116,-6.58E-05,0.000791502,0.00103247,0.000481244,-0.000496284,-0.001210551,-0.00110595,-0.0001599,0.001059507,0.001745216,0.001396186
-0.010935169,-0.00312203,-0.000808164,0.000498949,0.001361856,0.001923881,0.002241729,0.002339574,0.002229179,0.001926169,0.001462004,0.000886492,0.000260457,-0.000355851,-0.000910812,-0.001362136,-0.001672654,-0.001807892,-0.001740643,-0.001461831,-0.000991218,-0.000380784,0.000292234,0.000939076,0.001473267,0.001820043,0.001922279,0.001747594,0.001299183,0.000627291,-0.000167496,-0.000946592,-0.001562106,-0.00189306,-0.001876118,-0.00152048,-0.000904538,-0.000158331,0.000562589,0.00110831,0.001368572,0.001303929,0.000962955,0.000473099,7.12E-07,-0.000308807,-0.000386496,-0.00026445,-5.68E-05,9.50E-05,8.68E-05,-0.000102905,-0.00040477,-0.000689287,-0.000821175,-0.000716315,-0.000379668,9.11E-05,0.000540914,0.000821363,0.000856719,0.0006792,0.000409258,0.000185323,7.98E-05,5.38E-05,-1.42E-05,-0.000234834,-0.000606859,-0.000978818,-0.001114055,-0.000833227,-0.000151524,0.000681571,0.001283142,0.001336473,0.000780702,-0.000125721,-0.000919687,-0.001176963,-0.000753574,0.000116584,0.000936901,0.001224601,0.000796149,-0.000109609,-0.000957992,-0.001235491,-0.000772842,0.000131228,0.000881727,0.000965618,0.000302167,-0.000673429,-0.001272783,-0.001013208,2.83E-05,0.001221425,0.001775489,0.001275084
-0.011019696,-0.003133256,-0.000788793,0.000545049,0.001428194,0.001996043,0.002301221,0.00237125,0.002226524,0.001891191,0.001400987,0.000805836,0.000166072,-0.000455831,-0.001003304,-0.001429837,-0.001698716,-0.001781848,-0.001661935,-0.001339389,-0.000840506,-0.00022105,0.00043905,0.001048869,0.00152208,0.001789377,0.001805921,0.001556601,0.001062122,0.000385281,-0.000368998,-0.001066564,-0.001571614,-0.001781403,-0.001655226,-0.001226256,-0.000592968,0.000104965,0.000717987,0.001118531,0.001229981,0.001048503,0.000650084,0.000174008,-0.000219686,-0.000407663,-0.00035252,-0.000118896,0.000154395,0.000315881,0.000268315,1.05E-05,-0.000363503,-0.000705152,-0.000872481,-0.000786845,-0.00046396,-8.22E-06,0.000428743,0.000710615,0.00077464,0.000656467,0.000464271,0.000310757,0.000239794,0.000195198,5.99E-05,-0.000250454,-0.000696926,-0.001097268,-0.001206559,-0.000864694,-0.000123661,0.000733289,0.001312616,0.001317467,0.000725977,-0.000170123,-0.000903948,-0.001083865,-0.000618052,0.000220404,0.00093734,0.001099355,0.000594496,-0.000286984,-0.001013776,-0.001134173,-0.000566339,0.00032963,0.000962561,0.000889138,0.000123529,-0.000837493,-0.00131692,-0.0009106,0.000208174,0.001357356,0.001773936,0.00113246
-0.010613202,-0.003005035,-0.000734755,0.000565803,0.001429218,0.001977314,0.002256564,0.002296611,0.002125276,0.001773745,0.001280124,0.000692169,6.72E-05,-0.000532837,-0.001048841,-0.001432363,-0.001648956,-0.001678087,-0.001512752,-0.001162264,-0.000657809,-5.63E-05,0.000562966,0.001110641,0.001504103,0.001682419,0.001614799,0.0013036,0.000785452,0.000132363,-0.000551082,-0.001140428,-0.001516782,-0.001598973,-0.001369976,-0.000885347,-0.000259687,0.0003632,0.000845515,0.001086662,0.001045969,0.00075457,0.000312515,-0.000134086,-0.000436541,-0.000496953,-0.000310086,2.91E-05,0.000361343,0.000529314,0.000445367,0.000128369,-0.000305875,-0.000694279,-0.000892513,-0.000829669,-0.000531536,-0.000105916,0.000303358,0.000575933,0.000663691,0.000605089,0.000494072,0.000415896,0.000385555,0.000330655,0.000139603,-0.000246129,-0.000753423,-0.001174535,-0.001261118,-0.000873578,-9.67E-05,0.000761072,0.001304765,0.001262957,0.000651379,-0.000213026,-0.000870413,-0.000969642,-0.00047171,0.000318043,0.000918495,0.000953688,0.000383999,-0.000455928,-0.001048637,-0.001011609,-0.000349988,0.000522831,0.001029974,0.000803721,-4.98E-05,-0.000982521,-0.001339654,-0.000799615,0.000374194,0.00146108,0.001737304,0.000969859
-0.009925442,-0.002797429,-0.000661643,0.00057107,0.00139183,0.001905664,0.002151709,0.002160983,0.001968001,0.001610051,0.00112645,0.000561406,-3.24E-05,-0.000594824,-0.001065991,-0.0013967,-0.001555745,-0.001530738,-0.001325056,-0.000956427,-0.000459852,0.000108194,0.000671112,0.001143178,0.001447462,0.001532898,0.001383512,0.001018968,0.000490642,-0.000122346,-0.000718504,-0.001185995,-0.001425353,-0.001378514,-0.001052284,-0.000523278,8.03E-05,0.000613897,0.000954463,0.001030665,0.000838531,0.000443224,-3.35E-05,-0.000441862,-0.00064723,-0.000578743,-0.000263147,0.000176201,0.000562164,0.000734408,0.000616237,0.000246197,-0.000240165,-0.000668172,-0.000893746,-0.000855053,-0.000587525,-0.000200464,0.00017263,0.000429435,0.000537381,0.000537432,0.000508387,0.000507395,0.000520718,0.000460535,0.000221286,-0.00023043,-0.000789683,-0.001226674,-0.001292519,-0.000868688,-7.00E-05,0.000774899,0.001275276,0.001188093,0.000565548,-0.000255095,-0.00082723,-0.000844427,-0.00032045,0.000411381,0.000888957,0.000797888,0.000170657,-0.000618167,-0.001070912,-0.000877877,-0.000130118,0.000710877,0.001088539,0.000713507,-0.000218706,-0.001115115,-0.001349467,-0.000684409,0.000530927,0.001545182,0.001680448,0.000796907
-0.008786524,-0.002463344,-0.000559279,0.000549847,0.001291116,0.00174765,0.001949347,0.001927365,0.001721609,0.001373868,0.000922669,0.000406331,-0.000129582,-0.000629529,-0.001035054,-0.001298304,-0.001392795,-0.001315053,-0.001078751,-0.00070901,-0.000242673,0.000267015,0.000749415,0.001125861,0.001328101,0.001317049,0.001092361,0.000690264,0.000174541,-0.000372284,-0.000856335,-0.001182938,-0.001275659,-0.001101354,-0.000690146,-0.000136844,0.000421472,0.000844548,0.001029118,0.000935927,0.000597964,0.000111906,-0.000383425,-0.000739735,-0.000840932,-0.000645039,-0.000209563,0.00031762,0.000746814,0.000919118,0.000770984,0.000359571,-0.000163707,-0.000617765,-0.000863302,-0.000849764,-0.000621477,-0.000286114,3.72E-05,0.00026723,0.000388449,0.00044388,0.000496067,0.000573555,0.000634677,0.000577737,0.000303969,-0.000196575,-0.000791752,-0.001235866,-0.001284335,-0.000840266,-4.36E-05,0.000765913,0.001210637,0.001080549,0.000461954,-0.000295869,-0.000769501,-0.000703481,-0.00016349,0.000496516,0.000842868,0.000628515,-4.34E-05,-0.000766436,-0.00107196,-0.00072795,9.18E-05,0.000886926,0.001130919,0.000616151,-0.000378019,-0.001225141,-0.001337424,-0.000563424,0.000670426,0.001595799,0.001590925,0.000609221
-0.007311626,-0.002036639,-0.000437618,0.000505841,0.001140085,0.001522604,0.001672641,0.001620468,0.001410236,0.001086804,0.000686196,0.000238873,-0.000218834,-0.000638017,-0.000963557,-0.001150418,-0.001177772,-0.001051324,-0.000794578,-0.000438831,-2.09E-05,0.000411744,0.000796982,0.00106578,0.001160542,0.001055205,0.000764901,0.000340986,-0.000142942,-0.000604343,-0.000960583,-0.001137288,-0.001082994,-0.000789641,-0.00030886,0.000249856,0.000744956,0.001044957,0.0010693,0.000811766,0.00034072,-0.000219413,-0.000717686,-0.001012097,-0.001008046,-0.000692762,-0.000151864,0.00044705,0.000907093,0.001074902,0.000901512,0.000461013,-8.34E-05,-0.000549242,-0.000805975,-0.000816156,-0.000632286,-0.000357887,-9.48E-05,9.93E-05,0.000226384,0.00033149,0.000460606,0.000614314,0.000724712,0.000678096,0.000382943,-0.000149497,-0.000764829,-0.001207448,-0.001241303,-0.000791088,-1.69E-05,0.000738512,0.001118036,0.000947804,0.00034537,-0.000335301,-0.00070179,-0.000553551,-6.10E-06,0.000572693,0.000784743,0.000453314,-0.000251159,-0.000897743,-0.001054363,-0.000568509,0.000308274,0.001046281,0.001156469,0.000513867,-0.000525411,-0.001312429,-0.001305786,-0.000439387,0.000792309,0.001616511,0.001475414,0.000413599
-0.00563503,-0.001554744,-0.000305019,0.000447361,0.000958022,0.001256608,0.001350847,0.001269494,0.001060205,0.000770001,0.000431299,6.55E-05,-0.000301696,-0.000629216,-0.000866457,-0.000972078,-0.000931429,-0.000759474,-0.000489165,-0.000157122,0.000201197,0.00054542,0.00082384,0.000978506,0.000963604,0.000766589,0.000417776,-1.74E-05,-0.000457443,-0.000821865,-0.001041563,-0.001064302,-0.000864553,-0.000459137,8.03E-05,0.000631977,0.001052906,0.001223059,0.001086303,0.000669688,7.55E-05,-0.000546786,-0.001037581,-0.001264217,-0.001155376,-0.000727369,-9.19E-05,0.000567185,0.001049375,0.001209551,0.001014155,0.000552953,-1.91E-06,-0.000469771,-0.00073155,-0.000764023,-0.000627383,-0.000419413,-0.000222815,-7.06E-05,5.74E-05,0.000207927,0.000410392,0.000638072,0.000798163,0.000766283,0.000458422,-9.46E-05,-0.00071949,-0.001154811,-0.00117576,-0.000728495,1.02E-05,0.000699536,0.001007983,0.000799556,0.000221033,-0.000373712,-0.00062813,-0.000398809,0.000150553,0.000642621,0.000719295,0.000275629,-0.000453168,-0.001016977,-0.001024627,-0.000403923,0.000519702,0.001193358,0.001170426,0.00040863,-0.000664279,-0.001384248,-0.001261258,-0.000313759,0.000902216,0.001617673,0.001343613,0.00021396
-0.003668243,-0.000995148,-0.000159384,0.000364737,0.00072787,0.000928723,0.00096228,0.000854748,0.000656035,0.000413758,0.000154906,-0.000110262,-0.000368608,-0.000589087,-0.000727294,-0.000746829,-0.000639782,-0.000430176,-0.000159412,0.000132279,0.000413049,0.000652376,0.000811486,0.000845771,0.000722558,0.000442962,5.12E-05,-0.000375726,-0.000751765,-0.001002601,-0.001076115,-0.000944614,-0.000609117,-0.000109738,0.000465486,0.000987755,0.001317906,0.001351751,0.00105961,0.000500775,-0.000192515,-0.000852026,-0.001316053,-0.00146668,-0.001258294,-0.000734914,-2.94E-05,0.000665184,0.00115172,0.00129807,0.001087116,0.000621471,7.68E-05,-0.000374254,-0.000628519,-0.000678877,-0.000592289,-0.000458198,-0.000337448,-0.000236716,-0.000117352,6.89E-05,0.000335363,0.000630075,0.000838488,0.000828368,0.000523598,-2.88E-05,-0.000643443,-0.00106048,-0.001071208,-0.00064262,3.81E-05,0.000641734,0.000870041,0.000627442,8.57E-05,-0.000409763,-0.000546096,-0.00023957,0.000302013,0.000699937,0.000642903,9.86E-05,-0.000639215,-0.001110971,-0.00097349,-0.000234303,0.000715996,0.001313361,0.001161494,0.000299153,-0.000785187,-0.001426226,-0.001193485,-0.000186854,0.000989051,0.001584055,0.001185502,1.17E-05
-0.001598579,-0.000410328,-1.28E-05,0.000269027,0.000475975,0.000574839,0.00054743,0.000416885,0.000234657,4.81E-05,-0.000122301,-0.000278359,-0.000420647,-0.000529015,-0.000566032,-0.000500648,-0.000331655,-9.16E-05,0.000170557,0.000412305,0.000606855,0.000735017,0.000772234,0.000688074,0.000463149,0.000111525,-0.000310159,-0.00071576,-0.001017108,-0.001148375,-0.001076169,-0.000797925,-0.000340361,0.000235423,0.000828494,0.001306938,0.001539064,0.001438707,0.001002761,0.00032056,-0.000449885,-0.001126674,-0.001550948,-0.001622805,-0.001323055,-0.000721273,3.31E-05,0.00074307,0.001220176,0.001348146,0.001126462,0.000668134,0.00014826,-0.000272381,-0.000509544,-0.000573069,-0.000535987,-0.000477973,-0.000436844,-0.000392608,-0.000288447,-7.48E-05,0.000246675,0.000600685,0.000854023,0.00086897,0.000577526,4.02E-05,-0.000550401,-0.000941362,-0.000943117,-0.0005427,6.67E-05,0.000573719,0.000717717,0.000444286,-5.32E-05,-0.000443271,-0.000460719,-8.17E-05,0.000445845,0.000747266,0.000561441,-7.27E-05,-0.000808679,-0.001184491,-0.000908626,-6.59E-05,0.000895778,0.001409939,0.001135063,0.000187931,-0.000891358,-0.001446154,-0.001110094,-6.07E-05,0.001059017,0.001527833,0.001013232,-0.000187389
0.000535118,0.000189645,0.000133511,0.000164105,0.000209435,0.000203813,0.000115598,-3.55E-05,-0.000196966,-0.000322421,-0.000398409,-0.000439704,-0.000461248,-0.00045444,-0.000389312,-0.000240413,-1.32E-05,0.000251763,0.000498678,0.000683638,0.000786017,0.000799007,0.000713152,0.000512728,0.000191643,-0.000223706,-0.000665532,-0.001040139,-0.001259242,-0.001267178,-0.001050452,-0.000631922,-6.32E-05,0.000575374,0.001172756,0.001596871,0.00172612,0.001493902,0.000923624,0.000132859,-0.00069785,-0.001376867,-0.001751831,-0.001743232,-0.001358714,-0.000691675,9.52E-05,0.000805502,0.001262821,0.001369016,0.001140227,0.000697978,0.000213844,-0.000166364,-0.000379245,-0.000452267,-0.000464002,-0.000483334,-0.000524279,-0.000540022,-0.000455873,-0.000220984,0.000148345,0.000555565,0.000851001,0.000893255,0.000622618,0.000111103,-0.000445298,-0.000804385,-0.000798018,-0.000432646,9.60E-05,0.000498452,0.000555316,0.000253617,-0.000194259,-0.000474735,-0.000373116,7.47E-05,0.000583525,0.000787002,0.00047648,-0.000239131,-0.00096518,-0.001242445,-0.000833687,0.000101105,0.001062571,0.001488548,0.001095429,7.56E-05,-0.000986292,-0.001449516,-0.001015142,6.48E-05,0.001116333,0.00145498,0.000830923,-0.00038338
0.00265042,0.000777977,0.000268356,4.76E-05,-6.77E-05,-0.000175098,-0.000319626,-0.00048534,-0.000619434,-0.000677281,-0.000653433,-0.000576352,-0.000476089,-0.000356141,-0.000194296,2.95E-05,0.000303824,0.000581236,0.000800917,0.000919374,0.000923883,0.000821451,0.000618585,0.000314284,-8.53E-05,-0.000543606,-0.000984909,-0.001311659,-0.001439038,-0.001324236,-0.000974772,-0.000438015,0.000212553,0.000882539,0.001456681,0.00180885,0.001832083,0.001481088,0.000803981,-5.87E-05,-0.000911664,-0.001561913,-0.001870617,-0.001782433,-0.001331312,-0.000629704,0.000154268,0.000833212,0.001249926,0.001327878,0.001099197,0.000689773,0.000261845,-5.90E-05,-0.000233524,-0.00030731,-0.00036338,-0.000458392,-0.000582094,-0.000661689,-0.000605974,-0.000363238,3.76E-05,0.000482769,0.000811591,0.000882945,0.000645775,0.00017945,-0.000323872,-0.000640102,-0.000626355,-0.000306892,0.000126223,0.000413308,0.000380787,5.66E-05,-0.000333533,-0.000500637,-0.000284196,0.000222453,0.000704249,0.000810566,0.000387935,-0.00038973,-0.001090189,-0.00126724,-0.000741234,0.000259218,0.001196963,0.001527148,0.001028761,-3.74E-05,-0.001056941,-0.001419746,-0.000898979,0.000186705,0.001148605,0.001352732,0.000635125,-0.000566726
0.004656842,0.00133185,0.000389903,-7.03E-05,-0.000337604,-0.000540179,-0.000735878,-0.000912509,-0.001017091,-0.001006968,-0.00088479,-0.000692683,-0.000475682,-0.000249175,1.64E-06,0.00029186,0.000605005,0.000887618,0.001074801,0.001124413,0.001032281,0.00081952,0.000508432,0.000112061,-0.000352436,-0.000840162,-0.00126952,-0.001541259,-0.001575755,-0.001343948,-0.000874149,-0.000236751,0.000475558,0.001157669,0.001693886,0.001967179,0.001887126,0.00142979,0.000665922,-0.000244881,-0.001097374,-0.001702067,-0.001937117,-0.00177267,-0.001267795,-0.000550619,0.000209927,0.000840143,0.001205376,0.001252017,0.001027289,0.000658973,0.000297026,4.44E-05,-8.46E-05,-0.000153837,-0.000249922,-0.000416921,-0.000620791,-0.000764012,-0.00074016,-0.000497014,-7.49E-05,0.000398147,0.000753606,0.000853095,0.000654467,0.000242237,-0.000199057,-0.000467031,-0.000445697,-0.00017604,0.000156693,0.000325823,0.000205112,-0.00013801,-0.000467498,-0.000522252,-0.000196411,0.000361997,0.000812677,0.000824562,0.00029948,-0.000527942,-0.00119463,-0.001272816,-0.000641036,0.000408626,0.001309644,0.00154148,0.000947137,-0.000149336,-0.00111314,-0.001371968,-0.000772589,0.000305328,0.001167373,0.001237031,0.000436354,-0.000738844
0.006566992,0.001855257,0.000499692,-0.000189279,-0.000601123,-0.000893024,-0.001135351,-0.001319616,-0.001392807,-0.001314399,-0.001095224,-0.000791054,-0.000461799,-0.000134548,0.000198376,0.000547624,0.00089221,0.001173583,0.001323616,0.001302315,0.001114634,0.000796046,0.000384509,-9.35E-05,-0.000610922,-0.001116079,-0.001523398,-0.001733805,-0.001674394,-0.001330656,-0.000751485,-2.90E-05,0.000727259,0.001404479,0.001889796,0.002078086,0.001897166,0.00134448,0.000511591,-0.000426258,-0.001258239,-0.001802541,-0.001957406,-0.001719635,-0.001172362,-0.000456409,0.000262585,0.000828711,0.001132852,0.001145471,0.000928093,0.000608206,0.000320876,0.000144397,6.71E-05,7.16E-06,-0.000125122,-0.00036084,-0.00064259,-0.000849235,-0.000860278,-0.000623296,-0.000188889,0.000303079,0.000679206,0.000805975,0.000650375,0.000300109,-7.13E-05,-0.000286196,-0.000257094,-4.07E-05,0.00018736,0.000236272,2.84E-05,-0.000330372,-0.000596766,-0.000540078,-0.000109632,0.000494267,0.000910235,0.000830102,0.000211107,-0.000655202,-0.00128089,-0.001261405,-0.000533994,0.000550339,0.001403132,0.001534364,0.000852295,-0.00026045,-0.001156568,-0.001308276,-0.000637165,0.000421018,0.001174208,0.001109442,0.00023496,-0.000901034
0.008108799,0.002268295,0.000574286,-0.000300744,-0.000827714,-0.001188288,-0.001463704,-0.00164864,-0.001689874,-0.001548754,-0.001243717,-0.000843229,-0.000420878,-1.41E-05,0.000379097,0.000766615,0.00112484,0.001392117,0.001498884,0.001408561,0.001135687,0.000729605,0.000242456,-0.000288286,-0.000829008,-0.001325222,-0.001691583,-0.001832889,-0.001685342,-0.00124938,-0.000592506,0.000175745,0.000935025,0.001571876,0.001982933,0.00207999,0.001811166,0.001193609,0.00033425,-0.00058428,-0.001354876,-0.001811586,-0.001877795,-0.001577694,-0.001014791,-0.000335563,0.000306076,0.000779529,0.001005903,0.000980621,0.000776936,0.000517511,0.000318056,0.000229507,0.000213856,0.000172719,1.47E-05,-0.000278255,-0.000627714,-0.000892574,-0.000941605,-0.000723145,-0.000295526,0.000195031,0.000576689,0.000725312,0.000617614,0.000340882,5.18E-05,-0.000102397,-6.42E-05,9.62E-05,0.000217331,0.000148274,-0.000139822,-0.000506917,-0.000708379,-0.00054779,-2.80E-05,0.000605975,0.000980986,0.000817629,0.000126343,-0.000754675,-0.001326005,-0.001215266,-0.000417176,0.000670044,0.001452236,0.00148161,0.000731956,-0.000367163,-0.00117283,-0.001213938,-0.000486999,0.000528082,0.001157962,0.000963538,3.67E-05,-0.001035845
0.009419769,0.00261371,0.00062927,-0.000404489,-0.001028087,-0.001444826,-0.001745801,-0.001928419,-0.001938969,-0.001740305,-0.001357871,-0.000872023,-0.000369068,0.000104181,0.000545099,0.00095978,0.001323035,0.001571057,0.001633594,0.001477837,0.001127768,0.000645935,9.75E-05,-0.000470588,-0.001020041,-0.001495565,-0.00181393,-0.001885269,-0.001655556,-0.001139777,-0.000422515,0.000371778,0.00111511,0.001696603,0.002025187,0.002031307,0.001683618,0.001017474,0.000152148,-0.000726349,-0.001418714,-0.001778039,-0.001754387,-0.001398869,-0.00083311,-0.000205868,0.000344191,0.000714516,0.000857712,0.000793828,0.000606302,0.000411017,0.000302847,0.000304945,0.000353611,0.000334976,0.000156806,-0.000186498,-0.000596804,-0.000915361,-0.001002114,-0.000806764,-0.000394224,8.55E-05,0.000464946,0.000631458,0.000571765,0.000371386,0.000167889,7.68E-05,0.000125063,0.000230044,0.0002463,6.34E-05,-0.000299772,-0.000671519,-0.000808647,-0.00054994,5.03E-05,0.000706303,0.001038075,0.000796939,4.45E-05,-0.000839921,-0.001351743,-0.00115424,-0.000298041,0.000777523,0.001480051,0.001408599,0.000601557,-0.00047056,-0.001176765,-0.001107223,-0.000332272,0.000630044,0.001132145,0.000812273,-0.000156443,-0.001155672
0.010453471,0.002877933,0.000660734,-0.000498906,-0.001196912,-0.001654801,-0.001972304,-0.002149039,-0.002130467,-0.001880496,-0.001430866,-0.000872836,-0.000304291,0.00021979,0.000693334,0.001121874,0.001479864,0.001702488,0.00171969,0.001502853,0.001085225,0.00054175,-5.08E-05,-0.000637784,-0.001178548,-0.001619356,-0.001881366,-0.001881775,-0.001577109,-0.000996418,-0.000239521,0.000557227,0.001261942,0.001770209,0.002006573,0.001922195,0.001506512,0.000811295,-3.55E-05,-0.00084923,-0.001443295,-0.001693612,-0.001578726,-0.001176095,-0.000622748,-6.57E-05,0.000375853,0.000630633,0.00068425,0.000580957,0.000412521,0.00028572,0.000272838,0.00036876,0.000484864,0.000493148,0.000301385,-8.39E-05,-0.000546765,-0.000913567,-0.001037682,-0.000870894,-0.000483323,-2.58E-05,0.000342281,0.000521911,0.000510288,0.000389564,0.000275688,0.000250407,0.000309767,0.000360193,0.000274054,-1.77E-05,-0.000449692,-0.000821736,-0.000895283,-0.000545424,0.000124348,0.000792989,0.001078812,0.00076644,-3.38E-05,-0.000908135,-0.001354322,-0.001075461,-0.000176199,0.000870342,0.001482417,0.001311415,0.000459191,-0.00056996,-0.001165983,-0.000985774,-0.000172157,0.000725878,0.001094922,0.000654688,-0.000343391,-0.001257538
0.010947862,0.002986521,0.000650061,-0.000570809,-0.001299912,-0.001770408,-0.002088268,-0.002254172,-0.002211868,-0.001925151,-0.001430337,-0.000827343,-0.000223102,0.000321789,0.000800245,0.00121955,0.001555938,0.001745411,0.001719276,0.001453304,0.000989037,0.000411715,-0.000193208,-0.00076732,-0.001271313,-0.001657032,-0.001853375,-0.001786754,-0.001424567,-0.000808049,-4.83E-05,0.000712178,0.001343779,0.001754529,0.001889019,0.001721116,0.001259996,0.000569704,-0.000219664,-0.000932554,-0.001401978,-0.0015313,-0.001328659,-0.000895343,-0.00037852,8.30E-05,0.000395007,0.000521106,0.000480321,0.000338905,0.000193319,0.000137895,0.000220804,0.000409608,0.000593612,0.000633847,0.000439693,2.86E-05,-0.000469748,-0.000872006,-0.001029354,-0.000897142,-0.000548625,-0.00013069,0.000210369,0.000392982,0.000425399,0.000384493,0.000361837,0.000403788,0.000476238,0.000476979,0.000298178,-8.85E-05,-0.000575491,-0.000940339,-0.000954156,-0.000528523,0.000189851,0.000854518,0.001091151,0.000720433,-0.000104354,-0.000947066,-0.001319872,-0.000971048,-5.44E-05,0.000936183,0.00144344,0.0011782,0.000301884,-0.000660008,-0.001132071,-0.000844525,-8.23E-06,0.000809334,0.001041271,0.000492775,-0.000513601,-0.00132653
0.011157028,0.003013592,0.000618335,-0.000629325,-0.001366605,-0.001834851,-0.002144982,-0.002298097,-0.002235695,-0.001920748,-0.001393125,-0.000760096,-0.000136203,0.00041377,0.00088304,0.001281832,0.001589217,0.001742835,0.001675806,0.00136818,0.000869071,0.000272725,-0.000328483,-0.000874154,-0.001328469,-0.001650629,-0.001778705,-0.001649052,-0.001239714,-0.000602811,0.000141644,0.000847605,0.001391053,0.001694947,0.001725598,0.001479957,0.000985862,0.00031722,-0.000397069,-0.00099402,-0.001329163,-0.001334797,-0.001048422,-0.000593329,-0.000124,0.000231803,0.000407337,0.00040164,0.000266634,8.89E-05,-3.24E-05,-1.68E-05,0.0001596,0.000438214,0.00068829,0.000761816,0.000570628,0.000142364,-0.000381961,-0.00081202,-0.000999172,-0.000903171,-0.000599503,-0.000228994,7.76E-05,0.000257505,0.000330473,0.000367414,0.000434744,0.000543333,0.000629762,0.000584411,0.000319769,-0.000152939,-0.000686795,-0.001040643,-0.000997553,-0.000505073,0.00025054,0.000902801,0.001089113,0.00066709,-0.000170518,-0.000971421,-0.001267988,-0.000855665,6.57E-05,0.000987914,0.001384801,0.001029228,0.000139465,-0.000744199,-0.001087238,-0.00069543,0.0001554,0.000885652,0.000980333,0.000330966,-0.000673226,-0.001378325
0.0109714,0.002928081,0.000557861,-0.000668838,-0.001382572,-0.001828075,-0.002119438,-0.002257261,-0.002180037,-0.001848905,-0.001305836,-0.00066361,-4.23E-05,0.000490991,0.000931736,0.001294704,0.00156323,0.001677699,0.001573595,0.001235041,0.000717653,0.000122838,-0.000452505,-0.000948682,-0.001336067,-0.001583679,-0.001640625,-0.00145409,-0.001012322,-0.000376427,0.000327812,0.00095493,0.001390423,0.001575652,0.001500741,0.001186038,0.000676389,5.21E-05,-0.000563532,-0.001024933,-0.001213816,-0.001093193,-0.000729345,-0.000264873,0.000142347,0.000379573,0.000410156,0.000269568,4.15E-05,-0.00016977,-0.000265001,-0.00017943,8.65E-05,0.000449845,0.0007628,0.000871051,0.000690066,0.000256491,-0.000280375,-0.000727358,-0.000939175,-0.000881161,-0.000629832,-0.000317116,-5.52E-05,0.000114143,0.000222405,0.000333808,0.000488752,0.000662725,0.000764312,0.000678169,0.000337659,-0.000208251,-0.000777483,-0.001115115,-0.001019276,-0.000472562,0.000304474,0.000932767,0.001067383,0.000603868,-0.000230491,-0.000975886,-0.001192658,-0.000725923,0.00018285,0.001020159,0.001299646,0.000859494,-2.91E-05,-0.000819992,-0.001027709,-0.000536315,0.000317901,0.000951899,0.000909754,0.000170067,-0.000817643,-0.001406371
0.010282619,0.00270077,0.000463349,-0.000681055,-0.001330834,-0.001727998,-0.001987485,-0.002108159,-0.002024422,-0.001694121,-0.001159257,-0.000535508,5.43E-05,0.000543593,0.000932329,0.001241887,0.00146152,0.001535496,0.001402024,0.001048621,0.000535601,-3.12E-05,-0.000553669,-0.000976238,-0.001278685,-0.001442471,-0.001429419,-0.00119785,-0.000744854,-0.000137447,0.000497207,0.001019183,0.001328052,0.001386831,0.001210738,0.000842512,0.000340805,-0.000212443,-0.000705361,-0.001014452,-0.00105078,-0.000808415,-0.000379921,7.74E-05,0.000407315,0.000516401,0.000399902,0.000128765,-0.000184935,-0.000423353,-0.000491191,-0.000340972,3.77E-06,0.000439623,0.000806663,0.000948471,0.000785741,0.000362371,-0.000168536,-0.0006164,-0.000843582,-0.000822643,-0.000629928,-0.000385465,-0.000179742,-3.16E-05,0.000102533,0.000279862,0.000514991,0.000749703,0.000867361,0.000749181,0.000349153,-0.000249942,-0.000837711,-0.001152445,-0.00101085,-0.000428158,0.00034879,0.000938463,0.00102072,0.000529174,-0.000281732,-0.000955907,-0.001090668,-0.000582454,0.000292469,0.001026961,0.001184064,0.000669406,-0.000199654,-0.000882209,-0.00095101,-0.000369285,0.000473807,0.001002967,0.000828651,1.49E-05,-0.000938468,-0.00140327
0.009336784,0.002401626,0.000352382,-0.000678238,-0.001243442,-0.001579382,-0.001800634,-0.001903665,-0.001818203,-0.001498011,-0.000983976,-0.000393242,0.000150121,0.000581573,0.000906712,0.001154552,0.001321044,0.001354835,0.001196929,0.000837744,0.000341216,-0.000183937,-0.000640131,-0.000977716,-0.001187414,-0.001264296,-0.001183506,-0.000914387,-0.000461886,0.000102869,0.000653712,0.001058757,0.00123377,0.001164702,0.000892033,0.000479874,-1.35E-06,-0.000470792,-0.000830627,-0.000981755,-0.000865543,-0.000506604,-2.19E-05,0.000419355,0.000665486,0.000643991,0.000382457,-1.39E-05,-0.000407075,-0.000668389,-0.000708456,-0.000497743,-8.18E-05,0.000418132,0.000832939,0.001006566,0.000865803,0.000460781,-5.41E-05,-0.000493747,-0.000730517,-0.000745079,-0.000613076,-0.00044128,-0.000297114,-0.00017583,-2.16E-05,0.000215834,0.000525731,0.000817624,0.000951515,0.000806458,0.000356645,-0.000283924,-0.000880648,-0.001168947,-0.000985823,-0.00037746,0.000387652,0.000931045,0.000960983,0.000448818,-0.000328105,-0.000923398,-0.00097579,-0.000433368,0.000396847,0.0010202,0.001053741,0.000470888,-0.000368903,-0.000936103,-0.000865718,-0.0001998,0.000624318,0.001045033,0.000742434,-0.000135838,-0.001045463,-0.001383484
0.008013721,0.001997663,0.000218187,-0.000652281,-0.001102676,-0.001358677,-0.001532693,-0.001617807,-0.001538186,-0.001242288,-0.000768136,-0.000232146,0.000242741,0.000596084,0.000841026,0.001015622,0.001123605,0.00111864,0.000944518,0.000593695,0.000131999,-0.000331363,-0.000702042,-0.000938882,-0.001045737,-0.001032825,-0.000889274,-0.000594989,-0.000161065,0.000340134,0.00078705,0.001059486,0.001092295,0.000895873,0.000535712,9.53E-05,-0.000346492,-0.000714088,-0.000927675,-0.000915407,-0.000649851,-0.000184734,0.00034212,0.00075389,0.000907687,0.000754437,0.000353957,-0.000156887,-0.000618171,-0.000895028,-0.000907059,-0.00064337,-0.00016932,0.000379996,0.00083151,0.001033284,0.000919543,0.000545032,6.16E-05,-0.000355643,-0.000592517,-0.000639177,-0.000569878,-0.000476314,-0.000401124,-0.000315117,-0.00015006,0.000137317,0.000512434,0.000855123,0.00100519,0.000841502,0.000357546,-0.000305851,-0.000896508,-0.001153062,-0.000935254,-0.00031732,0.000417973,0.00090368,0.000881729,0.000360351,-0.000366926,-0.000872461,-0.000842724,-0.00027742,0.00049215,0.000992983,0.000902578,0.000261947,-0.00053408,-0.000976418,-0.000767997,-2.83E-05,0.000764912,0.001072663,0.000648972,-0.000278475,-0.001130409,-0.001338451
0.00638323,0.0015101,6.78E-05,-0.000604273,-0.000915342,-0.001076744,-0.00119716,-0.001265425,-0.001199356,-0.000940993,-0.000523838,-6.15E-05,0.000326444,0.000585523,0.000737933,0.000831843,0.000879467,0.000839774,0.000659015,0.000330586,-7.97E-05,-0.000464437,-0.00073506,-0.000861017,-0.000860816,-0.000760571,-0.000563231,-0.000258093,0.000139813,0.000559928,0.000888653,0.001020412,0.000910927,0.000595149,0.000161956,-0.000288859,-0.00067404,-0.00092716,-0.000989552,-0.000817988,-0.000415313,0.000138846,0.000690544,0.001060518,0.001118318,0.000839577,0.000314556,-0.000292548,-0.000805601,-0.001088574,-0.001073131,-0.000766956,-0.000252111,0.000327852,0.000801382,0.001024811,0.000941106,0.000607895,0.000170708,-0.000209827,-0.000435998,-0.000508795,-0.000500695,-0.000487253,-0.000485615,-0.000442186,-0.000276626,4.81E-05,0.000475652,0.000860156,0.001025219,0.000851623,0.000350607,-0.000315555,-0.000884533,-0.001104422,-0.000859629,-0.000248713,0.000439191,0.000856972,0.000784652,0.000265489,-0.000398001,-0.00080545,-0.000696049,-0.000119582,0.000575549,0.00094653,0.000735911,5.00E-05,-0.00068885,-0.001000616,-0.000659849,0.00014036,0.000890775,0.001083773,0.000549595,-0.000409922,-0.001191267,-0.001269388
0.004597153,0.000980894,-8.97E-05,-0.000543956,-0.000703352,-0.000762957,-0.000826901,-0.000879303,-0.000831233,-0.000617702,-0.000266772,0.000111958,0.000403381,0.000560138,0.000614205,0.000624357,0.000611585,0.000540217,0.000358699,6.07E-05,-0.000289129,-0.000586634,-0.000750238,-0.000761142,-0.00065319,-0.000468582,-0.000223765,8.35E-05,0.000435513,0.000765456,0.0009695,0.000958171,0.000708752,0.000280425,-0.000215902,-0.000666258,-0.000985395,-0.001118343,-0.001029098,-0.0007034,-0.000173307,0.000458019,0.001023662,0.001344998,0.001306094,0.000907661,0.000268866,-0.000421802,-0.00097565,-0.001258669,-0.001216304,-0.000874575,-0.000330109,0.000268411,0.000754397,0.000994909,0.000942393,0.000656323,0.000273641,-6.18E-05,-0.000270696,-0.000365483,-0.000416722,-0.000483411,-0.000557091,-0.000560057,-0.000400143,-4.62E-05,0.000425559,0.000845882,0.001024872,0.000846511,0.000338734,-0.000318145,-0.000856195,-0.001036667,-0.000769615,-0.000175528,0.000454868,0.0007991,0.000677641,0.000167403,-0.000424452,-0.000729679,-0.000542706,3.79E-05,0.000651166,0.000889172,0.000561734,-0.000161469,-0.00083562,-0.00101457,-0.000546131,0.000305876,0.001006553,0.001084512,0.000447046,-0.000533975,-0.001237448,-0.001186602
0.002611377,0.0003999,-0.000253892,-0.000464974,-0.000456998,-0.00040612,-0.000410761,-0.000449695,-0.000426681,-0.000268836,2.60E-06,0.000283812,0.000466021,0.000510417,0.000459744,0.00038393,0.000312943,0.000216353,4.42E-05,-0.000210915,-0.00048716,-0.000685882,-0.00073451,-0.0006274,-0.000414371,-0.000153509,0.000126274,0.000420491,0.000711598,0.000939168,0.001012012,0.000858658,0.000478341,-4.69E-05,-0.000587267,-0.00101856,-0.001257818,-0.001265021,-0.001028696,-0.000563168,7.31E-05,0.000758404,0.001318621,0.001581068,0.001447413,0.000943276,0.000213188,-0.000536057,-0.00110994,-0.001381971,-0.001314066,-0.000949716,-0.000396046,0.000199083,0.000679967,0.000928485,0.000907716,0.000677231,0.000361825,8.48E-05,-9.56E-05,-0.000204237,-0.000309685,-0.000454159,-0.000604051,-0.000658617,-0.000514588,-0.00014573,0.000354839,0.000799664,0.000990033,0.00081532,0.000318122,-0.000309283,-0.000801185,-0.000938057,-0.000656892,-9.57E-05,0.000461106,0.000723487,0.000555616,6.52E-05,-0.000443216,-0.000641109,-0.000381361,0.000191853,0.000712406,0.000814908,0.000378758,-0.000367479,-0.00096531,-0.001010177,-0.000424544,0.000463235,0.001102836,0.001066931,0.000339993,-0.000644217,-0.001258592,-0.001082319
0.000576206,-0.000190406,-0.000414481,-0.000375413,-0.000196534,-3.42E-05,1.94E-05,-8.97E-06,-1.55E-05,8.09E-05,0.000266584,0.000444587,0.000513467,0.000443634,0.000288857,0.000130111,6.06E-06,-0.000108924,-0.000263903,-0.000468279,-0.000664516,-0.00076072,-0.000694398,-0.000473476,-0.000163433,0.000162748,0.000465209,0.000734703,0.000955832,0.001076772,0.001020468,0.000733947,0.000237466,-0.000366534,-0.000932612,-0.001330407,-0.001482557,-0.001366129,-0.000994485,-0.000408727,0.000310127,0.001026734,0.001565267,0.001763041,0.001541028,0.000948398,0.000150865,-0.000632382,-0.001206987,-0.001458404,-0.001366718,-0.000991529,-0.000446613,0.000126036,0.000586292,0.00083386,0.000843158,0.000672502,0.000432093,0.000222291,7.90E-05,-3.57E-05,-0.000188478,-0.000405214,-0.000628563,-0.000736515,-0.000615751,-0.000244127,0.000271563,0.000730257,0.000928742,0.000763586,0.000290138,-0.000292518,-0.000727163,-0.000817955,-0.000529267,-1.28E-05,0.000459648,0.000635653,0.000424628,-3.79E-05,-0.000455965,-0.000545446,-0.000218702,0.000338223,0.000760422,0.00072968,0.000194918,-0.000561789,-0.001075911,-0.000989616,-0.000299101,0.00060965,0.001179815,0.001033508,0.000230565,-0.000741622,-0.001259668,-0.000963721
-0.001469047,-0.000780307,-0.000570857,-0.000279766,7.05E-05,0.000343703,0.000454119,0.000434264,0.000395403,0.000427163,0.000523919,0.000596074,0.000550141,0.000366106,0.000108809,-0.000129895,-0.000302931,-0.000431478,-0.000564172,-0.000713123,-0.000825912,-0.000818241,-0.000638275,-0.00030764,9.29E-05,0.000476296,0.000792873,0.001029978,0.00117579,0.001188395,0.001005756,0.000593523,-7.88E-06,-0.000677409,-0.001256583,-0.001611433,-0.001672465,-0.001435117,-0.000937551,-0.000246152,0.000538273,0.001270457,0.0017764,0.001906157,0.001600981,0.00093245,8.44E-05,-0.000715653,-0.001277667,-0.001501952,-0.00138779,-0.001009848,-0.000485891,5.14E-05,0.000480428,0.000720806,0.000758656,0.000650143,0.000489332,0.000352247,0.000251538,0.000136077,-5.88E-05,-0.000343431,-0.000637687,-0.000799687,-0.000706872,-0.000340621,0.000180807,0.000645986,0.000850154,0.000698294,0.000257192,-0.000270755,-0.000640985,-0.000684231,-0.000392425,7.16E-05,0.000452996,0.000540057,0.000288286,-0.000141243,-0.000464686,-0.000445636,-5.62E-05,0.000478636,0.000799263,0.000637629,1.17E-05,-0.00074684,-0.001172685,-0.000957958,-0.000171567,0.000747872,0.00124315,0.000989253,0.000119784,-0.000830098,-0.001247325,-0.000836122
-0.003417891,-0.001336469,-0.000710861,-0.000178307,0.00033481,0.000711749,0.000873233,0.000857387,0.000782807,0.000747561,0.000754409,0.000721819,0.000564774,0.000272918,-7.83E-05,-0.000387033,-0.000598701,-0.000730976,-0.000833052,-0.000920914,-0.00094853,-0.000840274,-0.000555394,-0.000128692,0.000345285,0.000767628,0.001081505,0.001273577,0.001338124,0.001245073,0.00094823,0.000431061,-0.000248549,-0.000955327,-0.001523075,-0.001819341,-0.001786298,-0.001439284,-0.000839999,-7.61E-05,0.000738221,0.001455011,0.001908964,0.001967422,0.001592824,0.000875979,1.23E-05,-0.000770609,-0.001294589,-0.001479847,-0.001346145,-0.000980749,-0.000500245,-2.20E-05,0.000356478,0.000577418,0.000639198,0.000594299,0.000518382,0.000461385,0.000412045,0.000306127,8.06E-05,-0.000260657,-0.000617787,-0.00083236,-0.000774526,-0.000428148,8.14E-05,0.000538706,0.000743034,0.00061001,0.000215333,-0.000241608,-0.000536149,-0.000530234,-0.000243079,0.000156411,0.000436955,0.00043282,0.000145708,-0.000242345,-0.000466267,-0.000341501,0.000101267,0.000603994,0.000820259,0.00053608,-0.000164304,-0.000908399,-0.001239802,-0.000905334,-4.28E-05,0.000867262,0.001278764,0.000924726,7.82E-06,-0.000901088,-0.001211315,-0.000695536
-0.005198897,-0.001840819,-0.000832803,-7.86E-05,0.000583261,0.001053811,0.001259856,0.001244773,0.001134039,0.00103377,0.000954918,0.000823958,0.000564176,0.000174383,-0.00026023,-0.000628767,-0.000870201,-0.000999472,-0.001067001,-0.001093248,-0.001039065,-0.000837699,-0.000459142,4.97E-05,0.000582048,0.001029274,0.001329417,0.001470305,0.001453714,0.00126212,0.000864912,0.000261925,-0.000474171,-0.001197472,-0.001737917,-0.001967885,-0.001843184,-0.001399177,-0.000719223,9.15E-05,0.000909961,0.001590899,0.001981848,0.001969761,0.001537978,0.000793596,-6.12E-05,-0.000804414,-0.001274238,-0.001413502,-0.001262617,-0.000919403,-0.000495899,-9.05E-05,0.000225765,0.000419328,0.000500647,0.000517648,0.00052675,0.000551571,0.00055738,0.00046739,0.000220018,-0.000168011,-0.000579858,-0.000843377,-0.000823126,-0.000504896,-1.82E-05,0.000421655,0.000621734,0.000509621,0.000168316,-0.000209602,-0.0004234,-0.000368432,-9.05E-05,0.000238718,0.000415113,0.000320845,2.79E-06,-0.000339514,-0.000463433,-0.000237593,0.000250956,0.000716134,0.000829164,0.000431376,-0.000330304,-0.001049342,-0.001284535,-0.000839183,8.42E-05,0.000971313,0.001294585,0.000847248,-0.000103568,-0.00096004,-0.001161368,-0.000550112
-0.006841785,-0.00230275,-0.000940209,1.94E-05,0.000818301,0.001374203,0.001619566,0.001602724,0.001455655,0.001292191,0.001131289,0.000907342,0.000551774,7.21E-05,-0.000437308,-0.000857497,-0.001121689,-0.001242747,-0.001272832,-0.001237324,-0.001104316,-0.000816048,-0.000352932,0.000226804,0.000805687,0.001266777,0.001544681,0.001629823,0.001532526,0.001248316,0.000761901,8.83E-05,-0.000687202,-0.001410863,-0.001911783,-0.002069711,-0.001855577,-0.001324789,-0.000580827,0.000256444,0.001059141,0.001688443,0.00200804,0.001926234,0.001446972,0.000691299,-0.000135722,-0.000821687,-0.001224975,-0.001312949,-0.001146746,-0.000833121,-0.000476959,-0.000155058,9.03E-05,0.000250348,0.000347715,0.000425077,0.000519009,0.000626712,0.0006904,0.000621223,0.000358955,-6.81E-05,-0.000528111,-0.000837546,-0.000856711,-0.00057291,-0.00011756,0.000297502,0.000489862,0.000400135,0.000117376,-0.000175544,-0.000304889,-0.000201055,6.43E-05,0.000318868,0.0003888,0.00020544,-0.000140075,-0.000433418,-0.000457181,-0.000134091,0.000394317,0.00081777,0.000828668,0.000324466,-0.000488131,-0.001173914,-0.001311711,-0.000762588,0.00020962,0.001063239,0.001294952,0.000759778,-0.00021439,-0.00100961,-0.001100743,-0.000401234
-0.008073727,-0.002642017,-0.001009755,0.000105897,0.001007577,0.001625438,0.001896376,0.001872694,0.001691677,0.001473658,0.001244613,0.000946004,0.000516331,-2.97E-05,-0.000590827,-0.001042089,-0.001313003,-0.001415808,-0.00140536,-0.001312534,-0.001112834,-0.000756993,-0.000234363,0.000388158,0.000985789,0.001437201,0.001677065,0.00170113,0.001529834,0.001171852,0.000625581,-8.24E-05,-0.000859277,-0.001549994,-0.00198892,-0.002067835,-0.001774792,-0.001184001,-0.000414652,0.000405584,0.001152021,0.001700065,0.00193528,0.001789607,0.001285749,0.000553068,-0.000208431,-0.000804175,-0.001118807,-0.001147025,-0.000969783,-0.000699077,-0.000427756,-0.000206625,-4.67E-05,6.89E-05,0.000174026,0.000305013,0.000478394,0.000666157,0.000789614,0.000749625,0.000487199,3.94E-05,-0.000452108,-0.000797655,-0.0008566,-0.000617199,-0.000208391,0.000167741,0.000344657,0.000277861,6.01E-05,-0.000140342,-0.000181678,-3.12E-05,0.000215682,0.000390705,0.000354258,8.77E-05,-0.000277192,-0.000517095,-0.000444361,-3.55E-05,0.000519314,0.000894295,0.000809325,0.000217518,-0.000622756,-0.001259578,-0.001300956,-0.000666343,0.000328105,0.0011273,0.001263118,0.000653638,-0.000321884,-0.001039877,-0.001021463,-0.000250824
-0.009030227,-0.002900476,-0.00105607,0.000182222,0.001163771,0.001828361,0.002116416,0.002083506,0.001871358,0.001605893,0.001319259,0.000959191,0.000470347,-0.000126579,-0.000724819,-0.00119487,-0.001463722,-0.00154378,-0.001492987,-0.001347782,-0.001090837,-0.000680718,-0.000114499,0.000534017,0.001134895,0.001564594,0.001759685,0.001722441,0.001483825,0.001065184,0.00047716,-0.000244373,-0.001002482,-0.001643897,-0.002011382,-0.002010701,-0.001647405,-0.001013134,-0.000239887,0.000540753,0.001211448,0.001665411,0.001812328,0.001608151,0.001092692,0.000400365,-0.000277898,-0.000769012,-0.000986225,-0.000952104,-0.000766311,-0.000544005,-0.000363857,-0.000249237,-0.000179526,-0.000112592,-4.35E-06,0.000174877,0.000422043,0.000685365,0.000867138,0.000859342,0.000604275,0.000146045,-0.000366647,-0.000741267,-0.000838118,-0.000646335,-0.000290364,4.04E-05,0.000197713,0.000152719,9.20E-07,-0.000106248,-6.02E-05,0.000134723,0.000360752,0.000455947,0.000316038,-2.85E-05,-0.000407966,-0.000593315,-0.000428241,5.84E-05,0.000631936,0.000955968,0.000780553,0.000112999,-0.000742027,-0.001322548,-0.001269978,-0.000561307,0.00044077,0.001175373,0.001214646,0.000539214,-0.000426179,-0.001060012,-0.000934351,-0.000102739
-0.009721366,-0.00308108,-0.001080002,0.000248755,0.001288096,0.001984742,0.002281769,0.002237328,0.001996763,0.001690695,0.00135664,0.000947833,0.0004142,-0.000218727,-0.000840001,-0.001317006,-0.001575334,-0.001628313,-0.001537353,-0.001344526,-0.001039435,-0.000587841,6.62E-06,0.000664953,0.001254142,0.001650532,0.001794357,0.00169558,0.001396077,0.000929403,0.00031707,-0.000398086,-0.001117876,-0.001694225,-0.001981159,-0.001900317,-0.001475106,-0.000813275,-5.68E-05,0.000662469,0.001238643,0.001586163,0.001641005,0.001383486,0.000868949,0.000233709,-0.000344245,-0.00071684,-0.000828181,-0.000729228,-0.000537282,-0.000368663,-0.000285795,-0.000283221,-0.00030828,-0.000294182,-0.000187259,3.50E-05,0.000350526,0.000685076,0.000923769,0.000951062,0.000710598,0.000251946,-0.00027207,-0.00066898,-0.000801935,-0.000660873,-0.000363805,-8.46E-05,4.91E-05,2.48E-05,-6.02E-05,-7.32E-05,5.95E-05,0.000296767,0.000499746,0.000514837,0.000274269,-0.000143265,-0.000532637,-0.000662356,-0.000408941,0.000147717,0.000732639,0.001003336,0.000742691,1.08E-05,-0.000846508,-0.001363654,-0.001219514,-0.000447795,0.000547835,0.001208041,0.001150138,0.000416801,-0.000527395,-0.001070385,-0.000839686,4.31E-05
-0.0098305,-0.003092918,-0.001057911,0.000290183,0.00133894,0.002036063,0.002325314,0.002265832,0.002004642,0.001674942,0.00131756,0.000889241,0.000342957,-0.000293616,-0.000908394,-0.001368602,-0.001600753,-0.001620471,-0.001493074,-0.001265939,-0.000934569,-0.000470065,0.000120228,0.000755917,0.001305182,0.001648321,0.001732318,0.00157644,0.001233389,0.000747092,0.000146423,-0.000523801,-0.001170075,-0.001655493,-0.001850142,-0.001693968,-0.001227594,-0.00057115,0.00012942,0.000749427,0.001201141,0.001425517,0.001387234,0.001090027,0.000600644,5.11E-05,-0.000400228,-0.000635338,-0.000631485,-0.000467132,-0.000274017,-0.000165708,-0.000185461,-0.000298151,-0.000420383,-0.000463263,-0.000365804,-0.000113148,0.000255405,0.000647422,0.000935573,0.001000248,0.00078684,0.0003472,-0.000167467,-0.000570802,-0.000732699,-0.000644192,-0.000413837,-0.000195523,-9.28E-05,-0.000100832,-0.000122204,-4.51E-05,0.000168512,0.000441836,0.000618967,0.000557741,0.00022711,-0.000249895,-0.000639576,-0.000713871,-0.000383646,0.000225065,0.000806364,0.001021099,0.000688673,-8.28E-05,-0.000918115,-0.001360512,-0.001132847,-0.000321839,0.000640168,0.001209528,0.001056558,0.000282812,-0.000619626,-0.001062056,-0.000734188,0.000179265
-0.009660927,-0.003024661,-0.001014911,0.000318216,0.001353193,0.002035881,0.002309763,0.002234175,0.001956825,0.001612378,0.001243889,0.000810554,0.000267235,-0.000357604,-0.000952228,-0.001385103,-0.001584704,-0.001569493,-0.00140874,-0.001154779,-0.000808331,-0.000344781,0.000226291,0.000824923,0.001322464,0.001604903,0.001627164,0.001418224,0.001041189,0.000549174,-2.35E-05,-0.000632272,-0.001191063,-0.001576505,-0.001676439,-0.001449634,-0.000953058,-0.000317106,0.000311269,0.000817524,0.001134795,0.001232107,0.001103091,0.000773753,0.000319997,-0.000133266,-0.000449622,-0.000542709,-0.000422924,-0.000194977,-3.11E-06,4.36E-05,-7.81E-05,-0.000304002,-0.000521386,-0.000621156,-0.000536364,-0.000259973,0.000152885,0.000593922,0.000926071,0.001027565,0.000845882,0.00043374,-6.19E-05,-0.000463553,-0.000649688,-0.000612744,-0.000450807,-0.000296256,-0.000227476,-0.000222105,-0.000183147,-2.01E-05,0.000269532,0.000575303,0.000725945,0.000591927,0.000178198,-0.000350622,-0.000735947,-0.000755859,-0.000355598,0.000295777,0.000866419,0.001024809,0.000627974,-0.000171046,-0.000973399,-0.001336994,-0.001030893,-0.000192244,0.00072409,0.001196449,0.000950926,0.000145545,-0.000706238,-0.001045159,-0.000625264,0.000308871
-0.009145126,-0.002856967,-0.000946037,0.00032949,0.00132187,0.001971611,0.002220732,0.00212777,0.001839871,0.001491781,0.001127427,0.000707129,0.000186193,-0.000407813,-0.000965363,-0.00135789,-0.001517126,-0.001465025,-0.001274858,-0.001003467,-0.000655919,-0.000210563,0.000322628,0.000866403,0.001297712,0.001510388,0.001468735,0.001211919,0.000812899,0.000332462,-0.000191862,-0.00071898,-0.001173195,-0.001447722,-0.001450205,-0.001158821,-0.000645755,-4.90E-05,0.000487115,0.00086199,0.001032805,0.00099855,0.000782033,0.000430046,2.48E-05,-0.000319215,-0.000490686,-0.000436518,-0.000200219,8.89E-05,0.000276513,0.000260197,3.76E-05,-0.000298578,-0.00060832,-0.000764687,-0.000696476,-0.000404642,4.15E-05,0.000520918,0.000890115,0.001027579,0.000883308,0.000509133,4.45E-05,-0.000345332,-0.000549749,-0.000562971,-0.000471385,-0.000384024,-0.000352789,-0.000337665,-0.000242689,7.36E-07,0.000360436,0.000694047,0.000817466,0.00061519,0.000127185,-0.000443833,-0.000819004,-0.000785908,-0.000324139,0.000358162,0.000909425,0.001011069,0.00055907,-0.000252431,-0.00100835,-0.001288236,-0.000910132,-5.83E-05,0.000797439,0.001165307,0.000830489,4.41E-06,-0.000785752,-0.001017653,-0.000512242,0.00043017
-0.008133223,-0.002548139,-0.000842231,0.000314082,0.001222431,0.001813044,0.002024794,0.001913899,0.001624986,0.001290686,0.000953644,0.000573224,0.000102949,-0.000433047,-0.000930182,-0.001265342,-0.00137524,-0.001286023,-0.001074681,-0.000801531,-0.000474367,-7.23E-05,0.000397151,0.000862746,0.00121039,0.001344473,0.001240165,0.000946769,0.000545541,0.000102145,-0.000346433,-0.000766645,-0.001097469,-0.001252036,-0.001159561,-0.000817182,-0.000309525,0.00022237,0.000642064,0.000867673,0.000883582,0.000719642,0.000426308,6.76E-05,-0.000272618,-0.000494921,-0.000515959,-0.000316409,2.94E-05,0.000371596,0.000550326,0.00047267,0.000157285,-0.000277241,-0.000668507,-0.000876534,-0.000828978,-0.000534837,-7.44E-05,0.000423937,0.000816066,0.000984789,0.000883575,0.000561007,0.00014453,-0.000217791,-0.000429349,-0.000487086,-0.000464687,-0.000446304,-0.000456596,-0.000438284,-0.00029712,1.41E-05,0.000431148,0.000784224,0.000880569,0.000620094,7.47E-05,-0.000521686,-0.000877845,-0.000795594,-0.00028755,0.000406505,0.000925463,0.000971342,0.000479761,-0.000321242,-0.001012002,-0.001203612,-0.000765623,7.70E-05,0.000851934,0.001107666,0.000691691,-0.000137608,-0.000851383,-0.000974353,-0.000396079,0.000535451
-0.006898857,-0.002176546,-0.000723609,0.000285617,0.001091264,0.00161113,0.001780202,0.001651662,0.001366654,0.001054597,0.000755805,0.000427694,2.10E-05,-0.000444899,-0.000871505,-0.00114233,-0.001199793,-0.001074445,-0.00084671,-0.000579753,-0.000283217,6.41E-05,0.000458586,0.000836422,0.001093956,0.001147213,0.000982655,0.000659387,0.000265943,-0.000128671,-0.000489827,-0.000793405,-0.000994747,-0.00102807,-0.000844478,-0.000459325,3.21E-05,0.000487968,0.000782277,0.00085368,0.000714616,0.000425425,6.27E-05,-0.000294456,-0.000563019,-0.000660473,-0.000532292,-0.000192267,0.000256347,0.000645986,0.000813503,0.000676843,0.000275282,-0.000248907,-0.000713772,-0.000969208,-0.000943449,-0.000653488,-0.000188761,0.000317809,0.000724654,0.000921,0.000864362,0.00059905,0.000238434,-8.87E-05,-0.000301278,-0.000399493,-0.000444135,-0.000494215,-0.00054727,-0.000529234,-0.000347829,2.35E-05,0.000490299,0.00085819,0.000927975,0.0006154,2.22E-05,-0.000590462,-0.000923241,-0.000794389,-0.000248408,0.000447475,0.000927898,0.000919071,0.000396097,-0.000383131,-0.001000279,-0.001102525,-0.000611516,0.000211019,0.000895984,0.001037373,0.00054558,-0.000277935,-0.000908764,-0.000923209,-0.000279424,0.000631611
-0.00536495,-0.001720713,-0.00058548,0.000239002,0.000916759,0.001350293,0.001469725,0.00132421,0.001050058,0.000771961,0.000526437,0.000267581,-5.82E-05,-0.000437596,-0.000780242,-0.000977689,-0.000979032,-0.000819442,-0.000582323,-0.00033275,-8.10E-05,0.000196223,0.00050067,0.000778307,0.00093777,0.000908094,0.000687485,0.000344237,-2.74E-05,-0.000357239,-0.000615574,-0.000790242,-0.000855126,-0.000766924,-0.000498804,-8.31E-05,0.000376889,0.000742025,0.00089985,0.000812003,0.000519813,0.000113217,-0.000307407,-0.000651379,-0.000839744,-0.000809453,-0.000535618,-6.38E-05,0.000476843,0.000905126,0.001058177,0.000866476,0.000389085,-0.00021122,-0.000737415,-0.001033475,-0.001030691,-0.000753961,-0.000299278,0.0002002,0.000609717,0.000827996,0.000817451,0.000616758,0.000322454,4.12E-05,-0.000163663,-0.000296137,-0.000404086,-0.000521244,-0.000618442,-0.00060562,-0.000392779,2.71E-05,0.000532576,0.000908554,0.000952702,0.000597072,-2.99E-05,-0.000645873,-0.000949188,-0.000777602,-0.000205699,0.000477957,0.000911229,0.000849443,0.000306735,-0.000435033,-0.000967153,-0.000979072,-0.000445037,0.00034202,0.000924934,0.000949643,0.000390104,-0.000414892,-0.00095398,-0.000861107,-0.000162586,0.00071448
-0.003571308,-0.001193196,-0.000432675,0.000173695,0.000701377,0.001035326,0.001100039,0.000939652,0.000684193,0.000451988,0.000274256,0.000100431,-0.000128678,-0.000407635,-0.000655591,-0.000773612,-0.000718197,-0.000529024,-0.000291637,-7.17E-05,0.000121374,0.000314413,0.000516744,0.000685748,0.000743976,0.00063431,0.000366434,1.64E-05,-0.000317985,-0.000568196,-0.000711991,-0.000751387,-0.000680236,-0.000477988,-0.000138729,0.000290931,0.000703154,0.000965547,0.000982327,0.000739432,0.00030622,-0.000200728,-0.000661635,-0.000978869,-0.001081513,-0.000927878,-0.000521959,6.23E-05,0.000675604,0.001128722,0.001263609,0.001024756,0.000488888,-0.000165828,-0.00073373,-0.001058561,-0.001077811,-0.000824016,-0.000396355,7.70E-05,0.000473156,0.000704093,0.000738232,0.00060745,0.000388927,0.000164491,-2.18E-05,-0.000179045,-0.000342552,-0.000521842,-0.000662705,-0.000660719,-0.000428412,2.40E-05,0.000552903,0.000928283,0.000948745,0.000562612,-7.98E-05,-0.000682909,-0.000950049,-0.000741542,-0.000158941,0.000495833,0.000872738,0.00076125,0.000212844,-0.000474323,-0.000910715,-0.000834082,-0.000270239,0.000464318,0.000934223,0.00084357,0.000228607,-0.000542651,-0.000981896,-0.000786309,-4.78E-05,0.000779796
-0.001674896,-0.000637925,-0.000275094,9.96E-05,0.000468249,0.000697476,0.000705907,0.000532213,0.000299414,0.000118667,1.52E-05,-6.69E-05,-0.000192862,-0.000365846,-0.000515278,-0.00055231,-0.000441092,-0.000225617,6.98E-06,0.000191119,0.0003192,0.000422318,0.00051812,0.000576242,0.000533738,0.000347504,3.83E-05,-0.000310998,-0.000600546,-0.000764711,-0.000790066,-0.00069368,-0.000489717,-0.000180063,0.000221351,0.00065535,0.001011839,0.001167089,0.001043392,0.0006512,8.68E-05,-0.000508794,-0.000999224,-0.001282672,-0.001298254,-0.001026302,-0.000498717,0.000184761,0.000858004,0.001327429,0.001442225,0.00116149,0.000578097,-0.000117562,-0.000715007,-0.001061007,-0.001100983,-0.000874911,-0.000483271,-4.65E-05,0.000327333,0.000565177,0.000642177,0.000582934,0.000444182,0.000281831,0.000119708,-5.65E-05,-0.000270333,-0.000507968,-0.000691451,-0.000703128,-0.000458181,1.74E-05,0.000560938,0.000930811,0.000928888,0.00051957,-0.000127943,-0.000709209,-0.000936753,-0.000694865,-0.000110083,0.00050686,0.000822783,0.000663742,0.000117263,-0.000506582,-0.000842466,-0.000679247,-9.32E-05,0.000580097,0.000932274,0.000728404,6.56E-05,-0.000663586,-0.000999396,-0.000704674,6.52E-05,0.000835045
0.000334008,-5.33E-05,-0.000113951,1.37E-05,0.000213139,0.00033219,0.000283361,9.93E-05,-0.000105123,-0.000226947,-0.000247983,-0.000230036,-0.000245402,-0.000306435,-0.000353823,-0.000309514,-0.000145507,9.03E-05,0.000310248,0.000449948,0.000504724,0.000511156,0.000496234,0.000442782,0.000302953,4.76E-05,-0.00029247,-0.000629233,-0.000862982,-0.000933236,-0.000837085,-0.000607627,-0.000279367,0.000124428,0.000572156,0.000995169,0.001284602,0.00132844,0.001068756,0.000540219,-0.000136386,-0.000799723,-0.001301743,-0.001540917,-0.001469347,-0.001089942,-0.000460319,0.000298593,0.001009846,0.001481256,0.001573094,0.001259745,0.000647475,-6.64E-05,-0.000672943,-0.00102704,-0.001084784,-0.000893223,-0.000551169,-0.00016702,0.000170219,0.000405283,0.000521088,0.000534412,0.000480188,0.00038708,0.000257822,7.21E-05,-0.000182855,-0.000471714,-0.000695275,-0.000724693,-0.000477983,5.80E-06,0.000549638,0.000906237,0.000884219,0.000463552,-0.000172547,-0.000718111,-0.000901062,-0.000631695,-5.81E-05,0.000507355,0.000755666,0.000552835,2.00E-05,-0.000527822,-0.000757073,-0.00051148,8.46E-05,0.000683724,0.000912388,0.000600297,-9.74E-05,-0.000771861,-0.000999673,-0.000612598,0.000174489,0.000874188
0.002323466,0.000522901,4.09E-05,-7.80E-05,-4.71E-05,-3.67E-05,-0.000140101,-0.000330955,-0.000502995,-0.00056242,-0.000498454,-0.000379082,-0.000283605,-0.00023388,-0.000182107,-6.12E-05,0.000149321,0.000398423,0.000598805,0.000688586,0.000666831,0.000576205,0.000453411,0.000294582,6.67E-05,-0.000246351,-0.000605124,-0.000918682,-0.001089568,-0.001064219,-0.000851178,-0.000499461,-6.27E-05,0.000416677,0.000892498,0.001290188,0.00150547,0.001440381,0.001057288,0.000413329,-0.000350069,-0.001056479,-0.001551579,-0.001738481,-0.001584451,-0.001114351,-0.00040803,0.000398073,0.001122774,0.001581082,0.001647749,0.001312447,0.000691465,-1.67E-05,-0.000610651,-0.000958485,-0.00102925,-0.000876567,-0.000594891,-0.000276884,1.08E-05,0.000232978,0.000381219,0.000464409,0.000495314,0.000475159,0.000385539,0.000199713,-8.57E-05,-0.000416471,-0.000675515,-0.000725289,-0.000486859,-9.51E-06,0.000520915,0.000856979,0.00081746,0.000396999,-0.000212244,-0.000709793,-0.000844507,-0.000553901,-3.84E-06,0.000498609,0.000674697,0.000432476,-7.65E-05,-0.000538941,-0.000659202,-0.000337809,0.000256464,0.000771524,0.000875196,0.000463409,-0.000255265,-0.000863678,-0.000981813,-0.000511441,0.000278633,0.000897698
0.00426711,0.001084193,0.000189301,-0.000171557,-0.000306025,-0.000401688,-0.000557066,-0.000752249,-0.000890011,-0.000885938,-0.000736873,-0.000516953,-0.000312371,-0.000154449,-6.91E-06,0.000186455,0.000438765,0.000696479,0.000873418,0.000910752,0.000811788,0.000625513,0.000398386,0.00013972,-0.000169068,-0.000531743,-0.000901418,-0.001185527,-0.001290209,-0.001169789,-0.000844635,-0.000379333,0.000154394,0.000696661,0.001188811,0.001552637,0.001690482,0.001519691,0.001022941,0.000278407,-0.000554575,-0.00128797,-0.001764648,-0.001894995,-0.00166259,-0.001113564,-0.000347536,0.000487301,0.001209713,0.001645469,0.001685776,0.001335423,0.000718492,3.11E-05,-0.000536722,-0.000869179,-0.000949624,-0.000837905,-0.00062253,-0.000378334,-0.000147784,5.53E-05,0.000231482,0.000381941,0.000497269,0.000551424,0.000505074,0.000324898,1.60E-05,-0.000350469,-0.000641606,-0.000712932,-0.000488732,-2.67E-05,0.000481956,0.000793118,0.000737767,0.000324573,-0.000248537,-0.000690856,-0.000775435,-0.000467556,5.16E-05,0.000484414,0.000585947,0.000307252,-0.000171914,-0.000543971,-0.000554733,-0.000162233,0.000422944,0.000848556,0.000827406,0.000322119,-0.000408539,-0.000944286,-0.000952433,-0.000404987,0.000379147,0.000911572
0.006044521,0.001594927,0.0003204,-0.000264074,-0.000551481,-0.000744013,-0.00094456,-0.001139483,-0.00124094,-0.001174224,-0.000943743,-0.000629343,-0.000323511,-6.65E-05,0.000166783,0.000422169,0.000706216,0.000963941,0.001111567,0.001094366,0.000920459,0.000645203,0.00032442,-2.02E-05,-0.000393912,-0.000789981,-0.001156307,-0.001401206,-0.001436633,-0.001226161,-0.000802066,-0.000243196,0.000363236,0.000943456,0.001430506,0.001746697,0.001804346,0.00153776,0.000949179,0.000134429,-0.000734798,-0.001465484,-0.001903912,-0.001972103,-0.001671386,-0.001067223,-0.000273994,0.000555406,0.001247171,0.00164389,0.001656271,0.001303487,0.000713214,7.29E-05,-0.000445145,-0.00074602,-0.000829379,-0.000760598,-0.0006197,-0.000460592,-0.000298963,-0.000125797,6.94E-05,0.000280266,0.000476005,0.000604366,0.000606056,0.000441149,0.000121425,-0.000268603,-0.000584612,-0.000678447,-0.000477976,-4.59E-05,0.000426874,0.000705982,0.000637819,0.000243767,-0.000278044,-0.000653824,-0.000685939,-0.000367857,0.000108449,0.00046159,0.00048592,0.000176239,-0.000263763,-0.000539027,-0.000441878,1.21E-05,0.000575788,0.000904614,0.000761751,0.000175973,-0.000550406,-0.001003029,-0.000902551,-0.000290294,0.000472339,0.000909034
0.007586014,0.002036213,0.000430748,-0.00034995,-0.000771911,-0.001048727,-0.001286449,-0.001477318,-0.001542824,-0.001417822,-0.001113788,-0.000715419,-0.000320472,2.28E-05,0.000329212,0.000634936,0.000940931,0.001191816,0.001307202,0.001237093,0.000994519,0.000640736,0.000239998,-0.000174838,-0.000597445,-0.001012287,-0.001364192,-0.001564355,-0.001532035,-0.00124058,-0.000733492,-0.000101986,0.000554109,0.001150617,0.001615902,0.001876009,0.001855396,0.001505841,0.00084758,-9.51E-06,-0.000886474,-0.00159082,-0.001976979,-0.001981454,-0.001623612,-0.000985855,-0.000192746,0.000603889,0.001243314,0.001589103,0.001573156,0.001227893,0.000681121,0.000107064,-0.000344263,-0.000601548,-0.000681803,-0.000655245,-0.000591865,-0.000523107,-0.000436915,-0.000301025,-9.49E-05,0.000168341,0.000437778,0.000636801,0.000687741,0.000544441,0.000223887,-0.000179193,-0.00051293,-0.00062835,-0.000457331,-6.52E-05,0.000362306,0.00060468,0.000526065,0.00015932,-0.000301344,-0.000603954,-0.000583256,-0.000260483,0.000165188,0.000433323,0.000380449,4.45E-05,-0.000350681,-0.00052732,-0.000326734,0.000179471,0.00071286,0.000942106,0.00068357,3.00E-05,-0.000679171,-0.001042311,-0.00083681,-0.000170874,0.000558545,0.000894532
0.00894635,0.002424393,0.000525527,-0.000430242,-0.000972581,-0.001324064,-0.001592979,-0.001777133,-0.001807257,-0.001627601,-0.001256298,-0.000782205,-0.000307551,0.000112176,0.000482149,0.000829536,0.001150381,0.001389662,0.001471053,0.001349709,0.001043568,0.00061937,0.000149059,-0.000324363,-0.000784091,-0.001207258,-0.00153708,-0.001689028,-0.001590649,-0.001225347,-0.000647254,4.15E-05,0.000730621,0.001328042,0.001760027,0.001958576,0.001861719,0.001438925,0.000727183,-0.000152247,-0.001016772,-0.001678329,-0.00200275,-0.001942904,-0.00153625,-0.000880325,-0.00010659,0.000638236,0.001210372,0.001497169,0.001452768,0.001121952,0.000630223,0.000135376,-0.000237664,-0.000443174,-0.000516056,-0.000530864,-0.000546547,-0.000571173,-0.000564453,-0.000470766,-0.000259444,5.01E-05,0.00038801,0.000654631,0.000755211,0.00063771,0.000323295,-8.54E-05,-0.000431594,-0.000567668,-0.000429795,-8.41E-05,0.000291655,0.000494185,0.000406762,7.28E-05,-0.000320162,-0.000545356,-0.000471859,-0.000148253,0.000221625,0.00040144,0.000271724,-8.70E-05,-0.00043377,-0.000511022,-0.000210664,0.000341075,0.000838081,0.000966276,0.000596887,-0.000115286,-0.000798078,-0.001067606,-0.000760038,-4.85E-05,0.000639609,0.000871767
0.009868849,0.002685521,0.000584817,-0.00049422,-0.001122358,-0.001525507,-0.001812067,-0.001984523,-0.001982349,-0.001758515,-0.001336559,-0.000807705,-0.000276611,0.000195961,0.000607257,0.000977039,0.001298005,0.001517032,0.001563083,0.001397003,0.001041259,0.000566776,5.12E-05,-0.000454872,-0.000926878,-0.001337645,-0.001631763,-0.001731519,-0.001574255,-0.001153372,-0.000531755,0.000181103,0.000869142,0.001437667,0.001815818,0.001945482,0.001780348,0.001307142,0.000576345,-0.000285188,-0.001098554,-0.001687444,-0.001934796,-0.001812601,-0.001375603,-0.0007323,-1.45E-05,0.000643848,0.001122502,0.001337034,0.001264938,0.000961152,0.000544267,0.000150256,-0.000125556,-0.000265534,-0.000322791,-0.000375097,-0.000468979,-0.000588456,-0.000665323,-0.000621381,-0.00041607,-7.39E-05,0.000318993,0.000643807,0.000791854,0.000706335,0.000410735,1.12E-05,-0.000336396,-0.000489566,-0.000389684,-0.000100715,0.000213294,0.000371281,0.000278044,-1.42E-05,-0.00032979,-0.000472231,-0.000347623,-3.03E-05,0.000275993,0.000364089,0.000160523,-0.000214212,-0.00050734,-0.000487129,-9.72E-05,0.000485921,0.000936189,0.000963701,0.000496145,-0.000254899,-0.000894352,-0.001064664,-0.000663274,7.73E-05,0.000709535,0.000834407
0.010465556,0.002852994,0.00061914,-0.000544199,-0.001232236,-0.001670138,-0.001964861,-0.002122829,-0.002091751,-0.001832619,-0.001373306,-0.000805968,-0.000236084,0.000271849,0.000708517,0.001087473,0.001399177,0.001593361,0.00160493,0.001400538,0.001006639,0.000497174,-4.62E-05,-0.000566999,-0.001035109,-0.001420983,-0.001672411,-0.00171986,-0.001511029,-0.001048801,-0.000403143,0.000311744,0.000977287,0.001499478,0.001813249,0.001872377,0.001646884,0.001139814,0.000412551,-0.000406356,-0.001146198,-0.001646564,-0.001810339,-0.001629538,-0.001174963,-0.000563056,7.82E-05,0.000631439,0.001003603,0.001140107,0.001041681,0.000771694,0.000439193,0.000155742,-1.46E-05,-8.29E-05,-0.000119897,-0.000205724,-0.000374133,-0.000585607,-0.000745282,-0.000753719,-0.000561024,-0.000195938,0.000241311,0.000615832,0.000807577,0.000756074,0.000486133,0.000104544,-0.000236824,-0.000403532,-0.000342667,-0.000114445,0.000133578,0.000245275,0.000147886,-9.88E-05,-0.00033347,-0.000392322,-0.000219036,8.79E-05,0.000327677,0.000324486,5.08E-05,-0.00033534,-0.000573277,-0.000459433,1.15E-05,0.000616344,0.001014645,0.000944237,0.000388881,-0.00038769,-0.000974033,-0.001043726,-0.000555657,0.000202995,0.000771431,0.000789042
0.010797545,0.002944406,0.000633233,-0.000582727,-0.001309613,-0.001768532,-0.002063735,-0.002204989,-0.002147807,-0.001860639,-0.001374813,-0.000782243,-0.000187924,0.000341169,0.000790271,0.001167707,0.001462587,0.001628275,0.001606132,0.001368712,0.000946004,0.000414008,-0.000142893,-0.00066402,-0.001115181,-0.001466133,-0.001669322,-0.001664485,-0.001410116,-0.000918139,-0.000264229,0.000434858,0.001060661,0.001522544,0.001763559,0.001750965,0.001471628,0.000944124,0.00023863,-0.000517768,-0.001166175,-0.001565393,-0.001640512,-0.001404244,-0.000942429,-0.000377008,0.000171042,0.000604516,0.00085989,0.00091386,0.000790256,0.000559464,0.000318884,0.000153629,9.51E-05,0.000103325,9.04E-05,-2.57E-05,-0.000265538,-0.000566518,-0.000808198,-0.000871024,-0.000696236,-0.000316163,0.000156824,0.000574085,0.000806369,0.000790426,0.000551608,0.000195153,-0.000133934,-0.000311248,-0.000290133,-0.000125812,5.29E-05,0.000116993,1.68E-05,-0.000181359,-0.000332342,-0.000307059,-8.71E-05,0.000206092,0.000377116,0.000283115,-5.75E-05,-0.000451434,-0.000632965,-0.000428704,0.000116046,0.000734949,0.001077125,0.000911148,0.000276472,-0.000514812,-0.001040207,-0.00100826,-0.000439377,0.000328448,0.000826775,0.000737258
0.010540922,0.002867932,0.000604341,-0.000593289,-0.001312054,-0.001761752,-0.002041147,-0.002161933,-0.002086297,-0.00178867,-0.001301695,-0.000714279,-0.00012789,0.000390928,0.000824513,0.001178149,0.001441477,0.001572973,0.001521279,0.001264678,0.000835354,0.000308947,-0.000230589,-0.000721849,-0.001130118,-0.001427719,-0.001574484,-0.001521154,-0.001237267,-0.0007422,-0.000113904,0.000533146,0.001086081,0.001462863,0.001618785,0.001536892,0.001220881,0.000702291,5.52E-05,-0.000601332,-0.001126997,-0.001405494,-0.00138728,-0.001105716,-0.000658519,-0.000167765,0.000258777,0.000549483,0.000673961,0.000641083,0.000496163,0.000313275,0.000174475,0.000135759,0.000195104,0.00028491,0.000301992,0.000164357,-0.000135768,-0.000515125,-0.000831527,-0.000948965,-0.000801466,-0.00042349,6.48E-05,0.000507014,0.000769713,0.000789333,0.000590537,0.00027274,-3.13E-05,-0.000211397,-0.000228334,-0.000130436,-2.41E-05,-8.41E-06,-0.000109106,-0.00025529,-0.00032142,-0.000215008,4.52E-05,0.000318708,0.000419509,0.000239808,-0.000158355,-0.000552176,-0.000677248,-0.000393041,0.000207853,0.000824156,0.001103845,0.000850932,0.000157621,-0.000625307,-0.001075647,-0.000943562,-0.000308903,0.000449311,0.000866784,0.000674025
0.009999784,0.002710945,0.000555675,-0.000589088,-0.001276979,-0.001703004,-0.001959112,-0.002058188,-0.001968472,-0.00166958,-0.001194335,-0.000627216,-6.46E-05,0.000428806,0.000833773,0.001153583,0.00137925,0.001474974,0.001396928,0.001128866,0.00070435,0.000197355,-0.000310228,-0.000757982,-0.00111232,-0.001349553,-0.00143796,-0.001339799,-0.001035429,-0.000550611,3.63E-05,0.000615409,0.001081997,0.001364768,0.001432729,0.001285222,0.000942198,0.000446514,-0.000126382,-0.000668247,-0.001060215,-0.001212746,-0.001102284,-0.000782024,-0.000359569,4.55E-05,0.00034101,0.000482733,0.000473953,0.000355113,0.000191531,5.92E-05,2.35E-05,0.000111015,0.000286997,0.000457721,0.000506536,0.00035221,-6.55E-07,-0.000450035,-0.000834699,-0.001004608,-0.000887733,-0.000519993,-2.69E-05,0.000430167,0.000716732,0.000770219,0.000614252,0.000340637,6.75E-05,-0.000110847,-0.000163424,-0.000131054,-9.67E-05,-0.000128574,-0.000228852,-0.000323019,-0.000306054,-0.000122126,0.000174255,0.000425557,0.000457163,0.000196363,-0.000253316,-0.000643092,-0.000712872,-0.000355557,0.000291617,0.00089723,0.001112598,0.000778732,3.81E-05,-0.000725395,-0.001095272,-0.00086576,-0.000174,0.000565526,0.000898352,0.000606155
0.009159744,0.002469372,0.000486239,-0.000569378,-0.001202489,-0.001589665,-0.001814623,-0.001890684,-0.001791487,-0.001500986,-0.001051003,-0.00052009,2.04E-06,0.000454198,0.000816788,0.001092237,0.001273829,0.001332123,0.001231083,0.000959671,0.000551968,7.89E-05,-0.000381397,-0.00077132,-0.00106013,-0.001229626,-0.001257644,-0.001118502,-0.000803142,-0.000342587,0.000186298,0.000680833,0.001046916,0.001226319,0.001203307,0.000994059,0.000634173,0.000176095,-0.000305954,-0.00071767,-0.000964432,-0.000985491,-0.000783925,-0.000431905,-4.48E-05,0.000262894,0.000417459,0.000403672,0.000259161,5.53E-05,-0.000124164,-0.00020311,-0.000134247,7.91E-05,0.000370327,0.000621308,0.000703624,0.000537727,0.00014007,-0.000370558,-0.000816694,-0.001036824,-0.000954074,-0.000605123,-0.000118506,0.000343051,0.000646602,0.000732172,0.000621983,0.000398351,0.000162406,-9.57E-06,-9.52E-05,-0.000127462,-0.000164546,-0.000243225,-0.000342142,-0.000384229,-0.000286017,-2.84E-05,0.000299813,0.000526343,0.000489838,0.000152775,-0.000342084,-0.000723679,-0.000739397,-0.000316162,0.000366929,0.000953355,0.001102475,0.000693942,-8.22E-05,-0.000814548,-0.001098282,-0.000774193,-3.44E-05,0.000676853,0.000921049,0.000533414
0.007836802,0.002092449,0.000385285,-0.000522145,-0.001061809,-0.001385983,-0.001567857,-0.001619879,-0.00151992,-0.001254759,-0.000853121,-0.000385034,6.93E-05,0.000454663,0.000753469,0.000968991,0.001098105,0.001118562,0.001002259,0.000742618,0.000372519,-4.27E-05,-0.000431584,-0.00074238,-0.000949855,-0.001043399,-0.001011703,-0.000841392,-0.000532954,-0.000120273,0.000324837,0.000710951,0.000958588,0.001025554,0.000912847,0.000653162,0.000295628,-0.000101317,-0.000469185,-0.00073214,-0.000823345,-0.000712479,-0.00042849,-5.95E-05,0.000275635,0.000472229,0.000478028,0.000308056,3.30E-05,-0.000248197,-0.000437173,-0.000461139,-0.00029232,3.72E-05,0.000432833,0.00075655,0.000872508,0.000704656,0.000279669,-0.000271672,-0.000762018,-0.001023982,-0.000978618,-0.000662288,-0.000202069,0.000243928,0.000549842,0.000661254,0.00059885,0.00043284,0.000243795,8.73E-05,-2.43E-05,-0.000115578,-0.000219476,-0.000341331,-0.000437645,-0.000430532,-0.00025873,6.20E-05,0.000412406,0.000610605,0.000511175,0.00011027,-0.000415987,-0.000781941,-0.000747838,-0.000274233,0.000424672,0.000977358,0.001059332,0.000590273,-0.000198814,-0.000880408,-0.001071282,-0.000661566,0.000107718,0.000774481,0.000926048,0.000453733
0.006327826,0.001664027,0.00027319,-0.000463113,-0.000894432,-0.00114649,-0.001281049,-0.001309145,-0.00121239,-0.000979739,-0.00063593,-0.000241373,0.000134353,0.000443234,0.000670407,0.000820704,0.00089504,0.000878583,0.000751096,0.000510026,0.000186228,-0.000161633,-0.000470147,-0.000694488,-0.000815942,-0.000832139,-0.000742894,-0.000546938,-0.000253589,0.000101612,0.000453468,0.000723451,0.000848093,0.000802055,0.000603147,0.000299876,-4.65E-05,-0.000373252,-0.000619598,-0.000729703,-0.000665372,-0.000426571,-6.69E-05,0.000311406,0.000588456,0.000670958,0.000529056,0.000207534,-0.000191587,-0.000543844,-0.000738865,-0.000708607,-0.000444986,-7.39E-06,0.000483844,0.000874074,0.001022307,0.000856876,0.000413674,-0.000167174,-0.00069182,-0.000989958,-0.000982072,-0.000703811,-0.000278786,0.000142287,0.00044314,0.000576363,0.00056125,0.000455062,0.000316597,0.000179713,4.64E-05,-9.98E-05,-0.000266818,-0.000429293,-0.00052259,-0.0004688,-0.000228684,0.000148567,0.000516215,0.000684905,0.000526264,6.87E-05,-0.00048159,-0.000828443,-0.000747243,-0.000231397,0.000473595,0.000986239,0.001001734,0.000479756,-0.000311518,-0.000934107,-0.001030642,-0.000541083,0.000248404,0.000863532,0.000922028,0.000371525
0.0045872,0.001171618,0.000147434,-0.000389139,-0.000693561,-0.000862193,-0.000944243,-0.000948663,-0.00086018,-0.000669101,-0.000395056,-8.74E-05,0.000196252,0.000416514,0.000562364,0.000640983,0.000657876,0.00060588,0.000472521,0.000258695,-7.83E-06,-0.000276504,-0.000493491,-0.000622437,-0.000652327,-0.000589816,-0.000446119,-0.000231762,3.61E-05,0.000321713,0.000568606,0.00071317,0.000709646,0.000550515,0.000270391,-6.74E-05,-0.000391259,-0.000636645,-0.000752674,-0.000705489,-0.000486492,-0.000125598,0.000300542,0.000678401,0.000889694,0.000854906,0.000567482,0.000101213,-0.000412776,-0.000827774,-0.0010243,-0.000941047,-0.000589758,-5.53E-05,0.00051981,0.000968105,0.001146609,0.000989192,0.000539626,-5.61E-05,-0.000602001,-0.000928755,-0.000958216,-0.000724834,-0.000346186,3.80E-05,0.000324126,0.000473795,0.000505093,0.000461306,0.000377992,0.000266119,0.000116634,-7.90E-05,-0.000304164,-0.000503828,-0.000593608,-0.000496579,-0.000195211,0.000230056,0.000608288,0.000746041,0.000533175,2.86E-05,-0.000536315,-0.000859634,-0.000734959,-0.00018745,0.0005111,0.00097571,0.000925772,0.000360802,-0.000418848,-0.000971993,-0.000972579,-0.000410874,0.000386719,0.000941206,0.000906314,0.000286206
0.002640391,0.000624065,1.23E-05,-0.000298567,-0.000459608,-0.000535294,-0.00056121,-0.000543548,-0.00046948,-0.00032979,-0.000137765,6.97E-05,0.000248803,0.000369883,0.000426881,0.000429988,0.000389611,0.000306249,0.000174764,-1.41E-06,-0.000198959,-0.000377168,-0.000493482,-0.000521455,-0.000458681,-0.000321114,-0.000130968,9.05E-05,0.000319944,0.00052381,0.00065645,0.000671287,0.000541469,0.000277268,-7.13E-05,-0.000428505,-0.00071567,-0.000869583,-0.000851893,-0.000651937,-0.000290191,0.000175907,0.000650659,0.001013806,0.001152859,0.001004358,0.0005847,-6.46E-06,-0.000614109,-0.001075216,-0.001266128,-0.001134724,-0.000711673,-0.000103104,0.000532548,0.001021813,0.00122468,0.001082193,0.000643727,5.58E-05,-0.00049043,-0.000832133,-0.000895624,-0.000713742,-0.000394809,-6.31E-05,0.000194671,0.000351522,0.000425068,0.00044406,0.000419846,0.000339736,0.000183068,-5.17E-05,-0.000325349,-0.00055574,-0.00064158,-0.000508272,-0.000158584,0.000300179,0.000678847,0.000784745,0.000527031,-8.89E-06,-0.000573673,-0.0008675,-0.000705679,-0.000142404,0.000532295,0.000939289,0.000827645,0.000235058,-0.000514155,-0.000985947,-0.000892159,-0.000272226,0.000515623,0.000998521,0.000872964,0.000198063
0.000641011,6.36E-05,-0.000123464,-0.000201726,-0.000215214,-0.00019587,-0.00016534,-0.000126837,-6.98E-05,1.50E-05,0.000120847,0.000224021,0.000294954,0.000314286,0.000281188,0.000208976,0.00011294,1.08E-06,-0.000124697,-0.000258891,-0.000383287,-0.000467679,-0.000481442,-0.000408472,-0.000255109,-4.64E-05,0.000184895,0.000407616,0.000593164,0.000711152,0.00072783,0.000614258,0.000362607,4.00E-07,-0.000408062,-0.0007765,-0.001020748,-0.001080518,-0.000930937,-0.000584591,-9.01E-05,0.000469644,0.000982325,0.001323645,0.00138894,0.001131597,0.000590157,-0.000112189,-0.000799888,-0.001297062,-0.001478566,-0.001302562,-0.000817785,-0.000149008,0.000533182,0.001053014,0.001276135,0.001151576,0.000733051,0.000164631,-0.000370514,-0.000719326,-0.000814036,-0.000685765,-0.000432141,-0.000160016,6.28E-05,0.000221678,0.000334355,0.000415062,0.000450888,0.000405467,0.000246377,-2.16E-05,-0.000337885,-0.000595165,-0.000676913,-0.000511526,-0.000121027,0.000363101,0.000736837,0.000810817,0.000513791,-4.47E-05,-0.000601616,-0.00086307,-0.000667699,-9.69E-05,0.000545328,0.000890562,0.000719921,0.000107913,-0.00060173,-0.000987313,-0.000801436,-0.000131435,0.00063741,0.001043901,0.000830266,0.000109057
-0.001401468,-0.000506119,-0.000257629,-9.72E-05,4.02E-05,0.000155884,0.000242352,0.000299647,0.000336411,0.000361919,0.000376995,0.000371525,0.000330876,0.000246523,0.000123142,-2.28E-05,-0.000171211,-0.00030697,-0.000421603,-0.000508213,-0.00055453,-0.000541771,-0.000452008,-0.00027992,-4.06E-05,0.00023229,0.000496415,0.00071185,0.000846238,0.000873803,0.000773933,0.000536024,0.000171139,-0.000277064,-0.00073205,-0.001099473,-0.00129246,-0.001255769,-0.000979137,-0.000498114,0.000112471,0.000747212,0.001281481,0.00159082,0.00158128,0.001223993,0.000578097,-0.000213497,-0.000959911,-0.001477728,-0.001644264,-0.001429441,-0.00089858,-0.000190991,0.000516233,0.001050611,0.001287393,0.00118475,0.000798853,0.000267176,-0.000240287,-0.000584382,-0.000705576,-0.000633171,-0.000452159,-0.000249174,-7.08E-05,8.25E-05,0.000229177,0.000369288,0.000465839,0.000459002,0.000304455,1.23E-05,-0.000337716,-0.000616026,-0.000693507,-0.000502487,-8.26E-05,0.000414785,0.000775742,0.000817965,0.000490068,-7.80E-05,-0.000615659,-0.000840692,-0.000617173,-5.10E-05,0.000546703,0.000824675,0.000599447,-2.00E-05,-0.000677179,-0.000970322,-0.000696565,1.11E-05,0.000747513,0.001071136,0.000773897,1.92E-05
-0.003353472,-0.001046416,-0.000379687,9.39E-06,0.000290385,0.000496583,0.000634582,0.000707541,0.000722102,0.000687769,0.000612777,0.000500869,0.000352397,0.000169587,-3.77E-05,-0.000250239,-0.000443958,-0.000597136,-0.000695471,-0.000731373,-0.000699168,-0.000591984,-0.000404759,-0.000142662,0.000171316,0.000496174,0.000781665,0.000980909,0.001059451,0.00099743,0.000788042,0.000438758,-2.18E-05,-0.000536374,-0.001019392,-0.001372021,-0.001507789,-0.001378464,-0.000988636,-0.000395067,0.000304795,0.000988168,0.001523436,0.001790767,0.001709732,0.00126918,0.000545706,-0.000303778,-0.001080087,-0.00159885,-0.001744293,-0.001499231,-0.000943072,-0.000224201,0.000480724,0.001009055,0.001250019,0.001172056,0.0008316,0.000354953,-0.000106391,-0.000431597,-0.00057173,-0.000554393,-0.000450418,-0.000324098,-0.000198967,-5.99E-05,0.000113199,0.000307194,0.000462369,0.000496644,0.000354097,4.87E-05,-0.000323646,-0.0006155,-0.00068857,-0.000480109,-4.48E-05,0.000451334,0.000790827,0.000802426,0.000454321,-0.000107996,-0.000613737,-0.00079848,-0.000553388,-4.83E-06,0.000536213,0.00074299,0.000469839,-0.000143442,-0.000735831,-0.000933023,-0.000579559,0.000149977,0.000839388,0.00107524,0.000702149,-7.02E-05
-0.005211194,-0.001557813,-0.000491805,0.000115032,0.000531928,0.000823185,0.001009068,0.001095727,0.001087672,0.00099451,0.000831767,0.000616917,0.000365121,8.91E-05,-0.000196429,-0.000470074,-0.000704086,-0.000870725,-0.000950265,-0.000934781,-0.000825447,-0.000627407,-0.000348335,-3.47E-06,0.000377006,0.000745752,0.001045689,0.001224093,0.00124534,0.001096094,0.000783487,0.0003326,-0.00021157,-0.000779737,-0.001279564,-0.001609823,-0.001686194,-0.001468376,-0.000975619,-0.000284488,0.000487437,0.001203185,0.001727442,0.00194769,0.001798428,0.001285882,0.000501938,-0.00038609,-0.001174929,-0.001683071,-0.001804099,-0.00153417,-0.000965147,-0.000251218,0.000435402,0.000945565,0.001184862,0.001132568,0.000844138,0.000432231,2.70E-05,-0.000271269,-0.000425532,-0.000461784,-0.000436068,-0.000389468,-0.000321705,-0.000201638,-6.89E-06,0.000237006,0.000448693,0.00052483,0.000398229,8.60E-05,-0.000302075,-0.000603022,-0.000671586,-0.000450488,-7.89E-06,0.00047872,0.000791967,0.000773864,0.000411842,-0.000135984,-0.00060281,-0.000745336,-0.000482499,4.13E-05,0.000519471,0.000653573,0.000336766,-0.00026281,-0.000784106,-0.000884489,-0.00045697,0.00028504,0.000919461,0.001065552,0.000621821,-0.000158749
-0.006855775,-0.002005275,-0.000583585,0.000216003,0.000751529,0.001115877,0.001342158,0.001439098,0.001408718,0.001260333,0.00101632,0.000707382,0.000362901,5.36E-06,-0.00034654,-0.000670162,-0.000935104,-0.001108481,-0.001165864,-0.001099506,-0.000917672,-0.000637419,-0.000278627,0.00013442,0.000565864,0.000963897,0.001266622,0.001417356,0.001380765,0.001150811,0.00074841,0.000215035,-0.000390235,-0.000989412,-0.001487069,-0.001783231,-0.001798481,-0.00150165,-0.000925862,-0.000164624,0.000648945,0.001369273,0.001862879,0.002028849,0.00181858,0.001254658,0.000440248,-0.000453188,-0.001225372,-0.001703866,-0.001795397,-0.001509916,-0.000948801,-0.000266579,0.000375466,0.000847489,0.001075109,0.001049212,0.000822312,0.000489659,0.000155909,-0.00010268,-0.000262623,-0.00034861,-0.000401215,-0.000437436,-0.000432517,-0.000338748,-0.000130614,0.000155603,0.000419086,0.000537284,0.000432512,0.000123614,-0.000269107,-0.000571743,-0.000635622,-0.000409784,2.68E-05,0.000490649,0.00077023,0.000724302,0.000358752,-0.000160582,-0.000577597,-0.000675221,-0.000400896,8.70E-05,0.000493449,0.00055362,0.000200673,-0.000373272,-0.00081458,-0.000818451,-0.000327386,0.000411449,0.000978571,0.001032895,0.000528022,-0.000245283
-0.008199502,-0.002364476,-0.000649733,0.000306756,0.000936586,0.001357734,0.00161494,0.00171883,0.001668322,0.001471716,0.001157371,0.000768215,0.000346725,-7.61E-05,-0.000478771,-0.000838776,-0.001124222,-0.001298061,-0.00133184,-0.001218277,-0.000972589,-0.000623133,-0.000200905,0.00026234,0.000727021,0.001139044,0.001433839,0.001552547,0.001461259,0.001161451,0.000686992,9.38E-05,-0.0005479,-0.001155032,-0.001632895,-0.001886117,-0.001842363,-0.001480032,-0.000844508,-4.27E-05,0.000781782,0.001480279,0.001926243,0.002033867,0.001772515,0.001179354,0.000364423,-0.000502805,-0.001231546,-0.001663739,-0.001722116,-0.001430214,-0.000895866,-0.000268961,0.000305648,0.000722028,0.000928513,0.00092797,0.000768363,0.000524799,0.000273598,6.50E-05,-9.23E-05,-0.000221925,-0.000349048,-0.000466904,-0.000526776,-0.000464627,-0.000251126,6.86E-05,0.000377163,0.000535413,0.000456374,0.000159447,-0.000227982,-0.000525476,-0.000584381,-0.000360763,5.82E-05,0.000488081,0.000728222,0.000656854,0.00029717,-0.000181839,-0.000540494,-0.000591818,-0.000311632,0.000131904,0.000460824,0.000448248,6.70E-05,-0.000471527,-0.000827533,-0.000738465,-0.000195724,0.000525407,0.001015703,0.000978959,0.000423425,-0.000328406
-0.009330172,-0.002661482,-0.000698198,0.000389721,0.001096636,0.001563143,0.001844729,0.001953439,0.001884632,0.001645054,0.001268395,0.000809052,0.000321756,-0.000154804,-0.000597477,-0.00098456,-0.001283551,-0.001453897,-0.001463547,-0.001305825,-0.001002723,-0.000593398,-0.000119129,0.000381976,0.000867976,0.001283965,0.001564105,0.001648499,0.001505322,0.001143596,0.000609448,-2.82E-05,-0.000689894,-0.001289994,-0.001736965,-0.001942144,-0.001841568,-0.001423321,-0.00074383,7.91E-05,0.000894493,0.00155439,0.001942295,0.001989611,0.001684166,0.001076397,0.000280288,-0.000540627,-0.001209131,-0.001584779,-0.001607956,-0.001315513,-0.00081972,-0.000262714,0.00023043,0.000580411,0.000759794,0.000783575,0.000694193,0.00054506,0.000382638,0.000230002,8.07E-05,-8.81E-05,-0.000286416,-0.000484187,-0.000609313,-0.000581775,-0.000368046,-2.07E-05,0.000328028,0.000524522,0.000473309,0.000193627,-0.000182272,-0.000470284,-0.000523982,-0.000306902,8.73E-05,0.000476301,0.000673591,0.000578445,0.000230538,-0.000200897,-0.000496127,-0.000500533,-0.000218051,0.000176021,0.000424395,0.000340366,-6.40E-05,-0.000561122,-0.000829096,-0.000650111,-6.37E-05,0.000630431,0.001038273,0.000911507,0.000312388,-0.000408942
-0.010019321,-0.00283049,-0.000711399,0.000454924,0.001203261,0.001691687,0.00198459,0.002094376,0.002011858,0.001741043,0.00131949,0.000811353,0.000281754,-0.000224903,-0.00068562,-0.001081432,-0.0013808,-0.001540897,-0.001526804,-0.001332548,-0.000986313,-0.000536806,-3.37E-05,0.000480839,0.000965337,0.001366888,0.001620991,0.001668678,0.001481162,0.001074682,0.000505916,-0.00014615,-0.000797064,-0.001363009,-0.001760154,-0.001910128,-0.001759258,-0.001305002,-0.000612096,0.00019555,0.000966011,0.00155824,0.001871263,0.00185691,0.001521753,0.000926624,0.000183937,-0.000555717,-0.001135585,-0.001438023,-0.001423374,-0.001140841,-0.000703422,-0.00024024,0.000148718,0.000414829,0.000556903,0.000602015,0.000585547,0.000537142,0.000471637,0.000383961,0.000252056,5.35E-05,-0.000207376,-0.000478909,-0.000667555,-0.000678538,-0.000473645,-0.000110423,0.000268391,0.000498249,0.000477223,0.000223241,-0.00013056,-0.000401558,-0.00044949,-0.000246095,0.00011147,0.000448532,0.000597898,0.000482347,0.000156288,-0.000215878,-0.000440109,-0.000397418,-0.00011879,0.000218175,0.000382641,0.000231201,-0.000186581,-0.00063272,-0.000810048,-0.000548863,6.55E-05,0.00071659,0.00103361,0.000820621,0.000191577,-0.000483598
-0.010340862,-0.002893825,-0.000696614,0.000503723,0.001263815,0.001754922,0.002048753,0.00215716,0.002065548,0.001774122,0.001322976,0.000784466,0.000232417,-0.000284748,-0.000745806,-0.001136008,-0.001426027,-0.001571682,-0.001535627,-0.001312487,-0.000935934,-0.000462979,5.00E-05,0.000558849,0.001024705,0.001398842,0.001619957,0.001631262,0.001407398,0.000971171,0.000388109,-0.000255369,-0.000872911,-0.00138601,-0.001721581,-0.001813759,-0.001620025,-0.001146399,-0.00046343,0.000302739,0.001003676,0.001509669,0.001738537,0.001664106,0.001311157,0.000748366,8.25E-05,-0.00055344,-0.001027415,-0.001247376,-0.001194417,-0.000928875,-0.0005618,-0.000206086,6.62E-05,0.000238796,0.000337341,0.000400516,0.000455829,0.000508545,0.000541818,0.000522844,0.000414369,0.000194303,-0.000120084,-0.000457471,-0.00070532,-0.000755715,-0.000565681,-0.000195667,0.000204293,0.000462167,0.000471307,0.00024773,-7.73E-05,-0.000326272,-0.000367828,-0.000182371,0.000131514,0.00041033,0.000509452,0.000376313,7.85E-05,-0.000227707,-0.000377443,-0.000288709,-1.81E-05,0.000258006,0.000338579,0.000124579,-0.000299172,-0.000688901,-0.000776299,-0.000440945,0.00018912,0.000786262,0.001008605,0.000714361,6.62E-05,-0.000552384
-0.010392221,-0.002879602,-0.000661427,0.000540271,0.001290321,0.001770002,0.002057181,0.002162486,0.002065268,0.00176114,0.001291744,0.000736471,0.000176597,-0.000336694,-0.000785146,-0.00115931,-0.001432981,-0.001561278,-0.001504746,-0.001258497,-0.000861155,-0.000377088,0.000131825,0.000621109,0.001055948,0.001393412,0.001576725,0.001552165,0.00129803,0.00084317,0.000260683,-0.000357497,-0.000925455,-0.00137243,-0.001638268,-0.001671147,-0.001440251,-0.0009595,-0.000303389,0.000402504,0.001016494,0.001423276,0.001561745,0.001428737,0.001066762,0.000550439,-2.20E-05,-0.000538557,-0.000894728,-0.001025968,-0.000934564,-0.000691038,-0.000402569,-0.000163596,-1.64E-05,5.62E-05,0.000106967,0.000185722,0.000311575,0.000465102,0.000597904,0.00064991,0.000569084,0.000333518,-2.74E-05,-0.000424456,-0.000727963,-0.000818129,-0.000647211,-0.000277078,0.000137409,0.000419188,0.000458238,0.000268269,-2.33E-05,-0.000246697,-0.000281402,-0.000116821,0.000148508,0.000364778,0.00041217,0.000263532,-1.44E-06,-0.000237213,-0.000310216,-0.000176376,8.33E-05,0.000295996,0.000293018,2.02E-05,-0.000404069,-0.000733637,-0.000731966,-0.00032857,0.000308125,0.000843652,0.000968846,0.00059725,-6.21E-05,-0.000616664
-0.009903452,-0.002711268,-0.00058689,0.000550659,0.001247134,0.001687482,0.001953361,0.002052791,0.001957747,0.001657607,0.001193456,0.000649254,0.000111082,-0.000369714,-0.000780249,-0.001118491,-0.001363086,-0.001469656,-0.001397107,-0.001140632,-0.000742498,-0.000272334,0.000205213,0.00064824,0.001029223,0.0013139,0.001452367,0.001395342,0.001124838,0.000674314,0.000121585,-0.000439837,-0.000928975,-0.001287258,-0.001471167,-0.001445217,-0.001190634,-0.000727354,-0.000129854,0.000482272,0.00097994,0.001267376,0.001307889,0.001122196,0.000768773,0.000324182,-0.000127253,-0.000499856,-0.000721079,-0.000756004,-0.000627808,-0.000414799,-0.000216825,-0.000106588,-9.46E-05,-0.000129458,-0.000132552,-4.39E-05,0.000146484,0.000395008,0.000623513,0.00074698,0.000700289,0.000461672,7.03E-05,-0.000370902,-0.000719755,-0.000847856,-0.000703081,-0.000345852,6.92E-05,0.000365135,0.000431518,0.000279318,2.86E-05,-0.000163149,-0.000189841,-5.04E-05,0.00015932,0.000307281,0.000301877,0.00014206,-8.28E-05,-0.000242023,-0.000236683,-6.10E-05,0.000182348,0.000329159,0.00024619,-7.61E-05,-0.000490363,-0.000754493,-0.000668399,-0.00021117,0.000414244,0.000875061,0.00090129,0.000462341,-0.000192314,-0.000670263
-0.009117971,-0.002458946,-0.000491755,0.0005455,0.001164527,0.001550424,0.001787309,0.001879805,0.001791772,0.001505399,0.001059982,0.000542583,4.25E-05,-0.000390138,-0.000749253,-0.00104132,-0.001250734,-0.001334194,-0.001249124,-0.000990443,-0.000603178,-0.000160908,0.000270528,0.000653494,0.000969405,0.001194119,0.001285675,0.001199726,0.000921742,0.000488723,-1.86E-05,-0.000507293,-0.000903768,-0.001163756,-0.001261945,-0.001179899,-0.000910546,-0.000478394,4.45E-05,0.000547257,0.00091631,0.001077477,0.001019445,0.000786448,0.000451369,9.04E-05,-0.000228762,-0.000448856,-0.00053054,-0.000468597,-0.000306027,-0.000127213,-2.30E-05,-4.33E-05,-0.000166981,-0.000309647,-0.000367916,-0.00027292,-2.39E-05,0.000312545,0.00063063,0.000822723,0.000812257,0.00057774,0.000166518,-0.000307817,-0.000693847,-0.000856978,-0.000741236,-0.000404041,3.18E-06,0.000306648,0.00039746,0.00028385,7.69E-05,-8.05E-05,-9.84E-05,1.47E-05,0.000166641,0.000245027,0.0001876,1.92E-05,-0.000162704,-0.000243983,-0.000161494,5.29E-05,0.000277438,0.000358497,0.000199584,-0.000165505,-0.000563893,-0.000761054,-0.000595208,-9.36E-05,0.00051039,0.000890653,0.000819171,0.000320246,-0.000320579,-0.00071625
-0.008083269,-0.002136088,-0.000379337,0.000527269,0.001048799,0.00136755,0.001568978,0.00165366,0.001576703,0.001312317,0.000896972,0.000419597,-2.85E-05,-0.000399957,-0.000696316,-0.000933606,-0.001102717,-0.001161917,-0.001067274,-0.000813131,-0.000446537,-4.39E-05,0.000329025,0.000640345,0.000881778,0.001040517,0.001083448,0.000971567,0.000693582,0.000289137,-0.000159562,-0.000562203,-0.000854413,-0.00100807,-0.001017384,-0.000881565,-0.000604947,-0.000215398,0.000219343,0.000599783,0.000829939,0.000859067,0.00070203,0.000426273,0.000117766,-0.000149752,-0.000327095,-0.000387531,-0.000325875,-0.000166637,2.83E-05,0.000169796,0.000177569,2.51E-05,-0.000234557,-0.000485136,-0.000599687,-0.000501359,-0.000198693,0.000219717,0.000622193,0.000880498,0.000907995,0.000683588,0.000261412,-0.000236746,-0.000653061,-0.00084876,-0.000764466,-0.000453298,-6.10E-05,0.00024445,0.000357238,0.000282892,0.000122199,1.28E-06,-7.03E-06,7.87E-05,0.000171028,0.000178797,7.00E-05,-0.000104812,-0.000241296,-0.000243546,-8.49E-05,0.000165732,0.000369141,0.000384605,0.000153171,-0.000249159,-0.000626671,-0.000755591,-0.000513937,2.40E-05,0.000598127,0.000892939,0.00072482,0.000172141,-0.000447166,-0.000755821
-0.006604371,-0.001688819,-0.000238086,0.000483486,0.000871902,0.001101311,0.001256429,0.001332579,0.001274988,0.001048396,0.000684441,0.000271502,-9.97E-05,-0.0003867,-0.000600868,-0.000769318,-0.00089066,-0.000925455,-0.000828474,-0.000592691,-0.000265542,7.60E-05,0.000368856,0.000589451,0.000742146,0.00082736,0.000822031,0.000692744,0.000430513,7.55E-05,-0.00029175,-0.000586955,-0.000758402,-0.000796726,-0.000717122,-0.000536464,-0.000268959,5.71E-05,0.000382313,0.000622497,0.000702777,0.000597588,0.000347722,4.16E-05,-0.000225167,-0.000385261,-0.000411387,-0.000308936,-0.000106663,0.000143381,0.000363753,0.000464259,0.000377067,9.92E-05,-0.000287281,-0.000637996,-0.000806743,-0.000711221,-0.000368919,0.000112962,0.000582392,0.000896278,0.000961857,0.000759013,0.000345507,-0.000154609,-0.000583726,-0.000803817,-0.000753563,-0.000479425,-0.000116495,0.000178332,0.000305847,0.000269352,0.000157208,7.59E-05,7.88E-05,0.000137107,0.000169911,0.000108738,-4.76E-05,-0.000224277,-0.000312884,-0.00023791,-9.15E-06,0.000270546,0.000449007,0.000402029,0.000108412,-0.000317769,-0.000664779,-0.000725551,-0.000419396,0.0001368,0.000664681,0.000867535,0.000609222,1.82E-05,-0.000564291,-0.000779541
-0.004980455,-0.001201691,-8.86E-05,0.000430082,0.000673842,0.000806912,0.000912549,0.000980404,0.000945461,0.000762471,0.0004575,0.000117458,-0.000168487,-0.000363551,-0.000489618,-0.000585352,-0.000657413,-0.000668825,-0.000572981,-0.000361093,-8.03E-05,0.000192811,0.000398884,0.000523402,0.000584112,0.000595118,0.00054358,0.00040149,0.000161556,-0.000136564,-0.000415175,-0.000597344,-0.000644999,-0.000568072,-0.000402723,-0.000182913,6.84E-05,0.000323845,0.000533876,0.000630963,0.000561972,0.000326341,-1.03E-05,-0.000340045,-0.000559817,-0.000610025,-0.00048607,-0.000225176,0.000111274,0.000445712,0.000687363,0.000746521,0.000568469,0.000172728,-0.000331582,-0.000775109,-0.000994914,-0.00090463,-0.000530315,4.33E-06,0.000530118,0.000892326,0.000994262,0.000817219,0.000421113,-7.06E-05,-0.00050364,-0.000743228,-0.000726951,-0.000493784,-0.000166183,0.000112276,0.000250503,0.000249991,0.000186142,0.000144978,0.000159775,0.000191816,0.000166781,3.92E-05,-0.000161768,-0.000338408,-0.000379313,-0.000229874,6.46E-05,0.000369238,0.000521401,0.000414635,6.48E-05,-0.000378654,-0.000691338,-0.000685268,-0.000320907,0.00024513,0.000720412,0.000830342,0.000486686,-0.000134873,-0.000674247,-0.000795058
-0.003190288,-0.00066887,7.04E-05,0.000365651,0.000451522,0.000480238,0.00053275,0.000592584,0.000584047,0.000451318,0.000214034,-4.34E-05,-0.000234476,-0.000329067,-0.000360257,-0.000378831,-0.000399874,-0.000389071,-0.000298348,-0.000116698,0.000109903,0.000306188,0.000417685,0.000439988,0.000404986,0.000340995,0.000245597,9.60E-05,-0.000114163,-0.000346803,-0.000528566,-0.000591277,-0.000511663,-0.00031957,-7.21E-05,0.000180342,0.000407233,0.000583955,0.000672381,0.000623107,0.000405528,4.39E-05,-0.000372464,-0.000718344,-0.000884998,-0.000822493,-0.00054975,-0.000135493,0.000327765,0.000739256,0.000997378,0.001014821,0.000750607,0.000245739,-0.000366234,-0.000894191,-0.00116146,-0.001079204,-0.000681608,-0.000106458,0.000463549,0.000865766,0.001002087,0.000855702,0.000486999,1.56E-05,-0.00041123,-0.000664708,-0.000682338,-0.000494663,-0.000209212,4.63E-05,0.000190629,0.000223957,0.000208119,0.000207685,0.00023529,0.000242242,0.000161346,-2.97E-05,-0.000272098,-0.000446436,-0.000439836,-0.000219085,0.000135957,0.000460925,0.000585239,0.00042172,2.24E-05,-0.000430692,-0.000704665,-0.000633249,-0.000217888,0.000348336,0.000763749,0.000779641,0.000356194,-0.0002869,-0.000775995,-0.000801179
-0.001262802,-0.0001005,0.000234023,0.000288475,0.000205817,0.000124299,0.000121721,0.000175057,0.00019762,0.000122472,-3.81E-05,-0.000203575,-0.000291185,-0.000278547,-0.000210508,-0.000150259,-0.000121446,-9.24E-05,-1.32E-05,0.000130044,0.000293747,0.000405416,0.000416667,0.000334145,0.000204319,6.97E-05,-6.21E-05,-0.000209771,-0.000379892,-0.000537967,-0.000616839,-0.000558613,-0.000355505,-5.69E-05,0.000260562,0.000532321,0.00072294,0.000813129,0.000778429,0.000588561,0.000234894,-0.000235839,-0.000714364,-0.001062473,-0.00116972,-0.000997999,-0.000589574,-4.20E-05,0.000525956,0.000995904,0.001260673,0.001238571,0.000902452,0.000311428,-0.000382657,-0.000974123,-0.00127865,-0.001207927,-0.000803158,-0.000211318,0.000378499,0.000802765,0.00096673,0.000856592,0.000530511,9.90E-05,-0.000304085,-0.000560388,-0.000609409,-0.000472232,-0.000238369,-1.61E-05,0.000125839,0.000187357,0.000216558,0.000256069,0.000297811,0.000283515,0.00015326,-9.31E-05,-0.000369535,-0.000538159,-0.000486897,-0.000203718,0.00020028,0.000536437,0.000631109,0.000418027,-1.73E-05,-0.000467063,-0.000696361,-0.000564447,-0.000111854,0.000438767,0.000784923,0.000709064,0.000218666,-0.000429791,-0.000858482,-0.000789966
0.00066505,0.000466029,0.000394728,0.000208083,-4.29E-05,-0.000233964,-0.000290736,-0.000242774,-0.000187723,-0.000203688,-0.000286007,-0.00035819,-0.000341767,-0.000222162,-5.60E-05,8.14E-05,0.000157768,0.000202476,0.000267333,0.000369634,0.00046851,0.000494744,0.000406367,0.00022115,-4.28E-08,-0.000200893,-0.000364391,-0.000505465,-0.000631999,-0.000713699,-0.000690279,-0.000514427,-0.000193635,0.000203949,0.000583388,0.00086742,0.001017179,0.001019859,0.000865309,0.000542244,6.30E-05,-0.000505143,-0.001035373,-0.001378953,-0.001425606,-0.001149751,-0.000616237,5.08E-05,0.000709121,0.001226393,0.001492569,0.001433054,0.001034189,0.000370986,-0.000390005,-0.001032531,-0.001367872,-0.001309749,-0.000905729,-0.000309389,0.000287432,0.000723884,0.000910981,0.000838546,0.000561338,0.000178213,-0.000192749,-0.000446191,-0.000524488,-0.000439026,-0.000260193,-7.55E-05,5.99E-05,0.000146264,0.000218135,0.000296472,0.000352862,0.000319783,0.000144446,-0.000152081,-0.000458369,-0.000619818,-0.000526229,-0.000186221,0.000260052,0.000602614,0.000667121,0.000408663,-5.58E-05,-0.000495882,-0.000678312,-0.000489115,-6.37E-06,0.000521509,0.000795252,0.000630475,8.06E-05,-0.000565222,-0.000929611,-0.000769974
0.002576157,0.00102515,0.000550301,0.000124185,-0.000293308,-0.00059223,-0.000701517,-0.000657336,-0.000568188,-0.000523345,-0.000525966,-0.000504082,-0.000383782,-0.000158473,0.000103616,0.000315027,0.000435595,0.000492298,0.000539273,0.000597558,0.000629635,0.00057012,0.000383812,9.96E-05,-0.000207558,-0.000468208,-0.000656668,-0.000785149,-0.00086371,-0.000867306,-0.000743309,-0.000455281,-2.56E-05,0.000460109,0.000890304,0.001177109,0.001280211,0.001194816,0.000925813,0.000480581,-0.000109178,-0.000758222,-0.001325736,-0.001655792,-0.001640756,-0.001268403,-0.000624985,0.000141762,0.000870711,0.001419953,0.001680444,0.00158663,0.001137783,0.000421717,-0.000385226,-0.001061667,-0.00141886,-0.001374592,-0.000981881,-0.000397413,0.000189134,0.000624359,0.00082826,0.000795139,0.000574821,0.000251385,-7.66E-05,-0.000319544,-0.000424077,-0.000391636,-0.000272111,-0.000130535,-7.13E-06,9.94E-05,0.000210515,0.000326,0.000397678,0.000349253,0.000134812,-0.000204809,-0.000535154,-0.000687536,-0.000554977,-0.000165912,0.000313483,0.000655994,0.00068973,0.000391639,-9.25E-05,-0.000514675,-0.000647501,-0.000405518,9.79E-05,0.000593644,0.000791139,0.000541655,-5.74E-05,-0.000689952,-0.000985118,-0.000738209
0.004318117,0.001532329,0.000688138,4.26E-05,-0.000527102,-0.000923791,-0.001079396,-0.001036223,-0.000913048,-0.000809793,-0.000737173,-0.00062764,-0.000411674,-9.02E-05,0.000257908,0.000534028,0.000690766,0.000753477,0.000779033,0.000792658,0.000760619,0.000621604,0.000346977,-2.40E-05,-0.000403832,-0.000711331,-0.000913877,-0.001022512,-0.001050803,-0.000979939,-0.000765311,-0.000380769,0.000138228,0.000691166,0.001153503,0.001430111,0.001482007,0.001314016,0.000946095,0.000402496,-0.000269291,-0.000971133,-0.00155375,-0.001859016,-0.001785015,-0.001333081,-0.000607921,0.000224768,0.000992029,0.001549484,0.001794389,0.001672471,0.001194399,0.000455702,-0.000364949,-0.001048903,-0.001413496,-0.001383238,-0.001015191,-0.000464342,8.84E-05,0.000503186,0.000713337,0.00071881,0.000562866,0.000311276,3.90E-05,-0.000183298,-0.000308417,-0.000328003,-0.000270581,-0.000177463,-7.28E-05,4.68E-05,0.00019097,0.000339835,0.000427186,0.000368919,0.000125272,-0.000245994,-0.000591666,-0.000732944,-0.000567694,-0.00014221,0.000356429,0.000689871,0.000692802,0.000363891,-0.000126934,-0.000520804,-0.000602064,-0.00031492,0.000196107,0.000648947,0.000768368,0.000443371,-0.000189043,-0.000794246,-0.001016127,-0.000690539
0.005920851,0.001997858,0.000813026,-3.51E-05,-0.000745491,-0.00123205,-0.001429395,-0.001385608,-0.001229272,-0.001070501,-0.000927211,-0.000736021,-0.000431467,-2.14E-05,0.0004051,0.000739226,0.000926872,0.000992177,0.000994993,0.000964894,0.000872036,0.000659116,0.000303704,-0.000145366,-0.000588774,-0.000934999,-0.001145441,-0.00123087,-0.001209031,-0.001067714,-0.000770262,-0.000300164,0.000295303,0.000902681,0.001386433,0.00164618,0.001645729,0.001400173,0.000944203,0.000317557,-0.000418841,-0.001157018,-0.001742438,-0.002017471,-0.001887386,-0.001366867,-0.000577083,0.000301708,0.001088809,0.00164126,0.001865397,0.001719241,0.001223802,0.000479398,-0.000337071,-0.00101389,-0.001377664,-0.001360953,-0.001024082,-0.000517835,-1.11E-05,0.000373189,0.000583508,0.000626192,0.000537251,0.000362609,0.00015191,-4.48E-05,-0.000187053,-0.000257178,-0.000262194,-0.000219443,-0.000136676,-7.93E-06,0.000165556,0.000345294,0.000448291,0.000383279,0.000116153,-0.000280182,-0.000636318,-0.000765593,-0.000571503,-0.000116897,0.000393253,0.000712847,0.000685238,0.000330471,-0.000160101,-0.000520619,-0.00054992,-0.000222151,0.000289662,0.000694577,0.000736169,0.000341701,-0.000315022,-0.00088575,-0.001033158,-0.000634603
0.007277527,0.002390318,0.000915841,-0.000105339,-0.000935808,-0.001498455,-0.001729714,-0.001682779,-0.001495222,-0.001286511,-0.001081092,-0.000819181,-0.000438709,4.65E-05,0.000538365,0.000919155,0.001129071,0.001191695,0.001170232,0.001098804,0.000951498,0.000674784,0.000251718,-0.000260533,-0.000752647,-0.001124506,-0.001333291,-0.001390887,-0.001320183,-0.001115998,-0.000749331,-0.00021208,0.000438894,0.00108022,0.001568729,0.001801849,0.001748335,0.001434367,0.0009086,0.000223848,-0.0005494,-0.001298165,-0.001867638,-0.00210473,-0.001923978,-0.001352836,-0.000525642,0.000368179,0.001146542,0.001673799,0.001869493,0.001705315,0.001210851,0.000486661,-0.000298341,-0.000945687,-0.001295956,-0.001291682,-0.000995248,-0.000549544,-0.000106574,0.000232104,0.000433146,0.0005102,0.00049114,0.000400007,0.000258758,9.50E-05,-5.90E-05,-0.000176736,-0.000243804,-0.000253545,-0.000197038,-6.50E-05,0.000131749,0.000338227,0.000456653,0.000389649,0.000107952,-0.000303259,-0.000662424,-0.000778502,-0.000561719,-8.93E-05,0.000420517,0.000719138,0.000661608,0.000288607,-0.00019141,-0.000511337,-0.000488593,-0.000127343,0.000375092,0.000725211,0.000690277,0.000236254,-0.000430885,-0.000956671,-0.001028585,-0.00056647
0.008269364,0.002675892,0.000988123,-0.00016181,-0.001082136,-0.001700914,-0.001955207,-0.001902314,-0.001687557,-0.001438458,-0.001184809,-0.000869344,-0.000432179,0.000108355,0.000647186,0.001059217,0.001280415,0.001334647,0.001288821,0.001181622,0.000990792,0.000665872,0.0001941,-0.00036098,-0.000882439,-0.001264015,-0.001460782,-0.001487271,-0.001372345,-0.001117883,-0.000701619,-0.000121828,0.000558165,0.00120897,0.001683809,0.001881297,0.001777198,0.001409073,0.000837916,0.000126177,-0.000650987,-0.001381279,-0.001915102,-0.002108014,-0.001885481,-0.001286346,-0.00045383,0.000419814,0.001158113,0.001638879,0.001798806,0.001624153,0.001150749,0.00047438,-0.000250491,-0.000844908,-0.001167921,-0.001173697,-0.000925372,-0.000554433,-0.000191589,8.68E-05,0.000268231,0.000374424,0.000424701,0.000420058,0.000353453,0.000228886,6.93E-05,-9.06E-05,-0.000216358,-0.000278232,-0.000251109,-0.00012184,9.10E-05,0.000318704,0.000451625,0.000387677,0.00010142,-0.000313231,-0.000667361,-0.00076944,-0.000537372,-6.00E-05,0.000436763,0.000707295,0.00062123,0.000238437,-0.000220625,-0.000493694,-0.000420476,-3.43E-05,0.000448595,0.000738772,0.000631625,0.000130995,-0.000531026,-0.001001943,-0.000999767,-0.000486554
0.009024116,0.002892298,0.001041009,-0.000208844,-0.001199371,-0.0018614,-0.002131812,-0.002071344,-0.001832254,-0.001549245,-0.001256653,-0.000898985,-0.00041771,0.000165383,0.000739317,0.001172856,0.001398584,0.001441163,0.001371387,0.00123245,0.001005498,0.000642622,0.000134347,-0.000450689,-0.000989487,-0.001371168,-0.001549987,-0.001543998,-0.001388448,-0.001092167,-0.00063893,-3.20E-05,0.00066073,0.00130635,0.001756856,0.001914009,0.001761676,0.001348799,0.000747556,2.78E-05,-0.000733578,-0.001428418,-0.001915477,-0.00206124,-0.001802883,-0.001189635,-0.000370928,0.00046193,0.001142128,0.001564382,0.001684645,0.001504086,0.001063313,0.000450439,-0.000198147,-0.000726438,-0.001014341,-0.001028486,-0.000832,-0.000543086,-0.000268892,-5.86E-05,9.72E-05,0.000228977,0.000347212,0.000429542,0.000439541,0.000357211,0.000195896,-2.56E-06,-0.000184235,-0.000297223,-0.000300782,-0.000177692,4.68E-05,0.000292332,0.000438962,0.000380924,9.60E-05,-0.000315371,-0.000659774,-0.000747514,-0.000504659,-2.99E-05,0.000446415,0.00068492,0.000571356,0.000183756,-0.000248513,-0.000471537,-0.000349257,5.67E-05,0.00051426,0.000742139,0.00056611,2.70E-05,-0.000620678,-0.001031355,-0.00095664,-0.000400249
0.009348196,0.002983524,0.001059371,-0.0002379,-0.001262946,-0.001944965,-0.002219179,-0.002148536,-0.001890729,-0.00158602,-0.001271774,-0.000892835,-0.000390459,0.000212007,0.000799824,0.001237663,0.001456282,0.001482016,0.001389794,0.001227126,0.000977989,0.000595972,7.32E-05,-0.000518998,-0.00105425,-0.001419767,-0.001571162,-0.001531426,-0.001342721,-0.001020433,-0.000552953,5.39E-05,0.000731496,0.001347287,0.001756206,0.001866331,0.001671237,0.001230925,0.000626493,-6.87E-05,-0.000781392,-0.001413009,-0.001835849,-0.001930819,-0.001647757,-0.00104427,-0.000271346,0.000486952,0.001080028,0.00142487,0.001499781,0.001321071,0.000931561,0.000406998,-0.000139958,-0.000581446,-0.000821724,-0.000840968,-0.000701065,-0.000504166,-0.000330693,-0.000200027,-7.93E-05,7.11E-05,0.000253133,0.00042097,0.000508857,0.000472744,0.000315811,8.59E-05,-0.000145565,-0.000306545,-0.000341968,-0.00023035,-1.55E-06,0.000255528,0.000414155,0.00036652,9.26E-05,-0.000304389,-0.000631436,-0.000704511,-0.000458522,1.04E-06,0.000445006,0.000645436,0.00050647,0.0001223,-0.000274054,-0.000442668,-0.000274512,0.000142355,0.000565553,0.000728442,0.000490435,-7.26E-05,-0.000690844,-0.001033263,-0.000889848,-0.000304384
0.009271158,0.002958808,0.001046601,-0.000248968,-0.001275262,-0.001955783,-0.002222708,-0.002140021,-0.001869388,-0.001555038,-0.001235859,-0.00085561,-0.000353787,0.000246526,0.000828854,0.001255672,0.001457313,0.001462504,0.00135041,0.001172508,0.000914907,0.000531561,1.45E-05,-0.000564462,-0.001078121,-0.001414133,-0.00153128,-0.0014585,-0.001245033,-0.00091214,-0.000451278,0.000131713,0.000770398,0.001336438,0.001690936,0.001750648,0.00151975,0.001068513,0.000484586,-0.000158839,-0.000796341,-0.001343577,-0.00169013,-0.001733625,-0.001436721,-0.00086324,-0.000161665,0.000496231,0.000980932,0.001235338,0.001261818,0.001091415,0.000766889,0.000348118,-7.98E-05,-0.000420388,-0.000604183,-0.000625244,-0.000543243,-0.000442678,-0.000375768,-0.000331225,-0.000252347,-9.02E-05,0.000149144,0.000397332,0.000560606,0.000571847,0.00042412,0.000170046,-0.000103756,-0.000307675,-0.000374151,-0.000277631,-5.08E-05,0.000211957,0.000380372,0.000346254,9.09E-05,-0.000282794,-0.000586532,-0.000645032,-0.000402397,3.19E-05,0.000434374,0.000592717,0.000430793,5.68E-05,-0.000297122,-0.000409346,-0.000199415,0.000220461,0.000602817,0.000700491,0.000408415,-0.000165387,-0.000741712,-0.001010855,-0.000804052,-0.000202704
0.008928273,0.002857358,0.001013372,-0.000247884,-0.001253351,-0.001918155,-0.002170512,-0.002074656,-0.001795238,-0.001479374,-0.00116646,-0.000798212,-0.000311339,0.000272561,0.000836625,0.001242399,0.001420711,0.001403132,0.001273098,0.001085791,0.000828957,0.000456142,-4.19E-05,-0.000594222,-0.001074589,-0.001372599,-0.001451359,-0.001346366,-0.00111398,-0.000780822,-0.000340344,0.000203191,0.000787738,0.001291398,0.001583584,0.00159119,0.001329468,0.000878335,0.000330367,-0.000243784,-0.000789394,-0.001239127,-0.001502205,-0.001494305,-0.001190873,-0.000660454,-4.64E-05,0.000495069,0.000858437,0.00101468,0.00099114,0.000833197,0.000582055,0.00027957,-1.90E-05,-0.00025036,-0.00037237,-0.000393044,-0.000369219,-0.000366868,-0.00040931,-0.000454305,-0.000421327,-0.000252016,3.97E-05,0.00036404,0.000600279,0.000659106,0.000523611,0.000250368,-6.04E-05,-0.00030347,-0.000400073,-0.000320815,-0.000100132,0.000164434,0.000341018,0.000322272,9.03E-05,-0.000254455,-0.000531112,-0.000575167,-0.000340099,6.25E-05,0.000417762,0.000531664,0.000348537,-1.09E-05,-0.000318406,-0.000373315,-0.000124597,0.000293083,0.000630547,0.000663279,0.000322715,-0.000252957,-0.000779447,-0.000972426,-0.000706143,-9.78E-05
0.008104564,0.002617571,0.000943868,-0.000223891,-0.001168523,-0.001791986,-0.00201691,-0.001906305,-0.00162595,-0.001323813,-0.001037885,-0.000706061,-0.000260352,0.000281371,0.000804347,0.001171484,0.001315739,0.001272269,0.001128712,0.000943349,0.000704542,0.000363931,-9.11E-05,-0.000593294,-0.001020276,-0.001266324,-0.001300778,-0.00116656,-0.00092695,-0.000612757,-0.000217328,0.000259662,0.000764286,0.001185059,0.001403175,0.001357853,0.001075803,0.000645063,0.000159981,-0.000315595,-0.000742381,-0.001074555,-0.001244446,-0.001187464,-0.000891196,-0.000425971,7.47E-05,0.00047501,0.000698181,0.00074596,0.000671367,0.000532871,0.000367489,0.000195831,4.04E-05,-7.09E-05,-0.000123877,-0.000140069,-0.000172487,-0.000267739,-0.000420176,-0.000557336,-0.000575826,-0.000408198,-7.51E-05,0.000314638,0.00061636,0.000721059,0.000602581,0.000319903,-1.66E-05,-0.000290002,-0.00041347,-0.000354429,-0.000147005,0.000111937,0.000293125,0.00029226,9.14E-05,-0.000215088,-0.000458564,-0.000488682,-0.000268449,9.17E-05,0.000390881,0.000457313,0.000256713,-8.08E-05,-0.000335875,-0.000333378,-5.24E-05,0.000353713,0.00064009,0.00061007,0.000232483,-0.000328758,-0.000792043,-0.000905402,-0.000588275,1.06E-05
0.006984991,0.002293042,0.000852695,-0.000184891,-0.001043918,-0.001610324,-0.001800188,-0.001674362,-0.00139849,-0.001120022,-0.00087429,-0.000594246,-0.000206015,0.00027768,0.000745762,0.001063957,0.001168335,0.001097991,0.000944586,0.000768969,0.000559374,0.000264531,-0.000132887,-0.000571122,-0.000933409,-0.001120323,-0.001108437,-0.000948366,-0.0007099,-0.000427066,-9.16E-05,0.00030318,0.000713816,0.001041436,0.001180806,0.001084372,0.000790039,0.000392599,-1.40E-05,-0.000375337,-0.000670097,-0.000876142,-0.000950288,-0.00084794,-0.000567838,-0.000179998,0.000194474,0.000443107,0.000519258,0.000456141,0.000331882,0.000216687,0.000141806,0.000105296,9.61E-05,0.000107189,0.000125236,0.000116074,3.11E-05,-0.000157081,-0.00041516,-0.00064223,-0.000713677,-0.00055357,-0.000188261,0.000256664,0.000615825,0.000763019,0.000663828,0.000378608,2.52E-05,-0.000270944,-0.000417542,-0.00037962,-0.000189771,5.85E-05,0.000241251,0.000258941,9.32E-05,-0.000170051,-0.000377147,-0.000393911,-0.000192783,0.000119145,0.000357931,0.000376294,0.000161278,-0.000149802,-0.000349989,-0.000291655,1.63E-05,0.000404616,0.000636971,0.000547268,0.000141392,-0.000394663,-0.000787182,-0.000820535,-0.000459766,0.000118363
0.005648135,0.001906316,0.000745673,-0.000134769,-0.000889972,-0.001387778,-0.00153702,-0.001395688,-0.001128351,-0.000880919,-0.000685139,-0.000468191,-0.000149443,0.000264579,0.000667653,0.000929398,0.000989721,0.000891897,0.000731458,0.000571413,0.000399311,0.000160225,-0.000168918,-0.000533059,-0.000822468,-0.00094515,-0.000885624,-0.000702365,-0.000471334,-0.000229029,3.54E-05,0.00033673,0.000643262,0.000870468,0.00092797,0.000782041,0.000481535,0.000126932,-0.000189877,-0.000425715,-0.000579159,-0.000653243,-0.000630184,-0.000485487,-0.000228243,7.34E-05,0.000312808,0.000402456,0.000327168,0.000151861,-2.08E-05,-0.000109891,-9.11E-05,1.01E-05,0.000149004,0.000283454,0.0003736,0.000373334,0.000238914,-3.83E-05,-0.000398236,-0.000713062,-0.000838311,-0.000690068,-0.000299656,0.000192551,0.000602798,0.00078971,0.000711396,0.000428827,6.54E-05,-0.000247762,-0.000414528,-0.000398285,-0.000229194,4.53E-06,0.000186576,0.000223213,9.54E-05,-0.000120974,-0.000289394,-0.000293265,-0.000114371,0.000145157,0.000320524,0.000290532,6.35E-05,-0.000217952,-0.000361476,-0.00024866,8.22E-05,0.000448062,0.000624318,0.0004774,4.99E-05,-0.000452948,-0.000769198,-0.000722473,-0.000323615,0.000225405
0.003963294,0.001420452,0.000614146,-6.55E-05,-0.000687382,-0.001098108,-0.001198263,-0.001041773,-0.000790409,-0.000586683,-0.000457154,-0.000321901,-9.21E-05,0.000233508,0.000555686,0.00074972,0.000760486,0.000635678,0.000474187,0.000340299,0.000219804,5.28E-05,-0.00019115,-0.000465877,-0.000670861,-0.000723299,-0.00061653,-0.000416737,-0.000205052,-1.89E-05,0.000157374,0.000348534,0.00053746,0.000656186,0.000630751,0.000441546,0.000147191,-0.000148536,-0.000358814,-0.00045474,-0.000457164,-0.000395787,-0.000278529,-1.00E-04,0.00012265,0.000326119,0.000421111,0.000347162,0.000120893,-0.000162431,-0.000378085,-0.000437191,-0.00032422,-8.83E-05,0.000193118,0.000445572,0.000605439,0.000616994,0.000441943,8.88E-05,-0.000359133,-0.000751953,-0.00092918,-0.000800452,-0.000400336,0.0001206,0.000566076,0.000784483,0.000728611,0.000458684,9.93E-05,-0.00021774,-0.000397126,-0.000402147,-0.000259076,-4.71E-05,0.000128986,0.000183856,9.74E-05,-6.70E-05,-0.000193736,-0.000185868,-3.41E-05,0.000167175,0.000275964,0.000199152,-3.47E-05,-0.00028111,-0.000366658,-0.000204102,0.000140508,0.00047557,0.000593426,0.000395943,-3.95E-05,-0.000494577,-0.000726338,-0.000602082,-0.000177375,0.000326858
0.002162066,0.000901754,0.000475055,1.12E-05,-0.000467155,-0.000784572,-0.000833168,-0.00066232,-0.000430222,-0.000275156,-0.000217871,-0.000170904,-3.69E-05,0.000194061,0.000430244,0.000553399,0.000513746,0.00036333,0.000204013,0.000100843,3.74E-05,-5.17E-05,-0.000205043,-0.000385907,-0.000503845,-0.000485777,-0.000333939,-0.000121823,6.50E-05,0.000189124,0.000271565,0.000348253,0.000417233,0.000427678,0.000322186,9.48E-05,-0.00018711,-0.00041789,-0.000517147,-0.000471233,-0.000323647,-0.000130478,7.55E-05,0.000281967,0.000465089,0.000567959,0.000519519,0.000286257,-8.45E-05,-0.000469166,-0.000723143,-0.000751321,-0.000547596,-0.000184169,0.000230997,0.000593582,0.000818812,0.000843054,0.000633665,0.000214902,-0.000309954,-0.00077208,-0.000997943,-0.000891904,-0.000490759,4.76E-05,0.000518101,0.000762023,0.000728353,0.000475965,0.000128384,-0.000184991,-0.000372084,-0.000397217,-0.000282226,-9.56E-05,7.15E-05,0.000143266,9.87E-05,-1.27E-05,-9.71E-05,-7.82E-05,4.46E-05,0.000186338,0.000228782,0.000107355,-0.00013017,-0.000339433,-0.000367687,-0.000159179,0.000193913,0.000494181,0.000553564,0.000310044,-0.000126059,-0.000526688,-0.000671495,-0.000472809,-2.94E-05,0.000422582
0.00025546,0.000353325,0.000329112,9.46E-05,-0.000230954,-0.000449429,-0.000444228,-0.00025975,-4.99E-05,5.20E-05,3.16E-05,-1.56E-05,1.65E-05,0.00014703,0.0002926,0.000342008,0.000251155,7.64E-05,-7.78E-05,-0.00014616,-0.000147705,-0.000153707,-0.000211384,-0.000294356,-0.000322875,-0.000234066,-3.91E-05,0.000181495,0.00033846,0.000395104,0.000378726,0.000337026,0.000283942,0.000186291,3.35E-06,-0.000257573,-0.000521363,-0.000681697,-0.000665871,-0.000476373,-0.000179695,0.000141937,0.000431709,0.000660674,0.00079986,0.000799956,0.000608962,0.000220273,-0.00028914,-0.000769047,-0.001057103,-0.001053513,-0.000762172,-0.000277667,0.000263226,0.000728805,0.001015453,0.001053165,0.000815139,0.000339953,-0.000251648,-0.000775209,-0.001046681,-0.000966206,-0.000571887,-2.63E-05,0.000459934,0.000723956,0.000712267,0.000481855,0.00015309,-0.000149774,-0.000340125,-0.000384322,-0.000299277,-0.000141196,1.41E-05,0.00010156,9.92E-05,4.20E-05,3.91E-07,2.96E-05,0.000122082,0.000202915,0.000179226,1.52E-05,-0.000223148,-0.000393372,-0.000364952,-0.000113927,0.000242848,0.000504731,0.000505578,0.000220123,-0.000209956,-0.000550177,-0.0006058,-0.000335494,0.000120142,0.000513114
-0.001702195,-0.000208634,0.000181674,0.000184459,1.73E-05,-9.93E-05,-4.03E-05,0.000155266,0.000338861,0.000383192,0.000280861,0.000135296,6.18E-05,8.89E-05,0.000142245,0.000118342,-2.10E-05,-0.000215723,-0.00035958,-0.000387833,-0.000322908,-0.000242334,-0.000202388,-0.000187548,-0.00012932,2.49E-05,0.000255528,0.000476537,0.000596353,0.00058047,0.000463443,0.000305258,0.00013584,-6.08E-05,-0.000309698,-0.000592338,-0.000828299,-0.000913154,-0.000783634,-0.000458763,-2.68E-05,0.000406366,0.000763359,0.001002278,0.00109218,0.000993384,0.000673055,0.000149247,-0.000475845,-0.00103112,-0.00134188,-0.001307174,-0.000941295,-0.000358183,0.000282301,0.000827996,0.001162692,0.001213808,0.000960522,0.000451976,-0.000180352,-0.000744093,-0.001050928,-0.000999431,-0.000627171,-9.58E-05,0.000385842,0.000656995,0.000664856,0.00046377,0.000167017,-0.000111583,-0.000295401,-0.000355062,-0.00030208,-0.000177941,-4.02E-05,5.90E-05,9.69E-05,9.30E-05,9.33E-05,0.000131281,0.000192291,0.000213216,0.000127471,-7.28E-05,-0.000305834,-0.000434805,-0.000353451,-6.87E-05,0.000281859,0.000499612,0.000443934,0.000126003,-0.000285619,-0.00055651,-0.00052252,-0.000189225,0.000265355,0.000588467
-0.003606067,-0.000754704,3.93E-05,0.000273625,0.000261247,0.000243915,0.000354541,0.000559608,0.00071618,0.000703219,0.000520263,0.000278485,0.000101872,2.82E-05,-7.89E-06,-0.000102056,-0.000286845,-0.000498722,-0.000630298,-0.000617766,-0.000486967,-0.000321641,-0.000186962,-7.81E-05,6.23E-05,0.000276984,0.000538673,0.000756459,0.000837361,0.000749544,0.000534949,0.000265598,-1.32E-05,-0.00030084,-0.000608122,-0.000906343,-0.001111204,-0.001121232,-0.00088301,-0.000431615,0.000124241,0.000657178,0.001071384,0.001314169,0.001354152,0.001161872,0.000723028,7.84E-05,-0.000647527,-0.001266203,-0.001593517,-0.001529018,-0.001097209,-0.000429338,0.000295059,0.000907262,0.001281826,0.001345526,0.001083485,0.000553376,-0.00010607,-0.000698487,-0.001034425,-0.001012264,-0.000668257,-0.000160609,0.00030707,0.000578933,0.000604443,0.000435119,0.000175584,-7.29E-05,-0.000245733,-0.000318703,-0.000297989,-0.000209624,-9.19E-05,1.65E-05,9.28E-05,0.000140542,0.000181351,0.000227439,0.00025734,0.000220307,7.59E-05,-0.000156624,-0.000381672,-0.000469139,-0.000337575,-2.38E-05,0.000316199,0.000487995,0.000377615,3.18E-05,-0.000356393,-0.000555537,-0.000433617,-4.24E-05,0.000405215,0.000655044
-0.005441644,-0.001280634,-9.68E-05,0.000361802,0.000499527,0.000578079,0.000737711,0.000950355,0.001079026,0.001009231,0.00074739,0.000412061,0.000135461,-3.56E-05,-0.00015751,-0.000318124,-0.00054452,-0.000770228,-0.000887233,-0.00083312,-0.000637284,-0.000389556,-0.0001638,3.43E-05,0.000251273,0.000520379,0.00080742,0.001017633,0.001057559,0.000898652,0.00059038,0.000216478,-0.000162961,-0.000532079,-0.000888368,-0.001194734,-0.001364598,-0.001300716,-0.000960006,-0.000392991,0.000272874,0.000891117,0.00135035,0.001589637,0.001579016,0.001299939,0.000755851,7.92E-06,-0.000800775,-0.001468285,-0.00180469,-0.001712035,-0.001224803,-0.000489046,0.00030018,0.000962327,0.001366794,0.001442056,0.00117913,0.000641752,-2.83E-05,-0.000635444,-0.000992859,-0.001000412,-0.000692104,-0.000219573,0.000222763,0.000487563,0.000528393,0.000393732,0.000177661,-3.38E-05,-0.000190135,-0.000273792,-0.00028556,-0.000235153,-0.000140405,-2.57E-05,8.64E-05,0.00018376,0.000263482,0.000316778,0.000316078,0.000223511,2.46E-05,-0.0002355,-0.000449149,-0.000494843,-0.000316403,2.08E-05,0.000344898,0.000468563,0.000305723,-6.23E-05,-0.000421218,-0.000545773,-0.000338033,0.000104813,0.000538467,0.000710948
-0.007018075,-0.001731633,-0.000211958,0.00044097,0.000709219,0.000870554,0.001070992,0.001287495,0.001389159,0.001267989,0.000936621,0.000519728,0.000156336,-9.89E-05,-0.000293938,-0.000509594,-0.000768176,-0.001001327,-0.001101423,-0.001008011,-0.000753894,-0.000434241,-0.000130554,0.000142063,0.000420592,0.00073021,0.001031607,0.001228079,0.001227216,0.001004412,0.0006162,0.00015655,-0.000301955,-0.000730817,-0.001117466,-0.001419554,-0.001551024,-0.001420573,-0.000995373,-0.000339175,0.000405994,0.001079945,0.001561272,0.00178547,0.001726864,0.001378185,0.000758101,-5.71E-05,-0.00091301,-0.001601941,-0.001934416,-0.001818052,-0.001296239,-0.000524791,0.000293468,0.000974647,0.001390046,0.001473717,0.001222313,0.00070136,4.86E-05,-0.000548954,-0.000913356,-0.000948768,-0.000685667,-0.000264542,0.000135427,0.000380715,0.000431898,0.000334404,0.000169417,4.35E-06,-0.000127489,-0.000217007,-0.000260101,-0.000249631,-0.000182046,-6.64E-05,7.55E-05,0.000216951,0.000331368,0.000390422,0.000361616,0.000220148,-2.39E-05,-0.000302618,-0.000499731,-0.000504753,-0.0002865,6.43E-05,0.000364774,0.000438637,0.000228572,-0.000152615,-0.000474723,-0.000523763,-0.000237245,0.000245461,0.000654794,0.00074693
-0.008412352,-0.00213026,-0.000312971,0.000512882,0.000897616,0.0011325,0.001368292,0.00158664,0.001662623,0.001494544,0.001100702,0.000611001,0.000170298,-0.000159661,-0.000419215,-0.000682422,-0.000967427,-0.00120459,-0.001287205,-0.001156994,-0.000849955,-0.000466006,-9.35E-05,0.000243939,0.000574524,0.000916408,0.00122622,0.001406355,0.001366175,0.001085193,0.000626513,9.32E-05,-0.000431033,-0.000906943,-0.001313684,-0.001605416,-0.001697999,-0.001506757,-0.001008753,-0.000279417,0.000527202,0.001240302,0.001731524,0.001935224,0.001831328,0.001423725,0.000744629,-0.000117684,-0.001001319,-0.001697067,-0.002019013,-0.001881753,-0.001336809,-0.000546959,0.000281318,0.000965158,0.001381315,0.001471302,0.001237219,0.000744229,0.000122542,-0.000453111,-0.000816749,-0.000878184,-0.000663862,-0.000301079,4.89E-05,0.000268824,0.000327553,0.000267588,0.000156356,4.14E-05,-6.25E-05,-0.000155342,-0.000228634,-0.000258425,-0.000219689,-0.000105933,6.24E-05,0.000244179,0.000390627,0.0004547,0.000399619,0.000213494,-7.02E-05,-0.000362622,-0.000540827,-0.000506315,-0.000252344,0.000107013,0.000380427,0.000404414,0.000150335,-0.000239523,-0.000522006,-0.000496528,-0.000136106,0.000379995,0.000760417,0.000772175
-0.009536495,-0.0024513,-0.00039317,0.000573796,0.001054119,0.001348848,0.001611997,0.001829356,0.001881808,0.001673611,0.001227878,0.000678441,0.000174545,-0.000216233,-0.000527458,-0.00082725,-0.001130356,-0.001366722,-0.001431287,-0.001268225,-0.000916372,-0.000479506,-5.16E-05,0.000336345,0.000705222,0.001067549,0.001377439,0.001537837,0.001460883,0.001130378,0.000615225,2.61E-05,-0.000544799,-0.001049597,-0.001461955,-0.001735012,-0.001788478,-0.001545178,-0.000991443,-0.000212094,0.000630477,0.00135929,0.00184335,0.002019249,0.001874282,0.001423221,0.000709357,-0.000171423,-0.00105544,-0.001737573,-0.002039873,-0.001885808,-0.001333875,-0.000549855,0.000261858,0.000925493,0.001328153,0.001421387,0.001212454,0.000763195,0.000191545,-0.000345276,-0.000697291,-0.000781892,-0.000620825,-0.000325482,-3.56E-05,0.000150993,0.000213284,0.00019102,0.000136794,7.66E-05,5.39E-06,-8.74E-05,-0.000189085,-0.000259338,-0.000251626,-0.000143697,4.58E-05,0.000262849,0.000437458,0.000505528,0.000426903,0.00020231,-0.000113181,-0.000412375,-0.000568482,-0.000496223,-0.000212375,0.00014855,0.000390338,0.00036463,7.12E-05,-0.000321214,-0.000560518,-0.000462435,-3.53E-05,0.000505075,0.00085048,0.000782359
-0.010227771,-0.002648534,-0.000440962,0.000615674,0.001157776,0.001490413,0.001768573,0.001981237,0.002014591,0.001778069,0.001298127,0.000710412,0.000166248,-0.00026299,-0.000605679,-0.000925289,-0.001234418,-0.001463818,-0.001510977,-0.001322705,-0.000939941,-0.000468775,-6.87E-06,0.00040969,0.000796451,0.001162542,0.001461757,0.001599496,0.001491776,0.001126579,0.000577094,-4.12E-05,-0.000630703,-0.00113905,-0.001537992,-0.001782899,-0.0017996,-0.001519089,-0.000935533,-0.000139512,0.000703607,0.001416778,0.00187206,0.002012434,0.00183437,0.001362536,0.00064751,-0.000213336,-0.001061956,-0.001704503,-0.001976245,-0.001811481,-0.00127378,-0.00052666,0.000234834,0.000849435,0.001220382,0.001312154,0.001136687,0.00074899,0.000249283,-0.000228552,-0.000555122,-0.000657583,-0.000552458,-0.000332579,-0.000112558,3.21E-05,9.27E-05,0.000106371,0.000110425,0.000108319,7.39E-05,-1.44E-05,-0.000141249,-0.000250652,-0.000275559,-0.000178281,2.52E-05,0.000269424,0.000466299,0.00053704,0.000439351,0.000185693,-0.000150235,-0.000447148,-0.000577794,-0.000471278,-0.000165866,0.000187902,0.000393545,0.000320133,-5.68E-06,-0.000393245,-0.00058704,-0.000421903,6.01E-05,0.00061253,0.000916796,0.000772714
-0.010662154,-0.002772469,-0.000469813,0.000645863,0.001229621,0.001587174,0.001873149,0.002079128,0.002096258,0.001838645,0.001335187,0.000722073,0.000151325,-0.000303107,-0.000665373,-0.000995076,-0.001303394,-0.001522564,-0.001553101,-0.001344504,-0.000939324,-0.00044501,3.83E-05,0.000470705,0.000863685,0.001224248,0.001507093,0.001621089,0.001486679,0.001095842,0.000525091,-0.000106905,-0.000699205,-0.001197065,-0.001572401,-0.001784548,-0.001766586,-0.001457891,-0.000859502,-6.56E-05,0.000758477,0.001439036,0.001854224,0.001955544,0.001749435,0.001269733,0.0005721,-0.000247993,-0.001042112,-0.001631445,-0.001867135,-0.001695187,-0.001183103,-0.00048928,0.00020439,0.00075493,0.001084595,0.001172182,0.001034007,0.000716488,0.000299476,-0.00010928,-0.000403166,-0.000520167,-0.000471393,-0.000329993,-0.000183989,-8.50E-05,-2.91E-05,1.90E-05,8.10E-05,0.00013771,0.000141838,6.01E-05,-8.98E-05,-0.000237049,-0.000294976,-0.000210804,2.39E-06,0.000269252,0.000484913,0.000557584,0.000443525,0.000166307,-0.000183617,-0.0004733,-0.000576944,-0.00043847,-0.000116252,0.000225745,0.000393277,0.000273855,-8.01E-05,-0.000459043,-0.000606794,-0.000378625,0.000151164,0.000708694,0.000969092,0.000752277
-0.010681848,-0.002778227,-0.000468341,0.000656827,0.001249702,0.001611218,0.001893497,0.002089774,0.00209555,0.001828745,0.001319207,0.000701613,0.000126445,-0.000331764,-0.000694514,-0.001018814,-0.001315585,-0.001519619,-0.00153517,-0.001314452,-0.00090079,-0.000401423,8.30E-05,0.000510889,0.000891665,0.001232245,0.001490145,0.00157925,0.001425189,0.001023552,0.000452554,-0.00016857,-0.000738828,-0.001204452,-0.001540732,-0.001713594,-0.001665005,-0.001342891,-0.000753516,8.78E-06,0.000783537,0.001405571,0.001763773,0.001821293,0.00159558,0.001128342,0.000476798,-0.000270719,-0.00098143,-0.001497166,-0.001688824,-0.001515271,-0.001046081,-0.000430174,0.000169395,0.000633501,0.000907565,0.000986637,0.000890921,0.000655708,0.000336713,1.16E-05,-0.000238764,-0.000364783,-0.00037195,-0.000312312,-0.000245406,-0.000197411,-0.000150514,-7.10E-05,4.75E-05,0.000163185,0.000207678,0.00013571,-3.35E-05,-0.000216219,-0.000307314,-0.00023984,-2.34E-05,0.000258578,0.000487427,0.000560869,0.00043482,0.000142861,-0.000210907,-0.000485778,-0.000560347,-0.000393832,-6.23E-05,0.000260957,0.000387854,0.000225622,-0.000149777,-0.000514328,-0.000615937,-0.000331888,0.000233841,0.000785872,0.000998821,0.0007153
-0.010268903,-0.002661156,-0.000435973,0.00064681,0.0012148,0.001558537,0.001825406,0.002009253,0.002009263,0.001746195,0.001249228,0.000649322,9.30E-05,-0.000346644,-0.000690232,-0.000993484,-0.001268241,-0.001452879,-0.00145603,-0.001232526,-0.00082548,-0.000340176,0.000124453,0.000527088,0.000877463,0.001184328,0.001409843,0.001474296,0.001309043,0.000912657,0.000363185,-0.000222402,-0.00074639,-0.00115934,-0.00144291,-0.001571926,-0.001498479,-0.001178819,-0.000622483,7.96E-05,0.000776636,0.001316761,0.001603742,0.001614892,0.001379124,0.000944332,0.000365722,-0.000280412,-0.000882314,-0.001307195,-0.001448726,-0.001279207,-0.00086828,-0.000351423,0.000131954,0.000491006,0.000697396,0.000763659,0.000713328,0.000568639,0.000358545,0.000128084,-6.98E-05,-0.00019869,-0.000258696,-0.00028025,-0.000293777,-0.000299523,-0.000265461,-0.000159011,1.18E-05,0.000183955,0.000268694,0.000209088,2.47E-05,-0.000189513,-0.000312541,-0.000264551,-5.13E-05,0.000237914,0.000473939,0.000546934,0.000413602,0.00011613,-0.000231254,-0.000484232,-0.000528596,-0.000338851,-5.84E-06,0.000292512,0.00037772,0.000177407,-0.000211904,-0.000557006,-0.000614192,-0.000283624,0.000304774,0.000840768,0.001004433,0.000662808
-0.009598467,-0.002471124,-0.000385434,0.000624056,0.001146933,0.001459995,0.001704553,0.001874448,0.001872135,0.001620628,0.001147456,0.000578525,5.50E-05,-0.000352853,-0.000665671,-0.000938702,-0.001185398,-0.001348319,-0.001340828,-0.001120297,-0.000729,-0.0002692,0.000163137,0.000528435,0.000837845,0.00110317,0.001292255,0.001332561,0.001161437,0.000780003,0.000264982,-0.00027063,-0.000734365,-0.001083059,-0.001306433,-0.001389465,-0.001294994,-0.00098736,-0.00047815,0.000147337,0.000750469,0.001195709,0.001403885,0.001367764,0.001127828,0.000737068,0.000246576,-0.000282169,-0.000761382,-0.001086187,-0.001174564,-0.001012406,-0.000668216,-0.000261811,9.36E-05,0.000337799,0.000470104,0.000521084,0.00051724,0.000466794,0.000370722,0.000240255,9.97E-05,-2.84E-05,-0.000138665,-0.000239992,-0.000333672,-0.000394068,-0.000374939,-0.000244508,-2.45E-05,0.000201705,0.000326046,0.00028014,8.33E-05,-0.000159714,-0.000313521,-0.000286411,-8.01E-05,0.000211552,0.000451065,0.000522852,0.000385095,8.77E-05,-0.000247249,-0.000474289,-0.000488059,-0.000278205,5.16E-05,0.000321515,0.00036482,0.000129687,-0.000268836,-0.000591585,-0.000605838,-0.000234912,0.000367855,0.000881558,0.000995318,0.000601417
-0.008504003,-0.002161257,-0.000305454,0.000579765,0.001024231,0.001285477,0.001496532,0.001650193,0.001651495,0.001424723,0.000994104,0.000478246,1.06E-05,-0.000343723,-0.000606833,-0.000834853,-0.00104395,-0.00118181,-0.001167072,-0.000959446,-0.000599276,-0.000183968,0.000195673,0.000504019,0.000755677,0.000967357,0.001114213,0.001132027,0.00096444,0.000614273,0.00015491,-0.000307496,-0.000688942,-0.000955626,-0.001107915,-0.001142755,-0.00103448,-0.000754913,-0.000315544,0.000207441,0.000692021,0.00102314,0.001142023,0.001058572,0.000824627,0.000496285,0.000117116,-0.000270451,-0.000606916,-0.000818835,-0.000850423,-0.000701054,-0.000436031,-0.000156188,5.51E-05,0.000171078,0.000220497,0.000252297,0.000295311,0.000342588,0.000365898,0.000341675,0.000264932,0.000144009,-1.07E-05,-0.000187062,-0.000357992,-0.000472876,-0.000471699,-0.00032301,-6.06E-05,0.000213981,0.000375574,0.000345136,0.000140728,-0.00012573,-0.000307477,-0.000302944,-0.000109745,0.000176361,0.00041304,0.000482292,0.000344946,5.69E-05,-0.000255585,-0.000450403,-0.000433575,-0.000209345,0.000109369,0.000345468,0.000347456,8.39E-05,-0.000315578,-0.000611478,-0.000586304,-0.000186499,0.000416047,0.000897206,0.000961106,0.000526129
-0.007119925,-0.001770094,-0.00020618,0.000519877,0.00086329,0.001058485,0.001228641,0.001364804,0.001374134,0.001181513,0.000806691,0.00035934,-3.67E-05,-0.000322531,-0.000523306,-0.0006967,-0.000862291,-0.000973494,-0.000954547,-0.000767289,-0.000449269,-9.17E-05,0.000221502,0.000460059,0.000643419,0.000794356,0.000896293,0.000893952,0.000737293,0.000430065,4.08E-05,-0.000333362,-0.000618951,-0.000793483,-0.000869425,-0.000856533,-0.000740754,-0.000500651,-0.000145956,0.000258678,0.000610585,0.000817661,0.00084315,0.000714536,0.000494286,0.000239921,-1.48E-05,-0.000248797,-0.000433076,-0.00052701,-0.000501456,-0.000368581,-0.000188965,-4.26E-05,1.83E-05,1.40E-06,-3.53E-05,-2.50E-05,6.30E-05,0.000206226,0.000347786,0.000430003,0.000419313,0.000310164,0.000117473,-0.000126747,-0.000369066,-0.000535665,-0.000553828,-0.000392128,-9.47E-05,0.000221533,0.000416687,0.000402294,0.000194437,-9.02E-05,-0.000296279,-0.000314534,-0.0001385,0.000135969,0.000364882,0.000430475,0.000297125,2.54E-05,-0.000257701,-0.000416435,-0.000370034,-0.000136496,0.000165099,0.000364206,0.00032674,4.09E-05,-0.000352587,-0.000618694,-0.000558097,-0.000139633,0.000450809,0.000892072,0.00090772,0.000442141
-0.005551786,-0.001327396,-9.48E-05,0.000449877,0.000677877,0.000798025,0.000922641,0.00104056,0.001060794,0.0009084,0.000597885,0.000228931,-8.52E-05,-0.000293323,-0.00042381,-0.000536576,-0.000655038,-0.000738718,-0.00071765,-0.000555651,-0.000286905,4.57E-06,0.000242512,0.000403248,0.000511811,0.00059775,0.000653337,0.000632592,0.000491771,0.000235023,-7.51E-05,-0.000351512,-0.000532944,-0.000609319,-0.000606055,-0.000546162,-0.000427192,-0.000233898,2.68E-05,0.000303443,0.000514306,0.000591751,0.000521929,0.000350039,0.000148566,-2.47E-05,-0.000147128,-0.000220638,-0.000247693,-0.000221232,-0.000138806,-2.48E-05,6.59E-05,7.52E-05,-1.70E-05,-0.000168742,-0.000292945,-0.0003055,-0.000174378,6.29E-05,0.000320849,0.000508685,0.000564974,0.000470588,0.000244667,-6.20E-05,-0.000371099,-0.00058703,-0.000625261,-0.00045421,-0.000127043,0.000225814,0.000451691,0.000453579,0.00024511,-5.38E-05,-0.000281665,-0.000322622,-0.000166369,9.25E-05,0.000310286,0.000371437,0.000244446,-6.52E-06,-0.000255597,-0.000375862,-0.000300788,-6.15E-05,0.000218996,0.000379146,0.000303753,6.50E-08,-0.000382727,-0.000617149,-0.000524043,-9.40E-05,0.000476238,0.000872784,0.000841556,0.000352744
-0.003719234,-0.000811427,3.27E-05,0.000364207,0.000456362,0.000488842,0.000561561,0.000660493,0.000696161,0.000593226,0.000359797,8.39E-05,-0.000133721,-0.000250621,-0.000299812,-0.000343945,-0.00041082,-0.000466556,-0.000447237,-0.000318373,-0.000109805,0.000103076,0.000253451,0.000325533,0.000351125,0.00036741,0.000376158,0.000341018,0.000224301,2.96E-05,-0.00018827,-0.000354462,-0.000421658,-0.000393745,-0.000309906,-0.000206551,-9.23E-05,4.30E-05,0.000197272,0.000334176,0.000395388,0.000339229,0.000175257,-3.43E-05,-0.000208683,-0.000291786,-0.000274182,-0.000182059,-5.01E-05,9.55E-05,0.000231655,0.000323299,0.000322954,0.000195272,-4.79E-05,-0.000331563,-0.000541617,-0.000578484,-0.000409444,-8.65E-05,0.000279087,0.000566032,0.000687753,0.000612777,0.000363716,7.42E-06,-0.000356631,-0.000614952,-0.000673423,-0.000500116,-0.000154496,0.000223883,0.000473628,0.00049138,0.000287598,-1.79E-05,-0.000261359,-0.000323646,-0.000190995,4.55E-05,0.000246446,0.000301662,0.00018488,-3.79E-05,-0.000245919,-0.000324695,-0.000223627,1.47E-05,0.000267143,0.000385892,0.000276694,-3.59E-05,-0.000399137,-0.000599027,-0.000479684,-5.17E-05,0.000483766,0.000827826,0.0007537,0.000256262
-0.001804616,-0.000273679,0.000163994,0.000272287,0.000222542,0.000163833,0.000183056,0.000263129,0.000316076,0.000266051,0.000114338,-6.34E-05,-0.000179643,-0.000201379,-0.000166372,-0.000140133,-0.000154908,-0.000183526,-0.000168182,-7.59E-05,6.83E-05,0.000198324,0.0002575,0.000238419,0.000179886,0.000126798,9.04E-05,4.39E-05,-4.47E-05,-0.00017304,-0.000294568,-0.000347737,-0.000299752,-0.00016863,-7.07E-06,0.00013566,0.000240591,0.000313788,0.000358584,0.000354793,0.000267744,8.16E-05,-0.00017141,-0.000413462,-0.000556769,-0.000548296,-0.000392256,-0.00013883,0.000146171,0.000404858,0.000590237,0.000658233,0.000569439,0.000311008,-7.48E-05,-0.000482456,-0.000773309,-0.000834236,-0.000632289,-0.000232592,0.000230109,0.000607586,0.000790718,0.000737016,0.000472024,7.64E-05,-0.00033264,-0.000626847,-0.000704559,-0.000533521,-0.000177518,0.00021799,0.000486026,0.000518643,0.000322827,1.62E-05,-0.000238078,-0.00031974,-0.000212068,-1.40E-06,0.000179537,0.000227836,0.000123098,-6.80E-05,-0.000231868,-0.000268612,-0.000144131,8.87E-05,0.000309517,0.000386428,0.000247099,-6.81E-05,-0.000406352,-0.000570477,-0.00042941,-1.21E-05,0.000480027,0.000767891,0.000654537,0.000158195
0.000167174,0.000279085,0.000297572,0.000175787,-2.00E-05,-0.000172309,-0.000207635,-0.000146282,-7.47E-05,-6.93E-05,-0.000135982,-0.000211933,-0.000223385,-0.000147206,-2.61E-05,7.16E-05,0.000109186,0.000106958,0.000116615,0.000169743,0.000246501,0.000290665,0.000256149,0.00014429,1.05E-06,-0.000120939,-0.000200985,-0.000256512,-0.000313967,-0.00037265,-0.000395086,-0.000333471,-0.000169999,6.31E-05,0.000299857,0.000478646,0.000570765,0.000578775,0.000512195,0.000367432,0.000133742,-0.00017903,-0.000516808,-0.000787103,-0.000896422,-0.000795604,-0.000502887,-9.21E-05,0.000340663,0.000707249,0.000938243,0.000981663,0.000806782,0.000422925,-9.86E-05,-0.000623486,-0.000990882,-0.001075577,-0.00084476,-0.000375685,0.000175681,0.000636653,0.000877821,0.000846761,0.000571521,0.000144699,-0.000301297,-0.000626153,-0.000722238,-0.000557007,-0.000196987,0.000208997,0.000490877,0.000537527,0.000352234,4.88E-05,-0.000212515,-0.000311943,-0.000230248,-4.80E-05,0.000110445,0.000151058,5.98E-05,-9.70E-05,-0.000214433,-0.000208826,-6.30E-05,0.000160865,0.000347213,0.000382027,0.000215518,-9.73E-05,-0.000406349,-0.000533784,-0.000374555,2.53E-05,0.000467501,0.000696362,0.00054673,5.91E-05
0.002107718,0.000820093,0.00042483,7.67E-05,-0.000261736,-0.0005048,-0.000592755,-0.000548963,-0.00045796,-0.000396446,-0.000377471,-0.000351597,-0.000259248,-8.73E-05,0.000117074,0.000282948,0.000369578,0.000390732,0.000391984,0.000403728,0.00041176,0.000370267,0.000244163,4.35E-05,-0.000179148,-0.000364087,-0.000481944,-0.00054142,-0.000564155,-0.000551849,-0.000476797,-0.000305343,-3.44E-05,0.000290577,0.000592025,0.000797883,0.000871496,0.00081327,0.000639618,0.000363455,-3.12E-06,-0.000426723,-0.000834415,-0.001122459,-0.001194483,-0.00100668,-0.000590836,-4.20E-05,0.000517612,0.000974142,0.001240149,0.001258681,0.001008352,0.000518601,-0.000114733,-0.000734867,-0.001164527,-0.00127052,-0.001020883,-0.000502027,0.000114704,0.000639067,0.000927167,0.000919544,0.000645864,0.000206355,-0.000257762,-0.000600214,-0.000711327,-0.000558567,-0.000207902,0.000194019,0.000479533,0.00053758,0.000367573,7.62E-05,-0.000183455,-0.000295954,-0.000240555,-9.04E-05,4.15E-05,7.29E-05,-3.27E-06,-0.000122285,-0.000191236,-0.000144772,1.70E-05,0.000225208,0.000372659,0.000366533,0.000180037,-0.000120242,-0.000391993,-0.000481732,-0.000311815,5.78E-05,0.00043863,0.000604972,0.000426352,-3.74E-05
0.0039464,0.001330551,0.000542547,-1.95E-05,-0.000492002,-0.00081999,-0.000957271,-0.000930007,-0.0008204,-0.000704996,-0.00060376,-0.0004804,-0.000289364,-2.71E-05,0.000254935,0.000484172,0.000616202,0.000658438,0.000650471,0.000621549,0.000563146,0.000439849,0.000227382,-5.60E-05,-0.000351675,-0.000593818,-0.000745072,-0.000806001,-0.000793854,-0.000712985,-0.00054548,-0.000271522,9.80E-05,0.000505621,0.000863639,0.001091005,0.001144272,0.001022323,0.00074845,0.000351348,-0.000135451,-0.000657078,-0.001124071,-0.001423731,-0.001458443,-0.001190236,-0.000663531,7.66E-06,0.000678093,0.001211644,0.001505719,0.001500097,0.001182772,0.000601506,-0.000126679,-0.000826543,-0.00130833,-0.001433308,-0.001170706,-0.000614152,5.33E-05,0.000628029,0.000955267,0.000970295,0.000703966,0.000261713,-0.000209984,-0.000562383,-0.00068601,-0.000548636,-0.000214009,0.000176271,0.000459848,0.000527519,0.000374889,0.000100131,-0.000153269,-0.000275773,-0.00024588,-0.000128758,-2.47E-05,-3.23E-06,-6.41E-05,-0.00014501,-0.000165862,-8.05E-05,9.41E-05,0.000283409,0.000390555,0.000344987,0.000142675,-0.000139937,-0.000370862,-0.000422877,-0.000246003,8.78E-05,0.000402736,0.000506079,0.000302732,-0.000130023
0.005684418,0.001810816,0.000650836,-0.000112978,-0.000710958,-0.001118085,-0.001301427,-0.001289671,-0.001162266,-0.000995189,-0.000815026,-0.000598469,-0.000313806,3.32E-05,0.000387579,0.000675429,0.000849219,0.000910267,0.000892277,0.000823398,0.000700824,0.000499532,0.000205865,-0.000154148,-0.000516617,-0.000810288,-0.000990581,-0.001050498,-0.001003312,-0.000856273,-0.000601291,-0.00023208,0.000227216,0.000708383,0.001114943,0.001358324,0.001389431,0.001206243,0.000838916,0.000331211,-0.000263316,-0.000870301,-0.001386111,-0.001691333,-0.001688713,-0.001346606,-0.00072116,5.69E-05,0.000822304,0.001420113,0.001735394,0.001706345,0.00133037,0.000671793,-0.00013446,-0.000898756,-0.001422655,-0.001564333,-0.001294549,-0.000712234,-8.59E-06,0.000603705,0.000962382,0.000999282,0.000746024,0.000310852,-0.000158016,-0.000512806,-0.000646464,-0.000527354,-0.000215366,0.000155787,0.000431926,0.00050747,0.000374281,0.000120533,-0.000121974,-0.000251452,-0.000246286,-0.000163102,-8.82E-05,-7.74E-05,-0.000122868,-0.000165185,-0.000138337,-1.60E-05,0.000168287,0.000335542,0.000400996,0.000317464,0.000103454,-0.000156447,-0.000343041,-0.000357305,-0.000177159,0.000115168,0.000359906,0.000399779,0.000175915,-0.000218795
0.007081477,0.002191119,0.000730472,-0.000193773,-0.000888955,-0.001356563,-0.001575809,-0.001576968,-0.001435568,-0.001225741,-0.00097955,-0.000685645,-0.000325061,8.85E-05,0.000498138,0.000830299,0.001035615,0.001110088,0.001081823,0.000977813,0.000800691,0.000535237,0.000177343,-0.00024083,-0.000652206,-0.000982329,-0.001181351,-0.00123616,-0.001156876,-0.000953812,-0.000628106,-0.000185499,0.000339121,0.000870063,0.001305857,0.001553814,0.001561643,0.001327393,0.000887312,0.000297696,-0.000371988,-0.001033139,-0.001573616,-0.001872294,-0.001835454,-0.001438135,-0.000745342,0.000101161,0.000923771,0.001556303,0.001877814,0.00182826,0.001413956,0.000711331,-0.000134389,-0.000928206,-0.001471182,-0.001623507,-0.001358037,-0.000774857,-6.57E-05,0.000556369,0.000928919,0.000984058,0.000753473,0.000343607,-0.000102402,-0.000444444,-0.000582269,-0.000485599,-0.00020763,0.000130913,0.000389272,0.000468856,0.00035818,0.000133113,-8.98E-05,-0.000219712,-0.000236177,-0.00018676,-0.000142275,-0.000143286,-0.000174149,-0.00017949,-0.000108387,4.53E-05,0.000232669,0.000372892,0.000395746,0.000278566,6.11E-05,-0.000167326,-0.000304368,-0.00028173,-0.000104699,0.000137901,0.000307241,0.00028528,4.94E-05,-0.000295841
0.008265212,0.002509412,0.000792951,-0.000265837,-0.001040672,-0.001557304,-0.001806317,-0.001818992,-0.001666243,-0.001419598,-0.001115831,-0.000754806,-0.00032952,0.000139328,0.000593805,0.000961754,0.001192706,0.001277803,0.001239705,0.001104166,0.000878983,0.000558239,0.000146614,-0.000318654,-0.00076855,-0.001126695,-0.001339074,-0.00138724,-0.001278535,-0.00102627,-0.00064028,-0.000137294,0.000438609,0.001006189,0.001461027,0.001708117,0.001693169,0.001414634,0.000914202,0.000259096,-0.000467719,-0.001166322,-0.001719064,-0.002005618,-0.001937243,-0.001495586,-0.000752774,0.000141591,0.001001474,0.001653514,0.001973843,0.001905704,0.001463875,0.000734463,-0.000130916,-0.000936427,-0.001486643,-0.001646223,-0.001390335,-0.000818182,-0.000118362,0.000499847,0.000877306,0.000948185,0.000743971,0.000367248,-4.70E-05,-0.000369291,-0.000508232,-0.000435309,-0.000195892,0.000104409,0.000340491,0.000422236,0.000335091,0.000141796,-5.78E-05,-0.000184874,-0.00022095,-0.000204449,-0.000190268,-0.00020349,-0.000220699,-0.000190754,-7.80E-05,0.000103728,0.00029097,0.000402324,0.000382913,0.000234643,1.76E-05,-0.000175859,-0.000261654,-0.000202891,-3.16E-05,0.000158596,0.000251597,0.000169618,-7.43E-05,-0.000365799
0.009175602,0.002748296,0.000833514,-0.000326647,-0.001158662,-0.001709654,-0.001980586,-0.002003002,-0.001842323,-0.001566489,-0.001216007,-0.000800997,-0.000325392,0.00018425,0.000670298,0.001063156,0.001312238,0.001404415,0.001357101,0.001194703,0.000929807,0.00056516,0.000113238,-0.000384987,-0.000860161,-0.00123561,-0.001454555,-0.001494197,-0.001359571,-0.00106689,-0.000633993,-8.72E-05,0.000522054,0.001109583,0.001570567,0.001809962,0.001772982,0.001458881,0.000913944,0.000214258,-0.000546787,-0.001261666,-0.00181101,-0.002078457,-0.001982051,-0.001509924,-0.000739096,0.00017701,0.001048981,0.00170131,0.002011124,0.001926869,0.001471193,0.000736813,-0.000123214,-0.000917914,-0.001460424,-0.001622942,-0.001383224,-0.000837024,-0.000165201,0.000431995,0.000803052,0.000886448,0.000713147,0.000379308,7.97E-06,-0.00028586,-0.000422055,-0.000374446,-0.00017917,7.59E-05,0.000284122,0.000365662,0.000303277,0.000145569,-2.60E-05,-0.000146197,-0.000199292,-0.00021455,-0.000230512,-0.000256434,-0.00026118,-0.000198174,-4.73E-05,0.000158272,0.000341482,0.000421725,0.000360553,0.000184458,-2.74E-05,-0.000181487,-0.000213994,-0.000120125,4.23E-05,0.000176754,0.000192403,5.28E-05,-0.000194051,-0.000426694
0.009599826,0.002846693,0.000836189,-0.000366295,-0.001215696,-0.001775258,-0.002054471,-0.002083812,-0.001921701,-0.001630767,-0.001253442,-0.000808254,-0.000308112,0.000216705,0.000711101,0.001110137,0.001364758,0.001458558,0.001404023,0.001223922,0.000934832,0.000546837,7.83E-05,-0.000428429,-0.000906498,-0.001281654,-0.001496672,-0.001525959,-0.001372852,-0.001056067,-0.000599976,-3.81E-05,0.000574702,0.001155005,0.001601946,0.001823993,0.001768049,0.001434481,0.000872407,0.000163078,-0.000594908,-0.001292476,-0.001814488,-0.002053284,-0.001936124,-0.001456989,-0.000693912,0.000202407,0.001047129,0.001670297,0.001955829,0.001859972,0.001411993,0.000706297,-0.000110192,-0.000859868,-0.001371813,-0.001530162,-0.001315555,-0.000816525,-0.000199578,0.000351518,0.000699012,0.00078889,0.000651254,0.000372458,5.85E-05,-0.000194888,-0.00032239,-0.000301001,-0.000156062,4.55E-05,0.000218733,0.000296636,0.000259903,0.000142087,4.54E-06,-0.000102959,-0.000168368,-0.000212242,-0.000256855,-0.000295829,-0.000290681,-0.000199597,-1.75E-05,0.000204565,0.000378055,0.0004251,0.000324452,0.000126242,-7.37E-05,-0.000183492,-0.000161455,-3.48E-05,0.000114932,0.000191484,0.000131393,-6.03E-05,-0.00030289,-0.000471578
0.009761263,0.002869368,0.000818696,-0.000394158,-0.00123948,-0.00179375,-0.002073969,-0.002108827,-0.001948932,-0.001650674,-0.001257414,-0.000795049,-0.000284364,0.000241811,0.000732124,0.0011274,0.001380985,0.001473724,0.001413321,0.00122073,0.000916035,0.000515893,4.35E-05,-0.000458751,-0.000927967,-0.001293767,-0.001499672,-0.001518076,-0.001350886,-0.001019022,-0.000552525,9.44E-06,0.000610022,0.001169169,0.001591986,0.001792225,0.001719508,0.001375356,0.00081069,0.000109918,-0.000625902,-0.001289249,-0.001772183,-0.001978038,-0.001844375,-0.001370552,-0.000633538,0.000222046,0.001019911,0.001599442,0.001854119,0.001749142,0.00131966,0.000659269,-9.50E-05,-0.000782885,-0.001253049,-0.001403568,-0.001218066,-0.000776058,-0.000226593,0.000266504,0.000582076,0.000675094,0.000574675,0.000355914,0.000105668,-0.000102049,-0.000217927,-0.000222674,-0.000130265,1.45E-05,0.000149856,0.000222511,0.00021151,0.000135137,3.40E-05,-5.80E-05,-0.00013314,-0.000203575,-0.000275626,-0.000327653,-0.000314129,-0.000197998,1.14E-05,0.000245901,0.000406988,0.000420311,0.000281905,6.47E-05,-0.000120172,-0.000183937,-0.000107464,5.05E-05,0.000186053,0.000204589,7.07E-05,-0.000169427,-0.000404425,-0.000507705
0.00954234,0.002782548,0.000772176,-0.000404805,-0.001214996,-0.001743951,-0.002014692,-0.002053077,-0.001900742,-0.001606493,-0.001213166,-0.000752504,-0.000251563,0.000255992,0.000724286,0.001101507,0.00134465,0.001432563,0.001368385,0.001170973,0.000863202,0.000467167,9.41E-06,-0.00046973,-0.00091326,-0.001256794,-0.001446309,-0.001453288,-0.001278556,-0.000944772,-0.000486367,5.39E-05,0.000619932,0.001138126,0.001522626,0.001694961,0.001608894,0.0012671,0.000720777,5.46E-05,-0.000631922,-0.001237156,-0.001664578,-0.001831697,-0.001687834,-0.001236981,-0.000552048,0.000233184,0.000956603,0.001472229,0.001686948,0.001576462,0.001180706,0.000588934,-7.68E-05,-0.00067965,-0.001092335,-0.00122981,-0.001078796,-0.000707305,-0.000242657,0.000176009,0.000447993,0.000539273,0.000477845,0.00032559,0.000147268,-7.55E-06,-0.000107705,-0.00013819,-0.00010094,-1.71E-05,7.66E-05,0.000141778,0.000156434,0.00012338,6.19E-05,-1.09E-05,-9.20E-05,-0.000185869,-0.000283411,-0.0003484,-0.000328757,-0.000192129,3.86E-05,0.000279823,0.000424808,0.000403941,0.000230494,-1.17E-06,-0.000166746,-0.000182309,-5.19E-05,0.000135134,0.000254542,0.00021545,1.13E-05,-0.000272096,-0.000494728,-0.000531106
0.008878263,0.002568005,0.000692303,-0.000394618,-0.001133405,-0.001613759,-0.001862948,-0.001902765,-0.00176453,-0.001487886,-0.001113397,-0.000676798,-0.000209459,0.000256155,0.000681674,0.00102448,0.001246647,0.001325868,0.001260931,0.001068204,0.000772422,0.000399694,-2.20E-05,-0.000456556,-0.000855403,-0.001162461,-0.001328056,-0.001323924,-0.001150067,-0.000830185,-0.000401462,9.21E-05,0.000598716,0.001054317,0.001385566,0.001524399,0.001430076,0.001106171,0.000602205,-3.64E-07,-0.000607882,-0.001129564,-0.001484657,-0.001608027,-0.001461997,-0.001054062,-0.000449617,0.000233628,0.000853681,0.001284633,0.001450536,0.001338886,0.000992979,0.000493925,-5.67E-05,-0.00055063,-0.000889816,-0.00100854,-0.000896629,-0.00060815,-0.000244658,8.38E-05,0.000300447,0.000384146,0.000361701,0.000280243,0.000180138,8.43E-05,4.04E-06,-5.05E-05,-6.91E-05,-4.82E-05,1.17E-06,5.68E-05,9.61E-05,0.000106899,8.71E-05,3.71E-05,-4.56E-05,-0.000158339,-0.00027812,-0.00035547,-0.000332611,-0.000181613,6.26E-05,0.000303822,0.000429135,0.000374881,0.000170778,-6.98E-05,-0.000212078,-0.000178848,2.92E-06,0.000215698,0.000317736,0.000223846,-4.41E-05,-0.000363029,-0.000568534,-0.000538985
0.007978301,0.002285902,0.000594939,-0.000373187,-0.001021363,-0.001440816,-0.001662107,-0.001702325,-0.001581748,-0.001330019,-0.000984489,-0.000583881,-0.000162819,0.000248514,0.000620325,0.000920157,0.001115907,0.001184557,0.00112064,0.000937802,0.000662117,0.000322924,-5.14E-05,-0.000430116,-0.000774426,-0.001037753,-0.00117574,-0.001160957,-0.000992677,-0.000695218,-0.000307602,0.000126402,0.000560566,0.000942577,0.001213183,0.001316023,0.001216489,0.000918831,0.000469804,-5.42E-05,-0.000567636,-0.000993071,-0.00126768,-0.001345204,-0.001201477,-0.000846822,-0.000337286,0.000228143,0.000730562,0.001066772,0.001179742,0.001069282,0.000781246,0.000386682,-3.58E-05,-0.000409494,-0.000667443,-0.000764531,-0.000693645,-0.000493761,-0.000238826,-7.87E-06,0.00014788,0.000220869,0.000236741,0.000227291,0.000207642,0.00017315,0.000114888,3.76E-05,-3.63E-05,-7.88E-05,-7.44E-05,-2.93E-05,3.39E-05,8.82E-05,0.000110679,8.49E-05,3.10E-06,-0.000125853,-0.000265785,-0.000354979,-0.000330527,-0.000168707,8.47E-05,0.000322072,0.000426052,0.000339314,0.000107347,-0.000138947,-0.000256198,-0.000174526,5.66E-05,0.00029298,0.000377254,0.000230875,-9.63E-05,-0.000446293,-0.000632328,-0.000538282
0.006723222,0.001902255,0.000471493,-0.000334554,-0.000863223,-0.001203315,-0.001387243,-0.001426398,-0.001328954,-0.001113282,-0.000812084,-0.000465526,-0.000109875,0.000228622,0.000530361,0.000774484,0.000935819,0.000991287,0.000931297,0.0007664,0.000523182,0.000232994,-7.69E-05,-0.000383083,-0.000658305,-0.000867339,-0.000972571,-0.000948222,-0.000792908,-0.00053087,-0.000201542,0.000153545,0.000496346,0.000788831,0.000988345,0.001052073,0.000952361,0.000693701,0.000318367,-0.000104996,-0.000502632,-0.000813736,-0.000996579,-0.001025832,-0.000891421,-0.000605364,-0.000211627,0.000213392,0.000578083,0.000805618,0.00086022,0.000754565,0.00053579,0.000262128,-1.43E-05,-0.000252146,-0.000418202,-0.000489491,-0.000461838,-0.000357585,-0.0002207,-9.67E-05,-9.47E-06,4.81E-05,0.000100371,0.000163357,0.000226091,0.000255651,0.00022215,0.00012453,-2.90E-06,-0.000107853,-0.000148836,-0.000115531,-3.01E-05,6.65E-05,0.000131258,0.000131731,5.44E-05,-8.62E-05,-0.000242694,-0.000342698,-0.000319203,-0.000152301,0.00010319,0.000331022,0.000411471,0.000294237,3.92E-05,-0.000207909,-0.000297768,-0.00016905,0.000107489,0.000363821,0.0004301,0.000235763,-0.000142828,-0.000516106,-0.000679385,-0.000524188
0.005204426,0.001443562,0.000329213,-0.000282542,-0.000670287,-0.000917424,-0.001057125,-0.001094354,-0.001024384,-0.000853352,-0.000608206,-0.000329339,-5.34E-05,0.000198521,0.000418229,0.000597505,0.000718908,0.000759752,0.000706379,0.000565898,0.000364704,0.00013517,-9.78E-05,-0.000319357,-0.000515307,-0.00066301,-0.000732563,-0.000700334,-0.000564202,-0.000347653,-8.93E-05,0.000173036,0.000411428,0.00060394,0.000726141,0.000749869,0.000654764,0.000444988,0.000156888,-0.000150788,-0.000418342,-0.000604036,-0.000689017,-0.000669898,-0.000550691,-0.000344019,-7.97E-05,0.000190877,0.000406105,0.000517473,0.000511475,0.000413527,0.000270933,0.000127351,6.34E-06,-8.74E-05,-0.000156003,-0.000198872,-0.000214527,-0.000207964,-0.000192307,-0.00017891,-0.000163829,-0.000125368,-4.01E-05,9.24E-05,0.000235465,0.000328643,0.000321379,0.000206589,2.95E-05,-0.000134579,-0.000219193,-0.000198129,-9.27E-05,4.33E-05,0.00014855,0.000175659,0.000105842,-4.21E-05,-0.000211109,-0.000320431,-0.00030006,-0.000133418,0.000117723,0.000331264,0.000387234,0.000242602,-3.02E-05,-0.00027376,-0.000335352,-0.000162826,0.000153706,0.000425975,0.00047482,0.000238541,-0.000182249,-0.000571033,-0.000709492,-0.000498592
0.00354471,0.000944879,0.000177042,-0.000223189,-0.000458579,-0.000605532,-0.000697392,-0.000732302,-0.000692211,-0.000570506,-0.000387769,-0.00018396,4.56E-06,0.000162608,0.000293958,0.000403605,0.00048226,0.000507869,0.000462719,0.00035027,0.000196327,3.37E-05,-0.000115706,-0.000246263,-0.000357693,-0.000440556,-0.000473155,-0.000434231,-0.000320836,-0.00015529,2.52E-05,0.000187674,0.000315011,0.000402409,0.00044446,0.000428174,0.000340575,0.000185109,-8.64E-06,-0.000192948,-0.000323435,-0.000378556,-0.000363155,-0.000296166,-0.000195541,-7.38E-05,5.42E-05,0.000163902,0.000224426,0.000216558,0.000149366,6.08E-05,-2.44E-06,-1.20E-05,2.63E-05,7.97E-05,0.000110838,9.76E-05,3.91E-05,-5.21E-05,-0.000158065,-0.000256045,-0.000314434,-0.00029698,-0.000181193,1.80E-05,0.000239197,0.000394955,0.000414518,0.000284669,6.09E-05,-0.000159571,-0.000286238,-0.000277518,-0.000153737,1.95E-05,0.000163675,0.000217307,0.000156609,4.13E-06,-0.000174778,-0.000292356,-0.000276359,-0.000113225,0.000129676,0.000326188,0.000357389,0.000187589,-9.95E-05,-0.000336896,-0.000370022,-0.000156184,0.000196561,0.000482106,0.000514034,0.00023994,-0.000216969,-0.000616282,-0.000728901,-0.000466224
0.001707902,0.000396304,1.30E-05,-0.000153998,-0.000222696,-0.000260494,-0.000300145,-0.000332471,-0.000325568,-0.000259401,-0.000147376,-2.81E-05,6.32E-05,0.00011825,0.000153484,0.000187816,0.000220615,0.000230729,0.000196369,0.000117015,1.73E-05,-7.03E-05,-0.000127903,-0.000159939,-0.000180885,-0.000195322,-0.000190293,-0.000147084,-6.17E-05,4.55E-05,0.000139695,0.000193734,0.000202716,0.000179968,0.000139902,8.51E-05,9.74E-06,-8.41E-05,-0.000174948,-0.000227512,-0.000214177,-0.000134688,-1.81E-05,9.43E-05,0.000171329,0.000201615,0.000186974,0.00013031,3.29E-05,-9.50E-05,-0.00022222,-0.000299135,-0.000280496,-0.00015427,4.42E-05,0.000245069,0.000376099,0.00039357,0.000294436,0.000108774,-0.000115286,-0.000321948,-0.000453302,-0.000459351,-0.000318455,-5.96E-05,0.000233262,0.000447673,0.000494154,0.000353334,8.94E-05,-0.000180872,-0.000345466,-0.000348752,-0.000209762,-4.12E-06,0.000174746,0.000253654,0.000204399,5.22E-05,-0.000131814,-0.000255447,-0.000245698,-9.14E-05,0.000136887,0.000312268,0.000319049,0.000128743,-0.00016629,-0.000393204,-0.00039848,-0.000148958,0.000232358,0.000526175,0.00054254,0.000238793,-0.000242773,-0.000643772,-0.000729535,-0.000423317
-0.000160118,-0.000160397,-0.000152175,-8.20E-05,1.85E-05,9.12E-05,0.000104244,7.41E-05,4.68E-05,5.57E-05,9.50E-05,0.00012761,0.000119892,7.03E-05,8.44E-06,-3.30E-05,-4.58E-05,-5.03E-05,-7.24E-05,-0.000116856,-0.000160458,-0.000171337,-0.000135762,-6.86E-05,8.25E-07,5.40E-05,9.51E-05,0.000140449,0.000195587,0.00024226,0.000248627,0.000193735,8.50E-05,-4.62E-05,-0.000165831,-0.000256209,-0.000316402,-0.000346511,-0.000333519,-0.000255132,-0.000100467,0.000109856,0.000323282,0.000477364,0.000528542,0.000467288,0.000312206,9.36E-05,-0.000156177,-0.000398711,-0.000582044,-0.000646283,-0.00054824,-0.000291709,5.97E-05,0.000401078,0.00062741,0.00067472,0.000538337,0.00026499,-6.88E-05,-0.000376841,-0.000577071,-0.000607147,-0.00044618,-0.000135481,0.000220783,0.000488252,0.000560465,0.000412103,0.000114482,-0.000198599,-0.000396383,-0.000410768,-0.000259429,-2.64E-05,0.000182475,0.000284359,0.000247493,9.90E-05,-8.63E-05,-0.000213919,-0.000211329,-6.94E-05,0.000140378,0.000292552,0.000276279,6.99E-05,-0.000228012,-0.000441711,-0.000420821,-0.000141359,0.000261573,0.000559475,0.000561751,0.000235449,-0.000261367,-0.0006574,-0.000716499,-0.000374451
-0.002033055,-0.00071791,-0.000316805,-8.67E-06,0.000261256,0.00044458,0.000510131,0.000481916,0.000419734,0.00037079,0.000336608,0.000281931,0.000174699,2.04E-05,-0.000138543,-0.00025534,-0.000313228,-0.000331564,-0.000340517,-0.000349075,-0.000335735,-0.00026939,-0.00014059,2.53E-05,0.000184378,0.000303914,0.000379643,0.000425712,0.000449208,0.000434467,0.000352795,0.000189582,-3.55E-05,-0.000272993,-0.000469747,-0.000593285,-0.000636436,-0.000601815,-0.000485322,-0.000277704,1.53E-05,0.000352714,0.000659239,0.000852037,0.000875979,0.000723872,0.000431127,5.50E-05,-0.000341913,-0.000694245,-0.000930557,-0.00098155,-0.000806505,-0.000424617,7.35E-05,0.000549286,0.000866885,0.000943177,0.000772183,0.000416599,-2.03E-05,-0.000423626,-0.000689261,-0.000743504,-0.000566151,-0.000209623,0.000203848,0.000520028,0.000616941,0.000463494,0.000137044,-0.000213684,-0.000441077,-0.000465823,-0.000304222,-4.76E-05,0.000187801,0.000310827,0.000286885,0.000144405,-3.94E-05,-0.000169472,-0.000174596,-4.73E-05,0.000141236,0.000268902,0.000230711,1.14E-05,-0.000285661,-0.0004843,-0.000438613,-0.000133489,0.000285972,0.000584937,0.00057422,0.000230493,-0.00027484,-0.000661221,-0.000693935,-0.000321708
-0.00379516,-0.001242406,-0.000471318,6.14E-05,0.000491681,0.000779423,0.000893949,0.00086638,0.000770104,0.000665599,0.000561626,0.000424443,0.000223288,-2.98E-05,-0.000279974,-0.000467056,-0.000565996,-0.000595544,-0.000590273,-0.000563613,-0.000495783,-0.000356404,-0.000140024,0.000118136,0.000360006,0.000539738,0.000645186,0.000688946,0.000680312,0.000606545,0.000442179,0.000178586,-0.000153089,-0.000486877,-0.000751754,-0.00090205,-0.000925618,-0.000828415,-0.000615451,-0.000289909,0.000127374,0.000577279,0.000964565,0.0011886,0.001184583,0.000948319,0.000531207,1.52E-05,-0.000510299,-0.000956811,-0.001237022,-0.001274614,-0.001031775,-0.000541247,8.31E-05,0.000674454,0.001070501,0.001172334,0.000973382,0.000550253,2.88E-05,-0.000453045,-0.000773566,-0.00085062,-0.000664591,-0.000275999,0.000179808,0.000533865,0.000652177,0.000498466,0.000153656,-0.000223043,-0.000471743,-0.000504806,-0.000337276,-6.52E-05,0.000188375,0.000327673,0.000316714,0.000184311,7.18E-06,-0.000122031,-0.000135284,-2.61E-05,0.000137157,0.000239074,0.000182263,-4.30E-05,-0.000332303,-0.000513037,-0.000446382,-0.000125077,0.000300257,0.000594233,0.00057294,0.000222139,-0.000278584,-0.000646744,-0.000654582,-0.000264102
-0.005397539,-0.001720328,-0.000612759,0.000125288,0.000702726,0.001086297,0.001245146,0.001217058,0.001088502,0.000932679,0.000765068,0.000552924,0.000266196,-7.72E-05,-0.000410792,-0.000661682,-0.000797087,-0.000835479,-0.000815979,-0.000756464,-0.000638745,-0.000432848,-0.000136753,0.000205231,0.000521911,0.000755157,0.000885794,0.000925497,0.000886146,0.000758035,0.00051865,0.000164614,-0.000262669,-0.000682108,-0.001006541,-0.001178508,-0.001181933,-0.001026571,-0.000726286,-0.000295651,0.000231191,0.000779399,0.00123634,0.001485881,0.001454992,0.001142676,0.000615133,-2.34E-05,-0.000660071,-0.001186733,-0.001503241,-0.001528063,-0.00122634,-0.00064247,9.00E-05,0.000780043,0.001243131,0.001367083,0.00114523,0.000666333,7.52E-05,-0.000471097,-0.000837384,-0.000935163,-0.000745385,-0.000334447,0.000152827,0.000536549,0.000673325,0.000522216,0.000166063,-0.000228531,-0.000492632,-0.000532353,-0.000361682,-7.98E-05,0.000186027,0.000337718,0.000339035,0.000218709,5.13E-05,-7.48E-05,-9.60E-05,-6.29E-06,0.000130299,0.000206692,0.000134035,-9.27E-05,-0.000370043,-0.000531717,-0.000447225,-0.000116256,0.000308007,0.000593212,0.000562946,0.000211479,-0.000276805,-0.000622026,-0.000606579,-0.000205612
-0.006866331,-0.002159309,-0.00074329,0.000183877,0.000897539,0.00136976,0.001569047,0.001539477,0.001380167,0.001176591,0.000950502,0.000669717,0.000304407,-0.000122231,-0.000532693,-0.000841987,-0.001010039,-0.001055314,-0.001021605,-0.000931235,-0.000767491,-0.000500536,-0.0001313,0.000287487,0.0006723,0.000953509,0.001105589,0.001139808,0.001070957,0.000892437,0.000584449,0.00014826,-0.000365453,-0.000861737,-0.001238628,-0.001428076,-0.001410938,-0.001201139,-0.000821171,-0.000296119,0.000328068,0.000962808,0.001480219,0.001750552,0.00169373,0.001312117,0.000685717,-6.10E-05,-0.000794377,-0.001389583,-0.001736114,-0.001748706,-0.001395482,-0.00073093,9.46E-05,0.000869467,0.001390163,0.001533397,0.001292802,0.000767841,0.000119483,-0.000479853,-0.000884369,-0.001001127,-0.000811625,-0.000386317,0.000123497,0.000530129,0.000682941,0.000536773,0.000175022,-0.000230848,-0.0005055,-0.000550514,-0.000378985,-9.19E-05,0.000181293,0.00034218,0.000355171,0.000248538,9.34E-05,-2.79E-05,-5.67E-05,1.24E-05,0.00012118,0.000172266,8.61E-05,-0.000138329,-0.000400445,-0.000542132,-0.000442386,-0.000107096,0.000310414,0.000583754,0.00054583,0.000198925,-0.000270537,-0.000588985,-0.000551572,-0.000146471
-0.007924626,-0.002479284,-0.000841278,0.000225162,0.001041372,0.001580368,0.001808482,0.001774907,0.001590087,0.001350317,0.001082186,0.000752614,0.000330396,-0.000157801,-0.000625406,-0.000977098,-0.00116687,-0.001213976,-0.001167152,-0.00105303,-0.000855856,-0.000544927,-0.000122568,0.000352155,0.00078575,0.001099395,0.001263147,0.001289232,0.001196047,0.000980029,0.000623117,0.000129215,-0.000444697,-0.000993427,-0.001403935,-0.001600781,-0.001563871,-0.001311941,-0.000875065,-0.000286044,0.00040174,0.00109142,0.001645549,0.001925553,0.001847093,0.001415869,0.000722642,-9.36E-05,-0.000885509,-0.001519271,-0.001880186,-0.001882739,-0.001497742,-0.000785507,9.44E-05,0.000918359,0.001472379,0.001627179,0.001377579,0.0008301,0.000154741,-0.00046915,-0.000892753,-0.001023026,-0.000842048,-0.000420156,9.18E-05,0.000505468,0.000668068,0.000531341,0.000176324,-0.000226253,-0.000500571,-0.000547564,-0.000379951,-9.79E-05,0.000171736,0.000334079,0.000356408,0.000265963,0.000127744,1.52E-05,-1.99E-05,2.78E-05,0.000107941,0.000135656,4.16E-05,-0.000172497,-0.000412871,-0.000533597,-0.00042493,-9.71E-05,0.000301687,0.000556832,0.000514002,0.000182161,-0.000256075,-0.000540897,-0.000485131,-8.92E-05
-0.008733813,-0.002727232,-0.000919817,0.000255583,0.001153898,0.001746443,0.001996439,0.001957488,0.001750532,0.001481788,0.001181771,0.000815597,0.000349694,-0.000186926,-0.000699806,-0.001084377,-0.001289513,-0.00133571,-0.00127678,-0.001143532,-0.000920797,-0.000576363,-0.000112971,0.000405249,0.000876267,0.001213434,0.001383509,0.001400423,0.001286505,0.001041086,0.000647168,0.000110044,-0.000508792,-0.001096032,-0.001529696,-0.001728738,-0.001673215,-0.001386904,-0.000906702,-0.000271405,0.000460739,0.00118768,0.001765566,0.002049582,0.001952538,0.001483294,0.000741519,-0.000122449,-0.000951883,-0.001607842,-0.001974825,-0.00196882,-0.001563048,-0.000821232,9.18E-05,0.000945627,0.001519749,0.001681752,0.001428068,0.000870327,0.000183826,-0.000449589,-0.000881955,-0.001022393,-0.000853613,-0.000443765,6.01E-05,0.000472858,0.00064185,0.000516443,0.000173946,-0.000218349,-0.000487019,-0.000534279,-0.000372775,-0.000100551,0.000160027,0.000319803,0.00034991,0.000276391,0.000157061,5.51E-05,1.47E-05,4.12E-05,9.31E-05,9.90E-05,1.79E-07,-0.000199934,-0.000415848,-0.000515591,-0.000401331,-8.65E-05,0.000287887,0.000521978,0.000475498,0.00016333,-0.000238425,-0.000487006,-0.00041493,-3.44E-05
-0.009274792,-0.002897632,-0.000977421,0.000274306,0.001232714,0.001864572,0.002128978,0.00208317,0.001857711,0.001567764,0.001246798,0.000857143,0.000361787,-0.000209114,-0.00075449,-0.001161694,-0.001375348,-0.001417687,-0.001347735,-0.00120034,-0.00096052,-0.000593851,-0.000102441,0.000445886,0.000942094,0.001293186,0.001463823,0.001470449,0.001339674,0.001073572,0.000655482,9.07E-05,-0.000556578,-0.001167322,-0.001612881,-0.001808514,-0.001735627,-0.001423276,-0.000914374,-0.000251851,0.00050394,0.00124911,0.001836795,0.002118728,0.002006388,0.001511604,0.000740961,-0.000147379,-0.000991599,-0.001652142,-0.002016237,-0.002003271,-0.001588564,-0.000836659,8.67E-05,0.000949612,0.001529599,0.001694106,0.001441638,0.00088683,0.000206266,-0.000420486,-0.000850501,-0.000997494,-0.00084487,-0.000456358,2.86E-05,0.000431688,0.000603414,0.000491349,0.000167603,-0.00020688,-0.00046418,-0.00050986,-0.000356832,-9.97E-05,0.000145999,0.000298875,0.000335082,0.000279284,0.000180942,9.15E-05,4.68E-05,5.24E-05,7.65E-05,6.23E-05,-3.80E-05,-0.000220126,-0.000408649,-0.000487388,-0.000371113,-7.55E-05,0.000268622,0.000478581,0.000429803,0.000142272,-0.000217341,-0.000426862,-0.000340676,1.79E-05
-0.009280371,-0.00291344,-0.000993577,0.000269204,0.001243699,0.001886477,0.002150523,0.002095156,0.001858742,0.001563396,0.001243557,0.000856783,0.000360482,-0.00021647,-0.000768959,-0.001178597,-0.001387494,-0.001420563,-0.001342251,-0.001191081,-0.000951395,-0.00058512,-9.16E-05,0.000460395,0.000957896,0.001304462,0.001464982,0.001459896,0.001320651,0.001051617,0.000634928,7.32E-05,-0.000570619,-0.001176107,-0.001612418,-0.00179473,-0.001707921,-0.00138657,-0.000877818,-0.000224995,0.000514819,0.001242276,0.001813885,0.002083053,0.001962588,0.00146669,0.000704871,-0.000163613,-0.000980102,-0.001612598,-0.001957526,-0.00194098,-0.001539617,-0.000813886,7.78E-05,0.0009112,0.001470697,0.001628766,0.001386741,0.000858427,0.00021446,-0.00037638,-0.000783629,-0.000929923,-0.000799524,-0.000447933,-6.43E-07,0.000377685,0.00054538,0.000449545,0.000154685,-0.000189471,-0.000425744,-0.000466586,-0.000325822,-9.25E-05,0.000128367,0.000266627,0.000305406,0.000267875,0.00019346,0.000119907,7.32E-05,5.93E-05,5.77E-05,2.72E-05,-6.86E-05,-0.000226203,-0.00038311,-0.000441566,-0.000329722,-6.34E-05,0.000240715,0.000421725,0.000372791,0.000117433,-0.000191802,-0.000358732,-0.000262637,6.34E-05
-0.009024194,-0.002853704,-0.000989549,0.000252318,0.001221332,0.001861138,0.002117651,0.0020515,0.001807933,0.001515017,0.001207167,0.00083621,0.000352932,-0.00021626,-0.000763474,-0.001165749,-0.001363531,-0.001384849,-0.001299644,-0.001149907,-0.000918866,-0.000564087,-8.11E-05,0.000461717,0.000948987,0.001282235,0.001427688,0.001410464,0.00126706,0.001003882,0.000601078,5.73E-05,-0.000567776,-0.001154323,-0.001571482,-0.00173604,-0.001637306,-0.001315414,-0.000820808,-0.000195377,0.000509644,0.001202476,0.001745992,0.001997646,0.001872762,0.001387539,0.000652463,-0.00017533,-0.000944209,-0.001533526,-0.001851843,-0.001833426,-0.001455856,-0.000773177,6.73E-05,0.000853373,0.001380156,0.001527559,0.001300059,0.000808863,0.000215378,-0.000326245,-0.000701322,-0.000843352,-0.000737552,-0.000429543,-2.81E-05,0.000318779,0.000479309,0.000400745,0.000138988,-0.000169528,-0.000380625,-0.000415181,-0.000288237,-8.23E-05,0.000109303,0.000229482,0.000269055,0.000249716,0.000200254,0.000143906,9.64E-05,6.42E-05,3.82E-05,-6.45E-06,-9.51E-05,-0.000225481,-0.000349238,-0.000388018,-0.000283535,-5.08E-05,0.000209304,0.00035945,0.00031124,9.10E-05,-0.000164842,-0.000288147,-0.000184158,0.000105019
-0.008427143,-0.002695598,-0.000959247,0.000220064,0.001155501,0.001774241,0.002013888,0.001935373,0.001689631,0.001409353,0.001127653,0.000789368,0.000337309,-0.000206134,-0.00073195,-0.001114118,-0.001292528,-0.001298897,-0.00120874,-0.001067244,-0.000855948,-0.00052713,-7.12E-05,0.000445791,0.000907851,0.001216377,0.001340368,0.001310499,0.001168589,0.000922731,0.000550064,4.34E-05,-0.000542875,-0.001092731,-0.001477918,-0.001619031,-0.00151103,-0.001199637,-0.000737378,-0.000162315,0.000483521,0.001119827,0.001619717,0.001847761,0.001723321,0.001264097,0.000579004,-0.000181115,-0.000876671,-0.001403254,-0.001685363,-0.00166731,-0.001327058,-0.000709249,5.47E-05,0.000770507,0.001248785,0.00138004,0.001172301,0.00073189,0.000206759,-0.000268502,-0.000599267,-0.000732386,-0.000654166,-0.000398234,-5.30E-05,0.000253746,0.00040306,0.000343054,0.000119755,-0.000146357,-0.000326982,-0.00035339,-0.000242241,-6.85E-05,8.84E-05,0.00018608,0.00022412,0.000222812,0.000199565,0.000162146,0.000115472,6.63E-05,1.78E-05,-3.83E-05,-0.000116214,-0.000215926,-0.000304632,-0.000324575,-0.000231227,-3.77E-05,0.000173467,0.000290334,0.000243963,6.25E-05,-0.000136175,-0.000214638,-0.000105371,0.00014147
-0.007383275,-0.002408515,-0.000894532,0.000167476,0.001032332,0.001606211,0.001816841,0.001724106,0.00148295,0.001228879,0.000991991,0.000708528,0.000311594,-0.000182466,-0.000665747,-0.001011217,-0.001159674,-0.001147215,-0.001054961,-0.000930861,-0.000753999,-0.000470161,-6.28E-05,0.00040652,0.000823984,0.001093231,0.001187871,0.001145183,0.00101255,0.000799217,0.000477948,3.35E-05,-0.000488377,-0.000978898,-0.001316046,-0.001426984,-0.001313771,-0.001027593,-0.000621349,-0.000126137,0.0004295,0.0009817,0.001418682,0.00161594,0.001498674,0.001085304,0.000479802,-0.000178628,-0.000768742,-0.001208398,-0.001442617,-0.001427955,-0.001141974,-0.000616158,4.00E-05,0.000657081,0.001067304,0.001175493,0.00099365,0.000620391,0.000185102,-0.000203078,-0.000474635,-0.00059272,-0.000544935,-0.000350521,-7.35E-05,0.0001831,0.000316183,0.000275771,9.67E-05,-0.000119605,-0.000263834,-0.000279921,-0.000186636,-5.03E-05,6.58E-05,0.000135641,0.000169003,0.000184884,0.000188736,0.000172063,0.000128404,6.49E-05,-2.94E-06,-6.65E-05,-0.00012947,-0.000194931,-0.000247073,-0.000249771,-0.000172139,-2.38E-05,0.000133082,0.00021434,0.00017102,3.18E-05,-0.000106564,-0.000139899,-2.88E-05,0.000170001
-0.006131917,-0.002061485,-0.000813791,0.000105414,0.000882403,0.001400314,0.001576309,0.001468584,0.001235257,0.00101376,0.000830373,0.000612022,0.000281333,-0.000152332,-0.000583241,-0.000884334,-0.000998009,-0.000965042,-0.000872126,-0.000769748,-0.000634179,-0.000404169,-5.54E-05,0.000356153,0.000720088,0.000943425,0.001005223,0.000949807,0.000830192,0.000656501,0.000396486,2.58E-05,-0.000419899,-0.000840764,-0.001122648,-0.001200536,-0.001084199,-0.00083016,-0.000490862,-8.90E-05,0.000362373,0.000818027,0.001183499,0.001346905,0.001240066,0.000881709,0.00036928,-0.000172116,-0.000642407,-0.000984388,-0.001165599,-0.001155766,-0.00093167,-0.000509952,2.46E-05,0.000530213,0.000863691,0.0009457,0.000792366,0.000493343,0.000157213,-0.000134868,-0.000340653,-0.00044085,-0.000424459,-0.000295362,-9.15E-05,0.000110683,0.000225303,0.00020474,7.20E-05,-9.14E-05,-0.000196855,-0.000201707,-0.000127068,-3.01E-05,4.26E-05,8.24E-05,0.000109553,0.000141992,0.000173064,0.000177807,0.000138241,6.19E-05,-2.36E-05,-9.27E-05,-0.00013879,-0.000168647,-0.000183888,-0.000170276,-0.000110374,-9.70E-06,9.10E-05,0.000135902,9.61E-05,2.90E-07,-7.69E-05,-6.55E-05,4.58E-05,0.000194384
-0.004593962,-0.001631615,-0.000710887,3.02E-05,0.000695413,0.001141975,0.001275596,0.00115188,0.000930937,0.000750857,0.000632988,0.000493969,0.0002449,-0.000113137,-0.000478068,-0.0007242,-0.000796486,-0.000740775,-0.00064926,-0.000574636,-0.000489858,-0.000325908,-4.96E-05,0.000290278,0.000588391,0.000756753,0.000781013,0.00071312,0.000611784,0.000487605,0.000302445,2.14E-05,-0.00033194,-0.00066903,-0.000885848,-0.000926897,-0.000810464,-0.000598197,-0.000340902,-5.08E-05,0.000277035,0.000619229,0.00090156,0.001027077,0.000935251,0.000644515,0.000243582,-0.000159907,-0.000490902,-0.000720719,-0.000842077,-0.000839084,-0.000687202,-0.00038594,8.14E-06,0.000385321,0.000630336,0.000681933,0.000560549,0.000345166,0.000120586,-6.34E-05,-0.000194581,-0.000272939,-0.000289003,-0.000230045,-0.000105783,3.64E-05,0.000129573,0.000129046,4.55E-05,-6.14E-05,-0.00012501,-0.000117431,-6.24E-05,-7.35E-06,1.87E-05,2.55E-05,4.44E-05,9.24E-05,0.000150604,0.000177566,0.000143614,5.65E-05,-4.40E-05,-0.000115857,-0.000142462,-0.000135073,-0.000113214,-8.47E-05,-4.53E-05,4.71E-06,4.69E-05,5.46E-05,1.91E-05,-3.21E-05,-4.76E-05,7.67E-06,0.000116904,0.000212696
-0.00283164,-0.001136623,-0.000590368,-5.52E-05,0.000479022,0.000841966,0.000927215,0.000787016,0.000582344,0.000450789,0.000407873,0.000359295,0.000203936,-6.64E-05,-0.000354592,-0.00053751,-0.000563464,-0.0004836,-0.00039541,-0.00035344,-0.000326957,-0.000238676,-4.57E-05,0.000211589,0.000434388,0.000540996,0.0005245,0.000444796,0.000366193,0.00029939,0.00019968,2.05E-05,-0.000228098,-0.000470807,-0.000615472,-0.000617372,-0.000503774,-0.000341091,-0.000177451,-1.31E-05,0.000177026,0.00039344,0.000584398,0.000669547,0.000596681,0.000383329,0.000107671,-0.000142697,-0.000320533,-0.000428126,-0.000485084,-0.000490599,-0.00041835,-0.000249095,-8.61E-06,0.000228223,0.000376616,0.00039477,0.000307451,0.000181736,7.67E-05,8.62E-06,-4.21E-05,-9.55E-05,-0.00014382,-0.000157206,-0.000115916,-3.70E-05,3.25E-05,5.16E-05,1.81E-05,-3.06E-05,-5.09E-05,-3.03E-05,4.94E-06,1.70E-05,-5.04E-06,-3.30E-05,-2.41E-05,3.79E-05,0.000122405,0.000171703,0.000144692,4.92E-05,-6.34E-05,-0.000135339,-0.000140794,-9.58E-05,-3.77E-05,3.90E-06,2.11E-05,1.91E-05,2.42E-06,-2.67E-05,-5.77E-05,-6.45E-05,-1.97E-05,7.73E-05,0.000182466,0.000224776
-0.000975879,-0.000614357,-0.000462355,-0.000144932,0.000250211,0.000524305,0.000558709,0.000401963,0.000215336,0.000135349,0.000171316,0.000217784,0.000161189,-1.64E-05,-0.000223243,-0.000339513,-0.00031718,-0.00021273,-0.000128801,-0.000121599,-0.000156558,-0.000147955,-4.28E-05,0.000127273,0.000270844,0.000313004,0.000254613,0.000163584,0.000109715,0.000103613,9.37E-05,2.15E-05,-0.000117368,-0.00026145,-0.000331251,-0.000293322,-0.000184027,-7.43E-05,-9.12E-06,2.39E-05,7.07E-05,0.000156608,0.000253124,0.00029716,0.000245057,0.00011313,-3.18E-05,-0.00012315,-0.000142645,-0.000124375,-0.00011539,-0.00013015,-0.000140346,-0.000107376,-2.53E-05,6.68E-05,0.000115647,9.92E-05,4.66E-05,1.25E-05,2.95E-05,7.99E-05,0.000111859,8.47E-05,4.55E-06,-8.14E-05,-0.000123822,-0.000109136,-6.40E-05,-2.58E-05,-9.40E-06,1.77E-07,2.33E-05,5.73E-05,7.28E-05,4.19E-05,-2.84E-05,-9.15E-05,-9.35E-05,-1.84E-05,9.16E-05,0.000163051,0.000143593,4.10E-05,-8.20E-05,-0.000152756,-0.000136463,-5.41E-05,3.93E-05,9.31E-05,8.73E-05,3.33E-05,-4.18E-05,-0.000107189,-0.000133376,-9.65E-05,7.26E-06,0.000144351,0.000244407,0.000233546
0.000976246,-6.36E-05,-0.000326283,-0.000239001,8.22E-06,0.000187811,0.000168873,-4.19E-06,-0.000170619,-0.000195727,-7.68E-05,6.94E-05,0.000116831,3.75E-05,-8.32E-05,-0.000129335,-5.69E-05,7.22E-05,0.000150658,0.000120757,2.11E-05,-5.42E-05,-4.16E-05,3.65E-05,9.69E-05,7.21E-05,-2.89E-05,-0.000130315,-0.000157083,-9.89E-05,-1.45E-05,2.52E-05,1.05E-06,-4.04E-05,-3.30E-05,4.48E-05,0.000147774,0.000200779,0.000162659,5.91E-05,-4.25E-05,-9.12E-05,-9.15E-05,-8.88E-05,-0.000117906,-0.000164301,-0.000173327,-0.000100664,4.23E-05,0.000189006,0.000264784,0.000239925,0.000144978,3.84E-05,-4.16E-05,-9.73E-05,-0.000150188,-0.000202074,-0.000219814,-0.0001615,-2.13E-05,0.000148699,0.000264443,0.000264966,0.000154392,-2.94E-06,-0.000128338,-0.000177817,-0.000157608,-0.000101415,-3.63E-05,3.04E-05,9.64E-05,0.000143535,0.000139866,6.70E-05,-5.08E-05,-0.000148983,-0.000162644,-7.62E-05,5.77E-05,0.000150579,0.000139438,3.19E-05,-9.92E-05,-0.000166872,-0.000128457,-9.84E-06,0.000116913,0.000181165,0.000152053,4.70E-05,-8.46E-05,-0.000184684,-0.000206005,-0.000127301,3.21E-05,0.000206146,0.00029985,0.000237393
0.002896621,0.000478803,-0.000191718,-0.000331448,-0.000230602,-0.000144515,-0.000215816,-0.000404318,-0.0005502,-0.00052097,-0.000320488,-7.62E-05,7.36E-05,9.13E-05,5.56E-05,7.85E-05,0.000199757,0.000352539,0.000424945,0.000358245,0.000194807,3.71E-05,-4.17E-05,-5.40E-05,-7.52E-05,-0.000165331,-0.000307442,-0.000418197,-0.000417692,-0.00029612,-0.000118979,3.06E-05,0.000118748,0.000177543,0.000259735,0.000375655,0.000471292,0.000467964,0.000328453,9.15E-05,-0.000154586,-0.000334144,-0.000428203,-0.000464793,-0.000470629,-0.000432975,-0.00030944,-7.74E-05,0.000222752,0.000493447,0.000633425,0.000598455,0.000421339,0.000179699,-5.68E-05,-0.000255292,-0.000406366,-0.000492553,-0.000477001,-0.000330243,-7.22E-05,0.000212453,0.000408869,0.000436665,0.00029807,7.35E-05,-0.000130536,-0.00024112,-0.000245031,-0.000172243,-6.15E-05,5.90E-05,0.000165135,0.000224771,0.00020323,9.11E-05,-7.14E-05,-0.000202975,-0.000228444,-0.000132273,2.34E-05,0.000136318,0.000133652,2.26E-05,-0.000114612,-0.000178324,-0.000118659,3.38E-05,0.000191252,0.000264544,0.000212882,5.98E-05,-0.000124571,-0.000256754,-0.00027334,-0.000155891,5.45E-05,0.000261785,0.000348604,0.00023797
0.00476909,0.001008076,-6.01E-05,-0.000421557,-0.000463899,-0.000469265,-0.000591553,-0.000794765,-0.00092025,-0.000837853,-0.00055783,-0.000218029,3.18E-05,0.000144126,0.000191548,0.000281741,0.000450353,0.000625799,0.000692032,0.000589289,0.000363641,0.00012539,-4.24E-05,-0.000142973,-0.00024375,-0.000397154,-0.000578819,-0.000698183,-0.000670755,-0.000487221,-0.000219751,3.68E-05,0.000234205,0.000390309,0.000544865,0.000697182,0.000785079,0.000726539,0.000488311,0.000121813,-0.000264363,-0.000570568,-0.000755143,-0.000829382,-0.000812073,-0.00069252,-0.000440371,-5.42E-05,0.000397861,0.000788096,0.000989839,0.000944924,0.000688368,0.000316337,-7.13E-05,-0.000407442,-0.000653131,-0.000772411,-0.000724973,-0.00049339,-0.000122293,0.000272404,0.000546477,0.000600927,0.000436081,0.00014762,-0.000131424,-0.000300463,-0.000327634,-0.000239296,-8.53E-05,8.61E-05,0.000230446,0.000301932,0.000263505,0.000114154,-9.07E-05,-0.000254177,-0.000291324,-0.000186473,-1.06E-05,0.000121287,0.000127075,1.35E-05,-0.000128775,-0.000188134,-0.000108056,7.64E-05,0.000262601,0.000344017,0.000270622,7.18E-05,-0.000162369,-0.000324709,-0.000336689,-0.00018279,7.53E-05,0.000313146,0.000392873,0.000236707
0.006462307,0.001487045,5.92E-05,-0.000503079,-0.000675411,-0.000763758,-0.000932032,-0.001148138,-0.001254767,-0.001124091,-0.00077214,-0.000345955,-5.62E-06,0.00019259,0.000315309,0.000466227,0.000677295,0.000872775,0.000933069,0.000797556,0.000515577,0.00020444,-4.40E-05,-0.000224437,-0.000396896,-0.000607052,-0.000823818,-0.000950368,-0.000898223,-0.000658532,-0.000309421,4.36E-05,0.000339569,0.000583056,0.000802168,0.000986418,0.001066546,0.00095778,0.000630555,0.000147659,-0.000364185,-0.000783765,-0.001049042,-0.001156324,-0.001117475,-0.000923929,-0.000556388,-3.24E-05,0.00055497,0.001051565,0.001308146,0.001254181,0.000926675,0.000438345,-8.39E-05,-0.00054255,-0.000872282,-0.001020961,-0.00094544,-0.000639079,-0.000168275,0.000323634,0.000666676,0.000745391,0.000558241,0.000214134,-0.000130644,-0.000351121,-0.000398951,-0.000297285,-0.000105722,0.000109896,0.00028724,0.000368955,0.000315961,0.000134499,-0.000107024,-0.000298523,-0.000346508,-0.000234976,-4.22E-05,0.000106223,0.000120001,5.22E-06,-0.00014042,-0.000195315,-9.72E-05,0.000114893,0.000325667,0.000413633,0.000320913,8.22E-05,-0.000195109,-0.000383272,-0.000391027,-0.000205789,9.27E-05,0.000355894,0.000428632,0.00023313
0.007930225,0.001902305,0.000162615,-0.000573867,-0.00085898,-0.001019268,-0.001227321,-0.001454485,-0.00154469,-0.001372145,-0.000957839,-0.000456721,-3.78E-05,0.000234924,0.000422912,0.00062635,0.000874042,0.001086745,0.001141831,0.000977898,0.000647045,0.000272622,-4.58E-05,-0.000295504,-0.000529937,-0.000789008,-0.001035924,-0.001168536,-0.001094913,-0.000806535,-0.000386627,5.01E-05,0.000431357,0.000750315,0.001024944,0.001236429,0.001309546,0.001157227,0.000753053,0.000169555,-0.000450903,-0.000968407,-0.001303211,-0.001438674,-0.001380818,-0.001123127,-0.000655985,-1.34E-05,0.000690545,0.001278712,0.001582549,0.001520802,0.00113211,0.000543484,-9.48E-05,-0.000658812,-0.001060705,-0.001234556,-0.001134972,-0.00076463,-0.000208493,0.000366768,0.000769194,0.000869135,0.000663258,0.000271663,-0.00012943,-0.000394031,-0.000459577,-0.000346499,-0.000122893,0.000130311,0.000335596,0.000425873,0.000360517,0.000151926,-0.000120672,-0.000336079,-0.000393671,-0.000276931,-7.00E-05,9.26E-05,0.00011354,-1.79E-06,-0.000149984,-0.000200974,-8.76E-05,0.000148108,0.000379819,0.00047329,0.000363925,9.11E-05,-0.000223091,-0.000433103,-0.000437044,-0.000225096,0.000107466,0.000391604,0.000457908,0.000228944
0.009221676,0.002267631,0.000253563,-0.000636254,-0.001020624,-0.001244184,-0.001487157,-0.001723971,-0.00179969,-0.001590315,-0.001121151,-0.000554063,-6.60E-05,0.000272422,0.000517808,0.000767338,0.001047107,0.001274865,0.001325346,0.001136415,0.000762532,0.000332344,-4.78E-05,-0.000358368,-0.000647181,-0.000949054,-0.001222286,-0.001360119,-0.001267585,-0.000936382,-0.000454167,5.63E-05,0.000512457,0.000897588,0.001220709,0.001455805,0.001522556,0.001331934,0.000860236,0.000188464,-0.00052732,-0.001130724,-0.001526377,-0.001686272,-0.001611425,-0.001297296,-0.000742869,3.56E-06,0.000809324,0.001477592,0.00182282,0.00175429,0.001312004,0.000635507,-0.000104324,-0.000760477,-0.001225314,-0.001421053,-0.001300502,-0.000874522,-0.000244157,0.000403741,0.00085813,0.000976912,0.000755022,0.000322189,-0.00012798,-0.000431071,-0.000512049,-0.000389008,-0.000137558,0.000148159,0.000377483,0.000475041,0.000399006,0.000167098,-0.000132258,-0.00036843,-0.000434653,-0.000313795,-9.48E-05,8.01E-05,0.000107636,-7.81E-06,-0.000157987,-0.00020555,-7.89E-05,0.000177194,0.000427083,0.000525298,0.000401363,9.87E-05,-0.000247447,-0.000476287,-0.000476728,-0.000241586,0.00012023,0.000422038,0.000482365,0.000224421
0.010071072,0.002507624,0.000312993,-0.000677603,-0.001127035,-0.001391945,-0.00165772,-0.001900899,-0.001967251,-0.001733812,-0.001228583,-0.000617953,-8.41E-05,0.00029746,0.000580422,0.000859963,0.001160604,0.001398262,0.001445885,0.001240664,0.000838435,0.000371343,-4.95E-05,-0.000400151,-0.000724405,-0.001054018,-0.001344323,-0.001485648,-0.001380892,-0.001021648,-0.000498352,6.08E-05,0.000566282,0.000994628,0.001349089,0.001599234,0.001661682,0.001446134,0.000930424,0.000200841,-0.000577608,-0.001237496,-0.001672927,-0.00184839,-0.001761891,-0.001410569,-0.000799223,1.46E-05,0.000886664,0.001607305,0.001979868,0.001907137,0.001429757,0.000695539,-0.000110862,-0.000827049,-0.001332536,-0.001542169,-0.001407973,-0.000946205,-0.000268064,0.000426904,0.000915417,0.001047046,0.000815161,0.000355506,-0.000126869,-0.000455189,-0.000546064,-0.000416199,-0.000146481,0.00016009,0.000404441,0.000506276,0.000423384,0.000176907,-0.000139221,-0.000388758,-0.000461072,-0.000338251,-0.000111848,7.13E-05,0.000103801,-1.12E-05,-0.00016268,-0.000208395,-7.35E-05,0.000195901,0.00045793,0.000559491,0.000425991,0.00010362,-0.000263619,-0.000504528,-0.000502208,-0.000251677,0.000128873,0.000441367,0.000497088,0.000220313
0.010620343,0.002662443,0.000350942,-0.000704667,-0.00119583,-0.001487136,-0.001767504,-0.002014905,-0.002075465,-0.001826685,-0.001298154,-0.000659198,-9.56E-05,0.000313911,0.000620951,0.000919593,0.001233568,0.001477727,0.001523773,0.001308224,0.000887636,0.000396458,-5.10E-05,-0.000427421,-0.000774295,-0.001121513,-0.001422754,-0.001566536,-0.001454201,-0.001076991,-0.000527009,6.38E-05,0.000601399,0.001057503,0.001431832,0.001691413,0.001751124,0.001519811,0.000976012,0.000209144,-0.000610032,-0.001306701,-0.001767858,-0.001953078,-0.001858662,-0.001483185,-0.000835347,2.16E-05,0.000936118,0.001690689,0.002081283,0.002006127,0.001506021,0.000734181,-0.00011549,-0.000870354,-0.001401661,-0.001619849,-0.001476807,-0.000992333,-0.000283854,0.000441309,0.000952116,0.001092509,0.000854422,0.000377263,-0.000126337,-0.000471203,-0.000568291,-0.000433554,-0.000151712,0.000168192,0.000421742,0.000525895,0.000438592,0.000183182,-0.000143254,-0.000401305,-0.000477947,-0.000354407,-0.000123412,6.54E-05,0.000101617,-1.28E-05,-0.000165353,-0.000210428,-7.06E-05,0.000207552,0.000477945,0.000582091,0.000442345,0.000106728,-0.000274573,-0.000523261,-0.000518664,-0.000257667,0.000135042,0.000453945,0.000506072,0.000216955
0.010914078,0.002744738,0.000370598,-0.000719573,-0.001232596,-0.001537564,-0.001825536,-0.002075337,-0.002133149,-0.001876454,-0.001335489,-0.000681166,-0.000101471,0.000323048,0.000642674,0.00095113,0.001272023,0.001519788,0.001565346,0.001344547,0.000914105,0.000409752,-5.21E-05,-0.000442335,-0.000800911,-0.001157109,-0.00146406,-0.001609418,-0.001493454,-0.001106856,-0.000542447,6.57E-05,0.000620588,0.001091289,0.001475722,0.001739956,0.001798265,0.001558986,0.001000654,0.000213978,-0.000627246,-0.00134392,-0.001818843,-0.00200887,-0.001909715,-0.001521185,-0.000854247,2.51E-05,0.00096183,0.001734626,0.002135329,0.002059264,0.00154696,0.000754611,-0.000118491,-0.00089385,-0.001438351,-0.001660548,-0.001512748,-0.001016702,-0.000292732,0.000448255,0.000971287,0.001116969,0.000875907,0.00038918,-0.000126297,-0.000480317,-0.000580481,-0.000442533,-0.000153798,0.000173035,0.000430821,0.000535625,0.000445993,0.000186448,-0.000144788,-0.000407227,-0.000486695,-0.000363499,-0.000130338,6.19E-05,0.00010084,-1.29E-05,-0.000166305,-0.000211769,-6.98E-05,0.000213195,0.000488737,0.00059482,0.000451655,0.000108323,-0.000281082,-0.0005339,-0.000527437,-0.000260165,0.000139106,0.000460777,0.00051017,0.000214235
