2.27E-15,1.46E-15,8.79E-16,1.95E-16,-4.71E-16,-8.68E-16,-8.15E-16,-3.53E-16,2.38E-16,6.12E-16,6.02E-16,3.16E-16,3.02E-17,-6.42E-17,-1.10E-17,-1.73E-17,-2.21E-16,-5.16E-16,-6.15E-16,-3.09E-16,3.07E-16,8.45E-16,9.09E-16,4.10E-16,-3.37E-16,-8.35E-16,-7.75E-16,-2.53E-16,3.26E-16,5.69E-16,3.77E-16,-1.64E-17,-2.76E-16,-2.32E-16,1.35E-17,2.10E-16,1.85E-16,-2.40E-17,-2.25E-16,-2.43E-16,-6.28E-17,1.77E-16,2.97E-16,2.12E-16,-2.01E-17,-2.51E-16,-3.41E-16,-2.38E-16,2.00E-18,2.46E-16,3.58E-16,2.75E-16,4.51E-17,-1.88E-16,-2.80E-16,-1.83E-16,8.53E-18,1.32E-16,8.90E-17,-6.35E-17,-1.55E-16,-5.73E-17,1.78E-16,3.40E-16,2.36E-16,-1.15E-16,-4.53E-16,-4.76E-16,-1.10E-16,3.91E-16,6.23E-16,3.66E-16,-2.07E-16,-6.45E-16,-5.80E-16,-4.66E-17,5.31E-16,6.82E-16,2.87E-16,-3.19E-16,-6.28E-16,-3.88E-16,1.75E-16,5.57E-16,4.14E-16,-1.35E-16,-6.06E-16,-5.71E-16,-2.94E-17,5.81E-16,7.56E-16,3.51E-16,-3.03E-16,-6.81E-16,-5.11E-16,1.59E-17,4.34E-16,4.12E-16,2.41E-17,-3.39E-16,-3.36E-16,2.34E-17,3.99E-16,4.35E-16,7.89E-17,-3.72E-16,-5.36E-16,-2.75E-16,1.94E-16,4.89E-16,3.90E-16,4.97E-18,-3.41E-16,-3.87E-16,-1.40E-16,1.69E-16,2.97E-16,1.88E-16,-1.79E-17,-1.37E-16,-1.06E-16,-1.03E-17,2.78E-17,-2.69E-17,-9.80E-17,-8.80E-17,1.78E-17,1.37E-16,1.71E-16,9.81E-17,-1.28E-17,-7.78E-17,-7.51E-17,-5.26E-17,-6.11E-17,-9.08E-17,-7.90E-17,1.53E-17,1.50E-16,2.20E-16,1.51E-16,-2.51E-17,-1.84E-16,-2.11E-16,-9.95E-17,5.07E-17,1.22E-16,8.27E-17,2.04E-18,-2.73E-17,1.53E-17,6.17E-17,3.23E-17,-7.12E-17,-1.55E-16,-1.18E-16,3.86E-17,1.97E-16,2.16E-16,6.40E-17,-1.48E-16,-2.50E-16,-1.62E-16,3.76E-17,1.81E-16,1.59E-16,1.37E-17,-1.08E-16,-9.20E-17,3.59E-17,1.39E-16,1.00E-16,-6.11E-17,-2.02E-16,-1.87E-16,-1.29E-17,1.78E-16,2.26E-16,9.24E-17,-1.02E-16,-1.89E-16,-1.00E-16,7.09E-17,1.59E-16,7.96E-17,-9.11E-17,-1.86E-16,-1.02E-16,1.00E-16,2.43E-16,1.88E-16,-3.97E-17,-2.59E-16,-2.88E-16,-9.38E-17,1.75E-16,3.11E-16,2.16E-16,-2.39E-17,-2.17E-16
0.023794584,0.014689416,0.010734559,0.006547545,0.001583074,-0.00345239,-0.007211241,-0.008281337,-0.006016263,-0.001200628,0.004002793,0.007030169,0.00636975,0.002562253,-0.002031295,-0.004680767,-0.004039391,-0.000975632,0.002130384,0.003125489,0.001579696,-0.00105135,-0.002662148,-0.002129442,-7.45E-05,0.001775128,0.002030524,0.000698362,-0.000959745,-0.001559791,-0.000726898,0.00069505,0.001453026,0.000962705,-0.000263006,-0.001140716,-0.00097926,-3.01E-05,0.00080929,0.000819344,6.26E-05,-0.000734737,-0.000866782,-0.000261405,0.000504954,0.000760514,0.000334008,-0.000332973,-0.000621803,-0.000297946,0.00030786,0.000633304,0.000402028,-0.000148245,-0.000511869,-0.000385224,7.47E-05,0.000421728,0.000341819,-7.13E-05,-0.000425334,-0.000402156,-4.21E-05,0.000313254,0.000348264,5.80E-05,-0.000265409,-0.000316551,-5.68E-05,0.000264296,0.000351905,0.000138251,-0.000167222,-0.00028382,-0.000120303,0.000151462,0.000268217,0.000122666,-0.000144667,-0.000286176,-0.000180022,6.36E-05,0.000215071,0.000142471,-7.12E-05,-0.000215082,-0.000151836,5.78E-05,0.000219325,0.000189725,7.50E-06,-0.000151107,-0.000141471,1.67E-05,0.000164742,0.000158835,3.55E-06,-0.000157607,-0.000180554,-5.41E-05,9.54E-05,0.000127237,1.83E-05,-0.000120409,-0.00015249,-4.51E-05,0.00010385,0.000160875,8.24E-05,-4.88E-05,-0.000105915,-3.84E-05,8.33E-05,0.00013841,7.10E-05,-5.93E-05,-0.000136385,-9.73E-05,1.13E-05,8.15E-05,4.76E-05,-5.34E-05,-0.000120147,-8.46E-05,2.45E-05,0.000111172,0.00010314,1.81E-05,-5.66E-05,-4.91E-05,2.98E-05,9.97E-05,8.83E-05,4.48E-07,-8.82E-05,-0.000103185,-4.04E-05,3.35E-05,4.64E-05,-1.08E-05,-7.75E-05,-8.34E-05,-1.58E-05,6.90E-05,9.95E-05,5.57E-05,-1.46E-05,-4.32E-05,-6.57E-06,5.33E-05,7.14E-05,2.29E-05,-5.34E-05,-9.21E-05,-6.27E-05,3.14E-06,4.34E-05,2.49E-05,-2.70E-05,-5.47E-05,-2.55E-05,3.77E-05,7.78E-05,5.85E-05,-2.22E-06,-4.96E-05,-4.42E-05,2.20E-06,4.02E-05,3.15E-05,-1.49E-05,-5.20E-05,-4.12E-05,1.07E-05,5.74E-05,5.69E-05,1.07E-05,-3.92E-05,-5.05E-05,-1.99E-05,1.63E-05,1.87E-05,-1.59E-05,-5.15E-05,-4.77E-05,8.49E-07,5.86E-05,8.14E-05,5.61E-05,1.06E-05,-1.48E-05,-5.77E-06,1.41E-05,8.89E-06,-3.19E-05,-8.06E-05,-9.55E-05,-5.95E-05,4.19E-06,5.28E-05
0.044572093,0.027507314,0.020181967,0.012422937,0.003139116,-0.006385046,-0.013597546,-0.015757168,-0.011540692,-0.002371747,0.00762573,0.013488377,0.012242895,0.004890501,-0.004004124,-0.009124931,-0.007835614,-0.001827141,0.004244617,0.006164326,0.003097924,-0.002085103,-0.005242617,-0.004173168,-0.000114548,0.003520339,0.003997419,0.00134449,-0.001934876,-0.00310599,-0.001439236,0.001383222,0.002877863,0.001895253,-0.000537444,-0.00226849,-0.001932946,-3.96E-05,0.001624975,0.001635535,0.000124461,-0.001460174,-0.001717059,-0.00050925,0.001012185,0.001512108,0.000655366,-0.000674392,-0.001245792,-0.000596166,0.0006116,0.001257099,0.000793169,-0.000302845,-0.001022774,-0.000764451,0.000155495,0.000846687,0.000684826,-0.000140161,-0.000844634,-0.000795939,-7.72E-05,0.000629262,0.000694936,0.000112663,-0.000533361,-0.000634348,-0.000115204,0.000524551,0.000697392,0.000269808,-0.000338872,-0.000568816,-0.000239611,0.000304226,0.000537183,0.000246316,-0.000286667,-0.000567487,-0.000354103,0.00013231,0.000433008,0.0002858,-0.000142392,-0.000430156,-0.000303936,0.000114064,0.000435084,0.00037439,9.88E-06,-0.000306066,-0.000285177,3.21E-05,0.000328637,0.000317201,7.74E-06,-0.000312755,-0.000356942,-0.000103316,0.000195112,0.000257705,3.88E-05,-0.000239149,-0.000303806,-9.00E-05,0.000206176,0.000318413,0.00016022,-0.000102299,-0.000215772,-7.99E-05,0.00016415,0.00027502,0.000141208,-0.000117845,-0.000270124,-0.000190521,2.73E-05,0.000167367,9.89E-05,-0.000103747,-0.000238003,-0.000168035,4.87E-05,0.000220165,0.000202447,3.15E-05,-0.000117992,-0.00010248,5.62E-05,0.000196786,0.000175186,1.07E-06,-0.000174317,-0.000202655,-7.60E-05,7.20E-05,9.72E-05,-1.80E-05,-0.000152627,-0.000165792,-3.21E-05,0.000135902,0.000195363,0.000106668,-3.40E-05,-9.04E-05,-1.61E-05,0.000104867,0.00014246,4.68E-05,-0.000104395,-0.000180664,-0.000121312,1.02E-05,8.98E-05,5.15E-05,-5.36E-05,-0.000110309,-5.26E-05,7.31E-05,0.00015293,0.000114347,-6.34E-06,-1.00E-04,-8.81E-05,5.49E-06,8.19E-05,6.43E-05,-2.89E-05,-0.000103718,-8.26E-05,2.04E-05,0.000113263,0.000112293,2.03E-05,-7.85E-05,-1.00E-04,-3.75E-05,3.57E-05,4.07E-05,-2.89E-05,-0.00010117,-9.53E-05,-1.06E-07,0.000113522,0.000157559,0.000106311,1.58E-05,-3.31E-05,-1.24E-05,3.02E-05,2.26E-05,-5.70E-05,-0.000153454,-0.000183943,-0.000113958,1.03E-05,0.000103563
0.060026947,0.037023652,0.027353445,0.017103512,0.00464,-0.008401328,-0.018520944,-0.021800628,-0.016189728,-0.003492138,0.010568409,0.018924678,0.017232353,0.006808508,-0.005862447,-0.013138218,-0.011194879,-0.002461017,0.006321724,0.009040379,0.004502294,-0.003086754,-0.007673937,-0.006061176,-9.31E-05,0.00520985,0.005848311,0.001896931,-0.002935456,-0.004624764,-0.002123216,0.002059591,0.004251367,0.002772823,-0.000832467,-0.003372334,-0.002840053,-1.24E-05,0.00245101,0.002444553,0.00018381,-0.002169189,-0.002537433,-0.000732503,0.001523358,0.002247276,0.000953793,-0.001030655,-0.001872904,-0.000894005,0.000908481,0.001863934,0.001164692,-0.000468808,-0.001531703,-0.001132653,0.000247398,0.001277073,0.001029381,-0.000205015,-0.001253376,-0.001174772,-9.96E-05,0.000950027,0.001038497,0.0001611,-0.00080575,-0.000954027,-0.000176265,0.000777858,0.001031521,0.000389466,-0.000518295,-0.000855682,-0.000356937,0.000459353,0.000807318,0.000371442,-0.000424157,-0.000840265,-0.00051767,0.000209891,0.000655856,0.00043044,-0.000213694,-0.00064517,-0.000456327,0.000167703,0.000644634,0.000550136,3.26E-06,-0.000467706,-0.000432644,4.56E-05,0.000491064,0.000474645,1.29E-05,-0.000463659,-0.000526014,-0.000143958,0.000302485,0.000393714,6.31E-05,-0.000355022,-0.000453023,-0.000134499,0.000305902,0.000470115,0.000230177,-0.000163824,-0.000332442,-0.0001267,0.000240864,0.000408468,0.000209939,-0.000175061,-0.000399253,-0.000276508,5.15E-05,0.000261004,0.000156741,-0.000148874,-0.00035187,-0.000249208,7.24E-05,0.00032538,0.000295054,3.66E-05,-0.000187753,-0.000163198,7.67E-05,0.000289501,0.000259638,1.93E-06,-0.000256987,-0.000295643,-0.000103214,0.000119136,0.000155753,-1.93E-05,-0.000223613,-0.000246215,-4.91E-05,0.000199017,0.000284692,0.000149486,-6.18E-05,-0.00014482,-3.08E-05,0.000153622,0.000213025,7.27E-05,-0.000151077,-0.000262958,-0.000172708,2.40E-05,0.000141322,8.09E-05,-7.97E-05,-0.000167304,-8.27E-05,0.000104308,0.000223354,0.000165765,-1.38E-05,-0.000151868,-0.000131558,1.07E-05,0.000126133,9.95E-05,-4.12E-05,-0.000154767,-0.000124612,2.86E-05,0.00016664,0.000164887,2.79E-05,-0.000118172,-0.000147383,-5.09E-05,6.06E-05,6.86E-05,-3.69E-05,-0.000147708,-0.000142504,-4.16E-06,0.000161842,0.000224477,0.000146249,1.19E-05,-5.77E-05,-2.07E-05,4.98E-05,4.45E-05,-7.02E-05,-0.000212908,-0.000259845,-0.000159415,1.96E-05,0.000151006
0.067346342,0.041494135,0.031029837,0.019929051,0.006032693,-0.00901873,-0.021184167,-0.025618514,-0.01947578,-0.004538756,0.012439468,0.022758098,0.020846711,0.008107151,-0.007510238,-0.016450632,-0.013861231,-0.002766494,0.008314943,0.01163655,0.005715852,-0.004035662,-0.009861078,-0.007696898,2.45E-05,0.006804819,0.00750989,0.002301279,-0.003969545,-0.006090699,-0.00275547,0.002718823,0.005541204,0.003560655,-0.001160253,-0.004436051,-0.003671263,7.27E-05,0.003289909,0.003237526,0.000235884,-0.002852991,-0.003309523,-0.000916004,0.002040304,0.002955106,0.001215183,-0.001409443,-0.002502473,-0.001188542,0.001196144,0.002444218,0.001504874,-0.000652649,-0.002036719,-0.001482556,0.00035684,0.001714894,0.001374567,-0.000265169,-0.00164622,-0.00153014,-0.00010223,0.001277745,0.001376346,0.000199292,-0.001084783,-0.001275592,-0.000240194,0.001021097,0.00134815,0.000490619,-0.000709495,-0.001144766,-0.000470511,0.000618305,0.001078754,0.000497998,-0.000555357,-0.00110012,-0.000665028,0.000301027,0.000885761,0.000576442,-0.00028555,-0.000859951,-0.000608628,0.000217899,0.000844939,0.000712247,-1.71E-05,-0.00063922,-0.000585302,5.66E-05,0.000651334,0.000630382,1.92E-05,-0.000608364,-0.000683995,-0.000171568,0.000421244,0.000537701,9.26E-05,-0.00046675,-0.000598924,-0.000178169,0.000401933,0.000613045,0.000288165,-0.000237437,-0.000459095,-0.000181047,0.000311566,0.000537131,0.000276232,-0.000230517,-0.000521518,-0.000351611,8.81E-05,0.000366061,0.000223997,-0.000186394,-0.000459789,-0.000326896,9.56E-05,0.00042502,0.000377595,2.92E-05,-0.00026994,-0.000234706,8.84E-05,0.000375689,0.000340329,2.99E-06,-0.000334553,-0.000378929,-0.000117931,0.000179213,0.00022566,-1.16E-05,-0.000288501,-0.000323706,-6.71E-05,0.000256628,0.000364329,0.000180036,-0.000101996,-0.000209824,-5.30E-05,0.000198202,0.000282802,0.000101294,-0.000191439,-0.000335922,-0.000213289,4.79E-05,0.000200469,0.000114391,-0.000105143,-0.000226476,-0.000117291,0.000129456,0.000286752,0.000210435,-2.62E-05,-0.000205933,-0.000174172,1.89E-05,0.000174204,0.000138145,-5.12E-05,-0.00020486,-0.000167281,3.42E-05,0.000216173,0.000213208,3.23E-05,-0.000158373,-0.000191916,-5.82E-05,9.39E-05,0.000105326,-3.72E-05,-0.000189422,-0.000189086,-1.27E-05,0.000200445,0.000277597,0.000170719,-6.07E-06,-9.15E-05,-3.16E-05,7.47E-05,7.89E-05,-6.57E-05,-0.000252216,-0.000316917,-0.000191287,3.41E-05,0.000193471
0.065792076,0.040461693,0.030864023,0.020678686,0.007263726,-0.008113657,-0.021338008,-0.026942357,-0.021228764,-0.005510568,0.013084638,0.02476904,0.022916129,0.008742738,-0.008865644,-0.018923217,-0.015727099,-0.0027214,0.01016819,0.01387218,0.006691948,-0.004919565,-0.011752116,-0.009031587,0.000250845,0.008279348,0.008943071,0.002535191,-0.00503043,-0.007479342,-0.003316402,0.003360629,0.006730018,0.004240146,-0.001526062,-0.005449386,-0.004411004,0.000223622,0.004137522,0.004003835,0.000273872,-0.003508874,-0.004024095,-0.001052145,0.002563055,0.003628977,0.001432474,-0.001812556,-0.003130562,-0.001474606,0.001475924,0.002994255,0.001808302,-0.000856956,-0.002535823,-0.001809828,0.00048658,0.0021593,0.001717329,-0.000322616,-0.002022049,-0.001858693,-8.23E-05,0.001612494,0.00170621,0.000224901,-0.00137083,-0.001597434,-0.000305243,0.001254281,0.001645345,0.00057093,-0.000913403,-0.00143512,-0.000578676,0.000781824,0.001350741,0.000624646,-0.000680743,-0.001346028,-0.000794378,0.000406926,0.00112258,0.000722782,-0.000358702,-0.001074216,-0.000759861,0.00026529,0.001035553,0.000859415,-5.24E-05,-0.000820941,-0.000742639,6.56E-05,0.000809398,0.000783713,2.60E-05,-0.000746788,-0.000829983,-0.000185037,0.000551982,0.000689547,0.000127066,-0.000574366,-0.000741009,-0.000220346,0.00049441,0.000746624,0.000333234,-0.000323857,-0.000595901,-0.000242796,0.000376283,0.000660634,0.000339522,-0.000284482,-0.000636584,-0.000415044,0.000137824,0.000482927,0.000300726,-0.000216281,-0.000561466,-0.000400613,0.000118632,0.000518912,0.000449423,8.57E-06,-0.000365096,-0.000317226,9.14E-05,0.000455111,0.000416867,3.96E-06,-0.000406913,-0.000451961,-0.00011935,0.000252867,0.000307303,5.14E-06,-0.000347114,-0.000398003,-8.59E-05,0.000308621,0.000433763,0.000197571,-0.000155402,-0.000285846,-8.29E-05,0.000238548,0.000351724,0.000132602,-0.000225294,-0.000399069,-0.000242379,8.27E-05,0.000267594,0.000152084,-0.000130038,-0.000287996,-0.000156414,0.00014826,0.000342733,0.000247892,-4.40E-05,-0.000262253,-0.000215736,3.06E-05,0.0002265,0.000180553,-5.86E-05,-0.000253928,-0.000210634,3.74E-05,0.000261564,0.000256797,3.31E-05,-0.000199393,-0.000233485,-5.89E-05,0.000135916,0.000151397,-2.94E-05,-0.000225873,-0.000234732,-2.57E-05,0.000228957,0.000316147,0.000178712,-3.90E-05,-0.000135439,-4.52E-05,0.000104832,0.000126188,-4.25E-05,-0.000270184,-0.000353902,-0.000208535,5.42E-05,0.000230789
0.055850822,0.034229271,0.027022386,0.019388489,0.008277244,-0.005774783,-0.01905486,-0.02580994,-0.021462625,-0.006417961,0.012488749,0.02494864,0.02345781,0.008767561,-0.009855322,-0.020493725,-0.016771968,-0.002356039,0.011819209,0.015687823,0.007402437,-0.005729668,-0.013318984,-0.010043882,0.000584856,0.009614126,0.010127968,0.00259491,-0.006102323,-0.008766272,-0.003788545,0.003987169,0.007808492,0.004801663,-0.001931042,-0.006405092,-0.005051264,0.000441221,0.004985612,0.0047316,0.000289768,-0.004137398,-0.004676866,-0.001137504,0.00309051,0.004264498,0.001602497,-0.00223838,-0.003751188,-0.001745609,0.001751249,0.003513564,0.002073018,-0.001082096,-0.003026879,-0.002111684,0.000637294,0.002607733,0.002053288,-0.000380951,-0.002382102,-0.002159927,-3.95E-05,0.001953112,0.002025921,0.000236501,-0.001663198,-0.001916959,-0.000368468,0.001479198,0.001923509,0.000630436,-0.001129197,-0.001725009,-0.000679789,0.000950253,0.001621986,0.000749258,-0.000802087,-0.001578849,-0.000906093,0.000526849,0.001364845,0.00086778,-0.000434088,-0.001287607,-0.000908676,0.00031137,0.001217487,0.000992234,-0.000101845,-0.00101156,-0.000903003,7.39E-05,0.000965564,0.000933964,3.20E-05,-0.00087991,-0.000964692,-0.000185142,0.000693488,0.000847652,0.000164914,-0.000678659,-0.000879164,-0.000260312,0.000584184,0.000871607,0.000366193,-0.00042193,-0.000741313,-0.000310354,0.000436133,0.00077931,0.00039946,-0.000337638,-0.000745201,-0.000467649,0.000199535,0.000610097,0.000385287,-0.000239861,-0.000657557,-0.000470302,0.000141947,0.000607801,0.000511432,-2.42E-05,-0.000471753,-0.00040913,8.69E-05,0.000528604,0.00048938,4.40E-06,-0.000474838,-0.000515701,-0.000108642,0.000338685,0.00039914,2.95E-05,-0.000400305,-0.000469273,-0.000104977,0.000355828,0.00049402,0.000203247,-0.000220702,-0.000371567,-0.000119374,0.000275324,0.00041983,0.000166096,-0.000253518,-0.0004534,-0.000260975,0.00012728,0.000341802,0.000193255,-0.000154708,-0.000351702,-0.00019955,0.000161483,0.000392027,0.000278703,-6.68E-05,-0.000320554,-0.000256101,4.56E-05,0.00028281,0.000226375,-6.38E-05,-0.000302051,-0.000254508,3.83E-05,0.000303111,0.000295807,3.02E-05,-0.000241457,-0.000272501,-5.38E-05,0.000185997,0.00020598,-1.42E-05,-0.00025735,-0.000279179,-4.24E-05,0.000248597,0.000341548,0.000171629,-8.56E-05,-0.000188719,-6.17E-05,0.000139639,0.000185013,-2.56E-06,-0.000268809,-0.000372477,-0.000212191,7.98E-05,0.000263615
0.038025077,0.023110181,0.019651679,0.016051754,0.00897868,-0.00209708,-0.014372718,-0.022203276,-0.020149441,-0.007271279,0.010593342,0.023228008,0.022449821,0.008239842,-0.010359564,-0.021042541,-0.016941428,-0.001707537,0.013167644,0.016982023,0.007799152,-0.006447523,-0.014507192,-0.010691098,0.001027428,0.010774044,0.011025749,0.002469338,-0.007161015,-0.009910887,-0.004143026,0.004600106,0.0087578,0.005226283,-0.002377887,-0.007289554,-0.005576083,0.000728903,0.00582144,0.00540137,0.000270938,-0.004737931,-0.005258692,-0.001164973,0.003620961,0.004853346,0.0017186,-0.002685247,-0.004354904,-0.001991045,0.002026934,0.003999997,0.002294435,-0.001329408,-0.003506229,-0.002382843,0.000810815,0.003056414,0.00237552,-0.000445573,-0.002727493,-0.002431877,2.76E-05,0.002298036,0.002331736,0.000231362,-0.001961058,-0.002230113,-0.00042536,0.001698152,0.002182403,0.000668306,-0.001356115,-0.002011755,-0.000771055,0.001124296,0.001890478,0.000868532,-0.000921871,-0.001799288,-0.000999971,0.000660266,0.001610544,0.001008824,-0.000513213,-0.001499528,-0.001052924,0.000358335,0.001391878,0.001110981,-0.000164983,-0.001209462,-0.001064011,8.35E-05,0.001120214,0.001079982,3.57E-05,-0.001008972,-0.001088701,-0.000172484,0.000844382,0.001009847,0.000204058,-0.000780676,-0.001013054,-0.000296894,0.000672413,0.000988746,0.000387739,-0.000530402,-0.000893342,-0.000381544,0.000492607,0.000893464,0.000455378,-0.000390972,-0.000848217,-0.000510231,0.00027203,0.00074572,0.000475518,-0.000258885,-0.000748827,-0.000535717,0.000166392,0.000692593,0.000564546,-6.78E-05,-0.000588166,-0.00050833,7.69E-05,0.0005972,0.000557902,3.61E-06,-0.000539302,-0.000571208,-8.71E-05,0.000435024,0.000499248,5.99E-05,-0.000449143,-0.000537639,-0.000123778,0.000399308,0.000546274,0.000198327,-0.000296438,-0.000465378,-0.000160977,0.000309394,0.000487142,0.000201057,-0.000277222,-0.000500078,-0.000270175,0.000180612,0.000422022,0.000236997,-0.000179607,-0.000417415,-0.00024597,0.000170082,0.000435486,0.000303467,-9.42E-05,-0.00038051,-0.00029501,6.40E-05,0.000342932,0.00027521,-6.70E-05,-0.000349325,-0.000298667,3.74E-05,0.000341153,0.000330336,2.35E-05,-0.000284908,-0.000309458,-4.34E-05,0.000243209,0.000268086,7.65E-06,-0.000284154,-0.00032203,-6.17E-05,0.000260856,0.00035545,0.00015104,-0.000144753,-0.000250562,-8.08E-05,0.000178237,0.000253656,5.19E-05,-0.000250414,-0.000374531,-0.000203355,0.000110619,0.000292746
0.013961638,0.008128143,0.009357979,0.010865793,0.009240599,0.002622587,-0.00760033,-0.016342694,-0.017395271,-0.008086271,0.007439669,0.019688565,0.020010684,0.007305029,-0.010238707,-0.02048373,-0.016239144,-0.000866248,0.014082111,0.017646221,0.007840688,-0.007047384,-0.015263235,-0.010940319,0.001567018,0.011717007,0.011600612,0.002159176,-0.008167424,-0.010860912,-0.004345648,0.005201335,0.009558054,0.005495944,-0.002866238,-0.008086347,-0.005969841,0.001085509,0.006625117,0.005986996,0.000200766,-0.005311045,-0.005760572,-0.001128222,0.004151,0.00538584,0.001774725,-0.003148429,-0.00492782,-0.002196356,0.002310289,0.004452498,0.002468684,-0.001599059,-0.003968781,-0.002617303,0.001008101,0.003499133,0.002674049,-0.000524464,-0.003060984,-0.002673644,0.000119426,0.00264431,0.002618718,0.000206492,-0.002262558,-0.002530878,-0.000469261,0.001915188,0.002423072,0.00068491,-0.001592004,-0.00229128,-0.00084879,0.001304588,0.002153175,0.000977616,-0.001044122,-0.002009383,-0.001077065,0.000805247,0.001856152,0.001142034,-0.000598171,-0.001709114,-0.001189522,0.000409585,0.001561082,0.00121716,-0.000239874,-0.001411471,-0.001221781,9.72E-05,0.001274063,0.001220246,3.44E-05,-0.001136236,-0.001203743,-0.00014901,0.001001706,0.001172324,0.000241013,-0.000882272,-0.001142471,-0.00032849,0.00076104,0.001099833,0.000399865,-0.000646442,-0.001048269,-0.000452587,0.00054836,0.001003936,0.000506536,-0.000446025,-0.000947399,-0.000544848,0.000352527,0.000886154,0.000567491,-0.000276529,-0.000836885,-0.000596811,0.000193151,0.000775038,0.000610934,-0.000119489,-0.000710753,-0.000610887,6.48E-05,0.000662946,0.000622811,6.29E-07,-0.00060212,-0.000620825,-5.75E-05,0.000538403,0.000603864,9.28E-05,-0.000495705,-0.000603539,-0.000141228,0.000441059,0.000593053,0.000185698,-0.000379417,-0.000564023,-0.000204942,0.000342365,0.000553748,0.000236186,-0.000298578,-0.000541612,-0.000272512,0.000240241,0.000506035,0.000281649,-0.000205428,-0.000484642,-0.000294187,0.00017602,0.00047499,0.000323657,-0.000125072,-0.000441486,-0.000332217,8.57E-05,0.000406158,0.000326094,-6.92E-05,-0.000395998,-0.000342696,3.55E-05,0.000376593,0.000360998,1.30E-05,-0.000330098,-0.000345264,-2.93E-05,0.000305483,0.000335417,3.42E-05,-0.000307268,-0.000362878,-8.17E-05,0.000268731,0.000361498,0.000120677,-0.000213162,-0.00031886,-0.000102185,0.000219005,0.000328548,0.000115927,-0.000220273,-0.000364618,-0.000184962,0.000145951,0.000319747
-0.012939656,-0.008606894,-0.002459031,0.004498354,0.00901703,0.007789319,0.000406461,-0.009016639,-0.013658877,-0.008881537,0.003382102,0.014859713,0.016614107,0.006218889,-0.009491675,-0.018991718,-0.014882468,1.77E-05,0.014519292,0.017712934,0.007571734,-0.007521965,-0.015626024,-0.010849229,0.002164715,0.012443794,0.011887206,0.001709571,-0.00908831,-0.011602818,-0.004395087,0.005792964,0.01021942,0.005625838,-0.003385007,-0.008795814,-0.006244508,0.001493626,0.007381138,0.006478431,7.32E-05,-0.005862354,-0.006189696,-0.00103466,0.004676358,0.005863316,0.001777469,-0.00361878,-0.005461186,-0.00235452,0.002607143,0.004876825,0.002601658,-0.001886183,-0.004412337,-0.002816377,0.001224908,0.003930195,0.002943064,-0.000623066,-0.003387872,-0.002890576,0.000230884,0.002988277,0.002885432,0.000162901,-0.002564776,-0.002815274,-0.000495757,0.002134962,0.002650416,0.000685165,-0.001832533,-0.002560602,-0.000911856,0.001490425,0.002407935,0.001073405,-0.001172617,-0.00221345,-0.00114204,0.000957207,0.002097794,0.001264824,-0.000689978,-0.001915871,-0.001316725,0.000467873,0.001728692,0.001315025,-0.000321941,-0.001613224,-0.001372747,0.000117532,0.001428032,0.00135431,2.66E-05,-0.001264493,-0.001313552,-0.000119121,0.00116086,0.001330848,0.000272438,-0.000985546,-0.001268131,-0.000354431,0.000852054,0.001208056,0.000406717,-0.00076536,-0.001201407,-0.000519376,0.000606445,0.001112429,0.00055315,-0.00050408,-0.001045444,-0.000575403,0.000436298,0.001026388,0.000656532,-0.000296566,-0.00092418,-0.000654463,0.000222997,0.000857508,0.000654363,-0.000174466,-0.000834275,-0.00071176,5.48E-05,0.000728703,0.000685299,-5.15E-06,-0.000665605,-0.000668347,-2.49E-05,0.000643495,0.000707881,0.00012412,-0.00054276,-0.000667978,-0.000156485,0.000483633,0.000638288,0.000170176,-0.000464574,-0.000662876,-0.000247722,0.000376235,0.000619879,0.000270001,-0.000320494,-0.000581879,-0.000272262,0.00030211,0.000590578,0.000325197,-0.000232703,-0.000552468,-0.00034212,0.000182082,0.000513496,0.000341895,-0.000157619,-0.000502583,-0.000367864,0.000109587,0.000470947,0.000377431,-7.15E-05,-0.000442501,-0.000386145,3.39E-05,0.000411083,0.000389415,3.65E-08,-0.000376938,-0.000381099,-1.40E-05,0.000369404,0.00040421,6.21E-05,-0.00032872,-0.000401825,-0.000100334,0.000276453,0.000365452,8.69E-05,-0.000285124,-0.000389732,-0.0001248,0.00025976,0.000404398,0.000181977,-0.000186894,-0.000350528,-0.000162488,0.000183847,0.000346765
-0.039856151,-0.025342613,-0.014667411,-0.002549535,0.008223982,0.012903003,0.008980246,-0.000808811,-0.009263198,-0.009661531,-0.001326537,0.009113967,0.012601874,0.005186681,-0.008081182,-0.016659604,-0.013019701,0.000813888,0.014408624,0.017172987,0.007016846,-0.0078482,-0.015596541,-0.010443505,0.002787254,0.012935128,0.011892511,0.001150354,-0.0098863,-0.012108396,-0.004280363,0.006372627,0.010736979,0.005617436,-0.003925663,-0.009409341,-0.006399817,0.001942127,0.008071494,0.006859217,-0.000120495,-0.006393193,-0.006544938,-0.000885706,0.005192302,0.006281458,0.001727635,-0.004088867,-0.005943899,-0.00245573,0.002922851,0.005274542,0.002694266,-0.00218811,-0.004832981,-0.002977766,0.001459353,0.004343584,0.003175029,-0.000747391,-0.003711476,-0.003084483,0.000359745,0.003326539,0.003128666,9.97E-05,-0.002865233,-0.003078413,-0.000499695,0.002361303,0.00286696,0.000671466,-0.002074541,-0.00281622,-0.000957923,0.001681679,0.002652174,0.001152115,-0.001310901,-0.002414269,-0.001197444,0.001113075,0.002331881,0.001374064,-0.000790077,-0.002119068,-0.001432201,0.000536042,0.001897362,0.001407143,-0.000408184,-0.001811122,-0.001513326,0.000146893,0.001582842,0.001481189,1.01E-05,-0.001396024,-0.001420578,-8.57E-05,0.001318279,0.001481579,0.000295082,-0.001092344,-0.001390234,-0.000373644,0.000947244,0.001315652,0.000411099,-0.000883634,-0.001348761,-0.000578153,0.000669558,0.00122012,0.000594969,-0.000566424,-0.001144373,-0.000604624,0.000519836,0.001162324,0.00073854,-0.000322298,-0.001012625,-0.000709064,0.000256826,0.000941885,0.000697565,-0.000229181,-0.000954552,-0.000806662,5.05E-05,0.000796803,0.000746112,-1.45E-05,-0.000731674,-0.000716631,7.29E-06,0.000746115,0.000807055,0.000150231,-0.000592627,-0.000731639,-0.000168654,0.000529185,0.000685033,0.000155414,-0.000547962,-0.000758152,-0.000286284,0.000412724,0.000685657,0.000301133,-0.000345434,-0.00062395,-0.000272691,0.000363091,0.000673014,0.000365886,-0.000261976,-0.00062014,-0.000387962,0.000190634,0.000553384,0.00036017,-0.000190439,-0.000563109,-0.000401978,0.000134957,0.000536071,0.000427843,-7.50E-05,-0.000489204,-0.00042857,3.36E-05,0.000445995,0.000416836,-1.48E-05,-0.000425387,-0.000417851,7.35E-07,0.000432262,0.000471383,8.86E-05,-0.000350193,-0.000438923,-0.000115823,0.000287471,0.000371912,5.46E-05,-0.000356094,-0.000460029,-0.000147666,0.000298796,0.000476923,0.000243871,-0.000157165,-0.000338507,-0.000140266,0.000222803,0.000375526
-0.062793143,-0.039597899,-0.025718823,-0.009664191,0.00666012,0.017243696,0.017252592,0.007581238,-0.004560585,-0.010410765,-0.006399902,0.00286028,0.008365297,0.004484137,-0.00589247,-0.013529411,-0.010804625,0.001328192,0.013590272,0.015951052,0.006190124,-0.0079623,-0.015120604,-0.009720839,0.003384793,0.01312757,0.011587691,0.000510779,-0.010490451,-0.012307413,-0.003968857,0.006928732,0.011079389,0.005452881,-0.004476827,-0.009898246,-0.006416907,0.002420986,0.008661112,0.007091353,-0.000399583,-0.006899038,-0.006811566,-0.000674855,0.005689649,0.006624056,0.001617855,-0.004548316,-0.00635311,-0.002478911,0.003265717,0.005641753,0.002740435,-0.002503484,-0.005221216,-0.003091973,0.001711746,0.004728357,0.003354309,-0.000908602,-0.004034388,-0.003253009,0.000506247,0.003653575,0.003340128,1.25E-05,-0.003160283,-0.003310452,-0.000471074,0.002599478,0.003073345,0.000644053,-0.002314334,-0.003051274,-0.000981127,0.001878979,0.002880718,0.001206179,-0.00146469,-0.002614215,-0.001244381,0.001269874,0.002552635,0.001463512,-0.000901609,-0.002317041,-0.001531,0.000619133,0.002070187,0.001495314,-0.000495852,-0.002000127,-0.001637309,0.000189919,0.001739406,0.001598346,-1.87E-05,-0.001533959,-0.001527025,-5.15E-05,0.001469409,0.001618493,0.000303484,-0.001205444,-0.001508313,-0.00038365,0.001049372,0.001425002,0.00041577,-0.000996999,-0.001484507,-0.000622977,0.000741797,0.001328225,0.00063082,-0.000635285,-0.001246607,-0.000635386,0.000598988,0.001288295,0.000807336,-0.000358694,-0.001104688,-0.000760524,0.000296371,0.001030648,0.000743638,-0.000279423,-0.00106602,-0.000889368,5.73E-05,0.000870458,0.000805836,-2.88E-05,-0.000803004,-0.00076914,3.45E-05,0.000840812,0.000895394,0.00016583,-0.000648597,-0.000795186,-0.000176102,0.000580808,0.00073718,0.000145911,-0.000624512,-0.000844614,-0.000316191,0.000454366,0.000751123,0.000327393,-0.000376949,-0.000671871,-0.000277878,0.000419232,0.000749763,0.00040109,-0.000294208,-0.000686605,-0.000429013,0.000205105,0.000597856,0.000380922,-0.000221919,-0.000622169,-0.000434416,0.000161054,0.000599896,0.000475284,-8.13E-05,-0.000536661,-0.000469207,3.64E-05,0.000483271,0.000444842,-3.06E-05,-0.000475443,-0.000456595,1.25E-05,0.000490473,0.00053267,0.000109854,-0.000374064,-0.000474179,-0.000125589,0.000306512,0.000387013,3.06E-05,-0.000420023,-0.000525437,-0.00016935,0.000333909,0.00054031,0.000293163,-0.00014047,-0.000336935,-0.000124005,0.000260894,0.000408339
-0.079121217,-0.04974236,-0.034470525,-0.016225569,0.004371993,0.020350035,0.024467951,0.015415166,2.00E-05,-0.011102663,-0.011420409,-0.003328572,0.004351741,0.004251338,-0.003095079,-0.009926754,-0.008515383,0.001464172,0.01215239,0.014215641,0.00521269,-0.007859148,-0.014287881,-0.008786714,0.003909492,0.013051159,0.011044679,-0.000151805,-0.010891947,-0.012231828,-0.003497947,0.007450254,0.011267281,0.005164173,-0.005021129,-0.010270724,-0.00631957,0.002910502,0.009147041,0.007185724,-0.000752714,-0.007379474,-0.007000391,-0.000414765,0.006163952,0.0068973,0.00145884,-0.004990378,-0.006689655,-0.002429037,0.003633126,0.005981745,0.00274718,-0.002826987,-0.005577152,-0.003163629,0.001977154,0.005082842,0.003482493,-0.00110489,-0.004357567,-0.003400081,0.000666061,0.003967563,0.003521243,-9.59E-05,-0.003448133,-0.003511613,-0.000410904,0.002849716,0.003271892,0.000606251,-0.002549571,-0.003265541,-0.000982776,0.002081062,0.003093397,0.001236168,-0.001633957,-0.00281471,-0.001285381,0.001425251,0.00275898,0.001533398,-0.001023941,-0.002509657,-0.001613535,0.000716962,0.002248014,0.001581448,-0.000582767,-0.002178734,-0.00174419,0.000246566,0.001897807,0.00170621,-5.97E-05,-0.001678738,-0.001634314,-1.85E-05,0.001612552,0.001740577,0.000297186,-0.001325214,-0.001622902,-0.00038491,0.001158573,0.001537127,0.000422422,-0.001103686,-0.001607288,-0.000652969,0.000823831,0.001437427,0.000661289,-0.000710576,-0.00135288,-0.000669166,0.000671967,0.001402688,0.000861687,-0.000406704,-0.001201203,-0.00080951,0.000341424,0.001124352,0.000793926,-0.000323385,-0.001166862,-0.00095836,7.64E-05,0.000950596,0.000865129,-4.79E-05,-0.000880137,-0.000827194,5.50E-05,0.000925624,0.000971197,0.000169631,-0.00071155,-0.0008591,-0.000178797,0.00063921,0.000796144,0.000143569,-0.000692239,-0.000920595,-0.000336309,0.000501731,0.000816328,0.000348318,-0.000416048,-0.000727156,-0.000289612,0.000468837,0.000819592,0.000430245,-0.000329305,-0.000751263,-0.000464321,0.000226682,0.000648209,0.000405351,-0.000251224,-0.000679527,-0.000465598,0.000186964,0.000661306,0.000518739,-9.11E-05,-0.000585166,-0.000507886,4.29E-05,0.000523978,0.000474717,-4.61E-05,-0.000526432,-0.000497421,2.03E-05,0.000542447,0.00058612,0.000123856,-0.000401872,-0.000508375,-0.000129368,0.000335009,0.000413231,1.78E-05,-0.000473813,-0.000583551,-0.000188707,0.000364665,0.000592532,0.000326512,-0.000140897,-0.000349882,-0.000116892,0.000296582,0.000445784
-0.086609788,-0.054391816,-0.039992858,-0.021779073,0.001336113,0.021819007,0.030039726,0.022160633,0.004195702,-0.011692486,-0.016080759,-0.009051159,0.000870742,0.004590353,0.000205269,-0.006068053,-0.006349421,0.00113408,0.010129862,0.012069257,0.004176678,-0.007509217,-0.013134002,-0.007704603,0.004315886,0.012703126,0.010296322,-0.000796529,-0.011068238,-0.01188606,-0.002888252,0.007919353,0.011298343,0.004763671,-0.005542898,-0.010519759,-0.006113549,0.003397615,0.00951847,0.007140025,-0.001174641,-0.007827966,-0.007109634,-0.000109688,0.00660876,0.007097872,0.00125292,-0.005409019,-0.006948211,-0.002304701,0.004022883,0.006291817,0.002714311,-0.003155849,-0.005897316,-0.003191419,0.002253672,0.005403406,0.003556809,-0.001336653,-0.004679709,-0.003524725,0.000838363,0.004266199,0.003669982,-0.000225665,-0.003727013,-0.003679572,-0.000317881,0.003111856,0.003461905,0.000558153,-0.002778884,-0.003457157,-0.000961828,0.002287457,0.003288719,0.001240725,-0.001819131,-0.003015475,-0.001320366,0.001578393,0.002949391,0.001582386,-0.001157408,-0.002696205,-0.00167875,0.000830156,0.002430877,0.001665496,-0.000668411,-0.00234573,-0.001832593,0.000317639,0.002057963,0.001804131,-0.000113295,-0.001830558,-0.001742473,1.30E-05,0.001746723,0.001846509,0.000275115,-0.001452044,-0.001733767,-0.000376995,0.001275099,0.001652138,0.000431372,-0.001202866,-0.001715855,-0.000666911,0.000916397,0.001547864,0.000686162,-0.000792536,-0.001463362,-0.000706292,0.00073802,0.001504311,0.000900288,-0.000467317,-0.00130261,-0.000856011,0.000392192,0.00122325,0.000848828,-0.000360311,-0.001255908,-0.001012284,0.000109015,0.001037864,0.000924114,-7.21E-05,-0.000963453,-0.000891341,6.79E-05,0.000999368,0.001033106,0.000160447,-0.000782189,-0.000923502,-0.000176406,0.000704981,0.000862681,0.000149338,-0.000749978,-0.000984852,-0.000345604,0.000555351,0.000881188,0.000363318,-0.000463596,-0.000790755,-0.000308867,0.000510936,0.000881628,0.000452772,-0.000367344,-0.000813625,-0.000492982,0.0002564,0.000705351,0.000434111,-0.000277973,-0.000735069,-0.000495717,0.000212139,0.000719458,0.000557275,-0.000105126,-0.00063499,-0.000544353,5.37E-05,0.000568993,0.000507369,-6.06E-05,-0.000577816,-0.000540214,2.37E-05,0.000587107,0.000630212,0.000129018,-0.000434895,-0.000542131,-0.000126962,0.000373969,0.000452243,1.85E-05,-0.00051524,-0.000632492,-0.00020468,0.000390932,0.000632168,0.000341444,-0.000161476,-0.000380305,-0.000121206,0.000328744,0.000488181
-0.082381569,-0.05175969,-0.041116714,-0.02579372,-0.002528673,0.021117603,0.033249378,0.027203431,0.007670222,-0.012094549,-0.020009208,-0.013848346,-0.001734795,0.005608841,0.003886256,-0.002199784,-0.004538261,0.000222302,0.007545819,0.009624225,0.003201926,-0.006850851,-0.011674949,-0.006540949,0.004536769,0.012055786,0.009364241,-0.00137365,-0.010976126,-0.011258502,-0.002160954,0.008302128,0.011151384,0.004255882,-0.006018742,-0.0106227,-0.005793882,0.003867366,0.009753225,0.006941602,-0.001660721,-0.008228766,-0.007126439,0.000240205,0.007012275,0.007213088,0.000997146,-0.005795571,-0.007116136,-0.00209944,0.004431123,0.006562503,0.002635632,-0.003487763,-0.006173418,-0.003168598,0.00254077,0.005683023,0.003569904,-0.001605704,-0.004996471,-0.003621154,0.001024833,0.004545604,0.003780496,-0.000379382,-0.003994235,-0.00380888,-0.000188497,0.003384896,0.003639495,0.000497058,-0.00300109,-0.003622043,-0.000914895,0.002498023,0.003463373,0.001216414,-0.002020932,-0.003214371,-0.001346818,0.001729505,0.003121335,0.001607307,-0.001303185,-0.002875084,-0.001723915,0.000960133,0.002617884,0.001745511,-0.000753589,-0.002499701,-0.001899884,0.000404896,0.002219497,0.001890242,-0.000181142,-0.001989323,-0.001850174,4.40E-05,0.001871249,0.00193423,0.000235336,-0.001586384,-0.001839848,-0.000358566,0.001399292,0.001769237,0.000441741,-0.0012943,-0.001808644,-0.000662893,0.001020478,0.001659165,0.000704427,-0.000881706,-0.001577691,-0.000746092,0.000797109,0.00159197,0.000921349,-0.000541837,-0.001409088,-0.000899379,0.000449279,0.001327329,0.000907954,-0.000390182,-0.001332193,-0.00104949,0.000156523,0.001132827,0.000982451,-0.000101888,-0.001053252,-0.000961536,7.30E-05,0.001061187,0.001079621,0.000136789,-0.00086127,-0.000988211,-0.000168227,0.000778761,0.000937152,0.000163595,-0.000796923,-0.001036094,-0.00034278,0.000615892,0.000945441,0.00037148,-0.000520605,-0.000863418,-0.000336189,0.000544882,0.00093501,0.000467883,-0.000408552,-0.000873092,-0.000513782,0.000295541,0.000770161,0.000467586,-0.000302056,-0.000788752,-0.000524851,0.000236128,0.000773385,0.000589633,-0.000124475,-0.000686493,-0.000578181,6.98E-05,0.00061938,0.000543743,-7.33E-05,-0.000628896,-0.00058455,2.26E-05,0.000623448,0.000663208,0.000123355,-0.000474745,-0.000576236,-0.000118237,0.000424318,0.000505594,3.45E-05,-0.000541994,-0.000670066,-0.000215795,0.000412893,0.000657877,0.000335352,-0.000205439,-0.00043132,-0.00013934,0.00035612,0.000535669
-0.066111669,-0.041644763,-0.0376403,-0.028092932,-0.007144934,0.018172253,0.033897616,0.030324807,0.010336378,-0.012230143,-0.022975935,-0.017467925,-0.00333734,0.007233098,0.007712276,0.001409641,-0.003243373,-0.001256108,0.004558524,0.007077032,0.002416335,-0.005871971,-0.009985575,-0.005384792,0.004531908,0.011133433,0.008305313,-0.001842622,-0.010620932,-0.01039383,-0.0013682,0.008570142,0.010831268,0.003664779,-0.006428828,-0.010577844,-0.005373473,0.004307263,0.00985229,0.006606254,-0.002190185,-0.008568333,-0.00704985,0.000627471,0.007367423,0.007242075,0.000695719,-0.006146738,-0.007196242,-0.0018223,0.004847227,0.00678701,0.002510216,-0.003820068,-0.006403218,-0.003095525,0.002836643,0.005921503,0.003525237,-0.00190568,-0.005301442,-0.003685542,0.001226232,0.004805071,0.003852591,-0.000556216,-0.004249067,-0.003900633,-2.63E-05,0.003664011,0.003800409,0.000420504,-0.003217042,-0.003760568,-0.000842714,0.002711869,0.003617359,0.001164964,-0.002236058,-0.003407622,-0.001361686,0.001880466,0.003275933,0.001609195,-0.001460166,-0.00304566,-0.001749621,0.001104827,0.002806017,0.001818444,-0.000840715,-0.00264239,-0.001947516,0.00050694,0.002381317,0.001964338,-0.000262107,-0.002152787,-0.001954647,7.70E-05,0.001988305,0.002005597,0.000179565,-0.001726768,-0.001940363,-0.000329969,0.001529606,0.001886053,0.000450911,-0.001380435,-0.00188785,-0.000642933,0.0011343,0.001770128,0.000715872,-0.000977108,-0.001693883,-0.000786043,0.000851838,0.00166812,0.000927134,-0.000628264,-0.001519156,-0.000939032,0.000512107,0.001434912,0.000968894,-0.000415678,-0.001398342,-0.001072392,0.000216858,0.001233913,0.001039411,-0.000136996,-0.001148046,-0.001035469,7.30E-05,0.001113743,0.001113139,0.000100655,-0.000947362,-0.001052603,-0.000154646,0.000859135,0.001017362,0.000183791,-0.000835541,-0.001076432,-0.000329443,0.000682339,0.001008791,0.000373328,-0.000585743,-0.000943228,-0.000369469,0.000572585,0.000981193,0.000476501,-0.000452519,-0.00092974,-0.000527276,0.000343128,0.000841413,0.000504569,-0.000324396,-0.000841091,-0.000553161,0.000258968,0.000823176,0.000615881,-0.000149075,-0.000739668,-0.000609444,9.11E-05,0.000674911,0.000583746,-8.39E-05,-0.000678952,-0.000629282,1.84E-05,0.000652802,0.000686155,0.000107437,-0.000521477,-0.000611488,-0.000104752,0.000483866,0.000570802,6.38E-05,-0.000555692,-0.000696861,-0.000221484,0.000432192,0.000672127,0.000311153,-0.000269895,-0.000500587,-0.000169994,0.000378662,0.000586834
-0.039056662,-0.024827324,-0.029988395,-0.028767135,-0.012375055,0.013193709,0.032149132,0.031610414,0.012240401,-0.012040281,-0.024901647,-0.019859435,-0.003981346,0.009299704,0.011450903,0.004561747,-0.002534233,-0.003213622,0.001356617,0.004613822,0.001916021,-0.004589206,-0.00814958,-0.004312217,0.004284553,0.009978163,0.007177562,-0.002178097,-0.010029509,-0.009352165,-0.000564827,0.008702489,0.010351905,0.003016964,-0.006758705,-0.010391719,-0.004869077,0.004708901,0.009826169,0.006158565,-0.002739067,-0.008835606,-0.006882952,0.001043494,0.007670001,0.007188153,0.000354384,-0.006462141,-0.007196974,-0.001487058,0.00525918,0.006959973,0.002338738,-0.004150561,-0.006586917,-0.002974872,0.003139512,0.006121346,0.00342992,-0.002227804,-0.005587894,-0.003714821,0.001443212,0.005045251,0.00388807,-0.00075427,-0.004491671,-0.003958232,0.000163093,0.00394331,0.003940404,0.00032608,-0.003428432,-0.003874725,-0.000747413,0.002927961,0.00375187,0.001089828,-0.002459968,-0.003591021,-0.001361764,0.002033788,0.003415643,0.001590544,-0.001626504,-0.003207675,-0.001757577,0.001261061,0.002991623,0.001880915,-0.00093278,-0.002776688,-0.001978383,0.000621289,0.002542103,0.002026781,-0.000354251,-0.002318046,-0.002052699,0.00011524,0.002101093,0.002063857,0.000110795,-0.001871067,-0.002034611,-0.000292079,0.00166391,0.001999728,0.000455689,-0.001464673,-0.00195701,-0.000610439,0.001255112,0.001879227,0.000720506,-0.001077304,-0.001809452,-0.000823011,0.000905744,0.001736527,0.000921362,-0.00072341,-0.001630718,-0.000974358,0.000579755,0.001543802,0.001028561,-0.00044045,-0.001458289,-0.001084892,0.000286611,0.001338747,0.001094076,-0.000176711,-0.00124575,-0.001110029,7.17E-05,0.001161014,0.001137518,5.53E-05,-0.001038211,-0.001115856,-0.000136418,0.000943947,0.001100157,0.000206258,-0.000869573,-0.001109278,-0.000308303,0.000753057,0.001070943,0.00036996,-0.00065675,-0.001027207,-0.000405525,0.000596975,0.001022526,0.000480161,-0.000498672,-0.000984009,-0.000534811,0.000397206,0.000916969,0.000543175,-0.000346329,-0.000892756,-0.000580698,0.000281083,0.00086954,0.0006368,-0.000178317,-0.000794301,-0.000638435,0.000116699,0.000734651,0.000626603,-9.26E-05,-0.000727505,-0.000673132,1.29E-05,0.000677532,0.00070142,8.31E-05,-0.000574205,-0.000648382,-8.85E-05,0.000549255,0.000643684,0.000101858,-0.000559866,-0.00071495,-0.000221849,0.000450874,0.000678898,0.000274143,-0.000349175,-0.000583168,-0.00020998,0.000397105,0.000639746
-0.002225044,-0.001932498,-0.01849902,-0.027888441,-0.018116126,0.006335025,0.028119542,0.031125279,0.013437797,-0.011439923,-0.025681531,-0.020958476,-0.003709705,0.011640356,0.014864041,0.007052845,-0.002487066,-0.005571489,-0.001878224,0.00242158,0.001808144,-0.003003092,-0.006239932,-0.003402059,0.003762676,0.008614632,0.006031856,-0.00234656,-0.009211598,-0.008180559,0.000193823,0.008665379,0.009712597,0.00233411,-0.006985968,-0.010057164,-0.004289254,0.005060527,0.009674042,0.005613526,-0.003283691,-0.009011094,-0.006619361,0.001482279,0.007909968,0.007045888,-2.52E-05,-0.006737832,-0.007119119,-0.001102524,0.005653308,0.007069734,0.002116716,-0.004476712,-0.006719625,-0.002804192,0.003448317,0.00628109,0.003286212,-0.002564793,-0.005846212,-0.003701539,0.001678334,0.005264719,0.003884789,-0.00097387,-0.004720868,-0.003981599,0.000376188,0.004216191,0.004052292,0.000208982,-0.00363668,-0.003963975,-0.000628727,0.003145384,0.003866008,0.000992146,-0.002688567,-0.003758674,-0.001341702,0.002192616,0.003541537,0.001551819,-0.001801175,-0.00335981,-0.001747624,0.001426608,0.003170284,0.001927881,-0.001033761,-0.002904912,-0.001993839,0.000746533,0.002700194,0.00207657,-0.000456722,-0.002482048,-0.002139957,0.000162958,0.00221277,0.002111201,3.10E-05,-0.002017258,-0.002120995,-0.000244743,0.001800298,0.002106677,0.000451924,-0.001550683,-0.002019016,-0.000567878,0.00138053,0.001984434,0.000717465,-0.001181276,-0.001921529,-0.000853072,0.000962791,0.001800636,0.000906994,-0.000824568,-0.001741459,-0.001004065,0.000651794,0.001651669,0.001083261,-0.000468625,-0.001515879,-0.001090321,0.000362887,0.001444948,0.001145042,-0.000220855,-0.001344329,-0.001181682,7.33E-05,0.00120705,0.00115623,3.67E-06,-0.001131693,-0.001176837,-0.000113853,0.001031197,0.001182126,0.000226917,-0.00090292,-0.001137809,-0.000281653,0.000826622,0.001131434,0.000362103,-0.00073158,-0.001112245,-0.000440843,0.000621196,0.001061242,0.00048007,-0.000546677,-0.001036276,-0.000537441,0.000456056,0.000994661,0.000581264,-0.000369408,-0.000944386,-0.000607265,0.000303129,0.000913194,0.000652951,-0.000211828,-0.000850211,-0.000665268,0.000146173,0.000797699,0.000671374,-0.000100013,-0.000774118,-0.000714667,8.43E-06,0.000700069,0.000711239,5.21E-05,-0.000632129,-0.000687317,-7.14E-05,0.000617201,0.000719967,0.000144402,-0.000558114,-0.000726298,-0.000216799,0.000471098,0.000682111,0.000229451,-0.000437734,-0.000674112,-0.000256009,0.000412239,0.000692398
0.042328484,0.02576609,-0.003907469,-0.025678813,-0.024208501,-0.002071647,0.022131501,0.029097408,0.01406878,-0.010337918,-0.025263777,-0.020786863,-0.002659313,0.014007741,0.017667824,0.008676032,-0.003142641,-0.008194062,-0.004909955,0.000719079,0.002201938,-0.001133945,-0.004354439,-0.002747578,0.002936377,0.007081179,0.004933103,-0.002309928,-0.008184642,-0.006941234,0.000838266,0.008418554,0.008915082,0.001645198,-0.007081988,-0.009565753,-0.003645789,0.005346418,0.009394511,0.004990407,-0.003793351,-0.009069501,-0.006251039,0.001935364,0.008073433,0.006807745,-0.000440787,-0.006967732,-0.00696273,-0.000679736,0.006011573,0.00710067,0.001838314,-0.004794612,-0.006794121,-0.002579896,0.003761292,0.006397938,0.003096276,-0.002907319,-0.006063516,-0.003635671,0.001934753,0.005460963,0.003839314,-0.001215538,-0.004934596,-0.003969905,0.000609076,0.004473965,0.004126391,6.29E-05,-0.003843243,-0.004027017,-0.000485974,0.003362775,0.003958049,0.000872922,-0.002916633,-0.003902721,-0.001294381,0.002360857,0.003654555,0.001493202,-0.001982898,-0.003500025,-0.001719117,0.001598801,0.003336198,0.001952632,-0.001148779,-0.00302975,-0.001995249,0.000881021,0.002853282,0.002112062,-0.000568677,-0.002640862,-0.002210646,0.000225653,0.002327224,0.002150134,-5.77E-05,-0.002162695,-0.0021972,-0.000187501,0.001936399,0.002202188,0.000434195,-0.001643107,-0.002077349,-0.000518205,0.001507515,0.002082949,0.000705395,-0.001287848,-0.002026391,-0.000871102,0.001028062,0.001864715,0.000887649,-0.000928323,-0.001848284,-0.001026272,0.000727838,0.001755537,0.00112818,-0.000505549,-0.001575981,-0.001092836,0.000442026,0.001549374,0.001190319,-0.00026935,-0.001441198,-0.001245817,8.32E-05,0.001257064,0.001173674,-5.08E-05,-0.001225033,-0.001233964,-8.72E-05,0.001118327,0.001258773,0.00024038,-0.000940688,-0.001166112,-0.000252406,0.00090121,0.00118963,0.000350665,-0.000807546,-0.001194185,-0.000470706,0.000649414,0.001100225,0.000477691,-0.000596223,-0.001087136,-0.000536635,0.000517316,0.001071507,0.000615904,-0.000395704,-0.000996718,-0.000632379,0.000326243,0.000955329,0.000665265,-0.000248972,-0.000907068,-0.000690081,0.000178679,0.000862594,0.000716435,-0.000107062,-0.000818527,-0.000752151,7.75E-06,0.000723756,0.000718816,1.70E-05,-0.000693777,-0.000728418,-5.56E-05,0.000683441,0.000793842,0.000185191,-0.000555644,-0.000733944,-0.000206574,0.000495509,0.000686936,0.000184072,-0.000527821,-0.000766318,-0.000303187,0.000425486,0.000742232
0.090382971,0.055647943,0.012183121,-0.022731224,-0.030394627,-0.011265029,0.015049156,0.026180753,0.014429705,-0.008782506,-0.023929659,-0.019720884,-0.001184591,0.016149007,0.019754231,0.009475164,-0.00433805,-0.010868975,-0.007561976,-0.000417493,0.003061156,0.000915565,-0.002586627,-0.002374341,0.001855626,0.005459767,0.003934071,-0.00208077,-0.007015575,-0.005709634,0.001330078,0.00797464,0.008000226,0.000981351,-0.007048682,-0.008945784,-0.002966013,0.005564574,0.009013609,0.004324576,-0.004246725,-0.009013225,-0.00579467,0.002390109,0.008163068,0.006487697,-0.000881017,-0.007154644,-0.006743928,-0.000237102,0.006324714,0.00705537,0.001511007,-0.005101297,-0.006815466,-0.002310271,0.004075043,0.006477449,0.00287142,-0.003245608,-0.006236537,-0.003519375,0.00221016,0.005635788,0.003757033,-0.001474821,-0.005133551,-0.003929162,0.000854201,0.00471181,0.004161827,-0.000111528,-0.004049181,-0.004067636,-0.000323467,0.003578557,0.004030559,0.000737251,-0.003139593,-0.00402093,-0.00121921,0.002539654,0.003757718,0.001418716,-0.002168972,-0.003628628,-0.001675022,0.001773974,0.003486773,0.001953813,-0.001279245,-0.003153899,-0.001986396,0.001021439,0.003000149,0.002134486,-0.000687556,-0.00279207,-0.002263049,0.000304982,0.002447028,0.002184283,-0.00015148,-0.002305115,-0.002263067,-0.00012182,0.002070225,0.002284456,0.000400659,-0.001744505,-0.002135556,-0.0004653,0.001633066,0.002173535,0.000684786,-0.00139554,-0.002122256,-0.000875095,0.0011042,0.001932313,0.000867352,-0.001031178,-0.001949165,-0.001040703,0.000806833,0.001853638,0.001161104,-0.000554049,-0.001642208,-0.001096538,0.000520276,0.001649554,0.001229187,-0.000321351,-0.001534469,-0.001299906,0.000104538,0.00131475,0.001193883,-0.000104328,-0.001315774,-0.001286526,-5.76E-05,0.001203118,0.001327181,0.000243322,-0.000986466,-0.001197783,-0.000223613,0.000975007,0.00124541,0.000337173,-0.000881984,-0.001269872,-0.000491949,0.000684547,0.001141929,0.000474695,-0.000646823,-0.001137497,-0.000534505,0.00057826,0.001144871,0.000645078,-0.000426418,-0.00105015,-0.000655695,0.000351474,0.000997563,0.000675574,-0.000288264,-0.000964274,-0.000713404,0.000212725,0.000927366,0.000759892,-0.000115127,-0.000861249,-0.000785031,1.26E-05,0.000751478,0.000727739,-1.87E-05,-0.00075663,-0.000770938,-4.24E-05,0.000744576,0.000860427,0.000218664,-0.000557727,-0.000741837,-0.000192823,0.000525399,0.000697671,0.000144649,-0.000611716,-0.000852583,-0.000346334,0.000438889,0.000787625
0.138640508,0.085666515,0.028534735,-0.019486729,-0.036459286,-0.020657791,0.007519692,0.022853686,0.014735476,-0.00680119,-0.021868084,-0.018021939,0.000452967,0.017857725,0.021013537,0.009459091,-0.005957368,-0.01342335,-0.009677331,-0.000909184,0.004367387,0.003061799,-0.00102326,-0.002318773,0.000548409,0.003813801,0.00308533,-0.001655358,-0.005746971,-0.004544387,0.001630689,0.007332542,0.006994623,0.000371036,-0.006877063,-0.008210478,-0.002270538,0.005705731,0.008541664,0.003638949,-0.004623477,-0.00883579,-0.005257478,0.002835188,0.008173749,0.006089902,-0.001337958,-0.007295218,-0.006468292,0.000213754,0.006582224,0.006929928,0.001137449,-0.005392251,-0.006782155,-0.001997923,0.004385978,0.006519278,0.002616192,-0.003572397,-0.006359303,-0.003350544,0.002503446,0.005787683,0.00363833,-0.001749602,-0.005316111,-0.003860456,0.001107565,0.004924722,0.004154989,-0.000315491,-0.004254292,-0.004085938,-0.000142486,0.003791059,0.004083095,0.000586914,-0.003353972,-0.004109729,-0.001113846,0.002729993,0.003851585,0.001329443,-0.002357802,-0.003744483,-0.001615717,0.001950044,0.003619063,0.00192878,-0.001426904,-0.003278498,-0.001968521,0.001166168,0.003139291,0.002143317,-0.000812393,-0.002933509,-0.002294662,0.000403071,0.002573816,0.002215185,-0.000248656,-0.002442735,-0.002317457,-4.78E-05,0.002200368,0.002351302,0.000349058,-0.001856883,-0.002195508,-0.000411136,0.001755171,0.002254624,0.000655112,-0.001503573,-0.002207314,-0.00086278,0.001193494,0.002005627,0.000848321,-0.00113092,-0.002042256,-0.001046417,0.000888449,0.00194445,0.001179757,-0.000616653,-0.001717075,-0.00110388,0.000595295,0.001743531,0.001260543,-0.000376718,-0.001622722,-0.001341597,0.000140076,0.001382877,0.001219436,-0.000154696,-0.001402128,-0.001333608,-2.51E-05,0.001284015,0.00138484,0.000232821,-0.001043081,-0.001235243,-0.000197149,0.001046815,0.001298466,0.000322398,-0.000953055,-0.001336727,-0.000501813,0.000728989,0.001188047,0.000471973,-0.000698354,-0.001187976,-0.000532373,0.000636999,0.001212648,0.000666952,-0.000462668,-0.001104889,-0.000676615,0.000379921,0.001041175,0.000685088,-0.000328757,-0.001021351,-0.000735438,0.000247348,0.000990446,0.000800001,-0.000125569,-0.000902798,-0.000812759,2.47E-05,0.000785515,0.000740658,-5.25E-05,-0.000818714,-0.000814068,-3.27E-05,0.000798107,0.000915855,0.000240322,-0.000568565,-0.000752987,-0.000176713,0.000561785,0.000717501,0.000116124,-0.000683544,-0.000927233,-0.000381232,0.00045417,0.000827288
0.182633325,0.113050297,0.043502055,-0.016491245,-0.042074084,-0.029462632,0.000364746,0.019693602,0.015234795,-0.004418917,-0.019276353,-0.015976032,0.001936197,0.018841794,0.021247987,0.008586913,-0.007869476,-0.015611093,-0.01100588,-0.000610406,0.006114256,0.005182899,0.000190703,-0.002659804,-0.000963622,0.002232945,0.002474739,-0.001006111,-0.004423973,-0.003528832,0.001671487,0.00647381,0.005928547,-0.000138019,-0.00653788,-0.007365302,-0.001588422,0.005744057,0.007977701,0.002959162,-0.004888645,-0.008515073,-0.00464117,0.003251718,0.008086815,0.005610017,-0.001800966,-0.007375661,-0.006132759,0.000660435,0.006763892,0.006709661,0.000716749,-0.005657284,-0.006683452,-0.001640704,0.004687217,0.006515416,0.002330363,-0.003877852,-0.006417979,-0.003120384,0.002813886,0.005909734,0.003477724,-0.002038855,-0.005476414,-0.003759567,0.001366453,0.00510361,0.004096186,-0.000553376,-0.004456499,-0.004077521,5.84E-05,0.003997093,0.004111101,0.000420961,-0.003554974,-0.004161155,-0.000972108,0.002933256,0.003934001,0.001223637,-0.0025479,-0.003843752,-0.001538658,0.002125267,0.003727413,0.001871345,-0.001595112,-0.003403517,-0.001940583,0.001314451,0.003267638,0.002135447,-0.000943428,-0.003061661,-0.002300114,0.000524153,0.002709195,0.002242854,-0.000348521,-0.002573028,-0.00235716,3.60E-05,0.002325039,0.002398458,0.000274959,-0.001982978,-0.002258301,-0.000356741,0.001871553,0.002323075,0.000614217,-0.001611437,-0.002278357,-0.000829877,0.001299423,0.00208674,0.000832124,-0.001225314,-0.00212456,-0.001040958,0.000972987,0.002025591,0.00118011,-0.000697346,-0.001803512,-0.001117017,0.000664798,0.001828562,0.00128201,-0.000436061,-0.001704045,-0.001367027,0.000194156,0.001465032,0.001252954,-0.000199654,-0.001481841,-0.001373356,1.05E-05,0.001359144,0.001427919,0.000204347,-0.001114422,-0.001281172,-0.000174768,0.001115331,0.001348003,0.000306707,-0.001018621,-0.001391024,-0.000496049,0.000786196,0.001240511,0.000470081,-0.000751042,-0.001239222,-0.000531485,0.00069137,0.001271889,0.000678608,-0.000506275,-0.001161058,-0.000693828,0.000413486,0.001087877,0.000695059,-0.000369524,-0.001077633,-0.000756086,0.000281586,0.001049688,0.000834009,-0.000140661,-0.000943987,-0.000834365,4.62E-05,0.000828986,0.000760888,-8.12E-05,-0.000877397,-0.000856393,-2.70E-05,0.000840872,0.00095478,0.000243816,-0.000593948,-0.000771314,-0.000159574,0.000606101,0.000750479,0.000104784,-0.000735588,-0.000982521,-0.000401922,0.000473834,0.000859419
0.219294384,0.135892436,0.055912614,-0.014175317,-0.0470265,-0.037074443,-0.005736033,0.017181216,0.016066225,-0.001824782,-0.016534075,-0.013968516,0.003027264,0.019079648,0.020625478,0.00712024,-0.009836203,-0.017307941,-0.011569494,0.000342588,0.00812662,0.007146861,0.001016934,-0.0033441,-0.002583566,0.000794119,0.002117639,-0.000176893,-0.003109616,-0.002697075,0.001470901,0.005454875,0.004857135,-0.000526588,-0.006054252,-0.006452548,-0.000948321,0.005682009,0.007346501,0.002307155,-0.005043308,-0.008075117,-0.003974381,0.003627035,0.007912101,0.005069317,-0.002255251,-0.00739744,-0.005749845,0.001093498,0.006873606,0.00640986,0.00026412,-0.005892042,-0.006527152,-0.001250298,0.004973088,0.006469297,0.002020968,-0.004159783,-0.00641891,-0.002839734,0.003133904,0.006002288,0.003281428,-0.002336816,-0.005613857,-0.003630228,0.001627826,0.005250493,0.003992219,-0.000818062,-0.004652931,-0.004044568,0.00027524,0.004194905,0.004116205,0.000241929,-0.003742721,-0.004179241,-0.000799783,0.003145476,0.004004661,0.00110341,-0.002737629,-0.003927019,-0.001445736,0.002298979,0.00381408,0.001785932,-0.001779774,-0.003527238,-0.001903167,0.001465232,0.003385387,0.002112284,-0.001079693,-0.003177647,-0.002282669,0.000664436,0.002850705,0.002266744,-0.000450713,-0.002696151,-0.002383271,0.00012854,0.002444637,0.002428252,0.000181695,-0.002120009,-0.002322594,-0.000301832,0.001982512,0.0023798,0.000563129,-0.001719097,-0.002337012,-0.000779227,0.001419148,0.002173803,0.000817947,-0.001314847,-0.002196862,-0.001025248,0.001060205,0.002098195,0.001164543,-0.000793395,-0.001899405,-0.001134775,0.00072942,0.001905297,0.001294321,-0.000499107,-0.001779244,-0.001378158,0.000264291,0.001559078,0.001293118,-0.000239864,-0.001555384,-0.001406254,4.90E-05,0.001429086,0.001457951,0.00015998,-0.001198584,-0.001334352,-0.00015593,0.001180797,0.001394259,0.000290243,-0.001078998,-0.001433758,-0.000476123,0.000854758,0.001298418,0.000468677,-0.00080498,-0.001291416,-0.000532137,0.00074123,0.00132288,0.00068075,-0.000556416,-0.001218054,-0.000707011,0.000452438,0.001138166,0.000706256,-0.000409793,-0.001132705,-0.000775467,0.000314904,0.00110438,0.000861157,-0.000161277,-0.000985923,-0.000851122,7.61E-05,0.000881325,0.000788653,-0.000103741,-0.000931322,-0.000896447,-2.41E-05,0.000874156,0.000978231,0.000229677,-0.000634097,-0.000797852,-0.000143008,0.000656639,0.000795237,0.000109835,-0.000768054,-0.001018159,-0.000407705,0.000498895,0.000885166
0.246147439,0.152653292,0.064849399,-0.012835318,-0.051102169,-0.043000042,-0.010274449,0.015640652,0.017290564,0.000817542,-0.013917249,-0.012261199,0.003571994,0.0185623,0.019263817,0.005244906,-0.011679185,-0.01840885,-0.011369548,0.001853671,0.010264134,0.008834651,0.001406465,-0.004341761,-0.004235079,-0.000431737,0.002039808,0.000807166,-0.001852532,-0.002082229,0.00103514,0.004315807,0.003826518,-0.000771424,-0.005436215,-0.00550277,-0.000377319,0.005512908,0.006660785,0.001699609,-0.00508318,-0.007528741,-0.003277879,0.003947021,0.007650588,0.004480629,-0.002687139,-0.007355407,-0.005323806,0.001506308,0.006910511,0.00603794,-0.0002095,-0.006089558,-0.006314301,-0.0008336,0.005236791,0.006378732,0.001690124,-0.00441594,-0.006363677,-0.002514348,0.003456983,0.006062131,0.003050941,-0.002639374,-0.005725178,-0.003471877,0.001890651,0.005365397,0.00384585,-0.001104889,-0.004839585,-0.003985811,0.000506532,0.004382134,0.004097061,4.98E-05,-0.003917116,-0.00416536,-0.00060001,0.003363002,0.00406116,0.00096842,-0.002925907,-0.003993133,-0.001336537,0.002471241,0.003879837,0.00167468,-0.001977836,-0.003646912,-0.001854851,0.001618546,0.003491945,0.00207341,-0.001221344,-0.003281972,-0.002243834,0.000821423,0.002995626,0.002284846,-0.000556105,-0.002812142,-0.002395599,0.000229962,0.002559531,0.002441802,7.13E-05,-0.002265428,-0.002386103,-0.000244954,0.002088643,0.002424905,0.00050179,-0.001826847,-0.002384159,-0.00071254,0.001550334,0.002264444,0.000803978,-0.001400538,-0.002259546,-0.000999313,0.001150366,0.002163019,0.001134531,-0.000902684,-0.002002427,-0.001155184,0.000790424,0.001974297,0.00129754,-0.00056615,-0.001849042,-0.001376295,0.000348604,0.001662869,0.001338008,-0.000276631,-0.001623341,-0.001432314,9.09E-05,0.001494552,0.001476066,0.000101279,-0.001293782,-0.00139315,-0.000139513,0.001243679,0.001437155,0.000272594,-0.001134802,-0.001465754,-0.000443108,0.000933444,0.001360622,0.000466967,-0.000860487,-0.001344487,-0.000534074,0.00078686,0.00136592,0.000673786,-0.000612536,-0.001275239,-0.000715601,0.000497172,0.001192301,0.000718929,-0.000449236,-0.001186216,-0.000793376,0.000347185,0.001154037,0.000880678,-0.000188321,-0.001029543,-0.000863957,0.000113468,0.000941876,0.000823711,-0.000119908,-0.000979538,-0.000932839,-2.22E-05,0.000899368,0.000987283,0.000198526,-0.000688927,-0.000833104,-0.000128085,0.000711918,0.000850183,0.00012994,-0.000781737,-0.001034281,-0.000398133,0.000530202,0.00090556
0.260025054,0.161362439,0.069177516,-0.012783319,-0.053970508,-0.046601672,-0.012651867,0.015405348,0.018922333,0.00328849,-0.01173526,-0.011123079,0.003420488,0.017283237,0.017282138,0.003157426,-0.013193443,-0.018773822,-0.010383072,0.003823558,0.012354149,0.010081886,0.001275774,-0.005630156,-0.005822139,-0.001342474,0.002290291,0.001924785,-0.000714807,-0.001735918,0.000360264,0.003101132,0.002898119,-0.000833315,-0.004686812,-0.004551712,8.47E-05,0.005218364,0.00592965,0.001158413,-0.004995352,-0.006884145,-0.002575727,0.004188652,0.007295343,0.003855639,-0.003076721,-0.007235671,-0.004853991,0.001890414,0.006867916,0.005597173,-0.000691636,-0.006236671,-0.006040112,-0.000396678,0.005466829,0.006235227,0.00133691,-0.004642092,-0.006249518,-0.002147761,0.003774323,0.006081005,0.002784125,-0.002941716,-0.005802867,-0.003279763,0.00215479,0.005445897,0.003656942,-0.001409397,-0.005009406,-0.003896127,0.000752344,0.004554518,0.004048803,-0.000157466,-0.004077379,-0.004118594,-0.000374688,0.003580793,0.004097959,0.000815946,-0.003111463,-0.004038601,-0.001208315,0.002642559,0.003924064,0.001538286,-0.002185928,-0.003757585,-0.001791739,0.001775294,0.003585533,0.002016426,-0.001369543,-0.003374536,-0.002183882,0.000992878,0.003139825,0.002292933,-0.000666992,-0.002920762,-0.002392518,0.000341574,0.002670055,0.002439339,-5.46E-05,-0.002415866,-0.002444702,-0.00018302,0.00219091,0.002457634,0.000429042,-0.00193531,-0.002420161,-0.000631015,0.00169022,0.002354837,0.000786768,-0.001484191,-0.002312626,-0.000962271,0.001244275,0.002220639,0.001091143,-0.001022904,-0.002109151,-0.001174762,0.000850085,0.002036128,0.001291028,-0.000638135,-0.001914263,-0.001362505,0.000445142,0.001773456,0.001384407,-0.000312315,-0.00168654,-0.001451032,0.000137131,0.001556584,0.001483327,2.98E-05,-0.001397689,-0.001454915,-0.000123442,0.001304774,0.001476216,0.000252648,-0.001187113,-0.001487892,-0.00039801,0.001020781,0.001425313,0.000463419,-0.000918199,-0.001398075,-0.000536429,0.000828995,0.001401344,0.000657902,-0.000674146,-0.001331682,-0.000718537,0.000548389,0.001250432,0.000732948,-0.000487784,-0.001237687,-0.000809198,0.000378647,0.00119813,0.000891417,-0.000223135,-0.001076004,-0.000873799,0.000157492,0.001009692,0.000865332,-0.000129679,-0.001021019,-0.000963636,-1.93E-05,0.000918519,0.000983337,0.00015115,-0.000758163,-0.000877352,-0.000115832,0.000770095,0.000912953,0.000162851,-0.00077811,-0.001031271,-0.000372636,0.000568868,0.000921891
0.26017043,0.161543176,0.068654172,-0.014024648,-0.05545995,-0.047648199,-0.012703374,0.016491471,0.020819595,0.005349736,-0.010220871,-0.010683353,0.002601986,0.01542189,0.01494385,0.00110822,-0.014231075,-0.01840461,-0.008748559,0.006042604,0.014204018,0.010783885,0.000631337,-0.007122525,-0.0072413,-0.001877406,0.002863333,0.003124399,0.000252974,-0.001666997,-0.000511509,0.00187905,0.00212608,-0.000699811,-0.003834067,-0.003642289,0.000409497,0.004798037,0.005170663,0.000696775,-0.004787288,-0.006168057,-0.001897391,0.004337687,0.006853483,0.003214038,-0.003407017,-0.007033573,-0.004345673,0.002241259,0.006751042,0.005102599,-0.001165897,-0.006325315,-0.005708144,5.01E-05,0.005654375,0.00603618,0.000962972,-0.004838319,-0.006082498,-0.001750781,0.004075905,0.006054847,0.002483656,-0.003238083,-0.005842664,-0.00305279,0.002420333,0.005494588,0.003432012,-0.001723208,-0.005155989,-0.003773563,0.001010777,0.004709051,0.003969629,-0.000380602,-0.004224957,-0.00404299,-0.000130233,0.003792297,0.004110836,0.000644936,-0.003293306,-0.004062192,-0.001060366,0.002813904,0.003949412,0.001381596,-0.002398089,-0.003854111,-0.001710845,0.001936362,0.003666002,0.00194104,-0.001524861,-0.003457117,-0.00210649,0.001173599,0.003277921,0.00228684,-0.000785772,-0.003023053,-0.002374408,0.000463498,0.002777364,0.00242369,-0.000191648,-0.002566026,-0.002493548,-0.000112501,0.002291446,0.002479106,0.000345224,-0.002045181,-0.002447259,-0.000538595,0.001833705,0.00243978,0.000761998,-0.001568804,-0.002357864,-0.000914828,0.001342369,0.00227298,0.001037971,-0.001149146,-0.002214222,-0.001188728,0.000911954,0.002092939,0.001275629,-0.000715502,-0.001976794,-0.00134023,0.000549175,0.00188556,0.001427461,-0.000350567,-0.00174709,-0.001463015,0.000188532,0.001617281,0.001483131,-5.00E-05,-0.001505487,-0.0015153,-0.000104607,0.001365589,0.001511403,0.00022909,-0.001238257,-0.001503302,-0.000344483,0.001113088,0.001489442,0.000456189,-0.000978529,-0.001451343,-0.000537551,0.000869662,0.001431256,0.000635084,-0.0007396,-0.001386346,-0.000715593,0.000605544,0.001311574,0.000747385,-0.000525909,-0.001286991,-0.000822332,0.000410106,0.001237447,0.000893925,-0.00026562,-0.001125914,-0.00088217,0.000205723,0.001081826,0.000910686,-0.000135039,-0.001056342,-0.000987754,-1.24E-05,0.000935573,0.000971111,9.23E-05,-0.000837908,-0.000928437,-0.00010648,0.000828381,0.000978612,0.000202392,-0.000763421,-0.001014276,-0.0003343,0.000614488,0.000936607
0.247828662,0.153961286,0.063773289,-0.016324384,-0.055556864,-0.046276286,-0.010642312,0.018663431,0.022760468,0.006825132,-0.009466406,-0.010914451,0.001275088,0.013233793,0.012523035,-0.000705156,-0.014740513,-0.017405964,-0.006672949,0.008293722,0.015671905,0.010914148,-0.00045669,-0.008712209,-0.008414792,-0.002023556,0.00371537,0.004346954,0.001021532,-0.001853294,-0.001519218,0.000713588,0.001543176,-0.000381078,-0.00291551,-0.002810106,0.000585315,0.004264598,0.004403063,0.000319365,-0.004477052,-0.005411323,-0.001267274,0.004389816,0.006339406,0.0025753,-0.003667734,-0.006751997,-0.003807005,0.002557315,0.006570572,0.00457212,-0.001618119,-0.006352888,-0.005326259,0.000496658,0.005794657,0.005783523,0.000571517,-0.005006784,-0.005871957,-0.00133545,0.004353774,0.005983267,0.002154479,-0.003523593,-0.005843407,-0.002792553,0.0026871,0.005515948,0.003179471,-0.002038031,-0.005275095,-0.003618651,0.001279165,0.004844202,0.003860065,-0.000618944,-0.004361888,-0.003944109,0.000126221,0.003991942,0.004097549,0.000455716,-0.003470738,-0.004064257,-0.000893466,0.00298602,0.003959447,0.001210332,-0.002608602,-0.003932703,-0.00161062,0.002102259,0.003734098,0.001848273,-0.001687229,-0.003531872,-0.00201609,0.001358236,0.003405375,0.002263669,-0.000914129,-0.003120408,-0.002342662,0.000595061,0.002882593,0.002398205,-0.000334924,-0.002711065,-0.00252881,-3.07E-05,0.002392357,0.002491146,0.000251473,-0.002156889,-0.002467983,-0.000439559,0.001975861,0.0025148,0.000726124,-0.001657144,-0.002397469,-0.000858413,0.001444666,0.002322054,0.000978908,-0.001276473,-0.002312745,-0.001192933,0.000979269,0.002147137,0.00125279,-0.000798226,-0.002038491,-0.001313197,0.000655779,0.001994085,0.001462757,-0.000394727,-0.001807218,-0.001469321,0.000245447,0.0016787,0.001479193,-0.000133349,-0.00161228,-0.0015702,-8.02E-05,0.001427582,0.001542887,0.000200818,-0.001290643,-0.00151554,-0.000286685,0.001206435,0.001550092,0.000443787,-0.001041575,-0.001503307,-0.000535684,0.000911157,0.001458247,0.000607815,-0.000807055,-0.001438468,-0.000707181,0.000667374,0.00137418,0.000760927,-0.000564385,-0.001334279,-0.000832314,0.000442609,0.001273482,0.000889796,-0.000314643,-0.001179186,-0.000890364,0.000255573,0.001154901,0.000956308,-0.00013883,-0.001087126,-0.001005125,2.33E-07,0.000954482,0.00095601,2.79E-05,-0.000922963,-0.000983073,-9.95E-05,0.000884351,0.001042083,0.000241652,-0.00074523,-0.000990109,-0.000287786,0.000665669,0.000952072
0.223757058,0.139077961,0.054885197,-0.019441435,-0.054152153,-0.042520437,-0.006631407,0.021676399,0.024485935,0.007513021,-0.009561213,-0.011770213,-0.000393245,0.010957827,0.010260304,-0.002111905,-0.014670888,-0.015856946,-0.00432919,0.010379608,0.016610892,0.010423526,-0.001939947,-0.010297951,-0.009251313,-0.001746105,0.004817896,0.005532538,0.001546769,-0.00229106,-0.002612783,-0.000329634,0.00119284,0.000123946,-0.001964498,-0.002095683,0.000590624,0.003623544,0.003646559,3.86E-05,-0.004072989,-0.004639613,-0.000712042,0.00433352,0.005761298,0.001958392,-0.003843348,-0.006387476,-0.003244093,0.002832936,0.006330006,0.004018807,-0.002033239,-0.006311516,-0.00489746,0.000933011,0.005878779,0.00547444,0.000164691,-0.005145942,-0.005621726,-0.00091086,0.004598361,0.005861614,0.001798624,-0.00379242,-0.00580019,-0.002497646,0.002954348,0.005510687,0.002903866,-0.002346521,-0.005360176,-0.003428817,0.001555789,0.004956423,0.003717643,-0.000873019,-0.004488377,-0.003824183,0.000389654,0.004173553,0.004053514,0.000246952,-0.003642442,-0.004042852,-0.000706588,0.003159234,0.003955372,0.00102786,-0.002812282,-0.003988216,-0.001487859,0.002273705,0.003789057,0.001737303,-0.001857029,-0.003599542,-0.001914984,0.001542593,0.003517135,0.002219195,-0.001054371,-0.003213384,-0.002297081,0.000736491,0.002986237,0.002364542,-0.000481049,-0.00284626,-0.002545771,6.59E-05,0.002495402,0.002494328,0.00014786,-0.002270765,-0.002483635,-0.000336791,0.002112309,0.002574977,0.000674941,-0.001751939,-0.002432746,-0.000793406,0.00155144,0.002369066,0.000916586,-0.001400751,-0.00239975,-0.001182725,0.001055406,0.002200537,0.001223044,-0.000886722,-0.002100742,-0.001284049,0.000760947,0.002094152,0.001485558,-0.000448372,-0.001868826,-0.001470287,0.000308726,0.001742663,0.001474341,-0.000216405,-0.001713572,-0.001615327,-4.71E-05,0.001492133,0.001570353,0.000166277,-0.001346602,-0.001527481,-0.000227932,0.001297351,0.001604249,0.000424378,-0.001107568,-0.001552722,-0.000528697,0.000955837,0.001484483,0.000577935,-0.000875066,-0.001487194,-0.000693315,0.000732895,0.001436598,0.000771908,-0.000604226,-0.001379582,-0.000838313,0.000477459,0.00130762,0.000880246,-0.00036936,-0.001235638,-0.000899236,0.000304933,0.001225735,0.000998634,-0.000144052,-0.001114966,-0.001015494,2.09E-05,0.000978943,0.000942837,-3.68E-05,-0.001008506,-0.00103794,-9.40E-05,0.000935855,0.00109846,0.000273916,-0.000730705,-0.000964992,-0.000237199,0.000721219,0.000970371
0.189316183,0.11772541,0.042601839,-0.022985959,-0.051108576,-0.036493227,-0.0009772,0.025132561,0.025627609,0.007175762,-0.010558983,-0.013124233,-0.002147557,0.008900468,0.008429226,-0.002942429,-0.013998193,-0.013878068,-0.001934716,0.012067443,0.016858023,0.009271232,-0.003741949,-0.011744297,-0.009635849,-0.00100755,0.006125535,0.006597053,0.001768276,-0.002976183,-0.003727409,-0.001166768,0.001128561,0.000813095,-0.001027038,-0.00155238,0.00039886,0.002884914,0.002930373,-0.000125719,-0.003583075,-0.003884526,-0.000265815,0.004153615,0.005129564,0.001388274,-0.003913134,-0.005935603,-0.002666467,0.003057733,0.006030507,0.003457454,-0.00239198,-0.006189976,-0.004424741,0.001346237,0.005894194,0.005104764,-0.000253577,-0.005251054,-0.005333806,-0.000487135,0.004797119,0.005682804,0.001418157,-0.004036412,-0.005705556,-0.002165994,0.003219726,0.005477187,0.002608805,-0.00264005,-0.005402288,-0.003200004,0.001838346,0.005040173,0.003538294,-0.0011432,-0.004602987,-0.003683895,0.00065506,0.004329407,0.003972366,1.68E-05,-0.003806063,-0.003994465,-0.000498058,0.003333081,0.003936967,0.000836855,-0.003003238,-0.004013965,-0.001338282,0.002451217,0.003828986,0.001606392,-0.002034491,-0.003659831,-0.001804567,0.001722365,0.00360704,0.002147993,-0.001209162,-0.003301922,-0.002236597,0.000888245,0.003088151,0.002323477,-0.000626859,-0.002966195,-0.002538591,0.000181285,0.002602181,0.002488573,3.41E-05,-0.002386834,-0.002494799,-0.000232764,0.002238296,0.002614433,0.000603385,-0.00185612,-0.002464614,-0.000719763,0.001662916,0.002414721,0.000853211,-0.001517666,-0.002469472,-0.001152533,0.001144213,0.002254817,0.001186537,-0.000981547,-0.002164671,-0.001255113,0.000860576,0.002180216,0.001490212,-0.000515699,-0.001933864,-0.001465898,0.000379542,0.001811019,0.00147129,-0.000295193,-0.00180431,-0.001645576,-1.47E-06,0.001560714,0.00159309,0.000123387,-0.001408791,-0.001542111,-0.000171679,0.001381973,0.001648312,0.000395689,-0.001176696,-0.001597799,-0.000513715,0.001006616,0.001512345,0.0005473,-0.000942135,-0.001531526,-0.000673974,0.000800813,0.001496499,0.000777883,-0.000646942,-0.001422932,-0.000839094,0.000516485,0.001341696,0.000866862,-0.000428513,-0.001294619,-0.000909293,0.00035162,0.001290531,0.001033074,-0.00015476,-0.001142185,-0.001018866,5.18E-05,0.001013062,0.000937046,-9.57E-05,-0.001088539,-0.001088553,-8.84E-05,0.000980752,0.001142039,0.0002911,-0.000728553,-0.000946511,-0.000187647,0.000779424,0.000993671
0.148801818,0.092566758,0.028510924,-0.026422326,-0.046734042,-0.028951446,0.005527548,0.028483426,0.025973372,0.005883357,-0.012221836,-0.014676081,-0.003698958,0.007284352,0.007138836,-0.003232053,-0.01289213,-0.011709676,0.000298576,0.013262016,0.01646564,0.007614263,-0.005692055,-0.012953947,-0.009580811,9.82E-05,0.007531162,0.007484399,0.001704736,-0.003839587,-0.004794396,-0.001772139,0.001323333,0.001631305,-0.000147518,-0.001187555,3.84E-05,0.002088192,0.002276596,-0.000181715,-0.003035547,-0.003171391,6.74E-05,0.003868282,0.004469073,0.000877559,-0.003884628,-0.005416054,-0.002089571,0.003231869,0.005685884,0.002902953,-0.002690621,-0.005997916,-0.003922326,0.00172934,0.005846093,0.004686546,-0.000674834,-0.005323782,-0.005017499,-7.26E-05,0.004949853,0.00545439,0.001021453,-0.004253509,-0.005565024,-0.001805457,0.003479832,0.005418922,0.002300929,-0.002914961,-0.005403838,-0.002938215,0.002122713,0.005096707,0.003327253,-0.001425021,-0.004705738,-0.003527253,0.000918409,0.004459126,0.003857533,-0.000230911,-0.003960737,-0.003921987,-0.000271839,0.003505956,0.003906098,0.000640606,-0.003179908,-0.004011475,-0.001164933,0.00263313,0.003855151,0.00145859,-0.002217437,-0.003713143,-0.001687137,0.001895674,0.00367537,0.002052102,-0.001376754,-0.003386301,-0.002163377,0.0010481,0.003187839,0.002276399,-0.000770588,-0.003070407,-0.002508417,0.000314096,0.002712483,0.002475346,-8.79E-05,-0.002504104,-0.002502139,-0.000128972,0.002352929,0.002633561,0.000512487,-0.001969322,-0.002494046,-0.000639227,0.001777889,0.002459193,0.000790008,-0.001626065,-0.002521674,-0.001102858,0.001245392,0.002310626,0.001144667,-0.001081538,-0.002230234,-0.001227469,0.00095329,0.002251487,0.00147669,-0.000596573,-0.002002716,-0.001457108,0.000457045,0.001883816,0.001471166,-0.000368102,-0.001883264,-0.001660515,5.65E-05,0.001633313,0.001611379,7.24E-05,-0.00147766,-0.001560757,-0.000119679,0.001458934,0.00168185,0.000358141,-0.001248198,-0.001637851,-0.000490093,0.001064419,0.001543182,0.000517331,-0.001007451,-0.00157177,-0.000650509,0.000869299,0.001552213,0.000777646,-0.000693338,-0.001464845,-0.000834742,0.000560393,0.001377417,0.000852088,-0.000489649,-0.001354476,-0.000920138,0.000394836,0.001347648,0.001057491,-0.000173387,-0.001171293,-0.001017356,9.19E-05,0.001057449,0.000940995,-0.000145018,-0.001159221,-0.001131731,-8.08E-05,0.001019379,0.001171502,0.000290282,-0.000742997,-0.000939458,-0.000143348,0.000837856,0.001022143
0.105192661,0.065445967,0.013747358,-0.029315436,-0.041181874,-0.020398634,0.012302544,0.031284302,0.025314162,0.003655501,-0.014372871,-0.016180456,-0.004810035,0.006284242,0.006467046,-0.003012012,-0.011477677,-0.009525071,0.002213716,0.013882085,0.015455022,0.005556628,-0.007660232,-0.013834905,-0.009070436,0.001516011,0.008950952,0.008133286,0.001348283,-0.004840397,-0.005757031,-0.002110938,0.00177108,0.002540741,0.000632421,-0.00102,-0.000478407,0.001264065,0.001711101,-0.000124734,-0.002446563,-0.002522296,0.000276602,0.003484647,0.003797999,0.000441149,-0.003756591,-0.004840526,-0.001527965,0.003348841,0.005301184,0.002366193,-0.002921965,-0.005737389,-0.003399169,0.002074077,0.005733371,0.004226038,-0.001090969,-0.00536052,-0.004675759,0.000326781,0.005052972,0.005178229,0.00061395,-0.004439443,-0.005378956,-0.001420446,0.003729999,0.005334584,0.001982748,-0.003167689,-0.005363571,-0.002645564,0.002405379,0.005124209,0.003085892,-0.001715178,-0.004794136,-0.003354359,0.001177586,0.004560835,0.003709179,-0.00049402,-0.004104409,-0.003825178,-2.97E-05,0.003675553,0.003861735,0.0004399,-0.003340762,-0.00398008,-0.000968682,0.002817847,0.003866699,0.001294603,-0.002404154,-0.003758111,-0.0015626,0.002061586,0.003721271,0.001931653,-0.001556138,-0.003465605,-0.002077508,0.001214929,0.00328398,0.002222732,-0.000911835,-0.003158134,-0.002454965,0.000463823,0.002825579,0.002454458,-0.000217347,-0.002621453,-0.00250488,-2.54E-05,0.002455619,0.002631863,0.000402284,-0.00209112,-0.002520806,-0.000552172,0.001895494,0.002501708,0.000726809,-0.00172549,-0.002555718,-0.001033379,0.001358854,0.002367807,0.001097613,-0.00118612,-0.002296827,-0.001200955,0.001038647,0.0023072,0.001444377,-0.000691201,-0.002075312,-0.001443899,0.000541031,0.0019608,0.001474025,-0.000434577,-0.001949553,-0.001659358,0.000127155,0.001709798,0.001624868,1.29E-05,-0.001553494,-0.001583839,-7.26E-05,0.001527379,0.001704202,0.000311618,-0.001321555,-0.001671946,-0.000456835,0.001130083,0.001577653,0.000488569,-0.001070645,-0.001607941,-0.000623548,0.000937111,0.001602178,0.000769777,-0.000744308,-0.001505548,-0.000824892,0.000610015,0.001416013,0.000837487,-0.000551063,-0.001413733,-0.000930992,0.00043434,0.001395816,0.001069905,-0.000202148,-0.001204282,-0.00101241,0.000140502,0.001112438,0.000956102,-0.000182539,-0.001217638,-0.001164721,-6.94E-05,0.001052183,0.001185748,0.000269044,-0.000777282,-0.000947282,-0.000107278,0.000894691,0.00105567
0.062013388,0.038541734,-0.00029756,-0.03106009,-0.034548577,-0.011401214,0.018616993,0.032917254,0.023314588,0.000474197,-0.016786983,-0.017296404,-0.005148184,0.006137154,0.006513312,-0.002323525,-0.009909229,-0.007538951,0.003606097,0.013803238,0.013825098,0.00321425,-0.009471564,-0.014237368,-0.008047843,0.00319411,0.0102669,0.008433634,0.000657567,-0.005937893,-0.006529804,-0.002112748,0.00248417,0.003494712,0.00124378,-0.001094502,-0.001146959,0.000456263,0.001282632,6.64E-05,-0.001831893,-0.001972799,0.000334997,0.003003165,0.003140956,0.00010766,-0.003517327,-0.004220844,-0.001006054,0.003390353,0.004876235,0.001862372,-0.00306934,-0.005403712,-0.002865404,0.002364517,0.005547175,0.003727953,-0.001488189,-0.005349457,-0.004307257,0.00070228,0.005096273,0.004851385,0.000202106,-0.004584217,-0.005142334,-0.00101495,0.003960752,0.005216899,0.001654497,-0.003391797,-0.005275178,-0.002321555,0.002680762,0.005116095,0.002812413,-0.002009155,-0.00486117,-0.003161361,0.001430703,0.004629376,0.003523956,-0.000771027,-0.004232123,-0.003700205,0.00022755,0.00383711,0.003799062,0.000233603,-0.003482948,-0.003916097,-0.000748644,0.003002622,0.003859828,0.00111311,-0.002592169,-0.003790482,-0.001428347,0.00221929,0.003741835,0.001784686,-0.001746391,-0.003536914,-0.001976862,0.001387975,0.003373403,0.002159446,-0.00105121,-0.00322754,-0.002376052,0.000630795,0.002939653,0.002423763,-0.000354578,-0.002736828,-0.002500186,7.92E-05,0.002545497,0.002607347,0.000271678,-0.002220744,-0.002543153,-0.00045776,0.002014623,0.002539943,0.000661915,-0.00181575,-0.002569932,-0.000942554,0.001484705,0.0024252,0.001044345,-0.00129495,-0.002362831,-0.001174017,0.001116785,0.002345951,0.001391493,-0.000800351,-0.002151039,-0.001425171,0.000631864,0.002041228,0.00147883,-0.000494738,-0.002001946,-0.001640295,0.000211625,0.001789833,0.001632256,-5.62E-05,-0.001636582,-0.001611078,-3.06E-05,0.001586342,0.001713923,0.000255293,-0.001396173,-0.001698261,-0.000411904,0.001204886,0.001616092,0.000460973,-0.00113153,-0.001639691,-0.000593284,0.001002853,0.001643928,0.0007517,-0.00080141,-0.001545088,-0.000808448,0.000666839,0.001458932,0.000824615,-0.000610787,-0.001470172,-0.000940178,0.000470295,0.00143329,0.001067182,-0.000244444,-0.001243837,-0.001005603,0.000197097,0.001178336,0.000983733,-0.000205531,-0.00125995,-0.001183426,-5.11E-05,0.001079955,0.001183101,0.00022386,-0.000835754,-0.00097425,-8.30E-05,0.000947574,0.001093753
0.022514433,0.013879647,-0.012510831,-0.031435732,-0.027273484,-0.002657098,0.023900149,0.033154804,0.020093041,-0.003342447,-0.019128453,-0.017799433,-0.004646624,0.00676746,0.00710265,-0.001389363,-0.008399016,-0.005890022,0.004461364,0.013146912,0.01178858,0.000803401,-0.010995678,-0.014161424,-0.006620603,0.004991299,0.011383848,0.008376353,-0.000307575,-0.007059319,-0.007082395,-0.001810155,0.003389851,0.004426602,0.001663947,-0.001382855,-0.001912671,-0.000290074,0.001003927,0.000374835,-0.00121534,-0.001529727,0.000260784,0.002455134,0.002520757,-0.000123438,-0.00318876,-0.003584522,-0.000539963,0.003357534,0.004421331,0.001396873,-0.00314051,-0.005013947,-0.002335266,0.002599556,0.005299986,0.003209259,-0.001855838,-0.005290261,-0.003916893,0.001052678,0.005086792,0.004485752,-0.000205625,-0.004688848,-0.004864568,-0.000599893,0.00416626,0.005066216,0.001318053,-0.003589466,-0.005146229,-0.001975062,0.002944554,0.005075234,0.002514239,-0.002300268,-0.004904238,-0.002948589,0.001678512,0.004669417,0.003309339,-0.001055761,-0.004342589,-0.003550716,0.000494583,0.003986997,0.003716996,2.10E-05,-0.003609595,-0.003825544,-0.000511303,0.003183797,0.003835139,0.000917524,-0.002778046,-0.003808389,-0.001283278,0.002371236,0.003741982,0.001617423,-0.001942617,-0.003598612,-0.0018629,0.001564594,0.003454023,0.002085079,-0.001190925,-0.003282818,-0.002277478,0.000809536,0.003051576,0.002383062,-0.000497934,-0.002848237,-0.002486315,0.000187306,0.002626332,0.002565394,0.000126323,-0.002354126,-0.002559644,-0.000356762,0.002133493,0.002571923,0.000592937,-0.001900419,-0.002569319,-0.000835924,0.001618471,0.002480617,0.000985028,-0.001406379,-0.002426013,-0.00114402,0.001191179,0.002372317,0.001323149,-0.000919684,-0.002227551,-0.00140091,0.000727839,0.002122593,0.001482754,-0.000551849,-0.002044349,-0.001607551,0.000306312,0.001871524,0.001633754,-0.00013309,-0.001724329,-0.001639823,9.03E-06,0.001638534,0.001713781,0.00019143,-0.00147102,-0.001717322,-0.000357001,0.001286784,0.001656817,0.000433385,-0.001191019,-0.001667952,-0.000560583,0.001066089,0.001677662,0.000724013,-0.000864228,-0.001583692,-0.000786236,0.000729973,0.001505827,0.000813937,-0.000667695,-0.001522309,-0.000946002,0.000504659,0.001462268,0.001051394,-0.00029904,-0.001290236,-0.000998955,0.000258274,0.001251148,0.001020033,-0.000217182,-0.00128832,-0.00118863,-2.50E-05,0.001105603,0.001168065,0.000159929,-0.000913722,-0.001017198,-6.94E-05,0.000995593,0.00113379
-0.010995903,-0.007100166,-0.02210569,-0.030297412,-0.019687265,0.00531906,0.02773759,0.031845223,0.015763449,-0.007528213,-0.021125184,-0.017518807,-0.003274695,0.008084085,0.008068951,-0.000398001,-0.007108354,-0.004669394,0.004786941,0.012019266,0.009514247,-0.001508101,-0.012130111,-0.013603458,-0.004869475,0.006795702,0.012219923,0.007944623,-0.001506418,-0.008146684,-0.007384306,-0.001221519,0.004433425,0.005280091,0.00186775,-0.001868477,-0.002732621,-0.000934095,0.000892066,0.000791658,-0.000616221,-0.001202697,6.39E-05,0.001863918,0.001957891,-0.000248285,-0.0027854,-0.002954058,-0.000146239,0.003247081,0.003942825,0.00097549,-0.003138346,-0.004579365,-0.00182061,0.002775459,0.00499895,0.002683096,-0.002183013,-0.005179293,-0.00350677,0.001376016,0.005027539,0.004088955,-0.000602004,-0.004751767,-0.004550974,-0.000183936,0.004339701,0.004880154,0.000973872,-0.003761258,-0.004980669,-0.001612145,0.003192311,0.005001786,0.002195938,-0.002582553,-0.004919156,-0.002714472,0.001921771,0.004683292,0.003069832,-0.00134339,-0.004433359,-0.003377958,0.000767522,0.00412113,0.003612873,-0.000199489,-0.003722673,-0.003711953,-0.000261184,0.003357771,0.00379164,0.000709599,-0.002958668,-0.003808962,-0.001125289,0.002519504,0.003724793,0.001434024,-0.00214076,-0.003648304,-0.00173565,0.00174288,0.003523281,0.001997259,-0.001333304,-0.003326927,-0.00216315,0.000995838,0.003158123,0.002331109,-0.000646635,-0.002953664,-0.002460854,0.000301297,0.002701147,0.0025098,-2.96E-05,-0.002487601,-0.002568196,-0.000249083,0.002250602,0.002595279,0.000517114,-0.001982666,-0.002557627,-0.000717621,0.001756376,0.002531584,0.000919069,-0.001519232,-0.002484012,-0.001108006,0.001265139,0.002389955,0.0012432,-0.001045692,-0.002302472,-0.001370467,0.000827832,0.00220248,0.001482735,-0.000609183,-0.002080075,-0.001564343,0.000408448,0.001953114,0.001629087,-0.000216443,-0.001814357,-0.001667232,4.90E-05,0.001686404,0.001705829,0.000121577,-0.001545311,-0.001729352,-0.000293344,0.001373939,0.001697931,0.000404314,-0.001250049,-0.00169322,-0.00052568,0.00112677,0.001703542,0.000687052,-0.000932441,-0.001621329,-0.000758669,0.000798682,0.001556024,0.000805257,-0.000721268,-0.00156893,-0.000946752,0.000539406,0.001484768,0.001024325,-0.000364766,-0.001343367,-0.000993727,0.000321412,0.001327301,0.001061161,-0.000220862,-0.001305046,-0.001181155,9.77E-06,0.001131637,0.001144521,8.19E-05,-0.001006676,-0.001072691,-6.49E-05,0.001038244,0.001173323
-0.035957314,-0.022799706,-0.02819835,-0.027468011,-0.012147841,0.011948523,0.029648285,0.028799679,0.010447487,-0.01177255,-0.022449948,-0.016246164,-0.000996999,0.009971535,0.009209528,0.000431006,-0.006215539,-0.003972788,0.004592387,0.010532862,0.007183671,-0.003531355,-0.012746893,-0.0125404,-0.002872774,0.008477797,0.012664269,0.007097429,-0.002904406,-0.009128435,-0.007382599,-0.000349634,0.00555879,0.005982435,0.001810332,-0.002544666,-0.003558385,-0.001418927,0.000979551,0.001313402,-6.00E-05,-0.001012853,-0.000253388,0.001254151,0.001481583,-0.00025368,-0.002318584,-0.002356926,0.000149283,0.003048604,0.003446547,0.000609305,-0.003059495,-0.004109199,-0.001336918,0.002882286,0.004647472,0.002164302,-0.002452936,-0.005007277,-0.003077554,0.001667184,0.004917006,0.003666823,-0.000977307,-0.004766794,-0.004204121,0.00022279,0.004469677,0.004652235,0.000621737,-0.003905018,-0.004779206,-0.001238221,0.003416992,0.004892341,0.001860677,-0.002848013,-0.004897914,-0.002454841,0.002160817,0.004670826,0.002808018,-0.001628438,-0.004499226,-0.003180709,0.001042508,0.004232913,0.003481078,-0.000430453,-0.003822928,-0.003576894,-2.26E-06,0.003519329,0.003725878,0.000489906,-0.003129787,-0.003786834,-0.000950435,0.002666113,0.003691932,0.001237625,-0.002336088,-0.003681603,-0.001593461,0.00192086,0.003576879,0.00189164,-0.001481395,-0.003362109,-0.002035963,0.00118543,0.003254632,0.002264913,-0.000800531,-0.003050088,-0.002419616,0.00042495,0.002772883,0.002443588,-0.000191991,-0.00261658,-0.002565161,-0.000133637,0.002364059,0.0026062,0.000430301,-0.002066094,-0.002538191,-0.00059143,0.001894133,0.00257436,0.000844774,-0.001632362,-0.002533375,-0.001061601,0.001342775,0.002402466,0.001155173,-0.001174674,-0.002372527,-0.001332196,0.000930974,0.002277674,0.001474367,-0.000671023,-0.002112657,-0.001513609,0.000515354,0.002032354,0.001617218,-0.000305348,-0.001903737,-0.001689306,9.31E-05,0.001732731,0.001691826,4.69E-05,-0.001618189,-0.001734109,-0.000221819,0.001464236,0.001736709,0.000371443,-0.001309806,-0.001715588,-0.000488207,0.001185099,0.001721467,0.000640722,-0.00100585,-0.001657647,-0.000725734,0.000872293,0.001608385,0.000797735,-0.000771269,-0.001608483,-0.000939981,0.000577159,0.001503048,0.000987705,-0.000440466,-0.001402892,-0.000990899,0.000383813,0.001402544,0.001102186,-0.000220939,-0.001312887,-0.001161696,5.45E-05,0.00116099,0.001116717,-5.12E-06,-0.001109293,-0.001136335,-6.71E-05,0.001075029,0.001209193
-0.051325515,-0.032553766,-0.03054202,-0.023107942,-0.005051932,0.016855761,0.029487889,0.024169551,0.004500844,-0.015692856,-0.022856658,-0.013949809,0.002024876,0.012159636,0.010243466,0.000881754,-0.005828438,-0.003786062,0.004002316,0.008884924,0.005005319,-0.005115743,-0.012802466,-0.011039984,-0.000764066,0.009910787,0.01265761,0.00585971,-0.004425329,-0.009935888,-0.007063135,0.000757116,0.006687096,0.006472496,0.001481157,-0.003372315,-0.004331207,-0.001702719,0.001272077,0.001917275,0.000427372,-0.000965764,-0.000670934,0.000657735,0.001113488,-0.000141792,-0.001811008,-0.001820273,0.000331291,0.002763814,0.002943232,0.000304622,-0.002910111,-0.003618939,-0.000898024,0.002917753,0.004256154,0.001668826,-0.002654317,-0.004772353,-0.00263346,0.001923618,0.00475954,0.003229147,-0.001322956,-0.00473275,-0.003830982,0.000610034,0.004548921,0.004380843,0.000263149,-0.00402104,-0.004546621,-0.000860717,0.003613253,0.00474722,0.001513993,-0.003089719,-0.00483606,-0.002168564,0.002395867,0.004634382,0.002529172,-0.001905025,-0.004537115,-0.002960348,0.00131502,0.004317675,0.003318849,-0.000673134,-0.003912117,-0.003424206,0.000260119,0.003663989,0.003636426,0.000260364,-0.003287809,-0.003738795,-0.000756619,0.002812997,0.003646586,0.001032962,-0.002523668,-0.003695371,-0.001436096,0.002096435,0.00361192,0.001765666,-0.001637528,-0.003391417,-0.001900272,0.001373291,0.003336989,0.002182645,-0.000958955,-0.003135267,-0.002359902,0.000561008,0.002844761,0.002370992,-0.000355968,-0.002736432,-0.002547659,-9.97E-06,0.002472269,0.002601977,0.000329349,-0.002154275,-0.00251531,-0.000462301,0.002026964,0.002605575,0.000761053,-0.001744561,-0.002571302,-0.001001219,0.00142808,0.002414252,0.001063806,-0.001302148,-0.002434496,-0.001285016,0.001035995,0.002345101,0.001453643,-0.000741638,-0.002146339,-0.001459428,0.000623492,0.002106955,0.001597786,-0.000398047,-0.001989087,-0.001701957,0.000145319,0.001780853,0.001674372,-3.08E-05,-0.001689013,-0.001732372,-0.000144619,0.001554574,0.001770013,0.000332395,-0.001371525,-0.001735247,-0.000447629,0.001242069,0.001732749,0.000586478,-0.001083236,-0.001692178,-0.000688083,0.000949109,0.001660727,0.000789498,-0.000818608,-0.00164061,-0.000924099,0.000620537,0.001520475,0.000945209,-0.000522829,-0.001466756,-0.0009905,0.000442973,0.001472167,0.001137067,-0.000223595,-0.001316987,-0.001133392,0.000108703,0.001196226,0.00109009,-9.36E-05,-0.001213335,-0.001200935,-7.16E-05,0.00110676,0.001238296
-0.057852652,-0.036810644,-0.029575577,-0.017635411,0.001312003,0.0199933,0.027481133,0.018369395,-0.001634765,-0.018985337,-0.022272883,-0.010780404,0.005504197,0.014338934,0.010930539,0.000832165,-0.005942015,-0.003996065,0.003199102,0.007272281,0.003128925,-0.006207295,-0.012351315,-0.009231028,0.001320924,0.011018429,0.012212799,0.004311471,-0.00597966,-0.01052669,-0.00645281,0.002025065,0.007746558,0.006722359,0.00090632,-0.004295329,-0.00500362,-0.001773413,0.001746772,0.002568913,0.000827703,-0.001051011,-0.001158713,0.000102274,0.000860639,7.15E-05,-0.001288079,-0.001361198,0.000400295,0.00240605,0.002445401,6.18E-05,-0.002702772,-0.003124539,-0.000511536,0.002887412,0.003838571,0.001207955,-0.002785272,-0.004480821,-0.002181271,0.002145407,0.004563097,0.002785946,-0.001634337,-0.004653406,-0.00344016,0.000971099,0.004576838,0.004069961,-9.87E-05,-0.00411127,-0.004289534,-0.000486271,0.003779154,0.004570047,0.001161656,-0.00330427,-0.004734284,-0.001858177,0.00262643,0.004577431,0.002238985,-0.002169027,-0.004546992,-0.002720196,0.001581525,0.004374279,0.003127342,-0.000926565,-0.003991846,-0.003258136,0.000521433,0.003789616,0.003524288,2.35E-05,-0.003431039,-0.003664931,-0.000544535,0.002960893,0.003591823,0.000824281,-0.002700292,-0.003688849,-0.001264772,0.00226811,0.003627925,0.001619585,-0.001802169,-0.003417155,-0.001759882,0.001555734,0.003403198,0.002084292,-0.001120954,-0.00320851,-0.00228154,0.000709996,0.002918714,0.002295457,-0.000517624,-0.002844352,-0.002514679,0.00012157,0.002574504,0.002582032,0.00021344,-0.002249087,-0.002492223,-0.000334134,0.002151604,0.002623548,0.000667828,-0.00185502,-0.002596736,-0.000925547,0.001523135,0.002428476,0.000972888,-0.001424775,-0.002486502,-0.001228798,0.00114176,0.002403061,0.001418615,-0.000823406,-0.002184131,-0.001405151,0.000730024,0.002175505,0.001571175,-0.00049275,-0.00206798,-0.001702709,0.000207996,0.001833141,0.001655685,-0.000110019,-0.001757591,-0.001725508,-6.42E-05,0.001642192,0.001795584,0.00028573,-0.001435917,-0.001752324,-0.00040343,0.001299006,0.001739462,0.000526626,-0.001162885,-0.001724478,-0.000646687,0.001027153,0.00171073,0.000778411,-0.000864927,-0.001666243,-0.000899004,0.000671023,0.001539995,0.000900799,-0.00060786,-0.001532063,-0.000991556,0.000497681,0.00153302,0.001161243,-0.00023414,-0.001322588,-0.00110039,0.000170473,0.001238414,0.001068843,-0.000176828,-0.001311251,-0.001259618,-7.35E-05,0.001135163,0.00125889
-0.056039449,-0.035862379,-0.025633721,-0.011419209,0.006650619,0.021267621,0.023789437,0.011759148,-0.007546097,-0.021345813,-0.020606797,-0.006864055,0.009175146,0.016216418,0.011045484,0.000173941,-0.006543921,-0.004495765,0.002344035,0.005863792,0.001683601,-0.006754262,-0.011431842,-0.007219877,0.003259503,0.01171934,0.011323694,0.002513852,-0.007482922,-0.010845923,-0.005556647,0.003397639,0.008667685,0.006692125,9.54E-05,-0.005267034,-0.005525148,-0.001607352,0.002391485,0.003235825,0.001114612,-0.001270342,-0.001694739,-0.000383768,0.000738033,0.00037913,-0.000771868,-0.001000442,0.000349888,0.001984324,0.001967403,-0.000112158,-0.002443301,-0.002639891,-0.000188725,0.002790686,0.003404491,0.000794094,-0.0028394,-0.004135279,-0.001728273,0.002328065,0.004330438,0.002345333,-0.001904282,-0.004527931,-0.003037435,0.001298259,0.004549279,0.00372098,-0.000459767,-0.004173724,-0.004010685,-0.000120674,0.003910217,0.004360939,0.000807976,-0.003486669,-0.004590411,-0.001524955,0.002850248,0.004499913,0.001940635,-0.002415971,-0.004526276,-0.002461223,0.001838595,0.004399613,0.002905732,-0.001189672,-0.004061341,-0.003080073,0.000778271,0.003892835,0.003388284,-0.000219231,-0.003556876,-0.003563498,-0.000314061,0.003109303,0.003528219,0.00061398,-0.002862687,-0.003659724,-0.001079316,0.002434316,0.003623054,0.001452484,-0.001975408,-0.003439754,-0.001616562,0.001729831,0.003450458,0.001968534,-0.001286028,-0.003268327,-0.002183215,0.000872618,0.002995403,0.002218502,-0.000674336,-0.002937392,-0.002464196,0.00026134,0.002669736,0.002544869,8.13E-05,-0.002351648,-0.002470516,-0.000209368,0.002265157,0.002625946,0.000564218,-0.001963036,-0.002608026,-0.000832764,0.001629631,0.002446965,0.000884733,-0.001539915,-0.002526335,-0.001162624,0.001247557,0.002449614,0.001366899,-0.00091857,-0.002228069,-0.001352806,0.00083294,0.002236477,0.001537011,-0.000588317,-0.002138061,-0.001688779,0.000283597,0.001891379,0.001636962,-0.000190011,-0.001823706,-0.00171418,1.76E-05,0.001724604,0.001810919,0.000229719,-0.001503549,-0.001766358,-0.000354544,0.00135725,0.001743108,0.000462769,-0.001243345,-0.001753764,-0.000601928,0.001104773,0.00175591,0.000761961,-0.000912026,-0.001686076,-0.00086425,0.000730088,0.00156399,0.000857579,-0.000692173,-0.001595932,-0.000992615,0.000547299,0.001582315,0.001170349,-0.000257559,-0.001334299,-0.001066089,0.000238247,0.001288326,0.00105625,-0.000249487,-0.001396367,-0.001305965,-6.83E-05,0.001161854,0.001269204
-0.046656426,-0.030161701,-0.01919877,-0.004960382,0.010584166,0.020574927,0.018646598,0.004826108,-0.012689711,-0.022389507,-0.017763259,-0.002392253,0.012674873,0.017414749,0.010321616,-0.00119427,-0.007581667,-0.005127774,0.001640655,0.004853819,0.000806056,-0.006713444,-0.010104731,-0.005144244,0.004897428,0.011912148,0.009984713,0.000549205,-0.008819407,-0.010813639,-0.004373307,0.004804759,0.009358227,0.006325192,-0.000942348,-0.006226064,-0.005826251,-0.001170245,0.003189975,0.003870375,0.001245877,-0.001632459,-0.00225234,-0.000760733,0.00076971,0.00077476,-0.000291304,-0.000767469,0.00016973,0.001511273,0.001532042,-0.000202686,-0.002135768,-0.002183088,5.29E-05,0.002623528,0.002965297,0.000444498,-0.002806454,-0.003738776,-0.001286375,0.002461632,0.004061838,0.001917286,-0.002121383,-0.00435247,-0.002629061,0.001580597,0.004459246,0.00333547,-0.000812523,-0.00420232,-0.003710991,0.000228771,0.003998737,0.004117929,0.000457946,-0.003629367,-0.004400384,-0.001170914,0.003062043,0.004398731,0.00163647,-0.002639689,-0.004469894,-0.00218337,0.002081643,0.004388513,0.002652379,-0.001459942,-0.004117079,-0.002889428,0.001027093,0.003968491,0.003225573,-0.000466423,-0.003661288,-0.003431389,-6.53E-05,0.003255825,0.003454132,0.000403541,-0.00300673,-0.003604108,-0.000878783,0.00259283,0.00359419,0.001262969,-0.002156289,-0.003457684,-0.001470636,0.001892628,0.003474812,0.001832996,-0.001453664,-0.003312304,-0.002062847,0.001049195,0.003074004,0.002140087,-0.000824027,-0.003011947,-0.002393132,0.000410127,0.002756431,0.002488217,-6.84E-05,-0.002462097,-0.002450349,-8.96E-05,0.002364503,0.002609535,0.00044868,-0.002067772,-0.002602864,-0.000720689,0.00174876,0.002470433,0.000800725,-0.001645017,-0.002551105,-0.001084837,0.001352798,0.002482308,0.00129557,-0.00102931,-0.002279445,-0.001303565,0.000930529,0.00228793,0.00149428,-0.00068383,-0.002196549,-0.0016567,0.00037487,0.001956982,0.001618678,-0.000270496,-0.00188709,-0.001698685,9.93E-05,0.001798902,0.001812765,0.000162129,-0.001574827,-0.001776168,-0.000299119,0.001418547,0.001745216,0.000396542,-0.001322816,-0.001778659,-0.000553812,0.001180044,0.001792868,0.000736512,-0.000962509,-0.001701077,-0.000819331,0.000799268,0.001594819,0.000818788,-0.000771787,-0.001654415,-0.000991085,0.000591864,0.001617182,0.00115934,-0.000299698,-0.001357437,-0.001034416,0.000309989,0.001346236,0.001055295,-0.000305821,-0.001461074,-0.001332209,-5.02E-05,0.00118904,0.001267293
-0.032794282,-0.021618363,-0.01151407,0.001172713,0.013172781,0.018422246,0.01273363,-0.001849978,-0.016774118,-0.022159556,-0.014033282,0.002256626,0.015693752,0.017786352,0.008786861,-0.003115393,-0.008840238,-0.00568772,0.001229045,0.004283236,0.000427121,-0.006242682,-0.008561485,-0.00315621,0.006181847,0.011658332,0.008331608,-0.001447063,-0.009921523,-0.01045284,-0.002984631,0.006168278,0.009795998,0.005665889,-0.002129797,-0.007114138,-0.005902676,-0.00050947,0.004077293,0.004430129,0.001221099,-0.002106543,-0.002799068,-0.001020202,0.000935533,0.001226926,0.00013511,-0.00065435,-0.000111726,0.001016627,0.001152635,-0.000216823,-0.001796593,-0.001764025,0.000218286,0.002401142,0.002533192,0.000157708,-0.002701576,-0.00331013,-0.000866335,0.002547877,0.003766135,0.001507714,-0.002288684,-0.004136412,-0.002222235,0.001820131,0.004317698,0.002926279,-0.001150102,-0.00419849,-0.003395752,0.000559737,0.00404851,0.003847866,0.000115118,-0.003736091,-0.004173436,-0.000804952,0.00325817,0.004275579,0.001329266,-0.002840765,-0.004382374,-0.001891427,0.002310153,0.004346074,0.002375031,-0.0017316,-0.004157622,-0.002687525,0.001267473,0.004019226,0.00304052,-0.000715578,-0.003746219,-0.003274259,0.000195734,0.003397075,0.003369134,0.00019317,-0.003134029,-0.003525577,-0.000666367,0.002743542,0.003544954,0.00105642,-0.002340512,-0.00346906,-0.001321591,0.002045351,0.003479114,0.001680915,-0.00162257,-0.00334243,-0.001924847,0.001235186,0.003151624,0.00205889,-0.00096792,-0.003070315,-0.002304429,0.000566114,0.002835444,0.002415525,-0.000231273,-0.002576957,-0.002429747,2.65E-05,0.002451469,0.002576754,0.000323076,-0.002169414,-0.002583879,-0.000593308,0.001876876,0.002496541,0.000719517,-0.001741411,-0.002562586,-0.000997004,0.001457335,0.002503044,0.001207972,-0.001152263,-0.002336,-0.001256322,0.001023529,0.002330908,0.001444143,-0.000778898,-0.002244538,-0.001608837,0.000479239,0.002028212,0.001600181,-0.000351666,-0.001948263,-0.001680036,0.000179965,0.001865063,0.001802133,8.44E-05,-0.001648712,-0.001781408,-0.000237031,0.001483557,0.001747276,0.000329793,-0.00139995,-0.001798858,-0.000502922,0.001252068,0.00182075,0.000701075,-0.001017977,-0.001713629,-0.000766908,0.000876584,0.00163194,0.0007854,-0.000844762,-0.001705257,-0.0009847,0.000633685,0.001639949,0.001130132,-0.000359784,-0.001392904,-0.001007798,0.00038256,0.00140931,0.001064108,-0.000346639,-0.001505345,-0.001337648,-1.77E-05,0.001218727,0.00125536
-0.016497849,-0.011491948,-0.003434921,0.006538208,0.014387637,0.015110983,0.006521859,-0.007819843,-0.019530172,-0.020636212,-0.009610107,0.006789211,0.017969225,0.017191892,0.006450639,-0.00546532,-0.01014488,-0.006013046,0.001215599,0.004180885,0.000496841,-0.005453238,-0.006939343,-0.001372327,0.007058966,0.010984651,0.006453722,-0.003369895,-0.010720036,-0.00975822,-0.001439278,0.007425181,0.009946868,0.004729209,-0.003416017,-0.007879688,-0.005734997,0.000352457,0.005006047,0.004872898,0.001025748,-0.002677944,-0.003308459,-0.001145894,0.001230477,0.001715241,0.000488392,-0.000664068,-0.000479094,0.00052386,0.000846222,-0.000152245,-0.001435317,-0.001393651,0.000304657,0.002130349,0.002118075,-6.23E-05,-0.002531015,-0.002862403,-0.000479988,0.002582556,0.003446896,0.001122637,-0.002403834,-0.003883013,-0.001822412,0.002014795,0.004128958,0.002502181,-0.001464423,-0.004159031,-0.003066766,0.000868966,0.004058702,0.003553257,-0.00021726,-0.003806533,-0.003913732,-0.000433794,0.003433039,0.004128485,0.00102013,-0.003017721,-0.004264161,-0.001587628,0.002522404,0.004273438,0.002077967,-0.001999266,-0.004179149,-0.002473232,0.001498893,0.004044884,0.002834364,-0.000964941,-0.003811322,-0.003094374,0.000464776,0.003528791,0.003270615,-1.79E-05,-0.003244724,-0.003424884,-0.000443503,0.002885536,0.003476288,0.000835869,-0.002524093,-0.003470544,-0.001167568,0.002188783,0.003464076,0.00151343,-0.001791732,-0.003358915,-0.001771279,0.001427159,0.003224715,0.001972339,-0.001107439,-0.003113382,-0.002199029,0.000728405,0.002906678,0.002328197,-0.00040448,-0.002692801,-0.002405782,0.000140899,0.002527128,0.002528378,0.000188053,-0.002267844,-0.002552086,-0.000452941,0.002010899,0.002522385,0.000639073,-0.0018302,-0.002561332,-0.000899454,0.001561182,0.002512595,0.001105885,-0.001284924,-0.002395221,-0.00120925,0.001112865,0.002365703,0.001386644,-0.000873608,-0.002282475,-0.001546266,0.000595058,0.002103305,0.001580139,-0.000434173,-0.002007386,-0.001658285,0.000259423,0.001922909,0.001779151,-2.88E-06,-0.001724276,-0.001781166,-0.000167611,0.001552785,0.001749907,0.000263417,-0.001473721,-0.001813605,-0.000449138,0.001320236,0.001838433,0.000654288,-0.00107988,-0.001725271,-0.00070857,0.000960634,0.001674572,0.000757634,-0.000909798,-0.00174638,-0.000971116,0.000674913,0.001652297,0.001083796,-0.00043748,-0.001441247,-0.000987718,0.000453762,0.001475152,0.001080734,-0.000372964,-0.001529124,-0.001321348,3.05E-05,0.0012525,0.001234816
-5.07E-05,-0.001183995,0.004033706,0.010544422,0.014097166,0.010933123,0.000575811,-0.012479502,-0.020545408,-0.017733304,-0.004720775,0.010806562,0.019121371,0.01541897,0.003317737,-0.008069711,-0.011250709,-0.005884009,0.001735936,0.004579248,0.000952393,-0.004479766,-0.005407869,5.26E-05,0.007440995,0.009902927,0.004454578,-0.005074957,-0.011100261,-0.008696485,0.000210863,0.008483196,0.009742226,0.003513077,-0.004739891,-0.008442234,-0.005276486,0.001400812,0.005913139,0.005128724,0.000623437,-0.003335724,-0.003740489,-0.001102639,0.001659943,0.002215104,0.00073548,-0.000812256,-0.000918835,6.65E-05,0.000644619,3.02E-06,-0.001062394,-0.001092027,0.000299563,0.001815116,0.001735073,-0.000203207,-0.002296648,-0.002412081,-0.000148133,0.002553262,0.003105745,0.000772836,-0.002457552,-0.003592175,-0.001437602,0.002156764,0.003893747,0.002073998,-0.001740871,-0.004074469,-0.002724214,0.001149647,0.004023338,0.003234388,-0.000533617,-0.003835987,-0.003623266,-6.66E-05,0.003575554,0.00395096,0.000709758,-0.00316577,-0.004112037,-0.001273509,0.002714027,0.004168485,0.001764933,-0.002254395,-0.004173148,-0.00224265,0.001720021,0.004042292,0.002606202,-0.001212061,-0.00385356,-0.002892094,0.000736543,0.003643105,0.003152386,-0.000231574,-0.003337341,-0.003300483,-0.00021099,0.003016307,0.003387005,0.000604003,-0.002700791,-0.003455375,-0.001004489,0.002323486,0.00342863,0.001330419,-0.00195957,-0.003360212,-0.001603173,0.001620579,0.003286914,0.001875185,-0.00124487,-0.003141029,-0.002076488,0.000896313,0.002968887,0.002226445,-0.00058487,-0.002804123,-0.002372885,0.000256906,0.002592285,0.00246396,4.36E-05,-0.002362442,-0.002507468,-0.000301711,0.002146374,0.002542734,0.000555533,-0.001912798,-0.002546963,-0.000791524,0.001664415,0.002511006,0.000990627,-0.001424059,-0.002452802,-0.001158748,0.001200101,0.002391947,0.00132075,-0.000968506,-0.002310374,-0.001469435,0.000720551,0.002179351,0.001555744,-0.000519443,-0.002064255,-0.001632526,0.000338089,0.001971971,0.001743154,-9.95E-05,-0.001800101,-0.001773435,-8.93E-05,0.001626787,0.001753155,0.000197898,-0.001542764,-0.001821205,-0.000391566,0.001383877,0.001843871,0.000593675,-0.001150292,-0.00173755,-0.000645794,0.001049704,0.001721162,0.000735049,-0.00096548,-0.001774661,-0.000946535,0.000718791,0.001656259,0.001021253,-0.000532591,-0.001502895,-0.000975547,0.00052101,0.001540313,0.001101911,-0.000386677,-0.001532335,-0.001281632,9.69E-05,0.001292455,0.001207165
0.014407019,0.007964693,0.010140729,0.013037657,0.01262153,0.006425526,-0.004639084,-0.015638681,-0.019953715,-0.013806882,0.000241103,0.014050626,0.019116597,0.012641862,-0.000322318,-0.010638015,-0.011954657,-0.005226546,0.002736543,0.005327121,0.001591203,-0.003520689,-0.004105397,0.001080982,0.007397345,0.008553458,0.002478846,-0.006478462,-0.011068998,-0.007343663,0.001878733,0.009303031,0.009214549,0.002098636,-0.006024038,-0.00877486,-0.004562933,0.002563773,0.006735538,0.005176065,3.56E-05,-0.004041736,-0.004073084,-0.000900683,0.002190744,0.002695936,0.000870594,-0.001076184,-0.001395199,-0.000328701,0.000552712,0.000236046,-0.000692858,-0.000861917,0.000215049,0.001472233,0.001391783,-0.000273499,-0.002018175,-0.001977815,0.000121605,0.00246407,0.002750483,0.000460466,-0.002456411,-0.003273926,-0.00107247,0.0022517,0.003625289,0.001654557,-0.001973686,-0.003946512,-0.002371869,0.001401991,0.003948018,0.002898013,-0.000832084,-0.003830096,-0.00331225,0.00028772,0.003682101,0.003743856,0.00039916,-0.003287316,-0.003931411,-0.0009535,0.002885556,0.004037231,0.001444114,-0.002490907,-0.004137429,-0.001995649,0.001932166,0.004015411,0.002360846,-0.001454724,-0.003875409,-0.002673514,0.001004569,0.003735844,0.003012648,-0.000449362,-0.003415067,-0.003156927,2.77E-05,0.003135837,0.00328098,0.000366622,-0.002865501,-0.003420286,-0.000830022,0.002452518,0.003377047,0.001135929,-0.0021245,-0.00334836,-0.001425314,0.001810053,0.003333869,0.001764148,-0.001383529,-0.003157342,-0.001940958,0.001067428,0.003022854,0.002114127,-0.000767073,-0.002905803,-0.002326898,0.000378261,0.002650867,0.002387409,-0.000107857,-0.002453393,-0.002453299,-0.000144901,0.002277704,0.002552811,0.000464984,-0.00199274,-0.002522688,-0.000675275,0.001767293,0.00250135,0.00086735,-0.001563988,-0.00250389,-0.001101239,0.001287842,0.002411566,0.001247383,-0.001064425,-0.00233125,-0.001383016,0.000850732,0.002252402,0.001524684,-0.000608421,-0.002119018,-0.001602326,0.000417241,0.00201463,0.001697309,-0.000202486,-0.001874402,-0.001758058,-3.19E-06,0.001704256,0.001756105,0.000132799,-0.001607301,-0.001821777,-0.000329955,0.001443991,0.001838799,0.000521008,-0.001228417,-0.001751366,-0.000581136,0.001140291,0.001768144,0.000714645,-0.001013934,-0.001791069,-0.0009103,0.00076809,0.001656751,0.000948797,-0.000638884,-0.001573237,-0.000969343,0.000583294,0.001601153,0.001121974,-0.000394725,-0.001522214,-0.00122469,0.000177628,0.001338557,0.001176197
0.025492148,0.015082718,0.014416371,0.013958849,0.010222115,0.001982779,-0.008804067,-0.017199632,-0.01790607,-0.009168603,0.004954207,0.016329482,0.017959926,0.009040188,-0.004202639,-0.012920106,-0.012100276,-0.004007391,0.004140809,0.006276522,0.002240801,-0.002727511,-0.003124661,0.001701148,0.006995279,0.007051325,0.000638884,-0.007518688,-0.010636058,-0.005763447,0.003492516,0.009851312,0.008388595,0.000551129,-0.007204582,-0.008853571,-0.003621686,0.003783043,0.007420428,0.004995545,-0.000720741,-0.004763221,-0.004285124,-0.000545532,0.002796775,0.003131451,0.000886375,-0.001439535,-0.001879582,-0.000638888,0.000576068,0.000536905,-0.000340077,-0.000707795,5.90E-05,0.001115098,0.001095895,-0.00027786,-0.001710148,-0.001574915,0.000321713,0.002317137,0.002387616,0.000188821,-0.002403927,-0.002935703,-0.000731791,0.00230225,0.003332834,0.001254217,-0.002157053,-0.003775436,-0.00201286,0.001624831,0.003835715,0.002549089,-0.001110164,-0.003791706,-0.002987821,0.000621765,0.003748669,0.003507045,8.95E-05,-0.003382995,-0.003725456,-0.000631115,0.003036285,0.00388311,0.0011215,-0.002703398,-0.004069259,-0.001731765,0.002135703,0.003966215,0.002101471,-0.001690739,-0.003877671,-0.002442528,0.001263755,0.003802975,0.002849301,-0.000672384,-0.003479582,-0.002996965,0.000269755,0.003243354,0.003160275,0.000127861,-0.003013818,-0.003362003,-0.000642042,0.002577847,0.003311905,0.000932742,-0.002284906,-0.00332411,-0.001240818,0.00199131,0.003361591,0.001636161,-0.001525945,-0.003164969,-0.00179519,0.001239797,0.003068565,0.001993589,-0.00094708,-0.002993447,-0.002263997,0.00050807,0.002705645,0.002301305,-0.000264306,-0.002540466,-0.002391548,1.37E-05,0.002400274,0.002548314,0.000363966,-0.002072729,-0.002490634,-0.000552028,0.001869916,0.002485634,0.000739798,-0.001700124,-0.002544177,-0.001033439,0.001378226,0.002425745,0.001166841,-0.001162192,-0.002347325,-0.001290476,0.000981614,0.002318963,0.001484714,-0.000701956,-0.002171449,-0.00156677,0.00049832,0.002052864,0.001643996,-0.000309523,-0.001945633,-0.001734721,8.99E-05,0.001783717,0.001757341,6.72E-05,-0.0016677,-0.001815226,-0.000263762,0.001501644,0.00182476,0.000437947,-0.001313163,-0.001766853,-0.000516219,0.00122957,0.001812174,0.000693289,-0.001057508,-0.001796769,-0.000862065,0.000824918,0.001657651,0.000871603,-0.00075089,-0.00164778,-0.000966699,0.000640353,0.00165478,0.001135935,-0.000403356,-0.001505246,-0.001156088,0.000269355,0.001390372,0.001144818
0.031881958,0.019335482,0.01639181,0.01322201,0.007131888,-0.002003824,-0.011571312,-0.017021134,-0.014526214,-0.004140729,0.00905179,0.017397031,0.015625274,0.004802581,-0.008014619,-0.014616626,-0.011500088,-0.00219141,0.005852125,0.007254277,0.002711562,-0.002258469,-0.002560528,0.001898284,0.006298251,0.005513342,-0.000940983,-0.008114626,-0.009794885,-0.004016826,0.004966603,0.010072431,0.007272443,-0.001064833,-0.008202499,-0.008634077,-0.002468196,0.004996614,0.007899245,0.004551176,-0.001635318,-0.005460923,-0.004341533,-3.14E-05,0.003453417,0.003487129,0.000764195,-0.001892252,-0.002340795,-0.000832307,0.000728733,0.000898,-2.22E-05,-0.000642,-0.000165613,0.000758208,0.000861062,-0.000214908,-0.001385494,-0.001222475,0.00043857,0.002110861,0.002024887,-3.38E-05,-0.002299009,-0.002584269,-0.000423911,0.00230629,0.003023562,0.000885566,-0.002280551,-0.003558286,-0.00165095,0.001813243,0.003685795,0.002192118,-0.001362416,-0.003719927,-0.002655775,0.000925995,0.003767499,0.003238208,-0.000216987,-0.003450219,-0.003494868,-0.000310259,0.003162676,0.003706829,0.000802825,-0.002884055,-0.003962972,-0.001449539,0.002329356,0.003894021,0.001830016,-0.001916641,-0.003858558,-0.002201443,0.001508187,0.003837993,0.002658269,-0.000901611,-0.003530629,-0.002821507,0.000512661,0.003336285,0.003024976,-0.000108523,-0.003139794,-0.003275143,-0.000437547,0.002700478,0.003234042,0.00072283,-0.002438275,-0.003286424,-0.001051755,0.002159417,0.003364295,0.001486753,-0.001674552,-0.003165256,-0.001640801,0.00141131,0.003104679,0.001865904,-0.001120889,-0.003061342,-0.00217881,0.000649989,0.002758652,0.002207095,-0.000424295,-0.002622655,-0.002323004,0.000170564,0.002508637,0.002523487,0.00024808,-0.00215525,-0.002451951,-0.000422411,0.00197213,0.002464971,0.000611125,-0.00182746,-0.00256814,-0.000950975,0.001473531,0.002434901,0.001078536,-0.001262854,-0.002360297,-0.001194689,0.001109135,0.00237469,0.001432594,-0.000801207,-0.00222071,-0.00152395,0.000583345,0.002088462,0.001585027,-0.000418567,-0.002011856,-0.001702416,0.000189464,0.00186321,0.001754495,-5.51E-07,-0.001724279,-0.001800801,-0.000191804,0.001558034,0.00180299,0.000345901,-0.001403193,-0.001783503,-0.000452184,0.001314536,0.001849062,0.00066688,-0.001099043,-0.001792776,-0.000801035,0.000891671,0.001662818,0.000794819,-0.000862768,-0.001721203,-0.000964344,0.000692251,0.001697847,0.001137842,-0.00041974,-0.001488428,-0.00108153,0.000368506,0.001447272,0.001115807
0.03314513,0.020429756,0.016017428,0.011033175,0.003708194,-0.005205385,-0.01280973,-0.015246935,-0.010180706,0.000842088,0.012213358,0.017171977,0.012286255,0.000267701,-0.011398234,-0.015475241,-0.010074669,0.000137237,0.007683253,0.008045592,0.002823767,-0.002219601,-0.002430254,0.001737954,0.005427925,0.004072541,-0.002167064,-0.008247732,-0.008603624,-0.002202022,0.006219342,0.009946397,0.005915249,-0.002664668,-0.008950692,-0.008105579,-0.001149638,0.006132988,0.008121085,0.003839486,-0.002670502,-0.006087766,-0.004219129,0.000628283,0.00412403,0.003731198,0.000498735,-0.002411857,-0.002746025,-0.000887978,0.001008661,0.00130032,0.0002417,-0.000669217,-0.000447154,0.000419341,0.00069708,-8.99E-05,-0.001060103,-0.000935549,0.000467549,0.001851942,0.001672856,-0.000202467,-0.002146012,-0.002229382,-0.00015579,0.002265367,0.00270647,0.000558531,-0.002339895,-0.003297993,-0.001292128,0.001964239,0.003501151,0.001833453,-0.001584461,-0.003616182,-0.002322513,0.001193587,0.003735741,0.002939235,-0.000516834,-0.003488019,-0.003242632,4.42E-06,0.003262347,0.003510461,0.000493285,-0.003028132,-0.003817014,-0.001150375,0.002511472,0.00379954,0.0015497,-0.002129077,-0.003817355,-0.001952977,0.001733517,0.003837665,0.002438804,-0.001136289,-0.003568153,-0.002632488,0.000753278,0.003412604,0.002875785,-0.0003394,-0.003239812,-0.003157469,-0.000215968,0.002820604,0.003144742,0.000508736,-0.002582181,-0.003234738,-0.000860027,0.002311024,0.003338905,0.001314118,-0.00183028,-0.003159406,-0.001479877,0.001579641,0.003130058,0.001732123,-0.001285556,-0.003105974,-0.002068531,0.000805814,0.002811315,0.002106516,-0.000585906,-0.002698852,-0.0022484,0.000323091,0.002599015,0.002474797,0.000114807,-0.002241934,-0.002407947,-0.000287577,0.002073454,0.002440354,0.000484103,-0.00194208,-0.002571934,-0.000851096,0.001575168,0.002439492,0.000982386,-0.00136707,-0.002371819,-0.001098523,0.001229667,0.002416234,0.001366289,-0.000906509,-0.002265792,-0.001472192,0.000674204,0.002123483,0.001522681,-0.000527383,-0.002071568,-0.001661081,0.000293863,0.001940086,0.001744803,-7.25E-05,-0.001778023,-0.001778517,-0.000113291,0.001614751,0.001775913,0.00024785,-0.001495723,-0.001799748,-0.000389434,0.001392738,0.001874943,0.00063111,-0.001142405,-0.001781879,-0.000728454,0.000969075,0.001675251,0.00072357,-0.00096811,-0.001787278,-0.000957836,0.00074047,0.001728499,0.001122901,-0.000450703,-0.001479439,-0.001008206,0.00046984,0.001507315,0.001091339
0.030033592,0.018803993,0.013743197,0.00785328,0.000309276,-0.007500076,-0.01269777,-0.012297844,-0.005368056,0.005400942,0.01431809,0.0158119,0.008283114,-0.004196862,-0.014097663,-0.015420394,-0.007915509,0.002787836,0.009425441,0.008487051,0.002493777,-0.002605898,-0.002651088,0.001352205,0.004521948,0.002823067,-0.003024349,-0.007985062,-0.007175921,-0.000421171,0.007210126,0.009508078,0.004398107,-0.004174398,-0.009426474,-0.007305455,0.000265817,0.007139086,0.008080018,0.002900857,-0.003769521,-0.00660736,-0.003921014,0.001399615,0.004771783,0.003849347,0.000104906,-0.002968705,-0.003074094,-0.000807996,0.001393493,0.001718078,0.000439792,-0.000781591,-0.00076674,0.000113077,0.000604184,8.50E-05,-0.000747451,-0.000717643,0.000417879,0.001555248,0.001341199,-0.000318648,-0.001954991,-0.00188077,7.06E-05,0.002185659,0.002389579,0.000275523,-0.002340764,-0.003004123,-0.000942713,0.002078927,0.003288437,0.00147932,-0.001775381,-0.003484749,-0.00199288,0.001424059,0.003658316,0.002616852,-0.000806507,-0.003498247,-0.002973766,0.000309216,0.003335716,0.003297388,0.000195434,-0.003136886,-0.003636012,-0.000838883,0.002680783,0.003685288,0.001264242,-0.002326332,-0.003755371,-0.001699554,0.001939135,0.003804449,0.002194913,-0.001373771,-0.003592597,-0.002432597,0.00098919,0.003472044,0.002714226,-0.000563569,-0.003314802,-0.003011877,1.98E-05,0.002937388,0.003045536,0.000292796,-0.002715433,-0.003169599,-0.00066676,0.002446158,0.003287225,0.00112076,-0.001991727,-0.003148047,-0.001314359,0.001743173,0.003144484,0.001593048,-0.001440612,-0.003128182,-0.001934967,0.000974124,0.002863718,0.002001059,-0.00074746,-0.002768396,-0.002168268,0.000470437,0.002671387,0.002403195,-3.48E-05,-0.002332622,-0.002359641,-0.00014895,0.002173196,0.002412307,0.000359919,-0.002043147,-0.002555636,-0.000734439,0.001682782,0.002439904,0.000879133,-0.001474637,-0.002382781,-0.001003643,0.001341716,0.002443074,0.00128629,-0.001016969,-0.002306008,-0.001411038,0.000771626,0.002159348,0.00145885,-0.000634456,-0.002124488,-0.001611891,0.000401019,0.002012139,0.001726448,-0.000150023,-0.001830223,-0.001749391,-2.84E-05,0.001673042,0.001746265,0.000147327,-0.001587534,-0.001813562,-0.000327404,0.00146351,0.001888224,0.000583561,-0.001190791,-0.0017677,-0.00064751,0.001055462,0.001695526,0.000660612,-0.001062805,-0.001841655,-0.000943507,0.000787436,0.00174757,0.001090054,-0.00049936,-0.001483151,-0.000941752,0.000568481,0.001567874,0.001071876
0.023224588,0.01485304,0.009951468,0.004058247,-0.002774154,-0.008779867,-0.011362819,-0.008502324,-0.00049846,0.009200761,0.015230947,0.013419552,0.003894271,-0.008264214,-0.015867949,-0.014366847,-0.005098859,0.005582008,0.010880595,0.00842887,0.00165439,-0.00340065,-0.003142373,0.000855333,0.003693642,0.001843098,-0.003495063,-0.00737423,-0.005602863,0.001233718,0.007889234,0.008770533,0.002782593,-0.005524592,-0.009594829,-0.006251368,0.001723526,0.007960974,0.007757147,0.00176083,-0.004881883,-0.006977457,-0.003437396,0.002259443,0.005361146,0.003819428,-0.000413144,-0.003539294,-0.003301751,-0.000586625,0.001868241,0.002127068,0.000555298,-0.000978789,-0.001110066,-0.000144512,0.000588658,0.000303491,-0.000459454,-0.000575813,0.000293278,0.00123263,0.001041391,-0.000378902,-0.001731665,-0.00154791,0.000249396,0.002068553,0.002078952,4.11E-05,-0.002284594,-0.002683627,-0.000610249,0.002154397,0.00305083,0.001135825,-0.001931056,-0.003326142,-0.001670488,0.001614826,0.003536734,0.002276158,-0.00108086,-0.003479289,-0.002690886,0.00059981,0.0033802,0.003068282,-8.84E-05,-0.003209285,-0.003422038,-0.000519238,0.00283388,0.003550917,0.000976185,-0.00250528,-0.003671257,-0.001442042,0.002123647,0.003738586,0.001929116,-0.001610708,-0.003602057,-0.002222521,0.001217984,0.003512477,0.002539826,-0.000780222,-0.00336431,-0.00283956,0.000267229,0.003048494,0.00293586,7.64E-05,-0.002835934,-0.003089736,-0.000471985,0.00256434,0.003209609,0.000908326,-0.002156793,-0.003130023,-0.001144785,0.001900208,0.003146375,0.001448109,-0.001585804,-0.003127869,-0.001778936,0.001153392,0.002914642,0.001890705,-0.000907762,-0.002829772,-0.002081758,0.000612523,0.002725348,0.002308771,-0.000199834,-0.00242633,-0.002306708,-7.17E-06,0.002270246,0.002380108,0.000238724,-0.002129939,-0.002518702,-0.000601153,0.001795672,0.002435508,0.00076869,-0.001585225,-0.002393029,-0.000910545,0.001444253,0.002454301,0.001192465,-0.001131812,-0.002340114,-0.001339361,0.000876386,0.002196689,0.001394336,-0.000738852,-0.00217005,-0.001555245,0.000509381,0.002077081,0.001697156,-0.000234867,-0.001881776,-0.001713705,6.31E-05,0.001733808,0.001715861,4.70E-05,-0.001675618,-0.0018225,-0.000264974,0.001526398,0.001887166,0.000521742,-0.001246993,-0.001753029,-0.000560668,0.001149211,0.001723484,0.000607605,-0.001143596,-0.001880312,-0.000917685,0.000835546,0.001755725,0.001038213,-0.000568315,-0.001503307,-0.000886465,0.000660462,0.001626405,0.001057238
0.013642838,0.009117334,0.005138798,0.000114381,-0.005188658,-0.008910769,-0.008952671,-0.004256796,0.003918496,0.01180951,0.014761996,0.010110322,-0.000526377,-0.011504469,-0.016382322,-0.01220515,-0.001739914,0.008264943,0.011776536,0.007680872,0.000240356,-0.004555255,-0.003782313,0.000396521,0.003079777,0.001223863,-0.003558357,-0.006472234,-0.003998735,0.002638954,0.008179617,0.007737523,0.001143931,-0.006617843,-0.009396161,-0.004955173,0.003153132,0.008519143,0.007116066,0.000447347,-0.005936605,-0.00713082,-0.002744471,0.003180543,0.005839806,0.003602456,-0.001057166,-0.004093001,-0.003392769,-0.000209716,0.002415572,0.002491847,0.000559119,-0.001266016,-0.001458977,-0.000327955,0.000664749,0.000560764,-0.000212763,-0.000523372,9.51E-05,0.00089974,0.000792339,-0.000373792,-0.001481173,-0.001244984,0.000368555,0.001912156,0.001782105,-0.000135872,-0.00217013,-0.002345008,-0.000307351,0.002182755,0.002790193,0.000812178,-0.002042464,-0.003137907,-0.001359742,0.001760186,0.003370466,0.00192367,-0.001330523,-0.00342558,-0.002395883,0.000869027,0.003389258,0.002821794,-0.000354675,-0.003241809,-0.003176154,-0.000197602,0.002963555,0.003393281,0.000688334,-0.002659911,-0.003560633,-0.00118042,0.002284241,0.00363857,0.001644102,-0.001841187,-0.00359139,-0.002001443,0.001436023,0.003529037,0.002350123,-0.000988482,-0.00338647,-0.002640942,0.000522451,0.003148808,0.002812827,-0.000139256,-0.002939726,-0.002991592,-0.00027477,0.002664445,0.003105459,0.000678789,-0.002321396,-0.00310176,-0.000970558,0.002048152,0.003132099,0.001295176,-0.001721024,-0.003104201,-0.00160103,0.001340917,0.002960771,0.001773888,-0.001065518,-0.002879897,-0.001986258,0.000750024,0.002760143,0.002191137,-0.000379095,-0.002520555,-0.002247244,0.000137565,0.002362472,0.002341388,0.000119582,-0.002201719,-0.002460032,-0.000451322,0.001912239,0.002424325,0.00065022,-0.001698048,-0.002401122,-0.000818628,0.001536424,0.002448432,0.001084217,-0.001249898,-0.002365782,-0.001255041,0.000989397,0.002235424,0.001329094,-0.000839866,-0.002207193,-0.001490961,0.000617291,0.002131647,0.001653383,-0.000329421,-0.001933476,-0.001671168,0.000161767,0.0017978,0.001686226,-5.02E-05,-0.001755913,-0.001822645,-0.000199933,0.001581118,0.001869402,0.000442333,-0.001314336,-0.001740923,-0.000470812,0.001247822,0.00175784,0.000565486,-0.001207018,-0.001898138,-0.000875322,0.000888177,0.001753953,0.000966214,-0.000660253,-0.001543629,-0.00084679,0.000741183,0.001679306,0.001046277
0.003135223,0.002732658,0.000123504,-0.003497716,-0.006839679,-0.008159385,-0.005963475,-7.52E-05,0.007563553,0.013222656,0.013195273,0.006302517,-0.004627373,-0.01378206,-0.015754957,-0.009219697,0.001843349,0.010607235,0.012033081,0.00630594,-0.001589919,-0.005873819,-0.004388155,0.000105454,0.002727901,0.00091919,-0.003337459,-0.005431817,-0.002482881,0.00375686,0.008131559,0.006506567,-0.000437529,-0.007440364,-0.00888816,-0.003505505,0.004493354,0.008817968,0.006222231,-0.000954418,-0.006877885,-0.007066236,-0.001883847,0.004115119,0.006188176,0.003216718,-0.001789551,-0.004603719,-0.003353037,0.00028787,0.002993959,0.00278876,0.000455445,-0.001620846,-0.001792885,-0.0004336,0.0008193,0.000840476,-1.13E-05,-0.000546132,-0.000152114,0.000576322,0.000598572,-0.000312985,-0.001216759,-0.0009776,0.000433237,0.001725739,0.001502039,-0.000264203,-0.002013875,-0.002002819,-3.87E-05,0.002169338,0.002514916,0.000511961,-0.002113052,-0.002925715,-0.001061227,0.001868043,0.003172463,0.001570013,-0.001552495,-0.003340985,-0.002093895,0.001115717,0.003366152,0.002561146,-0.000605479,-0.003242811,-0.002909161,0.000118522,0.003068496,0.003215291,0.000403223,-0.002791019,-0.003426342,-0.000915451,0.00242533,0.003513143,0.001348757,-0.002060254,-0.003560354,-0.001771135,0.001642871,0.003523457,0.002146667,-0.00119025,-0.003387672,-0.002424602,0.000778539,0.003235316,0.002676544,-0.000353625,-0.003027607,-0.002876539,-7.45E-05,0.002750996,0.002982384,0.000439871,-0.002480531,-0.003061602,-0.000791746,0.002187197,0.003102412,0.001133928,-0.001849597,-0.003063711,-0.001408984,0.001530563,0.002999082,0.001650083,-0.001220471,-0.00291869,-0.001881154,0.000885674,0.002781324,0.002057486,-0.000566146,-0.002611604,-0.002180439,0.000284479,0.002448833,0.002294903,3.02E-08,-0.002263023,-0.002385688,-0.000290663,0.002029032,0.002405799,0.000525135,-0.001811182,-0.002405322,-0.000725887,0.001621309,0.00242962,0.000965596,-0.001368863,-0.002383069,-0.001159907,0.00110852,0.002274149,0.001262394,-0.000938354,-0.002237448,-0.001420869,0.000723615,0.002176043,0.001596278,-0.000432776,-0.001985644,-0.0016233,0.000265918,0.001864173,0.001657768,-0.000143009,-0.001827107,-0.001812684,-0.000130466,0.001630438,0.001838348,0.000348229,-0.001391791,-0.001732838,-0.000381432,0.001346873,0.00179421,0.000530328,-0.001256422,-0.001897552,-0.000817115,0.000947158,0.001746696,0.00088013,-0.000769145,-0.001599659,-0.000820572,0.000810601,0.001724785,0.001035818
-0.007012712,-0.003513397,-0.004523706,-0.006433145,-0.007639676,-0.006683879,-0.002721007,0.00368221,0.010185282,0.013392922,0.01069278,0.002281276,-0.008135537,-0.014955339,-0.014026628,-0.005600056,0.005404904,0.012408112,0.011561025,0.004338131,-0.003712764,-0.007196715,-0.004814181,8.01E-05,0.002671813,0.000897703,-0.002914944,-0.004358122,-0.001145428,0.00454513,0.007762505,0.005137665,-0.001897862,-0.007963041,-0.008092601,-0.001958967,0.005690272,0.008841108,0.005107287,-0.002384308,-0.007652355,-0.006764985,-0.000875037,0.005025718,0.006379156,0.002662214,-0.002587764,-0.005046614,-0.003175644,0.000888948,0.00357294,0.002992863,0.000238069,-0.002031327,-0.002093846,-0.000451307,0.001049119,0.00113169,0.000137475,-0.000639979,-0.000433887,0.000278852,0.000468986,-0.00019867,-0.000947461,-0.000753661,0.00044206,0.001513514,0.00124274,-0.000345728,-0.001824494,-0.001668105,0.000188403,0.002113863,0.002229922,0.000240398,-0.002141176,-0.002691404,-0.000776657,0.001940571,0.002949458,0.001223451,-0.001741277,-0.003224979,-0.001788042,0.001336555,0.003309876,0.002287252,-0.000840624,-0.003215336,-0.002627221,0.000422493,0.003144681,0.003016734,0.000123004,-0.002896611,-0.003267934,-0.000647352,0.002548151,0.003366306,0.001049007,-0.002262484,-0.00350615,-0.001531693,0.001837043,0.003494613,0.001929098,-0.001386277,-0.003370556,-0.002195352,0.001029893,0.003303716,0.00252523,-0.000566359,-0.003098488,-0.00274371,0.000129835,0.002826028,0.002844306,0.000196829,-0.002629249,-0.003006453,-0.00060753,0.002316644,0.003056154,0.000963083,-0.001973496,-0.003009799,-0.001207567,0.001717306,0.003025803,0.001517655,-0.001372315,-0.002944786,-0.001764691,0.001021666,0.002792019,0.001912032,-0.000756363,-0.002695696,-0.002104407,0.000433394,0.002527723,0.002238458,-0.000122367,-0.002316686,-0.002299113,-0.000122895,0.00214296,0.002378402,0.000393802,-0.001922828,-0.002403261,-0.000630009,0.001701068,0.002400078,0.000838853,-0.001486866,-0.002391186,-0.001054514,0.001232186,0.002311054,0.001192858,-0.001035101,-0.002261304,-0.001345504,0.000827741,0.002209857,0.001525865,-0.000544603,-0.002038107,-0.001570504,0.00037458,0.001931921,0.001630063,-0.00023103,-0.001887869,-0.001790833,-5.47E-05,0.001676317,0.001795949,0.000241095,-0.001478527,-0.001729361,-0.000294741,0.001442889,0.001828664,0.000498606,-0.001294335,-0.001879813,-0.000742938,0.001014078,0.001736975,0.000784067,-0.000890579,-0.001667721,-0.000805767,0.000868731,0.001761045,0.001022863
-0.01529035,-0.00869816,-0.008128574,-0.008272013,-0.007460823,-0.004643631,0.00040489,0.006579081,0.011450195,0.012219066,0.007417811,-0.001608135,-0.01068497,-0.014802782,-0.011212075,-0.001577233,0.008611363,0.013377525,0.010221344,0.001817968,-0.005954622,-0.008301198,-0.004865879,0.000441368,0.002946868,0.001118303,-0.002388438,-0.00337671,-0.00010252,0.004935892,0.007076298,0.00369819,-0.003147132,-0.008126983,-0.007016483,-0.000382185,0.006661862,0.008545135,0.003795329,-0.003764981,-0.008176118,-0.006184072,0.000266207,0.005858392,0.006362277,0.001925,-0.003425852,-0.005380962,-0.002838311,0.001579888,0.004111783,0.003062782,-0.000110712,-0.002485426,-0.002334046,-0.000359286,0.001356377,0.001419959,0.000217852,-0.000806904,-0.000734505,3.14E-05,0.000421334,-2.88E-05,-0.000685086,-0.00058813,0.000387696,0.001278876,0.001012288,-0.000377362,-0.001609378,-0.001355873,0.000360147,0.002011567,0.001940765,7.57E-06,-0.002120103,-0.002435287,-0.000510419,0.001976033,0.002706975,0.000895355,-0.001885972,-0.003073342,-0.001482054,0.00152415,0.003215389,0.002000159,-0.001057508,-0.003159451,-0.00233624,0.000704353,0.003183482,0.002794902,-0.000148867,-0.002971054,-0.003082134,-0.000376471,0.002651571,0.003200222,0.000751792,-0.002438818,-0.003422292,-0.001282136,0.002015045,0.003438289,0.001695529,-0.001576353,-0.003335817,-0.001957547,0.001268745,0.00334613,0.002354641,-0.000776848,-0.00314891,-0.002589992,0.000339397,0.002890325,0.002694122,-4.42E-05,-0.002759741,-0.002930264,-0.000416049,0.002434481,0.002989884,0.000780025,-0.002094367,-0.002944913,-0.00100169,0.00189415,0.003034349,0.00137319,-0.001520388,-0.002954887,-0.001633255,0.001160751,0.002794834,0.001758755,-0.00094397,-0.002766778,-0.002015288,0.000584432,0.002596077,0.00216781,-0.000251258,-0.00236555,-0.002203373,4.79E-05,0.002249419,0.002338897,0.000255985,-0.002030166,-0.002390639,-0.000527165,0.001778195,0.002361521,0.000705972,-0.001601431,-0.002388158,-0.000938733,0.001358281,0.002342838,0.001117738,-0.001131219,-0.002278541,-0.001264534,0.000929198,0.00223198,0.001441341,-0.000664716,-0.002090038,-0.001512411,0.000486837,0.001999157,0.001601565,-0.000314141,-0.001936204,-0.001754019,3.05E-05,0.001721064,0.001744033,0.000122646,-0.001573174,-0.001730432,-0.000212971,0.001531284,0.001855407,0.00046507,-0.001324119,-0.001846041,-0.000652076,0.001091037,0.001728207,0.000682808,-0.001018864,-0.001742487,-0.000799056,0.000915792,0.001785313,0.001002845
-0.020855378,-0.012282664,-0.010377727,-0.008953305,-0.006477625,-0.00235706,0.003100134,0.008457077,0.011442999,0.01000597,0.003766614,-0.005054305,-0.012187856,-0.01349517,-0.007659542,0.002474421,0.011207868,0.013456549,0.008137941,-0.001025438,-0.008075899,-0.009008772,-0.004458447,0.001180653,0.00347066,0.001455275,-0.001888586,-0.002581626,0.000620452,0.004978389,0.006168547,0.002277956,-0.004150325,-0.007969467,-0.005744308,0.001145638,0.007381723,0.007969911,0.002365118,-0.005027493,-0.008428222,-0.00535514,0.001484237,0.00657349,0.006138086,0.001040094,-0.004262834,-0.005589551,-0.002358323,0.002322424,0.004577325,0.002990131,-0.000573791,-0.002956979,-0.002498426,-0.000162937,0.00172205,0.001688968,0.00022929,-0.001031025,-0.001032908,-0.000153684,0.000452819,0.000183623,-0.000441063,-0.000482206,0.000278843,0.001032042,0.000813125,-0.000367325,-0.001382006,-0.001075818,0.000476142,0.001869481,0.001654717,-0.000185328,-0.002055123,-0.002163782,-0.00026365,0.001980643,0.002454781,0.000592669,-0.001986202,-0.002890609,-0.001180181,0.001678662,0.003086888,0.001703793,-0.001256818,-0.003081099,-0.002043869,0.000959408,0.003185111,0.002552829,-0.000410505,-0.00301583,-0.002872398,-0.000104594,0.002738054,0.003020859,0.000463161,-0.0025863,-0.003309312,-0.001024109,0.002176868,0.003356687,0.001448283,-0.001760827,-0.003287415,-0.001716998,0.00149042,0.003360766,0.002165135,-0.000984776,-0.003180044,-0.002417349,0.000553656,0.002946346,0.00253687,-0.000277687,-0.002868494,-0.002831881,-0.000217228,0.002541265,0.002904877,0.000585384,-0.002213883,-0.002873378,-0.000796897,0.002056487,0.003022291,0.001216042,-0.001664842,-0.002949388,-0.001486912,0.001304501,0.00279367,0.001603072,-0.001123888,-0.002821694,-0.00191214,0.000737211,0.002653166,0.002081994,-0.000388617,-0.00241326,-0.002103407,0.000216813,0.002345437,0.002286756,0.00011302,-0.002131114,-0.002365301,-0.000414965,0.001855767,0.002317626,0.000570247,-0.001710951,-0.002374721,-0.000815157,0.001483606,0.002366799,0.001035155,-0.001228073,-0.002290274,-0.001178522,0.001028623,0.002244565,0.001345827,-0.000790292,-0.002140102,-0.001449568,0.000600768,0.002063462,0.001569951,-0.000394414,-0.001973887,-0.001703308,0.000125378,0.001767193,0.001687033,-1.90E-06,-0.001671297,-0.001733648,-0.000136218,0.001609684,0.001870267,0.000424208,-0.001352053,-0.001802283,-0.000548879,0.001176853,0.001723137,0.000582605,-0.00114572,-0.001815561,-0.000793617,0.000955861,0.00179824,0.000972683
-0.023323549,-0.014009947,-0.011153782,-0.008522023,-0.004875282,-7.21E-05,0.005165491,0.009267229,0.010308142,0.00704846,6.74E-05,-0.007835658,-0.012625895,-0.011224356,-0.003686314,0.006245187,0.013009739,0.012637563,0.005454403,-0.003975434,-0.009873788,-0.009190224,-0.003555768,0.002253877,0.004148138,0.001795836,-0.00151383,-0.002029386,0.00102533,0.004729249,0.005123649,0.000947737,-0.004885849,-0.007527416,-0.004347948,0.002560976,0.007831733,0.00715111,0.000881673,-0.00611809,-0.00839662,-0.004309741,0.00272936,0.007137206,0.005708428,3.91E-05,-0.005062454,-0.005656843,-0.001749641,0.00308511,0.004943067,0.002769868,-0.001134697,-0.003422535,-0.002573916,0.000132633,0.002128972,0.001923649,0.00017003,-0.00130025,-0.001312605,-0.000267202,0.000560177,0.000427252,-0.000225376,-0.00043699,0.000123102,0.0007824,0.000648613,-0.000320944,-0.00115228,-0.000835158,0.000536473,0.001693675,0.001378119,-0.000336939,-0.001950572,-0.001882809,-3.86E-05,0.001957966,0.002199662,0.000320477,-0.002041806,-0.002680618,-0.00088627,0.001799761,0.002927715,0.001402033,-0.001437773,-0.002983636,-0.001755293,0.001184249,0.003149812,0.002293159,-0.000659913,-0.003031697,-0.002641608,0.000165967,0.002808206,0.00283172,0.000187212,-0.002702796,-0.003167749,-0.00075926,0.002322006,0.003251302,0.001189609,-0.001938898,-0.003227182,-0.001477291,0.001691709,0.00334637,0.001957209,-0.001189482,-0.003192436,-0.002227403,0.000771419,0.002994832,0.002375361,-0.000500285,-0.00295304,-0.00271055,-1.13E-05,0.002637086,0.002802031,0.000380112,-0.002332369,-0.002797429,-0.000596639,0.002201144,0.002987862,0.001045825,-0.001805572,-0.002928461,-0.00132596,0.001453402,0.002790539,0.001448303,-0.00129266,-0.002858113,-0.001794233,0.000891353,0.002698314,0.001980337,-0.000535514,-0.002461879,-0.002002276,0.000380771,0.002428812,0.002221496,-3.41E-05,-0.002223931,-0.002325471,-0.000291696,0.001935745,0.002270691,0.000433822,-0.001814318,-0.00235143,-0.000685851,0.001605432,0.0023805,0.000943451,-0.001326614,-0.00229699,-0.001087468,0.001126848,0.002249532,0.001242036,-0.00091869,-0.002186737,-0.001382038,0.000714863,0.002122517,0.001532733,-0.000474171,-0.002002901,-0.001640033,0.000229888,0.001816293,0.001628283,-0.000128149,-0.001768676,-0.001736136,-6.36E-05,0.001676859,0.001870236,0.000371672,-0.001383292,-0.001753713,-0.000437417,0.001269784,0.001723152,0.000487921,-0.001264582,-0.001879813,-0.000783318,0.000992871,0.00180082,0.000930145
-0.022372641,-0.013661071,-0.010361444,-0.007029179,-0.002832652,0.001973256,0.006405253,0.00895263,0.008174848,0.003630759,-0.003345961,-0.009705992,-0.011948384,-0.008160974,0.000385731,0.009395264,0.013793067,0.01088699,0.002315782,-0.006789455,-0.011112363,-0.008695444,-0.002122006,0.003600998,0.004866201,0.002017844,-0.001362319,-0.001773465,0.001112942,0.004240052,0.004023574,-0.00021495,-0.005316788,-0.006822682,-0.002895237,0.003789258,0.007974219,0.006109351,-0.000590487,-0.006969154,-0.008051309,-0.003070207,0.003946237,0.007499742,0.005060245,-0.001050433,-0.005779682,-0.005552967,-0.001016429,0.003835864,0.005173359,0.002386821,-0.001780759,-0.003854006,-0.002538393,0.000529112,0.002560069,0.002102882,3.08E-05,-0.001606344,-0.001555218,-0.000294387,0.000744866,0.000691042,-5.19E-05,-0.000458763,-7.45E-05,0.000541161,0.000526919,-0.000239307,-0.000929356,-0.00064405,0.000537207,0.001488427,0.001119166,-0.00044196,-0.001807953,-0.001598893,0.000158925,0.001907759,0.001947287,8.60E-05,-0.002049214,-0.002445555,-0.000605693,0.001883745,0.00273891,0.001099517,-0.001596343,-0.002867303,-0.001475142,0.001373268,0.003075005,0.00201766,-0.000893265,-0.003016513,-0.002391265,0.000431511,0.002859603,0.00263412,-7.16E-05,-0.00278389,-0.002996106,-0.000489337,0.002447823,0.003121426,0.000921485,-0.002107794,-0.00315436,-0.001240917,0.001868289,0.003299595,0.001730304,-0.001389342,-0.003184568,-0.002020527,0.00099074,0.00303435,0.002210602,-0.000708462,-0.003009371,-0.002563983,0.000201635,0.002720584,0.002680671,0.000164957,-0.002448703,-0.002717401,-0.000403566,0.002324132,0.002927782,0.000861428,-0.001941752,-0.002890818,-0.001149901,0.001607269,0.002785849,0.001296573,-0.00144667,-0.002872493,-0.001659771,0.001046392,0.002729717,0.001861099,-0.000693012,-0.002512352,-0.001901783,0.000536834,0.002496549,0.002141543,-0.000184566,-0.002306135,-0.002268243,-0.000155156,0.002019492,0.002221897,0.000298188,-0.001910098,-0.002317945,-0.000552357,0.001720609,0.002380451,0.000840192,-0.001427636,-0.002298254,-0.000990492,0.001224849,0.002248255,0.001132157,-0.001047113,-0.00222755,-0.001309067,0.000827677,0.002173216,0.001486372,-0.000556279,-0.002025022,-0.001565014,0.000344047,0.001869537,0.001570541,-0.000251816,-0.001860419,-0.001733981,6.35E-06,0.001731479,0.001851647,0.000302512,-0.0014231,-0.001705236,-0.000321605,0.001367757,0.001728995,0.00040282,-0.001368604,-0.001927251,-0.000761163,0.001031059,0.00179371,0.00087241
-0.018299451,-0.011390649,-0.008187414,-0.004719266,-0.000616808,0.003565712,0.006746107,0.007633579,0.005341986,0.00013751,-0.006144314,-0.010523057,-0.010259502,-0.004612293,0.004175093,0.011624195,0.013449344,0.00830888,-0.001030411,-0.009192861,-0.0115957,-0.007460565,-0.000217444,0.005086448,0.005472933,0.001999264,-0.001500156,-0.001815631,0.000939886,0.003605447,0.00296732,-0.001145273,-0.00543918,-0.005911054,-0.00146974,0.00476637,0.007799986,0.004892426,-0.001979233,-0.007530756,-0.007395212,-0.001688146,0.005069182,0.007622384,0.004202357,-0.002183604,-0.00636703,-0.005258654,-0.000175963,0.004538243,0.005241089,0.001842113,-0.002485316,-0.004219384,-0.002376371,0.001017153,0.002990627,0.002205215,-0.000192891,-0.001936879,-0.00174368,-0.000227646,0.000999436,0.000958654,6.64E-05,-0.000548278,-0.000303141,0.000322158,0.000455144,-0.000125558,-0.000722082,-0.000508683,0.000480261,0.00126235,0.000886468,-0.000498268,-0.001632957,-0.001321063,0.000322986,0.001830603,0.001702681,-0.000106512,-0.002009308,-0.002190914,-0.00034419,0.00192925,0.002524616,0.000802803,-0.001728192,-0.002732403,-0.00120679,0.001523936,0.002961825,0.001730496,-0.001106797,-0.002970163,-0.002125233,0.000686951,0.002889384,0.002428738,-0.000310876,-0.00282833,-0.002795991,-0.000217615,0.00255225,0.002968216,0.000647729,-0.002263651,-0.003067453,-0.001008989,0.002018364,0.00322019,0.001486234,-0.001582087,-0.003155949,-0.001798869,0.001208116,0.003062337,0.002042331,-0.000900813,-0.00303629,-0.002392558,0.00041994,0.00279066,0.002541598,-5.75E-05,-0.002560234,-0.002632208,-0.000218498,0.002423913,0.002841343,0.000663487,-0.0020723,-0.002836325,-0.000960104,0.001764071,0.002778401,0.001148339,-0.001584328,-0.002863472,-0.001508627,0.001201413,0.002746506,0.001724358,-0.000860206,-0.002563954,-0.001802313,0.000683564,0.002547197,0.00204656,-0.000337423,-0.002375992,-0.002192284,-4.89E-06,0.002107007,0.002171525,0.000164139,-0.0019976,-0.002274635,-0.000416529,0.001826351,0.002364097,0.000723972,-0.001531277,-0.00229346,-0.000886745,0.001323769,0.002242617,0.001019036,-0.001172281,-0.002259979,-0.001229872,0.000937905,0.002212745,0.001427501,-0.000643959,-0.002043095,-0.001480644,0.000466283,0.001926883,0.001515899,-0.000368787,-0.001941416,-0.001722564,7.66E-05,0.001774197,0.001813097,0.000213722,-0.001475666,-0.001661771,-0.000206315,0.001467166,0.001739613,0.000329503,-0.001452693,-0.001951238,-0.000720732,0.001075111,0.001778949,0.000798515
-0.012115255,-0.007796085,-0.005122006,-0.001993048,0.001505068,0.004626479,0.006325223,0.005631698,0.002215724,-0.003083578,-0.008169698,-0.010378071,-0.007854908,-0.000945833,0.007401969,0.012851749,0.012113059,0.005172446,-0.004307506,-0.011011751,-0.011300546,-0.005592023,0.001984796,0.006538101,0.005844113,0.001684503,-0.001912766,-0.002081967,0.000617008,0.002938743,0.002031104,-0.001832313,-0.005307138,-0.004878746,-0.000139925,0.005479869,0.007355949,0.003572964,-0.003235163,-0.007809483,-0.006487139,-0.00023832,0.006051336,0.007509248,0.003179319,-0.003309521,-0.006800188,-0.004786724,0.000738043,0.005166535,0.005148902,0.001165422,-0.003211674,-0.004498198,-0.002094018,0.001571986,0.003396137,0.002221867,-0.000492212,-0.002276872,-0.00187159,-7.62E-05,0.00130447,0.001213286,0.000125793,-0.000695179,-0.000546985,0.000135667,0.000433001,1.33E-05,-0.000535247,-0.000425165,0.000377215,0.0010273,0.000684328,-0.000511356,-0.001436179,-0.00105748,0.000452213,0.001730011,0.001468277,-0.00026056,-0.001930736,-0.001925295,-0.000104638,0.001940607,0.002292725,0.000517814,-0.001832225,-0.002580816,-0.000950582,0.001640415,0.002817678,0.001437852,-0.001299464,-0.002896942,-0.001849697,0.000928248,0.002896945,0.002216175,-0.000532098,-0.002841143,-0.002573777,5.19E-05,0.00263601,0.00279607,0.000373183,-0.002403809,-0.002965901,-0.000780701,0.002145133,0.003113531,0.001229959,-0.001765987,-0.003108801,-0.00156676,0.001419796,0.003076878,0.001869475,-0.001079549,-0.003037981,-0.002201105,0.000640643,0.002847756,0.002388124,-0.000283342,-0.00266403,-0.002540157,-3.96E-05,0.002503609,0.002732656,0.000455292,-0.00219656,-0.00276727,-0.000760392,0.001920354,0.002765973,0.001001996,-0.001707794,-0.002834103,-0.001343695,0.001355293,0.0027501,0.00157334,-0.001033719,-0.002614393,-0.001702608,0.000822148,0.002582594,0.001938702,-0.000491356,-0.002434046,-0.002099771,0.000156515,0.002196524,0.00211893,3.14E-05,-0.002077669,-0.002223111,-0.000279998,0.001921978,0.002332012,0.000595984,-0.001636686,-0.00228249,-0.000776288,0.001424301,0.002234526,0.000905299,-0.001291907,-0.002282859,-0.00114441,0.001045053,0.0022405,0.001355214,-0.000739025,-0.002060148,-0.001390643,0.000593361,0.001986694,0.001464669,-0.00047726,-0.002009121,-0.001699055,0.00015015,0.001808259,0.001757511,0.000106963,-0.001541415,-0.001625897,-9.54E-05,0.001564111,0.001752132,0.000266511,-0.001517011,-0.001950852,-0.000660088,0.001127863,0.001759738,0.000711
-0.004672508,-0.003381415,-0.001572645,0.000823661,0.003320585,0.00509489,0.005251145,0.003198994,-0.000884221,-0.005753397,-0.009285634,-0.009328373,-0.004959007,0.002544238,0.009828367,0.012993516,0.009878806,0.001697169,-0.007273774,-0.012082067,-0.010194026,-0.003180001,0.0043253,0.007794121,0.005866045,0.001029556,-0.002578161,-0.00250265,0.000237721,0.002330309,0.001276265,-0.002262213,-0.004955902,-0.003790234,0.001035089,0.005907744,0.006667496,0.002205444,-0.004311036,-0.007797042,-0.005364724,0.001217618,0.00684315,0.00714971,0.002020486,-0.004382262,-0.007047339,-0.004136721,0.001700792,0.005693501,0.004889295,0.000375242,-0.003927882,-0.004666057,-0.00168884,0.002175619,0.003752525,0.002138703,-0.000864938,-0.00261404,-0.001929532,0.000157325,0.001645797,0.001438826,0.000118875,-0.000894329,-0.000793001,-6.54E-06,0.000464342,0.000173594,-0.000373976,-0.000393444,0.00023512,0.000793225,0.00051901,-0.000482615,-0.001225249,-0.000816685,0.000542123,0.001606522,0.00124637,-0.000376462,-0.001818271,-0.001655586,0.000108405,0.001918606,0.002048691,0.000251008,-0.001904582,-0.002412088,-0.000707214,0.001723926,0.002646776,0.001145022,-0.001468224,-0.00279809,-0.001569313,0.001150251,0.002879185,0.00199563,-0.000735719,-0.002824468,-0.002333564,0.000315233,0.002697535,0.002607015,0.000102209,-0.002524011,-0.002847176,-0.000554934,0.002249981,0.002982477,0.000965283,-0.001938236,-0.00304309,-0.001327072,0.001621571,0.003074372,0.001689837,-0.001246192,-0.003016556,-0.001992701,0.000860766,0.002890691,0.002221762,-0.000508865,-0.002756096,-0.002438186,0.000135029,0.002565003,0.00260403,0.000239379,-0.002312998,-0.002684264,-0.000553559,0.002072273,0.002745121,0.00085521,-0.001818638,-0.002785939,-0.001166749,0.001506698,0.00274062,0.001410039,-0.001210309,-0.002660431,-0.001600407,0.000953804,0.002603548,0.001818906,-0.000645429,-0.002480067,-0.001991752,0.000326906,0.002285671,0.002062429,-0.000100741,-0.002150533,-0.002163799,-0.000143629,0.002006612,0.002283945,0.000456856,-0.001742737,-0.002264362,-0.000658614,0.001526782,0.002224752,0.000792486,-0.001404006,-0.002294525,-0.001051971,0.00114877,0.002255445,0.001268192,-0.000843018,-0.002078181,-0.00129757,0.000722561,0.002046918,0.001416262,-0.000576107,-0.002061104,-0.001660458,0.000229997,0.001836285,0.001687038,-1.64E-05,-0.001620159,-0.001599016,8.17E-06,0.001655022,0.001763356,0.000211899,-0.001561946,-0.001925155,-0.000577436,0.00119154,0.001738383,0.000611813
0.00295255,0.001217958,0.001949876,0.003323955,0.004562419,0.00488722,0.003645456,0.000635741,-0.003564128,-0.007512786,-0.009295945,-0.007416213,-0.001835911,0.00548169,0.011125525,0.011906995,0.006844511,-0.001832606,-0.009591444,-0.012158165,-0.008213119,-0.000345477,0.006573592,0.008617887,0.005377609,-1.86E-05,-0.003454235,-0.002976696,-7.60E-05,0.001892468,0.000781227,-0.002409098,-0.004418596,-0.002722619,0.001971285,0.006002959,0.00575016,0.000857001,-0.005131973,-0.007461252,-0.00406279,0.002596272,0.007362116,0.006510058,0.00075617,-0.005333217,-0.007048717,-0.003293516,0.002681161,0.006072079,0.004437593,-0.00051175,-0.004587801,-0.004679116,-0.001147128,0.002806378,0.004021244,0.00192712,-0.001314031,-0.002930481,-0.001897888,0.000476155,0.002006652,0.00160997,2.91E-05,-0.00114327,-0.001023116,-8.39E-05,0.000559594,0.00035221,-0.000247777,-0.000418431,5.99E-05,0.000574021,0.000402957,-0.000409586,-0.001009132,-0.000612801,0.0005823,0.001458248,0.00104124,-0.000450739,-0.001674884,-0.001390919,0.000285573,0.001860427,0.00179851,1.33E-05,-0.001936203,-0.002223401,-0.000478884,0.001772544,0.002452006,0.000859499,-0.001605821,-0.002672049,-0.001289793,0.001343526,0.002828627,0.001764781,-0.00092048,-0.002777986,-0.002079148,0.000565468,0.002731625,0.002401553,-0.000158792,-0.002615813,-0.002705435,-0.000330111,0.002332486,0.002828361,0.000696869,-0.002093077,-0.002956124,-0.001082685,0.001806298,0.003047417,0.001499106,-0.001401825,-0.002972563,-0.001770019,0.001075589,0.002915618,0.002042782,-0.000729039,-0.002829066,-0.002320258,0.000308352,0.00260891,0.002456779,1.89E-05,-0.002418074,-0.002586213,-0.000342746,0.002213443,0.00270926,0.000703847,-0.001918232,-0.002719434,-0.00097922,0.001653205,0.002716616,0.00123606,-0.001385139,-0.002696087,-0.001491295,0.001080148,0.002609867,0.001687158,-0.000798486,-0.002512649,-0.001868441,0.000503497,0.0023701,0.001998342,-0.000233706,-0.002215637,-0.002095922,-7.93E-06,0.002078529,0.002218458,0.000306896,-0.001847331,-0.002236593,-0.000532377,0.001631171,0.00221309,0.000681715,-0.001505796,-0.002291769,-0.000950729,0.001248589,0.002255423,0.001163969,-0.000957871,-0.002098936,-0.00120393,0.00085031,0.002103933,0.001368785,-0.000664288,-0.002093689,-0.001602,0.000320385,0.00186137,0.001603913,-0.000154478,-0.001710935,-0.001581936,0.00010127,0.001734799,0.001768077,0.000162283,-0.00158813,-0.001872507,-0.000470104,0.001268846,0.00171733,0.000503195
0.009690893,0.005342333,0.004983096,0.005251718,0.005199093,0.004176754,0.0018135,-0.001738284,-0.005619595,-0.00836502,-0.00842139,-0.004992531,0.001186708,0.00771373,0.011392073,0.00990422,0.003400713,-0.005113179,-0.011159985,-0.011360702,-0.005623661,0.002621238,0.008518752,0.008925792,0.004412624,-0.00135138,-0.00440452,-0.003376266,-0.000231523,0.001662983,0.000519592,-0.002352078,-0.003790923,-0.00173967,0.002671804,0.005833664,0.00469585,-0.000413864,-0.005710199,-0.006878443,-0.002675673,0.003840538,0.007617133,0.00565076,-0.000546586,-0.006132459,-0.006825389,-0.002307075,0.00363979,0.00630197,0.003831696,-0.001446125,-0.005162331,-0.004543662,-0.000500665,0.003432143,0.004191233,0.001600549,-0.00181623,-0.003213397,-0.001785156,0.000856023,0.00236336,0.001718543,-0.000133256,-0.001423011,-0.001223956,-9.67E-05,0.000708139,0.000539456,-0.000155569,-0.000487247,-0.000131886,0.000378939,0.000333044,-0.000303814,-0.000798387,-0.000448164,0.000578265,0.001291472,0.000852325,-0.000492603,-0.001513024,-0.001138845,0.000428539,0.001774301,0.001549908,-0.000193506,-0.001930846,-0.002018407,-0.000263511,0.001794777,0.002243448,0.000586594,-0.001714351,-0.002525354,-0.001016392,0.00150759,0.002748021,0.001524748,-0.001090548,-0.002710226,-0.001818618,0.000799663,0.002741131,0.002184907,-0.000406634,-0.002679538,-0.002542002,-0.000104635,0.002398752,0.002659424,0.000430643,-0.002229718,-0.002851312,-0.000837656,0.001972133,0.002996108,0.001296473,-0.001550685,-0.002913283,-0.001540145,0.001281703,0.002923763,0.001854971,-0.000940542,-0.002881349,-0.002185139,0.000483598,0.002641424,0.002297945,-0.000201512,-0.002511333,-0.002476281,-0.000132207,0.00234061,0.002656121,0.000544969,-0.002011473,-0.002640694,-0.000785915,0.001793654,0.002680876,0.00105629,-0.001553605,-0.002718072,-0.001372542,0.001204644,0.002605855,0.001547032,-0.000949756,-0.002534609,-0.001734999,0.000681126,0.002446319,0.001924833,-0.000368822,-0.0022746,-0.002020858,0.000127342,0.002140422,0.002139949,0.000150228,-0.0019484,-0.002199484,-0.000399104,0.001736146,0.002198935,0.000572517,-0.001598377,-0.002276181,-0.000841597,0.00134551,0.002243456,0.001046264,-0.001081042,-0.002122195,-0.001111615,0.000973669,0.002154625,0.001319069,-0.000745285,-0.002110415,-0.001526092,0.000421591,0.001887275,0.00151469,-0.000299955,-0.001807451,-0.001570714,0.000185234,0.001802426,0.001762889,0.000111766,-0.001603516,-0.001801407,-0.000344838,0.001356871,0.001698313,0.000390741
0.014792737,0.008530403,0.007201716,0.006422063,0.005198312,0.003071669,-4.21E-05,-0.003701953,-0.006897031,-0.00828971,-0.006790261,-0.002286647,0.003874763,0.009106481,0.010659684,0.00717553,-0.000181433,-0.007905328,-0.011867112,-0.009739538,-0.002602632,0.005497526,0.00997837,0.008629197,0.002983362,-0.002884873,-0.005316737,-0.003598458,-0.000158919,0.001668246,0.000474352,-0.00214138,-0.003135565,-0.000889284,0.003126289,0.005432263,0.003561619,-0.001558903,-0.00603606,-0.006085067,-0.001265721,0.004897854,0.007594135,0.004600175,-0.001839152,-0.006743566,-0.006374234,-0.001204481,0.004542523,0.006367783,0.003085808,-0.002394367,-0.005621229,-0.004251218,0.000234954,0.004026927,0.004244652,0.001159435,-0.002357055,-0.003448165,-0.001589091,0.001284514,0.00269748,0.001752454,-0.000366907,-0.001721687,-0.001382504,-3.96E-05,0.000906135,0.000727726,-0.000100773,-0.000595064,-0.000329881,0.000217154,0.000311398,-0.000170714,-0.00060131,-0.000328074,0.000530306,0.001109789,0.000681638,-0.000504961,-0.00133965,-0.000906119,0.000534981,0.001663302,0.001308555,-0.000365289,-0.001887919,-0.001798767,-6.17E-05,0.001793492,0.002026714,0.000331494,-0.001792133,-0.00236041,-0.000753399,0.001639273,0.002636654,0.001276029,-0.001246694,-0.00262461,-0.001557008,0.001013837,0.002725277,0.001959455,-0.000637799,-0.002712713,-0.002356014,0.000122069,0.002450845,0.002479669,0.000171107,-0.002345411,-0.002728916,-0.000594622,0.002115923,0.002918226,0.001080582,-0.001694523,-0.002841882,-0.001307284,0.00147554,0.002913887,0.001659819,-0.00114025,-0.002909775,-0.002030407,0.000662883,0.002665294,0.002131161,-0.000418186,-0.002590873,-0.002355162,7.52E-05,0.002450021,0.002582328,0.000375867,-0.00210093,-0.002552616,-0.000589696,0.001926348,0.002633909,0.000873515,-0.001711663,-0.002722451,-0.001241126,0.001329471,0.002593327,0.001400083,-0.001098508,-0.002546825,-0.001594145,0.000855944,0.002510631,0.001839386,-0.000507214,-0.002327628,-0.001938427,0.000262706,0.002193506,0.002050536,-1.05E-05,-0.002043784,-0.002152186,-0.000259438,0.001840176,0.002180757,0.00046392,-0.00168216,-0.002247889,-0.000724498,0.001440087,0.00222089,0.000917112,-0.001210537,-0.002146993,-0.001021324,0.001090363,0.002195852,0.001263926,-0.000821773,-0.002113186,-0.00143364,0.00053411,0.001916319,0.001423519,-0.000447502,-0.001904577,-0.001561741,0.000261283,0.001856598,0.001744395,5.55E-05,-0.001613687,-0.00171737,-0.000206052,0.001453417,0.001682133,0.000278258
0.017399658,0.010254114,0.008233124,0.006622382,0.004521164,0.001693701,-0.001689662,-0.004997684,-0.007210931,-0.007251767,-0.004542659,0.000433221,0.005939568,0.009477416,0.008941193,0.003936434,-0.0035666,-0.009891653,-0.011542905,-0.00733439,0.000630903,0.007986862,0.01069887,0.007601121,0.0011072,-0.004498165,-0.006033399,-0.003507593,0.000224365,0.001932311,0.000620318,-0.001836029,-0.002525179,-0.000232174,0.003311473,0.004825605,0.002412615,-0.002509928,-0.006079324,-0.005110344,9.21E-05,0.005690014,0.007256675,0.003382255,-0.003056709,-0.007104724,-0.005674839,-1.45E-05,0.005337257,0.006233801,0.002205912,-0.00331417,-0.005915842,-0.003778753,0.001045237,0.004553051,0.004148617,0.000596489,-0.002918161,-0.003609048,-0.001298019,0.001750279,0.002983283,0.001689885,-0.000675778,-0.002024991,-0.00147824,9.99E-05,0.001151333,0.000905429,-9.27E-05,-0.000740259,-0.000521798,0.000103135,0.000344981,-1.47E-05,-0.00042954,-0.000262823,0.000435741,0.000917761,0.000534937,-0.000487437,-0.001161683,-0.000702844,0.000598385,0.001528686,0.001082027,-0.0004938,-0.001803819,-0.00156637,0.000123147,0.001768675,0.001807272,0.000102306,-0.001833774,-0.002178091,-0.000506939,0.001731779,0.002491347,0.001019643,-0.001387002,-0.002522393,-0.001299891,0.001200988,0.002680186,0.001726924,-0.000846511,-0.002709648,-0.002145035,0.000349487,0.002488479,0.002291987,-7.58E-05,-0.002434381,-0.002587057,-0.000356693,0.002231889,0.00280897,0.000849496,-0.001833621,-0.002759843,-0.001075712,0.001651396,0.00288219,0.001457944,-0.0013235,-0.002908495,-0.001851894,0.000848074,0.002681845,0.001959308,-0.000626558,-0.002652571,-0.002222009,0.00027593,0.002535635,0.002482166,0.000193005,-0.002188382,-0.002457024,-0.000393514,0.002048147,0.002574674,0.000690387,-0.001853562,-0.002702849,-0.001092495,0.00145667,0.002572973,0.001247159,-0.001243523,-0.002549056,-0.001448165,0.00102303,0.002557249,0.001737782,-0.000650221,-0.002373783,-0.001847096,0.000399127,0.002238453,0.001951735,-0.00017248,-0.002130028,-0.002092561,-0.000113853,0.001940527,0.002155317,0.000353959,-0.00175731,-0.002206058,-0.000598685,0.001532744,0.002188577,0.000778557,-0.001343403,-0.002170967,-0.000933003,0.001197534,0.002222814,0.00119846,-0.000897299,-0.002103857,-0.001325194,0.000658494,0.001950625,0.001334775,-0.00059062,-0.001995158,-0.001549509,0.000331399,0.001895317,0.001707587,-1.30E-05,-0.001625363,-0.0016267,-5.90E-05,0.001555332,0.001669069,0.00017015
0.017452992,0.010455679,0.008082648,0.005943668,0.003334806,0.000242021,-0.002967427,-0.005573978,-0.006664813,-0.005499649,-0.001998286,0.002893132,0.007267308,0.008931337,0.006529181,0.000554022,-0.006460879,-0.010966358,-0.010299955,-0.004412137,0.003777815,0.009876975,0.010619075,0.005923209,-0.001052591,-0.006021406,-0.006433266,-0.003053324,0.000902127,0.002390397,0.000867447,-0.001524407,-0.002017885,0.000225788,0.003276465,0.004094238,0.001318976,-0.003245399,-0.005878187,-0.004027819,0.001334735,0.00620287,0.006646429,0.002065996,-0.004147159,-0.007211368,-0.004768207,0.001207078,0.005990902,0.005907996,0.001230276,-0.004166835,-0.006033907,-0.003146383,0.001894561,0.004985165,0.003904116,-6.46E-05,-0.003471785,-0.003683374,-0.000920678,0.002232575,0.003204743,0.001530891,-0.001045236,-0.002315693,-0.001504133,0.000314262,0.00142822,0.001060602,-0.000132062,-0.000913334,-0.000696578,4.07E-05,0.000427956,0.0001539,-0.000289342,-0.000249864,0.000303772,0.000724178,0.000414373,-0.000445204,-0.000986625,-0.000532528,0.000621798,0.001377042,0.000874622,-0.000580796,-0.0016851,-0.001327506,0.000289489,0.001724223,0.001590568,-9.86E-05,-0.001841686,-0.001982992,-0.000279397,0.001787335,0.002317378,0.000759834,-0.001511374,-0.002407229,-0.001051312,0.001360001,0.002608151,0.001490417,-0.001032112,-0.002673136,-0.001913247,0.000575334,0.002512937,0.002099944,-0.000307165,-0.002496525,-0.002427811,-0.00012561,0.002320702,0.002671196,0.00060596,-0.001967663,-0.002669594,-0.000848708,0.001807522,0.002829283,0.001251034,-0.001489611,-0.002878749,-0.001651695,0.001038277,0.002692535,0.001785409,-0.000824078,-0.002695885,-0.00207808,0.000468616,0.002597155,0.002356479,-2.98E-06,-0.002274743,-0.002356378,-0.00019994,0.002158033,0.002504223,0.000509063,-0.001977561,-0.002658663,-0.000926627,0.001586797,0.002546328,0.001089995,-0.001384272,-0.002542761,-0.001299974,0.001179462,0.002584464,0.001619659,-0.000797615,-0.002412967,-0.001746791,0.000537475,0.00227757,0.001846943,-0.000332406,-0.002205556,-0.002021153,3.56E-05,0.002034625,0.002120203,0.000240348,-0.001826249,-0.002153031,-0.000465512,0.001624156,0.002149546,0.000635191,-0.001474988,-0.002190738,-0.000845085,0.001295094,0.002234083,0.001119943,-0.000975965,-0.002087541,-0.001205742,0.000791482,0.001989929,0.001251422,-0.000724014,-0.002073036,-0.001528335,0.000399889,0.001920905,0.001652231,-9.69E-05,-0.001644718,-0.001537393,8.85E-05,0.001657222,0.001657697,6.93E-05
0.01519911,0.00926441,0.006887208,0.004551836,0.001820705,-0.001124627,-0.003790206,-0.005462407,-0.005419891,-0.003290626,0.000567898,0.00489969,0.007826222,0.007620174,0.003706261,-0.002669225,-0.008663465,-0.011107737,-0.008293993,-0.001228847,0.006594507,0.011031227,0.009745949,0.003718054,-0.003325657,-0.007306495,-0.00643379,-0.002227255,0.001824942,0.002961274,0.001128506,-0.001276861,-0.001648122,0.000496514,0.003074044,0.003307715,0.000332631,-0.003757844,-0.005472115,-0.002898626,0.002418059,0.006437532,0.005809113,0.000713008,-0.00507087,-0.007068187,-0.003696542,0.002410383,0.006477305,0.005400716,0.000192901,-0.004921968,-0.005970423,-0.00237648,0.002750462,0.005303544,0.003516339,-0.00079943,-0.003992235,-0.003660513,-0.000465381,0.002713941,0.003350154,0.001278352,-0.001460763,-0.002579053,-0.001456068,0.000594407,0.00172146,0.001182058,-0.000219531,-0.001106632,-0.000845949,3.15E-05,0.000554092,0.000326277,-0.000185057,-0.000285371,0.000143836,0.000537684,0.00032259,-0.000381827,-0.000819801,-0.000397038,0.000608565,0.001214016,0.000689305,-0.000628926,-0.001538591,-0.001088692,0.000435059,0.001662355,0.001380161,-0.000270199,-0.001818364,-0.001778914,-7.22E-05,0.001808782,0.002120374,0.000501449,-0.001618445,-0.002280993,-0.000813677,0.001490607,0.002511346,0.001252334,-0.001194673,-0.002606508,-0.001665421,0.00079628,0.002523892,0.00190532,-0.000521514,-0.002532204,-0.002252927,9.76E-05,0.002383723,0.002508461,0.000353713,-0.002094843,-0.002571756,-0.000627949,0.001943064,0.002755815,0.001040196,-0.001638728,-0.002822671,-0.001432972,0.001231164,0.002697078,0.001610802,-0.001009312,-0.002720514,-0.001924105,0.000652699,0.002635387,0.002207326,-0.000210047,-0.002359314,-0.002251578,-1.05E-05,0.002255241,0.002423022,0.000330554,-0.002083246,-0.002590599,-0.000744787,0.001719117,0.00251377,0.000929595,-0.001520228,-0.002528647,-0.001151231,0.001323678,0.002591715,0.001485539,-0.000948495,-0.002444602,-0.00163727,0.000678308,0.00231236,0.001738486,-0.000488103,-0.002269356,-0.001938616,0.000186926,0.00212017,0.002073279,0.000121098,-0.001891073,-0.0020909,-0.000326361,0.001714565,0.002106064,0.000490801,-0.001601136,-0.002202906,-0.000755485,0.001383825,0.002229281,0.001026778,-0.001060759,-0.002068462,-0.001079915,0.000929375,0.002032685,0.001174522,-0.00084446,-0.002133825,-0.001493684,0.000470702,0.001936159,0.001579378,-0.000197578,-0.001675547,-0.001455147,0.000230264,0.001754281,0.001645977,-2.31E-05
0.010928177,0.006836335,0.004800546,0.002619643,0.000158472,-0.002254173,-0.004078703,-0.004694885,-0.003630714,-0.000871756,0.002887688,0.006256158,0.00756963,0.005675328,0.000739921,-0.005430809,-0.009956785,-0.010269204,-0.005662328,0.001959965,0.008819417,0.011287598,0.008069495,0.001110067,-0.005522844,-0.008181786,-0.005938112,-0.001022321,0.002930801,0.003550398,0.00131031,-0.00116215,-0.001447513,0.000589868,0.002750189,0.002530367,-0.00049132,-0.004027678,-0.004886844,-0.001778503,0.003290407,0.006379414,0.004778086,-0.000614731,-0.005774924,-0.006663041,-0.002493707,0.003539417,0.006754532,0.004707984,-0.000875509,-0.005540282,-0.005706856,-0.001483408,0.003577666,0.005477801,0.00298033,-0.001586049,-0.004447354,-0.003519795,6.60E-05,0.003175917,0.003401208,0.000928443,-0.001909795,-0.002796669,-0.001323922,0.000935073,0.002014639,0.001253758,-0.000361005,-0.001314448,-0.000959591,8.13E-05,0.000720047,0.000493184,-0.000124073,-0.000368816,-3.56E-05,0.000369115,0.000266039,-0.00029815,-0.000666713,-0.000300918,0.000559128,0.001044459,0.000530914,-0.000637931,-0.0013697,-0.000857849,0.000554255,0.001582584,0.001179479,-0.00040896,-0.001763617,-0.001568905,0.000111487,0.001796332,0.001904868,0.000250908,-0.001703737,-0.00214333,-0.000589701,0.001590185,0.002389728,0.001014929,-0.001332319,-0.002510922,-0.001406023,0.001006956,0.002518196,0.001708506,-0.000716301,-0.002539481,-0.002062687,0.000311172,0.002420313,0.002322919,9.71E-05,-0.002210996,-0.002464732,-0.000414745,0.002055601,0.002660489,0.000825967,-0.001769799,-0.002740713,-0.001198466,0.001422959,0.002692915,0.001435539,-0.001180216,-0.002724383,-0.001759512,0.000827394,0.002649756,0.002035753,-0.000425626,-0.002439583,-0.002141845,0.000173613,0.002337722,0.002329975,0.000155391,-0.002169345,-0.002498171,-0.00054802,0.001851752,0.002474045,0.000766197,-0.001650191,-0.00250596,-0.001002655,0.0014538,0.002577349,0.001335225,-0.001101503,-0.002466799,-0.001517248,0.000822085,0.002343232,0.001627633,-0.000637438,-0.002319516,-0.001844626,0.000338419,0.002193942,0.002011258,-6.19E-06,-0.001953286,-0.002020817,-0.000182264,0.001803624,0.002059434,0.00034878,-0.001717081,-0.002202901,-0.000661306,0.001464398,0.002207285,0.000916797,-0.001154512,-0.002050163,-0.000951895,0.001068104,0.002076299,0.001104195,-0.000948885,-0.002172487,-0.001440207,0.000548069,0.001943514,0.001489592,-0.000316259,-0.001721001,-0.001384911,0.000360378,0.001841138,0.001631015,-0.000106119
0.005311954,0.003558159,0.002145841,0.000430339,-0.001427045,-0.003014297,-0.003826379,-0.003404348,-0.001547547,0.001452921,0.004696249,0.006829571,0.006550865,0.003323438,-0.002053636,-0.007450257,-0.010210646,-0.00852295,-0.00264418,0.00485479,0.010220756,0.010572373,0.005689034,-0.00168761,-0.007414595,-0.008488389,-0.004899921,0.000504998,0.004103584,0.004031509,0.001313021,-0.00123533,-0.001422167,0.000542953,0.002369988,0.001830543,-0.001109814,-0.004056692,-0.00416667,-0.000727471,0.003914108,0.006039707,0.003610519,-0.001846111,-0.006215919,-0.006004829,-0.001212781,0.004531658,0.006788364,0.003839877,-0.00193523,-0.005985449,-0.005237705,-0.000495902,0.004334352,0.005482213,0.00230288,-0.002391693,-0.004801359,-0.003244397,0.000665211,0.003597215,0.003343036,0.000484794,-0.002373446,-0.002949095,-0.001102115,0.001324167,0.002286545,0.001259,-0.000560058,-0.001529025,-0.001027942,0.000192056,0.00091838,0.000643625,-0.000112043,-0.000495604,-0.000222103,0.000231097,0.000250817,-0.000195893,-0.000532462,-0.000246534,0.000476691,0.000874692,0.000403363,-0.00061038,-0.001186931,-0.000644773,0.000641091,0.001484538,0.000991316,-0.000513243,-0.001679325,-0.001357015,0.000269371,0.001752581,0.001678013,1.64E-05,-0.001762074,-0.001993478,-0.000381119,0.001657794,0.002244845,0.000780902,-0.001444349,-0.002389834,-0.001141884,0.001200357,0.002491773,0.001509052,-0.000890267,-0.002517964,-0.001858408,0.000513775,0.002431475,0.00211911,-0.000157108,-0.002310357,-0.002345806,-0.000209285,0.002144026,0.002543125,0.00060911,-0.001882862,-0.002635506,-0.000953438,0.001607736,0.002675973,0.001258525,-0.001335799,-0.002706304,-0.00158401,0.000992738,0.002641637,0.001845367,-0.000644719,-0.002511246,-0.002025275,0.000351752,0.002403871,0.002223972,-1.67E-05,-0.002236349,-0.002383275,-0.000339712,0.001981114,0.002425035,0.000599825,-0.001772793,-0.0024735,-0.00085408,0.001569391,0.002541533,0.001170261,-0.001254149,-0.002477382,-0.001385829,0.000968581,0.002369922,0.001515018,-0.000778968,-0.002354885,-0.001739492,0.000488028,0.002253041,0.001931516,-0.000143328,-0.002014213,-0.001944249,-3.49E-05,0.001890363,0.002010478,0.000212171,-0.001818275,-0.00218612,-0.000559135,0.001538636,0.002168638,0.00078959,-0.00125873,-0.002035666,-0.000826252,0.001202444,0.002116469,0.001038486,-0.001036432,-0.002185993,-0.001363883,0.000636012,0.001946497,0.001385624,-0.000451451,-0.001781562,-0.001329547,0.000474052,0.001912576,0.001609011,-0.000180889
-0.000701383,-4.99E-06,-0.000643194,-0.001699843,-0.002757614,-0.003381871,-0.003161438,-0.001833984,0.000542083,0.003443243,0.005885586,0.006687997,0.004992322,0.000853874,-0.004440262,-0.008653756,-0.009549926,-0.006142669,0.000455436,0.007249935,0.01077487,0.009042799,0.002864762,-0.004423065,-0.008847682,-0.008205938,-0.003407882,0.002213271,0.005205235,0.004305487,0.001089202,-0.001493887,-0.001528781,0.000423738,0.002001468,0.001247875,-0.001530752,-0.003896217,-0.003376424,0.000217167,0.00430647,0.00548477,0.002385207,-0.00293507,-0.006405266,-0.005151206,8.11E-05,0.005354155,0.006592835,0.002839514,-0.002949825,-0.006255471,-0.004596791,0.000540195,0.004993243,0.005324007,0.001517623,-0.003180492,-0.005038216,-0.002843368,0.001311103,0.003964359,0.003181534,-3.13E-05,-0.002830246,-0.003029386,-0.000802033,0.001740648,0.0025203,0.001193871,-0.00080938,-0.001741508,-0.001050141,0.000354549,0.001135806,0.000769939,-0.000145463,-0.000653388,-0.000402521,0.000130271,0.00027545,-7.98E-05,-0.000418322,-0.000228545,0.000370241,0.000710791,0.000304975,-0.000555081,-0.001000792,-0.00045581,0.000695213,0.001370663,0.000815842,-0.000587587,-0.001572436,-0.00114747,0.000403596,0.001685243,0.001448576,-0.000196875,-0.001792683,-0.001832322,-0.000186637,0.001698129,0.002082213,0.000552382,-0.001534263,-0.002250773,-0.000880476,0.001372279,0.002443654,0.001306466,-0.001046042,-0.002472291,-0.001643842,0.000705703,0.002422323,0.001904539,-0.000402685,-0.002389578,-0.002213693,-9.94E-06,0.002211603,0.002407382,0.000390893,-0.001980915,-0.00251357,-0.000705102,0.001780289,0.002643659,0.00107832,-0.001478079,-0.002668945,-0.001399103,0.001150449,0.002616353,0.001643263,-0.000861188,-0.002570716,-0.001900416,0.000524826,0.002454902,0.002105846,-0.00018699,-0.002288418,-0.002252096,-0.000125802,0.002103498,0.002365611,0.000430754,-0.00188772,-0.002431139,-0.000704587,0.001673195,0.002488653,0.000995133,-0.001403666,-0.002476005,-0.001244252,0.001116501,0.002391953,0.00140062,-0.000913286,-0.002377135,-0.001625331,0.000634431,0.002297646,0.001835201,-0.000289547,-0.002074524,-0.001863164,0.000113731,0.001973687,0.001959412,8.19E-05,-0.001903773,-0.002151619,-0.000447332,0.001609487,0.002117276,0.000648765,-0.001371655,-0.0020258,-0.000705944,0.001328413,0.002149124,0.00097354,-0.001110727,-0.002177392,-0.001266254,0.000735513,0.001948866,0.001273078,-0.000597429,-0.001852961,-0.001286966,0.000571379,0.001967214,0.001577446,-0.000250882
-0.006362369,-0.003406041,-0.00322564,-0.003525436,-0.003698023,-0.003342833,-0.002185412,-0.000171139,0.002419371,0.004917662,0.00637419,0.005882415,0.003061777,-0.001513029,-0.006238325,-0.008979236,-0.008065239,-0.003338739,0.00339343,0.008972215,0.010449721,0.00681616,-0.000192148,-0.006880524,-0.009681952,-0.007307687,-0.001535607,0.003975926,0.006109997,0.004284833,0.000602852,-0.001927919,-0.001726251,0.000287167,0.001695313,0.000811562,-0.001757602,-0.003580368,-0.00256276,0.001023614,0.004472283,0.004757634,0.001161834,-0.003838221,-0.00633994,-0.004139263,0.001334914,0.005970385,0.006166994,0.001735912,-0.00388526,-0.006337467,-0.003801879,0.00158904,0.005524924,0.004999039,0.000646487,-0.003920654,-0.005136872,-0.002316947,0.001987682,0.004261424,0.002914521,-0.000606272,-0.003261074,-0.003026574,-0.000428151,0.002168345,0.002699082,0.001050736,-0.00110551,-0.001943643,-0.001022001,0.000564358,0.00136224,0.00086383,-0.000224638,-0.000834057,-0.000565533,7.45E-05,0.000341166,4.68E-05,-0.000326935,-0.000245137,0.000245573,0.000558351,0.000236669,-0.00047706,-0.000819478,-0.000297777,0.000714032,0.001241878,0.000654218,-0.000633441,-0.001446994,-0.000944099,0.000513835,0.001598547,0.001223341,-0.000382926,-0.001792771,-0.001659695,-6.31E-06,0.001712897,0.00190506,0.000331805,-0.001602839,-0.002098195,-0.000628028,0.001517516,0.002371192,0.00110001,-0.001184351,-0.002404388,-0.001421425,0.000886044,0.002395084,0.001684313,-0.00063362,-0.002444076,-0.002066045,0.000184284,0.002259402,0.002254896,0.000172484,-0.002064911,-0.00237872,-0.000459161,0.001935066,0.002592225,0.00089319,-0.001607766,-0.00261298,-0.001205354,0.001301181,0.002576808,0.001434433,-0.00106942,-0.002613582,-0.001764995,0.000693326,0.002490555,0.001975165,-0.000356386,-0.002327899,-0.002108641,8.89E-05,0.002214808,0.002293633,0.000258908,-0.001993842,-0.002377515,-0.000552862,0.001766914,0.002421269,0.000813011,-0.00154727,-0.002461341,-0.001092956,0.001264302,0.002407771,0.001283536,-0.001040786,-0.002386738,-0.001503044,0.000776587,0.002327215,0.001722604,-0.000444118,-0.002133899,-0.001778264,0.000261933,0.002051946,0.001905386,-4.17E-05,-0.001972482,-0.002097947,-0.000324258,0.001678978,0.002055762,0.000497066,-0.00149127,-0.002020238,-0.00059274,0.001442586,0.002170144,0.000905475,-0.001174885,-0.002148819,-0.001148272,0.000847168,0.001953078,0.001156085,-0.000749281,-0.001930836,-0.001254514,0.000652816,0.002003587,0.001533623,-0.000319343
-0.010710447,-0.006073531,-0.005164267,-0.004727967,-0.004066471,-0.002866483,-0.001014324,0.001354468,0.003804449,0.005630119,0.00603152,0.004447744,0.000953017,-0.003494271,-0.007188305,-0.008303194,-0.005831641,-0.000364366,0.005838827,0.00975175,0.009151412,0.004012476,-0.003203139,-0.008742725,-0.009687256,-0.005725622,0.000625,0.005606607,0.006624373,0.003835469,-0.000196473,-0.002517371,-0.001954106,0.000205624,0.001515545,0.000562598,-0.001783698,-0.003140163,-0.001782035,0.001639188,0.004395818,0.003896344,1.79E-05,-0.004479765,-0.005989671,-0.003002347,0.002472641,0.006308469,0.005485408,0.000559675,-0.00468315,-0.006190404,-0.002859385,0.002601818,0.005872978,0.00448193,-0.000289492,-0.004561596,-0.005052075,-0.001652415,0.002673648,0.004455531,0.002525336,-0.001228034,-0.003635148,-0.002914644,2.23E-05,0.002585832,0.00279297,0.000810515,-0.001447642,-0.00212101,-0.00093051,0.000821401,0.001584414,0.000909262,-0.000356086,-0.001029587,-0.000693827,7.95E-05,0.000453842,0.000179714,-0.000265624,-0.000298653,0.000108304,0.000426865,0.000204182,-0.000379562,-0.000654154,-0.000183421,0.000689998,0.001098139,0.000510527,-0.000648492,-0.001305932,-0.000753318,0.000595671,0.001494796,0.001011416,-0.00053056,-0.001754833,-0.00147435,0.000157212,0.001700471,0.001715794,0.000124131,-0.001647298,-0.001935424,-0.00039363,0.00162567,0.002267771,0.000888639,-0.001303216,-0.002313504,-0.001193638,0.001051171,0.002349302,0.001463817,-0.000840178,-0.002464382,-0.001897766,0.000373582,0.00228574,0.002085546,-4.40E-05,-0.002133296,-0.002233482,-0.000223209,0.002062172,0.002513935,0.000700259,-0.001723778,-0.002536578,-0.001002533,0.001444206,0.002524198,0.001224237,-0.00126071,-0.002631359,-0.001614365,0.000857133,0.002508059,0.001829498,-0.000525872,-0.002355789,-0.001956316,0.000297886,0.002307669,0.002204223,8.39E-05,-0.002087968,-0.0023087,-0.00039651,0.001851485,0.002340754,0.00062725,-0.001680215,-0.002429698,-0.000931527,0.001409094,0.002413406,0.001161347,-0.001161427,-0.002382528,-0.00137243,0.000912899,0.002339489,0.001592709,-0.000606046,-0.002190537,-0.0016891,0.000407711,0.002121614,0.001845722,-0.000158806,-0.002021835,-0.002021605,-0.000187078,0.001749054,0.001986177,0.000337536,-0.001614204,-0.002017247,-0.000488355,0.001539699,0.002172556,0.000828126,-0.001232729,-0.002101829,-0.001010105,0.000971797,0.001961502,0.001039329,-0.000900323,-0.002008378,-0.001227778,0.000718817,0.002018546,0.001472638,-0.000390982
-0.013390072,-0.007776915,-0.006316078,-0.005265228,-0.003925362,-0.002099186,0.000168432,0.002587761,0.004636485,0.005656042,0.005064871,0.002663388,-0.001083843,-0.004975499,-0.007376019,-0.006897916,-0.003211996,0.00246961,0.007660035,0.009688774,0.007164535,0.000976221,-0.005905068,-0.009920414,-0.008955708,-0.003664547,0.002856948,0.006957358,0.006701471,0.002996369,-0.001222753,-0.00316685,-0.002132908,0.000227304,0.001468886,0.000462978,-0.001680175,-0.002650038,-0.001074117,0.002082979,0.0041475,0.002983063,-0.001002012,-0.004879803,-0.005426011,-0.00181743,0.003460176,0.006395828,0.004614511,-0.000630399,-0.005330472,-0.005851509,-0.00182704,0.003541284,0.00604392,0.003814119,-0.001245769,-0.005086277,-0.004802663,-0.000887167,0.003341254,0.004546798,0.002038594,-0.001867578,-0.003939987,-0.002704467,0.000525379,0.002974719,0.002801393,0.000488781,-0.0018171,-0.002265715,-0.000783267,0.001109499,0.001790001,0.000906218,-0.000528787,-0.001227142,-0.000782465,0.000139339,0.000602066,0.000311346,-0.000232445,-0.00037937,-3.17E-05,0.000319062,0.000201686,-0.000271712,-0.000509783,-0.000109874,0.000630938,0.000945391,0.000383687,-0.000640175,-0.001157254,-0.000577657,0.000653471,0.001381086,0.000816563,-0.000642208,-0.001684862,-0.001280145,0.000306068,0.001667695,0.001520777,-6.95E-05,-0.001671977,-0.001768163,-0.000179498,0.001699404,0.002137805,0.000673773,-0.001406337,-0.002206099,-0.000964921,0.00120175,0.002289621,0.001247516,-0.001021503,-0.002453032,-0.001711309,0.00055904,0.002295467,0.001904704,-0.000256664,-0.002188699,-0.002082743,-6.51E-07,0.002161508,0.002410488,0.00049982,-0.001829008,-0.00244442,-0.000793702,0.00158054,0.002463023,0.001017596,-0.001432543,-0.002624233,-0.001449253,0.00101729,0.00251037,0.001671432,-0.000695871,-0.002376125,-0.001800717,0.00049709,0.002381001,0.002098398,-9.34E-05,-0.00217054,-0.002225575,-0.000234749,0.001930493,0.002252368,0.000442099,-0.0018014,-0.002383093,-0.000763182,0.001548446,0.002407648,0.001032901,-0.001277527,-0.002367712,-0.001235729,0.00104403,0.002338329,0.001450847,-0.000771005,-0.00224256,-0.001595889,0.000550068,0.002181669,0.001778869,-0.000272384,-0.002056648,-0.001927602,-3.86E-05,0.001820637,0.001912897,0.000176123,-0.001734981,-0.002012822,-0.000390146,0.00162126,0.002156214,0.000738595,-0.001290432,-0.00204479,-0.000859751,0.001104518,0.001973827,0.000926665,-0.001044094,-0.002078068,-0.001199151,0.000776325,0.002017151,0.001395925,-0.000469383
-0.014149183,-0.008353543,-0.006578598,-0.005103369,-0.003312296,-0.001136883,0.001239008,0.003419915,0.004865852,0.005034943,0.003603833,0.000714015,-0.002873116,-0.005861481,-0.006835718,-0.004928373,-0.000448178,0.004935566,0.008734689,0.00881627,0.004662723,-0.002051658,-0.008087805,-0.010312439,-0.007520447,-0.001259085,0.00499259,0.007895901,0.00628365,0.001785413,-0.002409517,-0.003796485,-0.002197064,0.000388894,0.001559246,0.000487154,-0.001492256,-0.002158208,-0.000469732,0.002357367,0.003763432,0.002069601,-0.001858955,-0.005035294,-0.004683773,-0.000636046,0.00426077,0.006232209,0.003588451,-0.001789769,-0.00580168,-0.005329329,-0.000738995,0.004372603,0.006025661,0.003012427,-0.00219057,-0.005470854,-0.004388041,-4.17E-05,0.003965307,0.004523336,0.001462516,-0.002504574,-0.004158782,-0.00239421,0.001068457,0.003318351,0.002716098,9.06E-05,-0.00220067,-0.0023669,-0.000579458,0.001419813,0.001967859,0.000849506,-0.000738922,-0.001417718,-0.000824481,0.000253975,0.000779593,0.000434596,-0.000229735,-0.000483329,-0.000167441,0.000239613,0.000228417,-0.000158515,-0.00039135,-7.83E-05,0.00054004,0.000788122,0.000275574,-0.000610887,-0.001005848,-0.000420832,0.00068726,0.001260729,0.000642447,-0.000716739,-0.001584797,-0.001079961,0.000439314,0.001616786,0.001323939,-0.000246199,-0.001677103,-0.00159915,1.15E-05,0.001737847,0.0019826,0.00045707,-0.001493839,-0.002084635,-0.000738553,0.001335996,0.002216929,0.001038113,-0.001175148,-0.002409315,-0.001507413,0.000740108,0.002289643,0.001714905,-0.000463048,-0.002230668,-0.001928365,0.000205569,0.002230829,0.00228119,0.000292082,-0.001923709,-0.002337924,-0.000580745,0.001709349,0.002394521,0.000817444,-0.001581784,-0.002590274,-0.00126921,0.001173622,0.002497683,0.00150166,-0.000866093,-0.002390072,-0.001644616,0.000683128,0.002432334,0.001975436,-0.000272148,-0.002240364,-0.0021272,-6.68E-05,0.002005321,0.002158418,0.000260243,-0.001908972,-0.002321495,-0.000589723,0.001679666,0.002388047,0.000896542,-0.001390143,-0.00234317,-0.001093618,0.001170101,0.002325295,0.001299986,-0.000935552,-0.002287365,-0.001497754,0.000688139,0.002230163,0.001702487,-0.000384939,-0.002079502,-0.00181846,0.000119307,0.001893665,0.001838106,1.69E-05,-0.001848834,-0.00200291,-0.000295738,0.001687711,0.002119804,0.000634038,-0.001352191,-0.00198285,-0.000702365,0.001241582,0.001989037,0.00082037,-0.001175542,-0.002133435,-0.001162312,0.000830257,0.002002116,0.00130351,-0.000557437
-0.012746072,-0.007644486,-0.005855405,-0.004219273,-0.00228036,-9.38E-05,0.002056265,0.003730406,0.00444136,0.003817851,0.001802495,-0.001182426,-0.00420542,-0.006033887,-0.005599409,-0.002583156,0.002172556,0.006752791,0.00889978,0.007157188,0.001847374,-0.004773784,-0.009479133,-0.009776817,-0.005412748,0.00131966,0.006808038,0.008240582,0.00529141,0.000230954,-0.003658805,-0.00429263,-0.002059695,0.000731884,0.00178434,0.000600506,-0.00127276,-0.00171965,-7.41E-06,0.002457132,0.003277174,0.001214455,-0.002499841,-0.004929592,-0.003794759,0.000478807,0.004818001,0.005802415,0.002441842,-0.002857605,-0.006049769,-0.004620105,0.000365924,0.005043502,0.005788871,0.002088776,-0.00308203,-0.005674664,-0.003796666,0.000860857,0.004507171,0.004359042,0.000800178,-0.003112246,-0.004262643,-0.001973609,0.001637927,0.00359178,0.002520065,-0.00038154,-0.002580109,-0.002405231,-0.000312552,0.001742897,0.002101208,0.000727913,-0.000984794,-0.001589626,-0.000808087,0.000426411,0.000979159,0.000538203,-0.000264102,-0.000608006,-0.000289892,0.000197038,0.000286364,-4.51E-05,-0.000306363,-9.24E-05,0.000419941,0.000632963,0.000191374,-0.000560998,-0.000857339,-0.000289456,0.000694217,0.001136309,0.000494449,-0.00075055,-0.001455615,-0.000878223,0.000553094,0.001548004,0.001129833,-0.000400509,-0.001660199,-0.001430513,0.000174717,0.001737812,0.001802759,0.000241843,-0.001563189,-0.001950194,-0.000518954,0.001449338,0.002129912,0.000838362,-0.001296673,-0.002330555,-0.001286743,0.000914317,0.002267129,0.001518203,-0.000659047,-0.002256162,-0.001770908,0.000391586,0.002265747,0.002123987,7.79E-05,-0.002006144,-0.002217034,-0.000366009,0.001827738,0.002318035,0.000626582,-0.00170363,-0.002525604,-0.001073257,0.001324688,0.002468382,0.001320195,-0.001035194,-0.002397023,-0.001489987,0.000851685,0.002457289,0.001833404,-0.000451205,-0.002294469,-0.002011129,0.000108348,0.002076184,0.002060133,8.45E-05,-0.001999722,-0.002243596,-0.000413045,0.001798447,0.002350159,0.000749653,-0.001499803,-0.002308547,-0.000946096,0.001290852,0.002301173,0.001143101,-0.001094914,-0.002320383,-0.001392571,0.000820738,0.002263585,0.001612599,-0.000499664,-0.002092845,-0.001696546,0.000284414,0.00196696,0.001763323,-0.000135377,-0.001949037,-0.001981267,-0.000201526,0.001739317,0.002061003,0.000510703,-0.00142259,-0.001921411,-0.000543895,0.001377777,0.002004694,0.000722393,-0.001288378,-0.002165731,-0.001108779,0.00088665,0.00197614,0.001194858,-0.000658599
-0.009595639,-0.005880896,-0.00434831,-0.002807456,-0.001008418,0.000891141,0.002552325,0.003549388,0.003499639,0.002226498,-8.63E-05,-0.002818064,-0.004991945,-0.005564861,-0.003886218,-0.000154911,0.004393923,0.007804094,0.008226908,0.004943063,-0.00098767,-0.006957421,-0.010000622,-0.008411348,-0.002851718,0.003831629,0.008138097,0.007950823,0.003799235,-0.001529319,-0.004831414,-0.004558435,-0.001682071,0.001243157,0.002095608,0.000737828,-0.001083907,-0.00137375,0.000311021,0.002418542,0.002744168,0.000460155,-0.002922908,-0.00460691,-0.002825791,0.00147693,0.005128829,0.005152359,0.001241095,-0.003786949,-0.006072397,-0.003760775,0.001441966,0.005532844,0.00535052,0.001083961,-0.003885725,-0.005693736,-0.003056839,0.001779951,0.004940064,0.004054928,7.39E-05,-0.003666961,-0.00424463,-0.001455846,0.002212495,0.003782838,0.00221978,-0.000906835,-0.002934098,-0.002371622,1.14E-05,0.002065459,0.002181035,0.00054319,-0.001256692,-0.001734265,-0.000733776,0.0006461,0.001186511,0.000612762,-0.000335646,-0.000746611,-0.000392109,0.000192822,0.00037131,6.34E-05,-0.000255052,-0.00014564,0.00028088,0.000487848,0.000132696,-0.000494519,-0.000716915,-0.000185521,0.00067636,0.0010107,0.000372049,-0.000749207,-0.001305541,-0.000681261,0.000646114,0.001464508,0.00094256,-0.000530698,-0.001622373,-0.001263538,0.000311905,0.001704812,0.001605199,3.27E-05,-0.001614171,-0.001805893,-0.000309503,0.001540475,0.00202908,0.000648171,-0.001388939,-0.002222203,-0.001054774,0.00107905,0.002229082,0.00131789,-0.000841864,-0.00226422,-0.001610331,0.000558595,0.00226974,0.001943613,-0.000139222,-0.002075834,-0.002084108,-0.000152692,0.00193367,0.002233056,0.00044471,-0.001799734,-0.002433426,-0.000864655,0.001469095,0.002423648,0.001129701,-0.001200938,-0.002396286,-0.001337162,0.001002867,0.002457372,0.001674746,-0.000628642,-0.002332662,-0.001878635,0.00028919,0.002142849,0.001958465,-8.40E-05,-0.00207402,-0.002151387,-0.000235819,0.00190275,0.002293136,0.000592026,-0.001607003,-0.002264909,-0.000793974,0.00140697,0.002268736,0.000984387,-0.001244957,-0.002338787,-0.001279125,0.000947965,0.002281396,0.001507869,-0.000619313,-0.002101123,-0.001567251,0.00045196,0.002038044,0.001688951,-0.000277946,-0.002031545,-0.001943466,-0.000103099,0.001780223,0.001983047,0.000369841,-0.001503281,-0.001865002,-0.000390508,0.001507227,0.002016897,0.000631566,-0.001381196,-0.002171565,-0.00103377,0.000951032,0.001944494,0.001073511,-0.000772554
-0.005270138,-0.003392469,-0.00232547,-0.001094334,0.000328912,0.001714219,0.002713411,0.002961119,0.002211205,0.000480836,-0.001851446,-0.00405581,-0.005219675,-0.004577551,-0.00191767,0.002116572,0.006052225,0.00807125,0.006854847,0.00241411,-0.003601619,-0.008462902,-0.009670044,-0.006377468,-6.80E-05,0.006074212,0.008882627,0.007050718,0.0019238,-0.003346893,-0.00580437,-0.004528111,-0.001057782,0.001886344,0.002435658,0.000839896,-0.000971085,-0.001139626,0.000498628,0.002280477,0.002208789,-0.000170012,-0.003143692,-0.004117503,-0.00183543,0.00232546,0.005206258,0.004333563,4.55E-05,-0.00454486,-0.005878518,-0.002789681,0.002452007,0.00583171,0.004735078,3.71E-05,-0.004576153,-0.005533712,-0.00220089,0.00267828,0.005244519,0.00361755,-0.000693957,-0.004150186,-0.004103925,-0.000856882,0.002773026,0.003884446,0.001825979,-0.001463752,-0.003244,-0.002260474,0.000385105,0.002375854,0.002201674,0.000299607,-0.001544941,-0.001845374,-0.000604837,0.000901176,0.001388139,0.00065063,-0.0004434,-0.000892986,-0.000469088,0.000226656,0.000478658,0.000163184,-0.000235809,-0.000230173,0.000133024,0.00035987,0.000100608,-0.000414965,-0.000588402,-0.000109718,0.000636026,0.00088593,0.000273361,-0.000719265,-0.001142972,-0.00049508,0.000717169,0.001368834,0.000765084,-0.000635992,-0.001564818,-0.001098697,0.000425944,0.00164525,0.001397165,-0.000165709,-0.001646285,-0.001654082,-0.000112634,0.001608654,0.00191467,0.00046646,-0.001456005,-0.002090607,-0.000817476,0.001231337,0.00217612,0.001116509,-0.001009297,-0.002253879,-0.001445827,0.000709067,0.00224758,0.001745742,-0.000355136,-0.002131855,-0.001941029,5.64E-05,0.002025056,0.002138354,0.000270216,-0.001873257,-0.002318186,-0.000647424,0.001605106,0.002364551,0.000932904,-0.00136072,-0.002386307,-0.001185151,0.001138286,0.002435346,0.001502566,-0.000802539,-0.002355162,-0.001731646,0.000473577,0.002204097,0.001853216,-0.000245687,-0.002132999,-0.002046979,-6.01E-05,0.001991563,0.002217265,0.000424441,-0.001711515,-0.002212851,-0.000637903,0.001518895,0.002230021,0.000826897,-0.001382794,-0.002340715,-0.001156557,0.001070245,0.002283918,0.001388108,-0.000745424,-0.002107658,-0.001435122,0.000617553,0.002104033,0.001614193,-0.000409844,-0.002094303,-0.001886728,3.06E-06,0.001814615,0.001890136,0.000214426,-0.001593686,-0.001815772,-0.000246306,0.001625294,0.002021756,0.000545379,-0.001455032,-0.002150533,-0.000935368,0.001026803,0.001911479,0.00094339,-0.000897276
-0.000345002,-0.000511296,-5.47E-05,0.000697375,0.001563079,0.002277965,0.00252876,0.002047358,0.000738052,-0.001211406,-0.003292819,-0.004763067,-0.004870003,-0.003180373,0.000102686,0.004004192,0.006984294,0.007523409,0.004902862,-0.000205206,-0.00575667,-0.009138997,-0.008486025,-0.003821745,0.002708941,0.007831573,0.008922079,0.005550786,-0.000218069,-0.005060575,-0.006438412,-0.00412607,-0.000181478,0.002616777,0.002739406,0.000845939,-0.000975938,-0.001033086,0.00056632,0.002074746,0.001709412,-0.00065138,-0.003168179,-0.003500181,-0.000877781,0.002984604,0.005049116,0.003386247,-0.001085312,-0.005086386,-0.005461637,-0.001737379,0.003353568,0.005916857,0.00395433,-0.00101478,-0.005118231,-0.005186683,-0.001253697,0.003514908,0.005389695,0.003043168,-0.001483099,-0.004536365,-0.003829659,-0.000187173,0.003297827,0.00388163,0.001342475,-0.002031757,-0.003486136,-0.002059363,0.000804509,0.002660553,0.002152189,-3.03E-06,-0.001840422,-0.001913411,-0.000420242,0.001181892,0.001569135,0.000640554,-0.000589488,-0.001041446,-0.000513609,0.000301307,0.000605457,0.000249429,-0.00024962,-0.00034046,-1.37E-05,0.000258097,9.89E-05,-0.000324444,-0.000476523,-6.52E-05,0.000573531,0.00076401,0.000198456,-0.00066499,-0.000975609,-0.000327227,0.00076246,0.00126194,0.000601057,-0.000713295,-0.001486733,-0.000936457,0.000517794,0.001563384,0.001185469,-0.000346981,-0.001656523,-0.001495916,6.82E-05,0.001650767,0.001785321,0.000292643,-0.001499877,-0.001940427,-0.000581068,0.001366144,0.00210671,0.00091618,-0.001157547,-0.002221992,-0.001275703,0.00084439,0.0022021,0.001535124,-0.000564718,-0.00217114,-0.001788255,0.000257913,0.002097853,0.002030999,0.000101443,-0.001925879,-0.002182826,-0.000425532,0.001729459,0.002290392,0.000732091,-0.001510641,-0.002363627,-0.001032038,0.001258824,0.002392412,0.001319119,-0.000970302,-0.002360619,-0.001571086,0.000658794,0.002257056,0.001742814,-0.00040053,-0.002176503,-0.001931182,0.000111999,0.00206279,0.00212161,0.000247505,-0.001812025,-0.002151579,-0.000478081,0.001626193,0.002185658,0.000672985,-0.001504974,-0.002323065,-0.001023263,0.001187599,0.002270362,0.00125241,-0.000879137,-0.002114587,-0.001303793,0.000776606,0.002160905,0.001537124,-0.000530311,-0.002134495,-0.001807384,0.000120605,0.001845976,0.00178565,4.74E-05,-0.001692313,-0.001774683,-0.000114886,0.001726806,0.002014319,0.000460647,-0.001510752,-0.002101581,-0.000811324,0.00111692,0.001880513,0.000807915,-0.001030339
0.004427949,0.002322264,0.002119729,0.002300325,0.002515033,0.002506003,0.002031705,0.000942573,-0.000713877,-0.002623262,-0.004225059,-0.004853944,-0.003988857,-0.001540994,0.001941704,0.005296714,0.007087736,0.006216509,0.002571635,-0.002646183,-0.007226699,-0.008899074,-0.006540548,-0.000977441,0.00520125,0.008892253,0.008186903,0.003533026,-0.002445674,-0.006474295,-0.006594661,-0.003303979,0.000914453,0.003357561,0.002924718,0.000695057,-0.001127587,-0.001051879,0.000541293,0.001841867,0.001282511,-0.000970965,-0.003018885,-0.002807554,-1.12E-05,0.003422237,0.004671861,0.002365757,-0.002085558,-0.005371849,-0.0048281,-0.000646189,0.004101046,0.005772192,0.003032329,-0.002025436,-0.005476822,-0.004653253,-0.000251222,0.004242459,0.005346438,0.002335527,-0.002265848,-0.004798071,-0.00341542,0.000535729,0.003760747,0.003760591,0.000778724,-0.002584348,-0.003634415,-0.001757974,0.001261504,0.002903226,0.00202236,-0.000361472,-0.002130623,-0.001928048,-0.000181277,0.001474828,0.001712047,0.000571224,-0.000774216,-0.001184506,-0.000518277,0.000417951,0.000746707,0.000316526,-0.000296446,-0.000468717,-0.000147307,0.000192328,0.000130686,-0.000225977,-0.000386195,-5.42E-05,0.000490423,0.000647539,0.000146746,-0.000592271,-0.00081285,-0.000186195,0.000778165,0.001145162,0.00045419,-0.00076004,-0.001388062,-0.000777532,0.000589121,0.001464958,0.000978513,-0.00050369,-0.001641586,-0.001332652,0.000229386,0.001664024,0.001640003,0.000125938,-0.001523571,-0.001777909,-0.000353342,0.001477425,0.002019003,0.000719101,-0.00128271,-0.002165386,-0.001098059,0.000966703,0.002137521,0.001318204,-0.000761398,-0.002189878,-0.001626217,0.000448167,0.002147516,0.001907504,-6.41E-05,-0.00196052,-0.002031858,-0.000204423,0.001838016,0.002200439,0.000530217,-0.001645814,-0.002323762,-0.000874908,0.001366448,0.002330974,0.001127737,-0.001128771,-0.002347907,-0.001398854,0.000840755,0.002297535,0.001624681,-0.000549396,-0.002204841,-0.001805046,0.000278786,0.002114991,0.002006385,6.31E-05,-0.001906167,-0.002079863,-0.000314906,0.00172781,0.002135509,0.000524237,-0.00160878,-0.002283388,-0.000878052,0.00130014,0.002240681,0.001101152,-0.001020161,-0.002122937,-0.001176439,0.000924267,0.00220377,0.001454548,-0.000640114,-0.002150924,-0.001703176,0.000252394,0.001877934,0.001674212,-0.000126239,-0.001795182,-0.001740441,1.71E-06,0.001807167,0.001989163,0.000372715,-0.001551523,-0.002026434,-0.000662082,0.001222406,0.001854375,0.000671363,-0.001167191
0.008420335,0.004728811,0.003918015,0.003529432,0.003103984,0.002422661,0.001336061,-0.000184502,-0.001971154,-0.003632338,-0.004622099,-0.00441604,-0.002754955,0.000132168,0.003443732,0.005963643,0.006486403,0.004395329,0.000137388,-0.004712739,-0.007981012,-0.007896316,-0.004111158,0.001865467,0.007219938,0.009232316,0.00680777,0.001210091,-0.004558729,-0.007471013,-0.006260633,-0.002128541,0.00213195,0.004022211,0.00293963,0.000373612,-0.001407697,-0.001155531,0.000473065,0.001622261,0.000939689,-0.001156845,-0.002754986,-0.002101408,0.000734377,0.003659165,0.004135397,0.001337387,-0.002924141,-0.005420737,-0.004031123,0.000435175,0.004683569,0.005430683,0.002021578,-0.002959377,-0.005656436,-0.003972561,0.000760974,0.00483881,0.005126942,0.001527307,-0.003015498,-0.004933784,-0.002884005,0.001283106,0.004148273,0.003531629,0.000160083,-0.003099263,-0.003683423,-0.001367933,0.00173926,0.003095801,0.001818603,-0.000760595,-0.002403655,-0.001889457,0.000100206,0.001764915,0.001808316,0.000444541,-0.00098923,-0.001315513,-0.000483964,0.000568891,0.000894131,0.000362341,-0.000370185,-0.000604473,-0.000259629,0.000164114,0.000191938,-0.000124243,-0.00031778,-7.20E-05,0.000392636,0.00053844,0.000113763,-0.000509613,-0.000662069,-7.43E-05,0.000766642,0.001021691,0.000324543,-0.000779945,-0.001273109,-0.000622525,0.000644743,0.001357876,0.000782803,-0.000633766,-0.001603176,-0.001166319,0.000371681,0.001651562,0.001481212,-3.51E-05,-0.001533074,-0.001610729,-0.000139728,0.001563916,0.001914524,0.000526512,-0.001385685,-0.002086028,-0.000912971,0.001079914,0.002060916,0.001101976,-0.000941372,-0.002188101,-0.001456794,0.000625952,0.002174242,0.001767803,-0.000228956,-0.001982974,-0.001872262,1.09E-05,0.001929611,0.002096725,0.000330177,-0.001764297,-0.002265558,-0.000711711,0.001465357,0.002256636,0.000932999,-0.001276668,-0.002319365,-0.00121911,0.001015808,0.002323414,0.001497458,-0.000694268,-0.002220938,-0.001671125,0.00043991,0.002150848,0.001876034,-0.000124739,-0.00199226,-0.001998131,-0.000149505,0.001823177,0.002079542,0.000380108,-0.001696054,-0.00222427,-0.000722556,0.001408675,0.002198128,0.000938441,-0.001165515,-0.002131874,-0.00105398,0.001058902,0.002230784,0.001364014,-0.00074292,-0.002148182,-0.001578098,0.000397012,0.00191273,0.001561117,-0.000299936,-0.001896433,-0.001708782,0.000106061,0.001867321,0.001945138,0.000277666,-0.001584014,-0.001933162,-0.000494723,0.00133941,0.001833393,0.000537572,-0.001302038
0.01117045,0.006428962,0.005135439,0.004251433,0.003274885,0.002050632,0.000529344,-0.001208182,-0.002907398,-0.004152202,-0.004469678,-0.003518719,-0.001303731,0.001683116,0.004492792,0.005982324,0.005273129,0.002244709,-0.002188327,-0.006250036,-0.007987921,-0.00624078,-0.001409444,0.004476921,0.008605882,0.008819792,0.004879844,-0.001247628,-0.006387147,-0.007944043,-0.005418485,-0.000655227,0.003382442,0.004530339,0.00273711,-0.000127064,-0.001795354,-0.001307269,0.000400688,0.001444717,0.000688648,-0.001227804,-0.002416547,-0.0014259,0.001333243,0.003703523,0.003478938,0.000350096,-0.003570343,-0.005237638,-0.003105386,0.001466232,0.005082121,0.004906802,0.000959105,-0.003782813,-0.005649114,-0.003166636,0.001746971,0.005278334,0.004731069,0.000640348,-0.003706428,-0.004933044,-0.002246415,0.002032147,0.004443164,0.003195158,-0.000496709,-0.003555985,-0.00362269,-0.000894017,0.002223927,0.003227199,0.001540937,-0.001190175,-0.002647624,-0.001793264,0.000418,0.002040091,0.001848377,0.000259033,-0.001228787,-0.001427468,-0.000408483,0.000749909,0.001040772,0.000382912,-0.000468482,-0.00074048,-0.000343289,0.000176592,0.000280732,-2.32E-05,-0.000273252,-0.000116727,0.000284372,0.000439481,9.81E-05,-0.000422245,-0.000529255,4.93E-06,0.000728199,0.000893823,0.000213477,-0.000774184,-0.001144582,-0.000472982,0.000686378,0.001246875,0.000603663,-0.000733991,-0.001541095,-0.000998389,0.000494153,0.001614196,0.001310512,-0.000190396,-0.001531067,-0.001443798,5.49E-05,0.001622908,0.001793233,0.0003397,-0.001465638,-0.001984135,-0.000720638,0.001185501,0.001976102,0.000891479,-0.00110053,-0.002164189,-0.001280776,0.000789489,0.002176639,0.001611049,-0.000394558,-0.001996135,-0.001708351,0.00021615,0.002001907,0.001979605,0.000134294,-0.001863318,-0.002186817,-0.000540688,0.001557704,0.002172386,0.000738042,-0.001412147,-0.002275521,-0.001034589,0.00118033,0.002331659,0.001359309,-0.000836194,-0.002225769,-0.001530443,0.000594989,0.002171463,0.001733236,-0.000312865,-0.002067856,-0.001905693,1.72E-05,0.00191076,0.002016451,0.00023969,-0.00176769,-0.002146854,-0.000557777,0.001513216,0.002144341,0.00076725,-0.001312073,-0.002139444,-0.0009363,0.001179018,0.002239575,0.001262829,-0.000841599,-0.002129284,-0.001434865,0.000552999,0.001951166,0.00144974,-0.000468496,-0.001990515,-0.00167529,0.000200612,0.001907582,0.001880628,0.000172131,-0.001613138,-0.001827613,-0.000314807,0.001464228,0.001816934,0.00040922,-0.001429773
0.012070763,0.007056104,0.005501919,0.004287441,0.002948627,0.001410827,-0.000282252,-0.001968691,-0.003355095,-0.004059058,-0.003731212,-0.002232675,0.000201876,0.002908309,0.004920184,0.005292242,0.003535963,-1.41E-05,-0.004124396,-0.007024477,-0.007159902,-0.004036311,0.001301707,0.006535189,0.009104545,0.007563643,0.00249997,-0.003610607,-0.00767348,-0.007710985,-0.004016616,0.001045563,0.004530762,0.004751507,0.002239322,-0.000820471,-0.002256707,-0.001453116,0.000375886,0.001345415,0.00054234,-0.001198915,-0.002045434,-0.000836762,0.00174035,0.003546344,0.002739315,-0.000529798,-0.003964615,-0.004804577,-0.002084575,0.002384592,0.005247523,0.00419748,-0.000110743,-0.004435128,-0.005419782,-0.002249324,0.002654794,0.005507156,0.004138391,-0.000302368,-0.004293055,-0.00476246,-0.001504545,0.00274987,0.004607735,0.002736662,-0.001173791,-0.003918842,-0.003424533,-0.000334029,0.002694744,0.003272334,0.00117944,-0.001638962,-0.002840606,-0.001624476,0.000769108,0.002282322,0.00181256,6.43E-06,-0.001486444,-0.001506868,-0.000282935,0.000958671,0.001175862,0.000368206,-0.000592518,-0.000867909,-0.0003855,0.000238272,0.000396985,7.07E-05,-0.000258903,-0.000189146,0.000170698,0.000356999,0.000101633,-0.000335206,-0.000423734,4.36E-05,0.000660358,0.000764646,0.000125708,-0.000740941,-0.001005018,-0.000333098,0.000712738,0.001136211,0.000449374,-0.000796639,-0.001452285,-0.000831008,0.000592645,0.001549821,0.001129322,-0.000337242,-0.001517727,-0.001282235,0.000222192,0.001647346,0.001652933,0.000161367,-0.00151826,-0.001857416,-0.000521622,0.00128259,0.001885322,0.000693115,-0.0012309,-0.002112902,-0.001098243,0.00093446,0.002149753,0.001434605,-0.000561299,-0.002000934,-0.001544049,0.000404825,0.002048984,0.001847382,-5.39E-05,-0.00193659,-0.002082147,-0.000359319,0.001644196,0.002079716,0.000546486,-0.001530927,-0.00221459,-0.000848063,0.001327954,0.002315657,0.001206501,-0.00097547,-0.002218185,-0.001382773,0.00074288,0.002176133,0.001579907,-0.000496471,-0.002127652,-0.001799833,0.000183986,0.001986579,0.001942459,0.000101423,-0.001823313,-0.002050651,-0.0003844,0.00161258,0.002079678,0.00059085,-0.001454547,-0.002141137,-0.000822334,0.001281688,0.002224984,0.001146076,-0.000939556,-0.002096577,-0.001275758,0.000718259,0.001992952,0.00134344,-0.000624712,-0.002068502,-0.001632656,0.00028861,0.001926875,0.001791718,5.10E-05,-0.001644554,-0.001716164,-0.000129129,0.001591296,0.001803094,0.000289608,-0.001542591
0.01132114,0.006712875,0.005117885,0.003754287,0.002256589,0.00063293,-0.000997694,-0.002424479,-0.003356632,-0.003485651,-0.002609222,-0.000781198,0.001585413,0.003743464,0.004810528,0.004113889,0.001563866,-0.00212683,-0.005551397,-0.00710547,-0.005734228,-0.00159538,0.0037619,0.007937904,0.008808182,0.005702327,-5.54E-05,-0.005679589,-0.008364938,-0.006863251,-0.00222871,0.002800747,0.005466971,0.00465925,0.001485893,-0.001634958,-0.002718372,-0.00153614,0.000430041,0.001325083,0.000470533,-0.001121072,-0.00168996,-0.000351936,0.001983508,0.003250464,0.001979506,-0.001278381,-0.004139743,-0.004193519,-0.001036932,0.003166187,0.005210895,0.003363664,-0.001140726,-0.004914118,-0.005009395,-0.001272667,0.003459527,0.005544732,0.003398243,-0.001255681,-0.00476284,-0.00444568,-0.000696804,0.003412002,0.004647033,0.002182631,-0.0018461,-0.00418401,-0.003109091,0.000282653,0.003133066,0.003233823,0.000752711,-0.002087847,-0.002976363,-0.001391698,0.001139568,0.002484967,0.001707711,-0.000297244,-0.001747816,-0.00154992,-0.000115064,0.001182837,0.001291475,0.00031909,-0.000735601,-0.000981616,-0.000388445,0.000339855,0.000530142,0.000152585,-0.000271222,-0.000280502,5.92E-05,0.000292793,0.000120936,-0.000252215,-0.000344516,4.82E-05,0.000571358,0.000638337,5.85E-05,-0.000687704,-0.000861302,-0.000205003,0.000726182,0.001028588,0.000318739,-0.000827395,-0.001343245,-0.00066662,0.00067076,0.001465579,0.000943444,-0.000474385,-0.001495325,-0.001127895,0.000364024,0.001642314,0.001498174,-8.33E-06,-0.001548363,-0.001712438,-0.000319974,0.001371414,0.001791105,0.000507992,-0.001334769,-0.002038381,-0.000911538,0.001062772,0.002098784,0.001243381,-0.000727689,-0.00199938,-0.001382052,0.000576582,0.002073439,0.001703225,-0.000233808,-0.001986745,-0.001955483,-0.000169672,0.001726085,0.001981706,0.00036018,-0.001634292,-0.002140122,-0.000662608,0.00145819,0.002277171,0.001040737,-0.001112434,-0.002200315,-0.001229699,0.000884862,0.002169189,0.001421239,-0.00067226,-0.002171389,-0.001682203,0.000349217,0.002050022,0.001856828,-3.74E-05,-0.00186811,-0.001941697,-0.000206455,0.001706679,0.002007676,0.000414323,-0.001588311,-0.002133312,-0.00070865,0.001370711,0.002190328,0.001014568,-0.001040054,-0.002057,-0.001108949,0.00088635,0.002035064,0.001242395,-0.000766421,-0.002127077,-0.001576306,0.000376132,0.001931979,0.00168369,-8.44E-05,-0.001682109,-0.001606618,5.34E-05,0.001713367,0.001787837,0.000178038,-0.001638232
0.009079556,0.005481653,0.004061415,0.002739159,0.001293751,-0.000191362,-0.00154668,-0.002547154,-0.002941651,-0.002523808,-0.001243998,0.000679592,0.002720338,0.004136369,0.004212844,0.002592012,-0.000444873,-0.003909815,-0.006370561,-0.00652177,-0.003861275,0.000866368,0.005775885,0.008588994,0.007756872,0.003390782,-0.002585434,-0.007291486,-0.00839676,-0.005447094,-0.000177158,0.004471769,0.006090801,0.004218353,0.000501352,-0.002512082,-0.003117195,-0.001508847,0.000586343,0.001382356,0.000451841,-0.001027038,-0.001381118,1.43E-05,0.002074972,0.002851465,0.001240836,-0.001872408,-0.004106285,-0.00344524,-1.11E-05,0.003782202,0.004978692,0.002439998,-0.002092713,-0.005203656,-0.004432974,-0.00027004,0.004134435,0.005390349,0.002536522,-0.002184729,-0.005094649,-0.003987118,0.000153189,0.003994253,0.004552802,0.001544172,-0.00249427,-0.004340068,-0.002682006,0.000937289,0.003520179,0.003105109,0.000268982,-0.002521541,-0.003044018,-0.001095014,0.001520836,0.002639695,0.001533455,-0.000643344,-0.002001069,-0.001549551,9.34E-05,0.001414111,0.0013792,0.000232426,-0.000895015,-0.001077116,-0.000350993,0.000477043,0.000672884,0.000216957,-0.000310343,-0.000385893,-4.38E-05,0.000250596,0.000155794,-0.000175469,-0.000292363,2.14E-05,0.000466106,0.000518855,1.21E-05,-0.000618167,-0.00071861,-9.23E-05,0.000726092,0.000925137,0.000212118,-0.000828224,-0.001217497,-0.000507831,0.000728942,0.001364998,0.000757423,-0.000598771,-0.001463295,-0.000981591,0.00048022,0.001609386,0.001331414,-0.000168103,-0.001557289,-0.001552769,-0.000119508,0.00144988,0.001693514,0.000337074,-0.001411966,-0.001941822,-0.000722199,0.001174214,0.00202562,0.001040502,-0.000891187,-0.001990811,-0.00122333,0.000730254,0.002075222,0.001548258,-0.000404167,-0.002013888,-0.001808353,2.64E-05,0.001802509,0.001878987,0.000180406,-0.001721713,-0.002053087,-0.000480173,0.001569403,0.002215812,0.000862725,-0.001246261,-0.002171988,-0.001071521,0.001021166,0.002152262,0.001260132,-0.000837235,-0.002197331,-0.001552908,0.000511431,0.002099149,0.001757677,-0.000178749,-0.001904746,-0.001823222,-2.68E-05,0.001794362,0.001929678,0.000241187,-0.001708894,-0.002111825,-0.000592101,0.001448209,0.002136778,0.000868222,-0.001145016,-0.002014547,-0.000939828,0.001052013,0.002074035,0.001145879,-0.000891745,-0.00216263,-0.001501857,0.000467665,0.001926961,0.001559475,-0.000233348,-0.001727861,-0.001503845,0.000226231,0.001824315,0.001767233,7.38E-05,-0.001714245
0.005581191,0.003488618,0.002445807,0.001358961,0.000178824,-0.000954023,-0.001851488,-0.002310795,-0.002152074,-0.001285848,0.000198733,0.001967978,0.003459996,0.004025593,0.003181387,0.000891227,-0.002261801,-0.005147669,-0.006460505,-0.005298247,-0.001710057,0.003096903,0.007107397,0.008363766,0.005988182,0.000810979,-0.004842326,-0.00823612,-0.007677327,-0.003513627,0.001982364,0.005874629,0.006265002,0.003379387,-0.000679659,-0.003369139,-0.003366132,-0.001310453,0.000869175,0.001510381,0.000459297,-0.000952372,-0.001151339,0.000245358,0.002023785,0.002384364,0.000569834,-0.002278826,-0.003866525,-0.002600963,0.000932689,0.00418687,0.004545374,0.001462187,-0.00291493,-0.005270686,-0.00369702,0.000719596,0.004637656,0.005030142,0.001577936,-0.003042754,-0.005250769,-0.003381483,0.001018406,0.0044592,0.004303946,0.000828797,-0.003091848,-0.004364384,-0.002142705,0.001607655,0.003827063,0.002870226,-0.000265517,-0.002918735,-0.003023782,-0.000729283,0.001902883,0.002732309,0.001284506,-0.001023122,-0.002229423,-0.001492663,0.000343374,0.001642223,0.001425741,0.000100911,-0.00106894,-0.001147743,-0.000269188,0.000646384,0.000815914,0.000254879,-0.000378904,-0.000500304,-0.000129506,0.00023735,0.000207872,-0.000107432,-0.000269629,-3.53E-05,0.000350063,0.0004123,-1.11E-05,-0.000535411,-0.000583741,-1.37E-06,0.000709546,0.000826556,0.00013109,-0.000799742,-0.00107862,-0.000358954,0.000765572,0.001250991,0.00057742,-0.000704421,-0.001418767,-0.00084382,0.000569259,0.001548747,0.001155223,-0.000314982,-0.001544626,-0.001381891,7.39E-05,0.001512992,0.00159081,0.000181625,-0.001460672,-0.001823218,-0.00053222,0.001266891,0.001930924,0.000829741,-0.001046883,-0.001972092,-0.001067998,0.000863583,0.002052525,0.001382893,-0.000562934,-0.002016519,-0.001641707,0.000225665,0.001870336,0.001770614,8.68E-06,-0.001791078,-0.001953098,-0.000302849,0.001658471,0.002129772,0.000673175,-0.001374592,-0.00213123,-0.000907897,0.001151168,0.002125673,0.001099159,-0.000987226,-0.002201959,-0.001411169,0.000668366,0.002130181,0.001641633,-0.000324947,-0.001935169,-0.001697996,0.000151038,0.001872974,0.001845966,7.54E-05,-0.001809895,-0.002070324,-0.000468346,0.001516143,0.002064757,0.000706666,-0.001255901,-0.001972733,-0.000774307,0.001208209,0.002104222,0.001051903,-0.000998438,-0.002169998,-0.001403347,0.000568432,0.001915872,0.001421999,-0.000394367,-0.001783028,-0.001412506,0.000381882,0.001915962,0.001735481,-2.45E-05,-0.001767243
0.001437074,0.001086704,0.000551377,-0.000158654,-0.000920069,-0.001558959,-0.001898754,-0.001787279,-0.001133631,3.71E-05,0.00152637,0.002940931,0.003755097,0.003476495,0.001881464,-0.000775089,-0.003701212,-0.005755692,-0.005878047,-0.003619573,0.00047514,0.004890937,0.007678239,0.007348947,0.003722166,-0.001772404,-0.006623238,-0.008448939,-0.006294447,-0.001253035,0.004042835,0.006864502,0.005946194,0.002190808,-0.00195979,-0.004108926,-0.003400974,-0.000919063,0.001266159,0.001677134,0.000455618,-0.000926604,-0.001010508,0.000358469,0.001871568,0.001898121,-2.71E-06,-0.002505222,-0.00346718,-0.001724205,0.001747944,0.004374974,0.00394608,0.000479557,-0.003577847,-0.00512442,-0.002840904,0.001656232,0.004958016,0.004490787,0.000570082,-0.003791386,-0.005224133,-0.002652572,0.00186499,0.004787868,0.003907637,6.07E-05,-0.003618651,-0.004257634,-0.001513442,0.002264617,0.004036146,0.002532096,-0.000833213,-0.00326198,-0.00291047,-0.000302647,0.002273719,0.002758827,0.000969989,-0.001419296,-0.002418109,-0.001375288,0.000627862,0.001855908,0.001424057,-7.48E-05,-0.001252296,-0.001190887,-0.000147605,0.000837165,0.000948201,0.000261131,-0.000474287,-0.000616419,-0.000191317,0.000255266,0.000275881,-4.88E-05,-0.000272839,-0.000114199,0.000231818,0.000323393,-1.24E-05,-0.000445134,-0.000462744,6.44E-05,0.00067591,0.000732111,7.20E-05,-0.000748618,-0.000933509,-0.000223404,0.000782448,0.001129089,0.000409326,-0.000787623,-0.001360092,-0.000712766,0.000635125,0.001466252,0.000974694,-0.00044758,-0.001513594,-0.00120582,0.000254525,0.001557076,0.001480956,3.93E-05,-0.001484717,-0.001687045,-0.000344286,0.001341933,0.001819514,0.000617363,-0.00118967,-0.001940351,-0.000914493,0.000978457,0.002008102,0.001209529,-0.000710036,-0.001997816,-0.001460893,0.00042304,0.001926399,0.001655533,-0.000155315,-0.00184328,-0.001841645,-0.000131418,0.001726636,0.002022312,0.000475881,-0.001494919,-0.002077506,-0.000739386,0.001274768,0.002090603,0.000940188,-0.001121057,-0.002185679,-0.001258588,0.000818438,0.002142425,0.001508584,-0.000476708,-0.001961688,-0.001569627,0.000323576,0.001940717,0.001756992,-8.09E-05,-0.00188863,-0.002006051,-0.000334279,0.001578381,0.001978575,0.000533346,-0.001371705,-0.001933757,-0.000617153,0.001349197,0.00212046,0.000956643,-0.001088935,-0.002150267,-0.001280171,0.000681246,0.00190369,0.001277284,-0.000562341,-0.001845089,-0.001333347,0.000517013,0.00198384,0.001688275,-0.000120062,-0.001799211
-0.002747447,-0.001369184,-0.001347356,-0.001604625,-0.001866427,-0.001950129,-0.001714701,-0.001076205,-3.70E-05,0.001278426,0.002598907,0.003525377,0.0036245,0.002598187,0.000479423,-0.00224127,-0.004662819,-0.005745496,-0.004752967,-0.001691358,0.00249174,0.006133922,0.007516079,0.00571134,0.001202479,-0.004134777,-0.007810045,-0.007958563,-0.004400739,0.00112959,0.00583089,0.007358131,0.005152357,0.000739866,-0.003234006,-0.004652284,-0.003188038,-0.00034218,0.001745596,0.001844566,0.000409572,-0.000965131,-0.000952129,0.000382902,0.001661688,0.001431669,-0.000463524,-0.002575099,-0.002960026,-0.000868927,0.002407572,0.004359912,0.003223158,-0.000466195,-0.004068561,-0.004788452,-0.001906993,0.002509249,0.00509863,0.003807653,-0.000442513,-0.00440488,-0.005021214,-0.001829874,0.002664089,0.004972422,0.003380117,-0.000734615,-0.004060726,-0.004028408,-0.000819627,0.002883042,0.004137997,0.002100096,-0.001415945,-0.003538849,-0.002705445,0.000173238,0.002622606,0.002719269,0.00060196,-0.001815331,-0.002556314,-0.001197716,0.000938121,0.002045911,0.001371027,-0.000290827,-0.001439457,-0.001205531,7.41E-06,0.001038559,0.001060589,0.000233013,-0.000592584,-0.000727813,-0.000225205,0.000304096,0.00035747,6.16E-08,-0.000297473,-0.000207023,0.000119053,0.000255362,5.99E-06,-0.000352418,-0.000359806,0.000103784,0.000625635,0.000640903,3.06E-05,-0.000681949,-0.000788635,-0.000103706,0.00078181,0.001004153,0.000257429,-0.000846316,-0.001286415,-0.000586313,0.000682641,0.001368287,0.000794745,-0.000565038,-0.001467544,-0.001029835,0.000417859,0.001579588,0.001362149,-9.28E-05,-0.001488913,-0.001538315,-0.000160915,0.001400913,0.00169628,0.000409075,-0.001315268,-0.001893124,-0.000760848,0.001077733,0.001945552,0.0010307,-0.000845973,-0.001961703,-0.001271627,0.000613445,0.001967773,0.00153256,-0.000312455,-0.001879811,-0.001720217,3.42E-05,0.00177647,0.001897851,0.000275137,-0.001604855,-0.002010645,-0.000566836,0.001391589,0.002047601,0.000783854,-0.001239182,-0.002150282,-0.001097279,0.000960644,0.002136542,0.001359994,-0.00063334,-0.001985364,-0.001440544,0.000488364,0.001996253,0.001662637,-0.000227381,-0.001944916,-0.001918732,-0.000188553,0.001638075,0.001882765,0.000352636,-0.001489923,-0.001897762,-0.000470698,0.001471559,0.002119058,0.00085629,-0.001167238,-0.002107195,-0.001134685,0.000806408,0.001893759,0.001130769,-0.000731569,-0.00190978,-0.001264282,0.000631729,0.002026621,0.001623184,-0.00021643,-0.001814152
-0.006405918,-0.003546678,-0.002994081,-0.002784985,-0.002534973,-0.002077528,-0.001325234,-0.000270179,0.00099956,0.002286338,0.003289441,0.003654948,0.003084454,0.001488123,-0.000875045,-0.003356533,-0.00505262,-0.005122793,-0.003198861,0.00030008,0.004150184,0.006711177,0.006634842,0.003597124,-0.001344161,-0.006056137,-0.008275053,-0.006776051,-0.002133681,0.003433516,0.007165438,0.007258646,0.003891268,-0.0008868,-0.004389013,-0.00490944,-0.002687894,0.00041078,0.002269339,0.001969538,0.000289877,-0.001079794,-0.000967498,0.000344954,0.001430547,0.001018504,-0.000797743,-0.002502931,-0.002386126,-8.47E-05,0.002878742,0.004142803,0.002409201,-0.001332951,-0.004363238,-0.004272571,-0.000931049,0.003242463,0.005048816,0.003004043,-0.001417165,-0.004848327,-0.00463565,-0.000936088,0.003382816,0.004993687,0.002727774,-0.001532959,-0.004396178,-0.003674583,-8.11E-05,0.003434784,0.004114722,0.001576562,-0.001996014,-0.003731051,-0.002402868,0.000689713,0.002935685,0.002607193,0.000187605,-0.002194735,-0.002629119,-0.000955576,0.001267116,0.002200756,0.001259538,-0.000546055,-0.001624108,-0.001187424,0.000192839,0.001240929,0.001142476,0.00016515,-0.000731698,-0.000827794,-0.000225174,0.000385584,0.000450754,3.76E-05,-0.000341395,-0.000307325,1.96E-05,0.000213143,4.38E-05,-0.000261698,-0.000280151,0.000113674,0.000558194,0.000552816,4.37E-06,-0.00060497,-0.000650243,-3.92E-06,0.000763867,0.000880175,0.000126944,-0.000876622,-0.001195865,-0.000463165,0.0007145,0.00125949,0.000620336,-0.00066473,-0.001407837,-0.00085865,0.000558246,0.001576178,0.001231929,-0.000216618,-0.001475941,-0.00138076,1.47E-05,0.001443411,0.001564488,0.000210665,-0.001417815,-0.001826397,-0.000605066,0.001162665,0.001866596,0.000848412,-0.000969984,-0.001910184,-0.001078705,0.000791013,0.001989824,0.001399538,-0.000462926,-0.001900353,-0.001588969,0.000193711,0.001808965,0.00175936,7.52E-05,-0.001700681,-0.001929064,-0.000390955,0.001499923,0.001995534,0.000630183,-0.001341139,-0.002096037,-0.000928614,0.001093318,0.002111832,0.001196631,-0.00079342,-0.002005641,-0.001312015,0.000642712,0.002036912,0.00156157,-0.000363788,-0.001977597,-0.001807147,-2.99E-05,0.001697165,0.001780574,0.000168668,-0.001607021,-0.001863468,-0.000336607,0.001571362,0.002095288,0.000746557,-0.001236774,-0.002043461,-0.000968724,0.000943611,0.001888144,0.000987011,-0.000896122,-0.001971745,-0.00120226,0.000726186,0.0020422,0.001536999,-0.00031698,-0.001815296
-0.008944559,-0.005093938,-0.004122051,-0.003506797,-0.002813464,-0.00191378,-0.000783112,0.000514552,0.001825331,0.002913761,0.003494783,0.003302288,0.002195857,0.000280595,-0.002016535,-0.003983835,-0.004819047,-0.003953226,-0.00138765,0.00213248,0.005261918,0.006547872,0.005114412,0.001221075,-0.003645114,-0.007310243,-0.007925597,-0.004974155,0.000305454,0.005416211,0.007859267,0.006497088,0.002217732,-0.002556928,-0.005284173,-0.00478828,-0.001879331,0.001303232,0.002775531,0.001996627,6.58E-05,-0.001272806,-0.001035253,0.00028117,0.001219087,0.000690121,-0.000997711,-0.002312534,-0.001794038,0.000577012,0.00313346,0.003734692,0.001547115,-0.002073172,-0.0044404,-0.003595185,4.15E-05,0.003814812,0.00480052,0.002111176,-0.002303644,-0.005084977,-0.004066306,-2.73E-06,0.003981755,0.004832434,0.001963099,-0.002302156,-0.004598745,-0.003195604,0.0006768,0.003886696,0.003947803,0.000967909,-0.002550121,-0.0038173,-0.001998527,0.001233254,0.003194518,0.002414826,-0.000263665,-0.002537537,-0.002619786,-0.000645683,0.001604744,0.002306522,0.001082545,-0.000836733,-0.001796815,-0.001130637,0.000405122,0.001432771,0.001181791,5.22E-05,-0.000888172,-0.000908283,-0.000185061,0.000500177,0.000551915,6.06E-05,-0.000402552,-0.000407684,-5.77E-05,0.000202055,0.000100453,-0.000178034,-0.000229125,9.17E-05,0.000474254,0.000468722,-8.65E-06,-0.000523488,-0.000525483,7.12E-05,0.000728738,0.000761399,2.32E-05,-0.000874988,-0.001087282,-0.000342678,0.000733293,0.001145079,0.000457366,-0.000743276,-0.001335619,-0.000697235,0.000669691,0.001542497,0.001088169,-0.000333553,-0.001448614,-0.001218802,0.00017855,0.001468432,0.001427492,2.85E-05,-0.001490786,-0.001735856,-0.000445232,0.001234391,0.001773161,0.000665208,-0.001080829,-0.001845311,-0.000887646,0.000948817,0.001987081,0.001254064,-0.000606637,-0.001904194,-0.001447844,0.000347043,0.001825386,0.001610556,-0.00011858,-0.001777767,-0.001830959,-0.00021307,0.001596927,0.001932154,0.000478421,-0.001426966,-0.00202365,-0.000754435,0.001214551,0.002067993,0.001020481,-0.000953783,-0.002020319,-0.001184345,0.000784031,0.002059475,0.001451607,-0.000490828,-0.001986714,-0.001671526,0.000141324,0.001756627,0.001675295,-1.32E-05,-0.001717486,-0.001827501,-0.000214933,0.001645567,0.002044639,0.000622775,-0.001301981,-0.001963443,-0.000786345,0.001090332,0.001887441,0.000850418,-0.001048802,-0.002023391,-0.001141708,0.000802748,0.00203002,0.001427235,-0.000425387,-0.00180726
-0.010174839,-0.00588921,-0.004651318,-0.003737322,-0.002719865,-0.001521966,-0.000180436,0.001182044,0.002370356,0.003144011,0.003267253,0.002584906,0.001114328,-0.00087724,-0.002859863,-0.004141428,-0.004094073,-0.002450785,0.000453625,0.003649954,0.005808669,0.005781373,0.003203994,-0.001148373,-0.005517476,-0.007871439,-0.006899493,-0.002791874,0.002678363,0.006934498,0.007909726,0.005192024,0.000304033,-0.004122786,-0.005848344,-0.004302373,-0.000831974,0.002251875,0.003200583,0.001896002,-0.000260633,-0.001519286,-0.001117427,0.000231642,0.001055671,0.000449203,-0.001092059,-0.002053385,-0.001228777,0.001102617,0.003200872,0.003192552,0.000688105,-0.002672855,-0.004331326,-0.002811455,0.000968464,0.004224258,0.004390995,0.0011779,-0.003076018,-0.005128893,-0.003355738,0.000929797,0.004449947,0.004512173,0.001124863,-0.003016298,-0.004671828,-0.002618301,0.001425772,0.00423005,0.003652866,0.000300871,-0.003060525,-0.003800673,-0.001512149,0.001783041,0.003391749,0.00215145,-0.000735141,-0.002833113,-0.002531252,-0.000281128,0.001938414,0.00236048,0.00084853,-0.001150005,-0.001949606,-0.001036816,0.00063572,0.001606034,0.001177099,-0.000100096,-0.001054302,-0.000965838,-0.000108462,0.000639859,0.000654262,6.83E-05,-0.000476218,-0.000501888,-0.000109936,0.000219823,0.000170892,-0.000104397,-0.00020483,4.36E-05,0.000379224,0.000389797,-1.22E-05,-0.000443029,-0.00041754,0.00012286,0.000680023,0.000650139,-5.53E-05,-0.000845963,-0.000964621,-0.000224902,0.00074314,0.001030371,0.000308634,-0.000801819,-0.001254071,-0.000547396,0.000753632,0.001481912,0.000932867,-0.000445378,-0.001411758,-0.001057121,0.000329115,0.001478177,0.001288754,-0.000135607,-0.001535129,-0.001623334,-0.000281278,0.001296004,0.001669673,0.000483711,-0.001179647,-0.001771139,-0.000702575,0.001085054,0.001960101,0.001097019,-0.00074438,-0.001893735,-0.001298698,0.000495185,0.001829953,0.001456763,-0.000302684,-0.001835813,-0.001718318,-3.53E-05,0.001681703,0.00185712,0.000327039,-0.001500283,-0.001937673,-0.000577666,0.001325005,0.00200906,0.000836799,-0.001110312,-0.002027293,-0.001056624,0.000913208,0.002064827,0.001332275,-0.000611753,-0.001978195,-0.001518414,0.00032085,0.001815874,0.001569733,-0.000188622,-0.001816864,-0.001785796,-0.000101609,0.001698179,0.001969796,0.000484445,-0.001367532,-0.001874985,-0.000595885,0.001240567,0.001889445,0.000722317,-0.001185882,-0.002059446,-0.001076109,0.00086875,0.001996835,0.001297776,-0.000542651,-0.001796273
-0.009985236,-0.005858467,-0.004535409,-0.003462574,-0.002275013,-0.000953208,0.00041354,0.0016634,0.0025875,0.002970707,0.002651475,0.00159439,-4.23E-05,-0.001875598,-0.003342194,-0.003843345,-0.002975981,-0.000775093,0.002154047,0.004732106,0.005770623,0.004508294,0.001087385,-0.003306824,-0.006814794,-0.007708719,-0.005291987,-0.000409285,0.004795456,0.007864615,0.007301157,0.003428983,-0.001711357,-0.005456114,-0.006011453,-0.003454149,0.000397889,0.003182216,0.003484492,0.001639035,-0.000686883,-0.001795636,-0.001181892,0.000226305,0.000959222,0.000296856,-0.001099659,-0.001758133,-0.000721868,0.001479215,0.003096253,0.002553866,-0.000128381,-0.003113582,-0.004049595,-0.001957985,0.001813865,0.004458389,0.003838199,0.000238792,-0.003707671,-0.004979735,-0.002529473,0.00182829,0.004769176,0.004040904,0.000239914,-0.00364936,-0.004607638,-0.001956267,0.002143086,0.004450564,0.003234091,-0.000406118,-0.003508776,-0.00367588,-0.000954344,0.002321318,0.003515376,0.001818203,-0.001215442,-0.003069818,-0.002360632,0.000130691,0.00225683,0.002356263,0.000560583,-0.00147605,-0.002073224,-0.000903376,0.000879934,0.001753475,0.001124605,-0.000289543,-0.001224093,-0.00099589,4.00E-06,0.000799157,0.000751384,5.75E-05,-0.000560565,-0.000585383,-0.000133708,0.000266299,0.000252102,-4.37E-05,-0.000207234,-2.72E-05,0.000277628,0.000318555,-7.26E-06,-0.000367055,-0.000329565,0.000150245,0.000619386,0.000548353,-0.000108565,-0.000791923,-0.000831043,-0.000111364,0.000745376,0.000918637,0.000177062,-0.000839576,-0.001164478,-0.00041077,0.000809861,0.001395954,0.000767867,-0.000551823,-0.001367383,-0.000898884,0.000464149,0.001472613,0.001150077,-0.000279763,-0.001550165,-0.001489469,-0.000113862,0.001348176,0.001558244,0.00030612,-0.00126584,-0.0016893,-0.000526408,0.001197258,0.001907986,0.000928807,-0.000875636,-0.001869227,-0.001142257,0.000638156,0.001824402,0.001301169,-0.000473936,-0.001873258,-0.001591747,0.000140388,0.001752106,0.001768877,0.000174777,-0.001562786,-0.001840402,-0.000400342,0.001424269,0.001937025,0.00064946,-0.001258764,-0.002023434,-0.000927406,0.001030385,0.002052405,0.001202403,-0.000728808,-0.001955689,-0.001352335,0.000504692,0.001873136,0.001465043,-0.000353975,-0.001900568,-0.001733999,6.85E-06,0.001731674,0.001872041,0.000331089,-0.001436271,-0.00178324,-0.000403641,0.001388818,0.001891238,0.000603146,-0.001303999,-0.002074774,-0.000999712,0.000929678,0.001947097,0.001151085,-0.000669326,-0.00178641
-0.008233588,-0.004907415,-0.003714614,-0.002663539,-0.001503723,-0.000270871,0.000911561,0.001870073,0.002413491,0.00238007,0.001697334,0.00044144,-0.001125799,-0.002570027,-0.003371676,-0.003090922,-0.001574332,0.000878068,0.003489766,0.005205081,0.005093806,0.002826262,-0.001011084,-0.004981096,-0.007318239,-0.006744134,-0.003197655,0.001945625,0.006389549,0.0080081,0.005977638,0.001303206,-0.003637936,-0.006360735,-0.005650881,-0.002229315,0.001734158,0.003979987,0.003530022,0.001178136,-0.001208702,-0.002064679,-0.001182151,0.000304004,0.000952559,0.000236266,-0.001038212,-0.001461853,-0.000313653,0.001680625,0.002824893,0.001857974,-0.000846988,-0.003354816,-0.003594436,-0.001075355,0.002520735,0.004480152,0.003148487,-0.000662075,-0.004148183,-0.004616129,-0.001609934,0.00264254,0.00489646,0.003411867,-0.00065948,-0.004154356,-0.004377473,-0.001216932,0.002794204,0.004514279,0.002683229,-0.00113106,-0.003860553,-0.003422033,-0.00033189,0.002820394,0.003537957,0.001406841,-0.001690465,-0.003224647,-0.00209453,0.000584192,0.002541297,0.002277363,0.000216845,-0.001801476,-0.002149623,-0.000720514,0.00113384,0.001862566,0.001013914,-0.000516637,-0.001388938,-0.000988449,0.000155467,0.000971909,0.000832436,2.05E-05,-0.000655643,-0.000651649,-0.000121643,0.000344181,0.000340874,-1.62E-06,-0.000239128,-0.000117922,0.00017611,0.000260918,7.34E-06,-0.000299516,-0.00026748,0.000149736,0.000547496,0.000459515,-0.000133991,-0.000713931,-0.00069088,-6.44E-06,0.000739091,0.000813392,6.82E-05,-0.000852699,-0.001066984,-0.00029052,0.000835457,0.001284663,0.000596056,-0.000649979,-0.001315652,-0.000747973,0.000578513,0.001448961,0.001012875,-0.000399741,-0.001532277,-0.001333694,5.50E-05,0.001389081,0.001439763,0.000135927,-0.001336091,-0.001599731,-0.000363037,0.00127994,0.001827147,0.000749539,-0.000997794,-0.00182844,-0.000978524,0.000774536,0.001808552,0.001146729,-0.000627056,-0.001885611,-0.001450499,0.000310531,0.001802907,0.00166342,2.01E-05,-0.001614698,-0.001732888,-0.000224986,0.001510061,0.00185254,0.000463252,-0.001391834,-0.002002343,-0.000793923,0.001134497,0.002019274,0.001059248,-0.000844195,-0.001922152,-0.001178125,0.000686937,0.001924156,0.001361377,-0.000504129,-0.001960592,-0.001664618,0.0001151,0.001747769,0.001751356,0.00016173,-0.001510745,-0.001693495,-0.000217607,0.001526598,0.001887332,0.000492987,-0.001397543,-0.002060702,-0.000903916,0.000992112,0.001885017,0.000989229,-0.00080591,-0.001781849
-0.005421776,-0.003321408,-0.002419295,-0.001535751,-0.000562916,0.000417496,0.00126767,0.001826437,0.001943144,0.001524413,0.00058676,-0.000702732,-0.002020604,-0.002937281,-0.003032146,-0.002057459,-0.000101322,0.002328868,0.004381607,0.005128089,0.003962962,0.000980577,-0.002881487,-0.006085525,-0.007108883,-0.005199501,-0.000892291,0.004054309,0.007385931,0.007457723,0.00415157,-0.00094726,-0.005306529,-0.006789277,-0.004834717,-0.00075875,0.003049236,0.0045677,0.003321848,0.000543123,-0.001779157,-0.002285001,-0.001093617,0.000469196,0.001019844,0.000234164,-0.000948615,-0.001195049,-4.78E-06,0.001744135,0.002449241,0.001162093,-0.001446804,-0.003423253,-0.003022401,-0.000213253,0.003077894,0.004321859,0.002372412,-0.001493821,-0.004410313,-0.004087782,-0.000651564,0.003348068,0.004850368,0.002670175,-0.001534451,-0.004523677,-0.004005198,-0.000432953,0.003365078,0.004437562,0.002035748,-0.001844015,-0.004110699,-0.00305937,0.000326258,0.003262918,0.003462758,0.000933756,-0.002147249,-0.003300377,-0.001750671,0.00105892,0.002782353,0.002130499,-0.000165988,-0.002111475,-0.002174291,-0.000493398,0.001390531,0.001933031,0.000853692,-0.000768876,-0.001540748,-0.000945003,0.000336252,0.001146601,0.000890476,-4.33E-05,-0.000758741,-0.000700189,-7.84E-05,0.000445485,0.000431033,2.20E-05,-0.000293602,-0.000218743,8.24E-05,0.000219648,3.08E-05,-0.0002408,-0.000228354,0.000126918,0.000468743,0.000382889,-0.000138218,-0.000621435,-0.000551732,8.68E-05,0.000724748,0.00071514,-1.99E-05,-0.000845137,-0.000963983,-0.00018422,0.000837812,0.001157086,0.000423866,-0.000738015,-0.001257786,-0.000605322,0.000673537,0.001409635,0.000877409,-0.000499698,-0.001489114,-0.001163528,0.000221372,0.00141914,0.001316608,-2.56E-05,-0.001391367,-0.001503792,-0.000211377,0.001337718,0.001723867,0.000563761,-0.001110167,-0.001773704,-0.000809935,0.000904159,0.001784319,0.000995048,-0.000763062,-0.001876568,-0.001298684,0.00047316,0.001834804,0.00154227,-0.000137103,-0.001658778,-0.0016188,-5.34E-05,0.001583982,0.001759725,0.000282416,-0.001506907,-0.001962742,-0.000654538,0.001228667,0.001969158,0.000904662,-0.000959992,-0.001883471,-0.001003171,0.000861478,0.001965456,0.001257333,-0.00063963,-0.001996891,-0.00157591,0.000227895,0.001754003,0.001615822,-1.81E-05,-0.001589975,-0.001608976,-4.32E-05,0.001648445,0.001873062,0.000387806,-0.001469916,-0.00201899,-0.000787253,0.001061433,0.001818554,0.000819705,-0.000948434,-0.001783504
-0.00195049,-0.001329084,-0.00083262,-0.000232236,0.000427449,0.001032597,0.001451226,0.00155538,0.001251165,0.00051917,-0.000545457,-0.001713489,-0.002644059,-0.002962104,-0.002385076,-0.000867786,0.001291079,0.003448549,0.004772138,0.004541863,0.002508643,-0.000853423,-0.004371251,-0.00655432,-0.006240458,-0.003232841,0.001421476,0.00574967,0.007719165,0.006272799,0.001977707,-0.003139022,-0.006577745,-0.006692579,-0.003606737,0.000856472,0.004236447,0.00487486,0.002841529,-0.000242396,-0.002356287,-0.002418938,-0.000895768,0.000722663,0.001145566,0.000264821,-0.000858635,-0.000976926,0.000204694,0.001693535,0.002010238,0.000506647,-0.001908142,-0.003330336,-0.002368752,0.000591068,0.003469065,0.003997166,0.001542217,-0.002229772,-0.004493356,-0.003422491,0.000306432,0.003919025,0.00463373,0.001843142,-0.002353118,-0.004741888,-0.00349933,0.000373441,0.003839115,0.004223344,0.001312814,-0.002520187,-0.004247427,-0.002595814,0.000999649,0.003630647,0.003284844,0.000407307,-0.002574039,-0.00329326,-0.001337526,0.00153975,0.002968738,0.001915661,-0.000577475,-0.002392803,-0.002139464,-0.000222694,0.001644723,0.001961805,0.000647358,-0.001037793,-0.001671699,-0.000863799,0.00054086,0.001314077,0.000918046,-0.000136451,-0.000868582,-0.00072961,-5.69E-06,0.0005653,0.000517536,2.59E-05,-0.00036694,-0.000322521,3.27E-06,0.000198577,6.38E-05,-0.000191284,-0.000211153,8.47E-05,0.000386158,0.000318867,-0.000124848,-0.000520879,-0.00042005,0.00016446,0.000701239,0.000624096,-8.78E-05,-0.000818457,-0.000856818,-9.09E-05,0.000821097,0.001019434,0.000257026,-0.000812736,-0.001193324,-0.000471726,0.000748838,0.001355004,0.000743604,-0.000581727,-0.001425139,-0.0009844,0.000381137,0.001436885,0.001189654,-0.000176967,-0.001430743,-0.00140128,-7.08E-05,0.00137283,0.001601835,0.000375149,-0.001210791,-0.001705349,-0.000638152,0.001025644,0.001751515,0.000846661,-0.000881971,-0.001847557,-0.001138752,0.000626094,0.001846929,0.001405757,-0.000296516,-0.001695644,-0.001499782,0.000112859,0.001645975,0.00166047,0.000110053,-0.001600952,-0.001902459,-0.000507755,0.00131437,0.001903702,0.000739724,-0.001076894,-0.001842774,-0.000832461,0.001023035,0.001993043,0.001150934,-0.000760681,-0.002008447,-0.00146582,0.000348573,0.001755092,0.001470807,-0.000203986,-0.001671988,-0.001530917,0.000115839,0.001749405,0.001843804,0.00028413,-0.00152321,-0.001950216,-0.00064847,0.001140974,0.001752695,0.000647786,-0.00109326,-0.00179089
0.001700717,0.000795255,0.0008269,0.001066599,0.001328419,0.001485072,0.001430449,0.001086775,0.000425619,-0.00050307,-0.001546758,-0.002451163,-0.002904213,-0.002627646,-0.001498567,0.000339819,0.002433934,0.004092621,0.004594579,0.003488177,0.000873958,-0.002479246,-0.005304982,-0.006306314,-0.00476668,-0.00102045,0.003508948,0.006830135,0.007301097,0.004512451,-0.000365062,-0.005049155,-0.007273486,-0.00599965,-0.002013899,0.002490778,0.005156516,0.004805804,0.002062646,-0.001145939,-0.002881118,-0.002414551,-0.000563093,0.001061396,0.001307042,0.000297322,-0.000797524,-0.000826416,0.000314234,0.001551389,0.001549597,-6.26E-05,-0.00220235,-0.003079917,-0.001668348,0.001291797,0.003665042,0.003510875,0.000691699,-0.002832083,-0.004383776,-0.00264316,0.0012176,0.004314766,0.004237335,0.000957269,-0.003072703,-0.004778834,-0.002860227,0.001176386,0.004187899,0.003864001,0.000534375,-0.003125956,-0.004246902,-0.002032949,0.00166416,0.003894904,0.002990015,-0.000165894,-0.002953069,-0.003191343,-0.000859881,0.002008053,0.003081525,0.001627005,-0.001006989,-0.00262657,-0.002030753,9.39E-05,0.001889037,0.001941229,0.000395341,-0.001313921,-0.001769927,-0.000739229,0.000764596,0.001462498,0.000903593,-0.000264279,-0.000983855,-0.000736491,9.67E-05,0.000698828,0.000593541,6.07E-06,-0.000456427,-0.000421008,-5.17E-05,0.000204062,0.000108082,-0.000151982,-0.000216225,2.54E-05,0.000303361,0.000269304,-9.64E-05,-0.00041921,-0.000304368,0.000219901,0.000665937,0.000540692,-0.000134398,-0.000773035,-0.000746891,-1.08E-05,0.00078852,0.000878402,0.000103366,-0.000868396,-0.001120422,-0.00034852,0.000802278,0.001284037,0.000611382,-0.000646836,-0.001344063,-0.000802526,0.000527906,0.00143863,0.001059109,-0.000315203,-0.001451224,-0.001290752,5.91E-05,0.001386326,0.001464245,0.000188446,-0.001295657,-0.001622241,-0.000465155,0.001135775,0.001708086,0.00070163,-0.000982758,-0.001798648,-0.000972926,0.000765892,0.001836698,0.00125352,-0.000456795,-0.001724234,-0.001376553,0.000271636,0.001694364,0.00155558,-5.03E-05,-0.001669212,-0.001817705,-0.000351756,0.001392146,0.001823514,0.000565527,-0.001194474,-0.001802072,-0.000671139,0.001164631,0.002000716,0.001038924,-0.000867167,-0.001992955,-0.001331282,0.000480511,0.001755259,0.001321739,-0.000390164,-0.001752949,-0.001459355,0.000255166,0.001822717,0.001792968,0.000177536,-0.00155924,-0.001854246,-0.0004861,0.00123361,0.001692039,0.000479265,-0.001235256,-0.001801984
0.004970301,0.002722874,0.002306128,0.002169015,0.002014891,0.001721738,0.001223935,0.000502378,-0.000407062,-0.001398841,-0.002289875,-0.002837021,-0.002793757,-0.002003079,-0.000500424,0.00141824,0.00321199,0.004224209,0.003913756,0.002120461,-0.000749364,-0.003739491,-0.005627452,-0.005422163,-0.002885255,0.001191582,0.005168763,0.007218043,0.006207975,0.002374234,-0.002638923,-0.006492659,-0.007325647,-0.004768697,-0.000197,0.003991598,0.005707528,0.004337092,0.001028255,-0.002095012,-0.003290651,-0.002241456,-0.000100518,0.001456252,0.001465873,0.00029675,-0.000787033,-0.00074469,0.000346581,0.001359419,0.0011128,-0.000517154,-0.002332921,-0.002706133,-0.000966334,0.001860142,0.003671172,0.002898233,-0.000138462,-0.003283431,-0.004101134,-0.001794974,0.002039693,0.004522269,0.003683544,5.28E-05,-0.003663219,-0.004633631,-0.002113046,0.001946125,0.004400527,0.003376038,-0.000267262,-0.003635498,-0.004106256,-0.001390287,0.002293682,0.004041407,0.002583462,-0.000768741,-0.003271078,-0.002996763,-0.000334383,0.002444381,0.003111601,0.00127069,-0.00143911,-0.002799577,-0.001845229,0.000449828,0.002115546,0.001870337,0.000105899,-0.001584912,-0.001827196,-0.000572186,0.000998922,0.00158196,0.000841845,-0.000425993,-0.001101279,-0.000720296,0.000223969,0.000838073,0.000652771,-3.78E-05,-0.000556615,-0.000506288,-7.64E-05,0.00023816,0.000163095,-0.000122523,-0.000240181,-4.55E-05,0.000224773,0.000234298,-5.78E-05,-0.000323852,-0.000211139,0.000249776,0.000617911,0.000464083,-0.000162309,-0.000712595,-0.000636563,5.76E-05,0.000745768,0.000741669,-3.06E-05,-0.000901541,-0.001038149,-0.000235297,0.000835151,0.001198355,0.000480616,-0.000698622,-0.001252605,-0.00062533,0.000656373,0.001422451,0.000925527,-0.000439253,-0.001452305,-0.001171657,0.000180404,0.001382939,0.001317308,8.92E-06,-0.001362515,-0.001525404,-0.000293656,0.001232119,0.001652658,0.000558864,-0.001067496,-0.00173317,-0.000804545,0.000891022,0.00180525,0.001088469,-0.000615237,-0.001743575,-0.001249844,0.000421799,0.001728949,0.001445933,-0.000197519,-0.001711601,-0.001709252,-0.000186974,0.001463195,0.001731583,0.000385538,-0.001310671,-0.001761818,-0.000521834,0.001282741,0.001985147,0.000918367,-0.000962032,-0.001953416,-0.001174452,0.000623862,0.001757864,0.00117464,-0.000569842,-0.001827375,-0.001391372,0.000375162,0.001866824,0.001717591,6.37E-05,-0.001583445,-0.001736795,-0.00030446,0.001338099,0.001639024,0.000319306,-0.001368547,-0.00181216
0.00745524,0.004213376,0.003424945,0.002948821,0.002419123,0.001734618,0.000877817,-0.000111525,-0.001142115,-0.002071518,-0.00271284,-0.002863524,-0.002365837,-0.001190421,0.000488189,0.002268303,0.003588151,0.003892103,0.00285935,0.000611898,-0.002205269,-0.004558203,-0.005382279,-0.004061127,-0.00081996,0.003196536,0.006291097,0.006944257,0.004598685,8.03E-05,-0.004647273,-0.007371978,-0.006762607,-0.003125919,0.001685309,0.005236874,0.005845367,0.003502414,-0.000183472,-0.003010903,-0.003537755,-0.001893587,0.000466712,0.001868372,0.001585126,0.00023786,-0.000835259,-0.000720019,0.000331562,0.001156327,0.000731145,-0.000849509,-0.002322259,-0.002250441,-0.000299519,0.002286639,0.003511788,0.002201953,-0.000915315,-0.00358292,-0.003677681,-0.000922144,0.002745554,0.004548327,0.003006528,-0.000833499,-0.004110513,-0.004322628,-0.001290668,0.002658054,0.00447812,0.002784432,-0.001061903,-0.004034419,-0.00383515,-0.000692187,0.00286797,0.004067926,0.002080379,-0.001381964,-0.00351991,-0.00271824,0.000220428,0.002833969,0.003057616,0.00085789,-0.001859818,-0.002905414,-0.00158757,0.000834675,0.002317246,0.001751454,-0.000210882,-0.001840121,-0.001839355,-0.000366831,0.001235554,0.001666499,0.000732887,-0.000616927,-0.001216621,-0.000681635,0.000370255,0.000975492,0.000690859,-0.000104641,-0.000662283,-0.000573134,-6.91E-05,0.000299412,0.000226801,-0.000102346,-0.000278796,-0.000122193,0.000154191,0.000213271,-1.34E-05,-0.000239971,-0.00014342,0.000253827,0.000557845,0.000393305,-0.000175084,-0.000641672,-0.000528324,0.000115914,0.000697783,0.000614838,-0.000141324,-0.00091122,-0.000946581,-0.000131028,0.000850171,0.001100702,0.000351543,-0.000740576,-0.001156764,-0.000458498,0.000763449,0.001388013,0.000789605,-0.000549182,-0.001434952,-0.00104424,0.000295486,0.001367692,0.00116687,-0.000159434,-0.001410689,-0.001416756,-0.000126138,0.001313152,0.001584497,0.000417014,-0.001139153,-0.001655063,-0.000636496,0.001001463,0.001755506,0.000914721,-0.000768747,-0.001752621,-0.001119987,0.000563046,0.001750102,0.001331856,-0.000332762,-0.001730933,-0.001580551,-1.55E-05,0.001528276,0.001631149,0.000203737,-0.001422554,-0.00172076,-0.000384385,0.001377232,0.001945874,0.000787564,-0.001048986,-0.001895081,-0.001000281,0.000776142,0.001763978,0.00103353,-0.00073772,-0.001890218,-0.001322794,0.000479151,0.001884016,0.001618078,-5.98E-05,-0.00160148,-0.001605317,-0.000110392,0.001450441,0.001593389,0.000170761,-0.00148855,-0.001816287
0.008809643,0.005059985,0.004028982,0.003299005,0.002485363,0.001520008,0.000434926,-0.000678335,-0.001688467,-0.002438758,-0.002764743,-0.002527677,-0.001670015,-0.000280913,0.001360444,0.002803247,0.003530344,0.003139561,0.001545955,-0.000883555,-0.003352975,-0.004863341,-0.004602548,-0.002360753,0.001229534,0.004803728,0.006767007,0.00602535,0.002609957,-0.002166463,-0.006200982,-0.007583346,-0.00559836,-0.001184306,0.003478889,0.006098973,0.005515229,0.002327225,-0.001495119,-0.003808701,-0.003567138,-0.001360157,0.001112754,0.002255485,0.001625908,9.70E-05,-0.000946952,-0.000739757,0.000294915,0.000973493,0.000430598,-0.001050939,-0.002185006,-0.001745461,0.000298231,0.002555796,0.003199912,0.001456354,-0.0016047,-0.003718915,-0.003132574,-6.26E-05,0.003303079,0.004387404,0.002229951,-0.001665865,-0.004391305,-0.003850055,-0.000420073,0.003282867,0.004410084,0.002104088,-0.001820701,-0.004300645,-0.003432917,4.21E-05,0.003363213,0.003963387,0.001488998,-0.001986066,-0.00368446,-0.002356291,0.000789487,0.003158812,0.002911445,0.000394925,-0.002254597,-0.002932823,-0.001257502,0.001239068,0.00248369,0.001581699,-0.000548051,-0.002068053,-0.001798619,-0.000123954,0.001466875,0.001708055,0.000573982,-0.000833569,-0.001324216,-0.00061817,0.000532024,0.001103867,0.000701786,-0.00019537,-0.0007694,-0.000615855,-2.62E-05,0.000387433,0.000296783,-9.26E-05,-0.000329792,-0.0001998,9.61E-05,0.000207395,3.41E-05,-0.000172371,-0.000105138,0.000230661,0.000486228,0.00032858,-0.000174452,-0.00056367,-0.000425152,0.000163782,0.000647686,0.00050295,-0.000224302,-0.000895215,-0.000845503,-3.59E-05,0.000848246,0.00099289,0.000225228,-0.000774141,-0.001060772,-0.000307463,0.000844873,0.001333684,0.000651971,-0.000643693,-0.001398505,-0.000908356,0.000405274,0.001343484,0.001017481,-0.00031222,-0.001437988,-0.001297123,3.45E-05,0.001375829,0.001501627,0.000274998,-0.00119901,-0.00156649,-0.000471207,0.001096086,0.001688837,0.00073585,-0.000913265,-0.001748746,-0.000986582,0.000694251,0.00175651,0.001212571,-0.000456629,-0.00172861,-0.00143399,0.000160437,0.001586661,0.001524081,2.40E-05,-0.001525931,-0.001676176,-0.000258186,0.001447151,0.001881296,0.000644591,-0.00113068,-0.001821705,-0.000813079,0.000934065,0.001773066,0.000901306,-0.000888377,-0.001935443,-0.001248729,0.000570101,0.001875442,0.001493999,-0.000195194,-0.001617588,-0.001465882,8.96E-05,0.001565766,0.001553721,3.61E-05,-0.001590051,-0.001808309
0.008746685,0.005087914,0.00399115,0.003138766,0.002183006,0.001096538,-4.52E-05,-0.001113606,-0.001958668,-0.002434326,-0.002421719,-0.001860019,-0.000788892,0.000609844,0.002001068,0.002947677,0.003036313,0.002050915,0.000128772,-0.00218479,-0.004047894,-0.004605195,-0.003363597,-0.000506773,0.003026754,0.005811325,0.006507433,0.004522586,0.000431899,-0.004120986,-0.007096197,-0.007040981,-0.003890069,0.000891989,0.004990008,0.006435964,0.004675816,0.000869409,-0.002793269,-0.004378404,-0.00331675,-0.000640198,0.001793869,0.002559391,0.001541987,-0.000147129,-0.001118762,-0.000782558,0.000267677,0.000842736,0.000233363,-0.001119081,-0.001943057,-0.001230129,0.000789627,0.002653189,0.002754273,0.00070399,-0.002165532,-0.003677728,-0.002488676,0.000738903,0.003675356,0.004034935,0.001384237,-0.002400112,-0.004478011,-0.003223175,0.00046295,0.003782069,0.004181818,0.001352929,-0.002507844,-0.004406816,-0.002899316,0.000787553,0.0037491,0.003714467,0.000821481,-0.002553979,-0.003743385,-0.001910232,0.001354028,0.003395888,0.002662714,-0.000109853,-0.002604633,-0.002867741,-0.000855953,0.001649013,0.002599395,0.001355859,-0.000897396,-0.002254068,-0.001694943,0.00015543,0.001683215,0.001696839,0.000362842,-0.001069675,-0.001414977,-0.000525461,0.000705628,0.001214284,0.000677827,-0.000311584,-0.000873374,-0.000628117,5.53E-05,0.000500189,0.000368426,-9.59E-05,-0.000391168,-0.000272496,5.63E-05,0.000218825,8.21E-05,-0.000125855,-9.99E-05,0.000179816,0.000404917,0.000271288,-0.000161827,-0.000482689,-0.000331336,0.000199729,0.000597925,0.00041092,-0.000275097,-0.000851682,-0.000735507,4.93E-05,0.000830076,0.000877423,0.00010402,-0.000799578,-0.000968371,-0.000177877,0.000895976,0.001257836,0.000513833,-0.000720774,-0.001342089,-0.000764429,0.000509718,0.001312499,0.000873741,-0.000444406,-0.001441697,-0.00116752,0.000184569,0.001416044,0.001401575,0.000132008,-0.001247727,-0.001469294,-0.000311331,0.001173398,0.001606808,0.000556543,-0.001043055,-0.001727943,-0.000848818,0.000813714,0.001745864,0.001086483,-0.000570301,-0.001706699,-0.001273168,0.000336666,0.001636216,0.001411942,-0.000148559,-0.001614578,-0.001623259,-0.000141155,0.001492362,0.001790324,0.000487959,-0.001209648,-0.001737777,-0.000619003,0.001091804,0.001782337,0.000779798,-0.001015998,-0.001955625,-0.001162636,0.000652432,0.001843492,0.001346102,-0.000343697,-0.001635765,-0.00132557,0.000286634,0.00167643,0.001516422,-8.30E-05,-0.001667079,-0.001780409
0.007479446,0.004411985,0.00341026,0.002564722,0.001606633,0.000550133,-0.000496521,-0.00138427,-0.001964146,-0.002119602,-0.001790486,-0.000995551,0.000142844,0.001382459,0.002378134,0.002755224,0.002239606,0.000806666,-0.001219117,-0.003186088,-0.004295417,-0.003907986,-0.001871439,0.001286043,0.004431557,0.006213725,0.005650144,0.002667082,-0.001701796,-0.005640748,-0.007337279,-0.005889347,-0.001857084,0.002901223,0.006111551,0.006264027,0.003439579,-0.00072525,-0.00396342,-0.004673573,-0.002806742,0.000208812,0.002450939,0.002743273,0.001325026,-0.000480802,-0.001324686,-0.000819075,0.000274183,0.00077378,0.000126088,-0.001091014,-0.00164474,-0.000741268,0.001170255,0.002611459,0.002227105,-1.40E-05,-0.00259226,-0.003490876,-0.001791052,0.001456825,0.00387588,0.003535903,0.000516041,-0.003019091,-0.004393778,-0.002488781,0.001319577,0.004148735,0.00381823,0.000565211,-0.003107061,-0.004366793,-0.002267385,0.001516701,0.004023282,0.003344768,0.000110012,-0.003066549,-0.003700581,-0.001399412,0.001897098,0.003544517,0.002326943,-0.000637452,-0.002902298,-0.002719645,-0.000402685,0.002047748,0.002660143,0.001081642,-0.001248296,-0.002394311,-0.001534184,0.000461065,0.001878721,0.001636729,0.000111201,-0.001312826,-0.001482683,-0.000405264,0.000885221,0.001302773,0.000620179,-0.000448545,-0.0009708,-0.000611968,0.000167632,0.000628239,0.000435483,-0.000112927,-0.000459195,-0.000336234,3.60E-05,0.000245798,0.000129036,-9.88E-05,-0.000121975,0.000108902,0.000319282,0.000221967,-0.000140797,-0.000403187,-0.000249084,0.000224321,0.000549552,0.000337339,-0.000298483,-0.000786632,-0.000620286,0.000125078,0.000799919,0.0007588,-1.02E-05,-0.000817772,-0.000880848,-6.87E-05,0.000920521,0.001164771,0.000376963,-0.000782438,-0.001269844,-0.000615534,0.000608844,0.001277104,0.000737578,-0.00055679,-0.001425155,-0.0010314,0.000322866,0.001435356,0.001286489,-1.17E-05,-0.001287688,-0.001366546,-0.00015776,0.001236076,0.001514429,0.000381373,-0.001155971,-0.001690204,-0.000706927,0.000922392,0.001719704,0.000953463,-0.000677421,-0.001671962,-0.001105328,0.000508532,0.001676087,0.00129673,-0.000311143,-0.0016857,-0.001558696,-2.83E-05,0.001519526,0.001679221,0.000320615,-0.001287969,-0.001649604,-0.000425894,0.001242698,0.001787449,0.000666566,-0.001121777,-0.001950391,-0.001061408,0.000732593,0.001796698,0.001181992,-0.000501722,-0.001657805,-0.001190398,0.000473133,0.001775425,0.001476199,-0.000189887,-0.001720713,-0.001730344
0.005195155,0.003134295,0.002372498,0.001658206,0.000832759,-5.24E-05,-0.000870046,-0.001468336,-0.001717483,-0.001544716,-0.000954279,-3.73E-05,0.001023805,0.001962714,0.002467759,0.002265156,0.001238375,-0.000459982,-0.002368718,-0.003806251,-0.004094653,-0.002858273,-0.000275091,0.002857994,0.00533455,0.005997981,0.00428919,0.000627422,-0.003612614,-0.006608031,-0.006913924,-0.004227556,0.000335333,0.004680524,0.006745822,0.005580638,0.001886245,-0.002339881,-0.004904393,-0.004644557,-0.002045125,0.001140983,0.003030585,0.002770737,0.000965198,-0.000891483,-0.001540838,-0.00082484,0.000331669,0.000771351,9.79E-05,-0.000992282,-0.001322893,-0.00030571,0.001432826,0.002448222,0.001652832,-0.000664986,-0.002872569,-0.003172495,-0.001069352,0.002067441,0.003904602,0.002915534,-0.000340091,-0.003501726,-0.004144976,-0.001676291,0.002116775,0.004366919,0.00332817,-0.000235316,-0.003599219,-0.004180727,-0.001556132,0.002206085,0.004175158,0.00286404,-0.000622344,-0.003503049,-0.003550194,-0.000833648,0.002403566,0.003597141,0.001909837,-0.001174061,-0.003136949,-0.0024896,8.99E-05,0.002419804,0.002657047,0.000760659,-0.001592601,-0.002482057,-0.001316605,0.00078653,0.002046787,0.001527058,-0.000174119,-0.001552604,-0.001519447,-0.000255999,0.001067056,0.001364638,0.000527269,-0.00060401,-0.001058504,-0.000567166,0.00030652,0.000764318,0.000491625,-0.000145946,-0.00053206,-0.000387458,3.76E-05,0.000288337,0.000173759,-9.09E-05,-0.000167971,2.33E-05,0.000234171,0.000182548,-0.000112876,-0.000328522,-0.000181253,0.000236471,0.000502605,0.000281596,-0.000296951,-0.000703943,-0.000503157,0.000190758,0.000759758,0.000640419,-0.000114624,-0.000827746,-0.000798427,2.01E-05,0.00092007,0.001057055,0.000243329,-0.000828735,-0.001183848,-0.000464334,0.000701134,0.001237556,0.000610127,-0.000648945,-0.001389525,-0.000890961,0.000447638,0.001433451,0.0011573,-0.000155357,-0.001319105,-0.001259488,-1.15E-05,0.00128481,0.001414389,0.000213977,-0.00124903,-0.001634158,-0.000560896,0.001019878,0.001677747,0.000812899,-0.000779968,-0.001628274,-0.000935501,0.000671602,0.001704104,0.001179083,-0.000460996,-0.001735707,-0.001478777,8.43E-05,0.001532718,0.001551859,0.000144962,-0.001366073,-0.001560887,-0.000239717,0.00138047,0.001783627,0.000559171,-0.001205962,-0.001918277,-0.000942097,0.000814996,0.00174054,0.001006985,-0.000665943,-0.001683852,-0.001064191,0.000642836,0.001856183,0.001428004,-0.000287125,-0.001750786,-0.001655386
0.002142942,0.001391044,0.000992023,0.000525712,-3.96E-05,-0.000625605,-0.001103322,-0.001337571,-0.001233924,-0.000772068,-1.74E-05,0.000884788,0.001724192,0.00225257,0.002232952,0.001519037,0.000149952,-0.00158286,-0.003152179,-0.003930643,-0.003428297,-0.001550947,0.001243313,0.004000743,0.005578923,0.005123686,0.00252434,-0.001387748,-0.005060763,-0.006846124,-0.005783691,-0.002164163,0.002473441,0.005999173,0.006736228,0.004357312,0.000111042,-0.003811169,-0.005461114,-0.004204511,-0.001032407,0.002091394,0.00344913,0.0025812,0.000444555,-0.001359808,-0.001730095,-0.000764747,0.00046149,0.000839382,0.000135617,-0.000851125,-0.001015151,4.12E-05,0.001559865,0.002175189,0.001070068,-0.001201873,-0.002976552,-0.002727028,-0.000358312,0.002530104,0.003744363,0.002194417,-0.001137482,-0.003805813,-0.003722606,-0.000816764,0.002803447,0.004398418,0.002709168,-0.001018246,-0.003946556,-0.003832562,-0.000782755,0.002818843,0.004176044,0.00227306,-0.001345817,-0.003825548,-0.003271216,-0.000219947,0.002848211,0.003532133,0.001410089,-0.00170105,-0.003285963,-0.002169397,0.000608623,0.00273981,0.002569606,0.000389346,-0.001918221,-0.002501807,-0.001036169,0.001124698,0.00217452,0.001360966,-0.000487187,-0.00177341,-0.001509954,-7.16E-05,0.001246483,0.001390486,0.000393115,-0.000776672,-0.001130725,-0.00049012,0.000468493,0.000898615,0.000526063,-0.000200824,-0.000608441,-0.000420274,6.65E-05,0.000348246,0.000214862,-0.000103281,-0.000235569,-7.07E-05,0.000157163,0.000157747,-7.85E-05,-0.00026339,-0.000133464,0.000232747,0.000456548,0.000244142,-0.000271752,-0.000607634,-0.000389316,0.000243036,0.000710496,0.000526914,-0.000203753,-0.00082606,-0.00072081,8.73E-05,0.000894496,0.000937041,0.000116584,-0.000857464,-0.001085324,-0.000314917,0.000782372,0.001192228,0.000492837,-0.000718428,-0.001334204,-0.000748612,0.00055494,0.00140765,0.001014296,-0.00029639,-0.001339943,-0.001148388,0.000125456,0.001318307,0.001308591,5.95E-05,-0.001316209,-0.001556061,-0.000410623,0.001103827,0.00161755,0.000663482,-0.000879092,-0.001578706,-0.000769597,0.000818742,0.001715235,0.001058724,-0.000593606,-0.001757718,-0.001377134,0.000201075,0.001535464,0.001411832,-3.56E-05,-0.001442801,-0.001474877,-6.83E-05,0.001495156,0.001762674,0.000453948,-0.001267527,-0.001855444,-0.000800041,0.000904487,0.00168051,0.00082723,-0.00083117,-0.001712411,-0.000951026,0.00078682,0.001908268,0.001363906,-0.000377679,-0.001755383,-0.001550383
-0.001125721,-0.000498398,-0.000482426,-0.000637826,-0.000873112,-0.00109529,-0.001188213,-0.001046363,-0.000619041,6.15E-05,0.00087928,0.00165603,0.002183563,0.0022631,0.001756358,0.000650302,-0.000880624,-0.002453382,-0.003539175,-0.003626335,-0.002446017,-0.000169458,0.002535448,0.004665163,0.005246724,0.003786245,0.000598274,-0.003179777,-0.005971357,-0.006437093,-0.004155717,4.64E-05,0.004356258,0.006782026,0.006149186,0.002757812,-0.001704243,-0.005014504,-0.005604036,-0.003408354,0.000137254,0.002978364,0.003670027,0.002186706,-0.000194953,-0.001838915,-0.001858845,-0.000625766,0.000656061,0.000952427,0.000200945,-0.000708836,-0.000750789,0.000296671,0.001579221,0.001838362,0.000517994,-0.001615402,-0.00293035,-0.002198213,0.000311482,0.002850693,0.003436737,0.001424396,-0.001847304,-0.003943847,-0.003171174,4.35E-05,0.003361319,0.004261643,0.00199871,-0.001757163,-0.004154216,-0.003355504,1.54E-05,0.003339566,0.004042021,0.001606503,-0.002031674,-0.00402902,-0.002881179,0.000419099,0.003222856,0.003362537,0.000852007,-0.002200952,-0.003350982,-0.001777719,0.001131492,0.002996514,0.002401848,-2.04E-05,-0.002217589,-0.002457729,-0.000706009,0.001463431,0.002259889,0.001148101,-0.000813134,-0.001964214,-0.001451934,0.000143726,0.00141915,0.00138139,0.000224318,-0.000959338,-0.001185589,-0.000386642,0.000642811,0.001021073,0.000533772,-0.000277268,-0.000686079,-0.000434369,0.000119924,0.000421815,0.000251744,-0.000131084,-0.000315578,-0.00016341,9.42E-05,0.000148562,-3.97E-05,-0.000209431,-0.000105353,0.000214301,0.00041033,0.000219623,-0.000231679,-0.000506442,-0.000283751,0.000281937,0.000655339,0.000421521,-0.000276085,-0.000812046,-0.000645594,0.000138689,0.000851631,0.000811274,-1.10E-06,-0.000871269,-0.000979311,-0.000171511,0.000850575,0.001140169,0.000383443,-0.00076981,-0.001264485,-0.000607334,0.000646044,0.001362637,0.000862563,-0.000432119,-0.00135025,-0.001034119,0.000253662,0.001339199,0.001199907,-8.12E-05,-0.001359576,-0.001459118,-0.000257769,0.001175462,0.001542044,0.000507134,-0.000975833,-0.001526901,-0.000611649,0.000947593,0.001709011,0.000935556,-0.000710165,-0.001753766,-0.001254593,0.000324625,0.001533785,0.001266561,-0.000215325,-0.001515868,-0.001392462,8.58E-05,0.001584,0.001721265,0.00034602,-0.001312999,-0.001768339,-0.000638819,0.00100229,0.001622248,0.000650291,-0.00099081,-0.00173942,-0.000849215,0.000905247,0.001930547,0.001280897,-0.000466832,-0.00174102,-0.001420553
-0.004183527,-0.002285761,-0.00185855,-0.001683716,-0.001565641,-0.001409758,-0.001124204,-0.000641309,4.37E-05,0.000851961,0.001632251,0.002196362,0.002364552,0.002010438,0.001105127,-0.000240423,-0.00174924,-0.002998888,-0.003517234,-0.002952106,-0.001263942,0.001150563,0.003497094,0.004824024,0.00440856,0.002138137,-0.001305424,-0.004602132,-0.006293417,-0.005448917,-0.002193355,0.002207779,0.00582916,0.006971868,0.005037733,0.000912272,-0.003413698,-0.005848038,-0.005307462,-0.002300503,0.001384524,0.003730546,0.003659288,0.001596123,-0.000916367,-0.002286355,-0.001897213,-0.000398348,0.00090575,0.001087208,0.000263831,-0.000594344,-0.000548506,0.00046017,0.001510396,0.001469382,2.45E-05,-0.001896957,-0.002749751,-0.001616065,0.000916078,0.003028857,0.003007574,0.000642465,-0.002444661,-0.003918917,-0.002519348,0.000869404,0.003771311,0.003964089,0.00122248,-0.002428841,-0.004219247,-0.002769274,0.000809974,0.003751316,0.00377873,0.000887676,-0.002655562,-0.00410382,-0.002388917,0.001066049,0.003516627,0.003092928,0.000252085,-0.002657815,-0.003328198,-0.001325229,0.001641272,0.003177714,0.002153106,-0.00046026,-0.002482528,-0.002349343,-0.000334134,0.001792416,0.002298232,0.000893103,-0.001141049,-0.002114764,-0.001341268,0.000387548,0.001580749,0.001336139,2.45E-05,-0.001146231,-0.00122001,-0.000259417,0.000821923,0.00112329,0.000509557,-0.000375982,-0.000763143,-0.000428592,0.000196594,0.00050637,0.000283226,-0.000171687,-0.000401706,-0.000247558,5.05E-05,0.000156717,2.59E-06,-0.000168236,-9.74E-05,0.000181493,0.000363326,0.000204739,-0.000182673,-0.000406934,-0.000191011,0.000306399,0.000596111,0.000326995,-0.000329546,-0.000784377,-0.000570908,0.000177856,0.000796658,0.00068467,-0.000107272,-0.000871109,-0.000869239,-3.80E-05,0.000902982,0.001079751,0.000280314,-0.000805682,-0.001183568,-0.000469386,0.000721141,0.001301202,0.000706057,-0.000559409,-0.001348776,-0.000916828,0.000372974,0.00134822,0.001089635,-0.000207467,-0.001379977,-0.001345291,-0.000103995,0.001234696,0.00145273,0.000345659,-0.00106966,-0.001474222,-0.000464188,0.0010558,0.001684071,0.000808982,-0.000811307,-0.001724833,-0.00111178,0.000455921,0.001531007,0.001121051,-0.000389238,-0.001582141,-0.001313036,0.000221292,0.001644419,0.001656238,0.000231594,-0.001346873,-0.001661522,-0.00046161,0.001108095,0.001568785,0.000481555,-0.001139043,-0.001760397,-0.000756421,0.000998441,0.001921792,0.001176424,-0.00055836,-0.001712214,-0.001269916
-0.006561197,-0.003698034,-0.002925451,-0.00244989,-0.002007116,-0.001514687,-0.000913037,-0.000175048,0.000662397,0.001486563,0.002130751,0.002421124,0.002228996,0.001513786,0.000352593,-0.00104471,-0.002344367,-0.003141791,-0.003073207,-0.001971225,-7.45E-06,0.002261513,0.004012854,0.004443959,0.003137503,0.000344136,-0.002983413,-0.005487087,-0.005961354,-0.00394852,-7.50E-05,0.004096286,0.006708079,0.006491531,0.003453142,-0.001031675,-0.004842176,-0.006181882,-0.004530996,-0.000929385,0.002611225,0.004253624,0.003367349,0.00081636,-0.001672825,-0.002645548,-0.001805278,-7.11E-05,0.001196234,0.001214131,0.000290418,-0.000537158,-0.000426598,0.000530261,0.001370901,0.001099414,-0.000379011,-0.002031317,-0.002444879,-0.001010593,0.001424581,0.003054312,0.002476736,-0.000111495,-0.002894099,-0.003722904,-0.001791982,0.001619039,0.004001566,0.003503403,0.000406296,-0.003000108,-0.004126278,-0.002087827,0.001567763,0.004025235,0.003381883,0.000139157,-0.003184467,-0.004028981,-0.001797678,0.001699589,0.00370883,0.002719865,-0.000373445,-0.00304843,-0.003204924,-0.000818822,0.002116934,0.003263198,0.001816749,-0.000921907,-0.002699204,-0.002170019,7.33E-05,0.002097769,0.002279042,0.000597108,-0.001458724,-0.002210074,-0.001169447,0.000658558,0.001724286,0.001249797,-0.000204316,-0.0013301,-0.00122764,-0.000108727,0.000998042,0.001194322,0.000445323,-0.000498953,-0.000836916,-0.000399811,0.000296581,0.000598991,0.000306595,-0.000223968,-0.000487898,-0.000314409,3.35E-05,0.000185414,4.73E-05,-0.000142519,-0.000111473,0.000134097,0.000315445,0.000197226,-0.000130189,-0.000316422,-0.000117335,0.000313788,0.000534254,0.000247152,-0.000360373,-0.000740624,-0.000495039,0.000207463,0.000734108,0.000562686,-0.000197926,-0.000856555,-0.000758487,8.03E-05,0.000934831,0.001008231,0.000182224,-0.000827351,-0.001093827,-0.000337498,0.000779065,0.001225207,0.000549267,-0.000673308,-0.001332491,-0.000796257,0.00048203,0.001344386,0.000978269,-0.000318091,-0.001376938,-0.001215922,4.83E-05,0.001279909,0.001350228,0.000181536,-0.001158234,-0.001420513,-0.000329726,0.001139574,0.001637402,0.000677827,-0.000896912,-0.0016708,-0.000949099,0.000594969,0.001529167,0.00098007,-0.000551064,-0.001636367,-0.001234599,0.000336397,0.001672356,0.001563005,0.000106506,-0.001373099,-0.001539134,-0.000272187,0.001220163,0.001522054,0.000326749,-0.001268236,-0.001768707,-0.000669201,0.001066289,0.00187949,0.001047008,-0.000656035,-0.001673014,-0.001102529
-0.007920785,-0.004533675,-0.003532248,-0.002830653,-0.00214045,-0.00140233,-0.000591514,0.000282212,0.001150461,0.001882777,0.002317328,0.002314459,0.001809957,0.000849579,-0.000400755,-0.001667926,-0.002610212,-0.002890648,-0.002287483,-0.000818867,0.001173713,0.003051719,0.004056093,0.003605178,0.001604394,-0.001387698,-0.004264355,-0.005766625,-0.005041535,-0.002116331,0.001971413,0.005522931,0.006913763,0.005396161,0.001553648,-0.002884384,-0.005847212,-0.005971239,-0.003330278,0.000589502,0.003701698,0.004480542,0.002793342,-0.000102569,-0.002397183,-0.002864451,-0.001562821,0.000345513,0.001498202,0.001298933,0.000252037,-0.000553456,-0.000384374,0.000525452,0.001191768,0.000759379,-0.00067751,-0.002029105,-0.002048198,-0.000418184,0.001819022,0.002939916,0.001881094,-0.000799536,-0.003181078,-0.003374163,-0.001027967,0.002259107,0.004046345,0.002904171,-0.000413081,-0.003448032,-0.003881705,-0.001341328,0.002256736,0.004149646,0.002866861,-0.000609301,-0.003596198,-0.003804852,-0.001128067,0.002295622,0.00378999,0.002254703,-0.001001768,-0.003355545,-0.00298117,-0.000274083,0.002540053,0.003245184,0.001399916,-0.001390507,-0.002857554,-0.001922202,0.000503532,0.002366241,0.002197984,0.00026686,-0.001754329,-0.002242138,-0.000937207,0.000949584,0.001843186,0.001122316,-0.000455362,-0.001502241,-0.001204203,6.25E-05,0.001163611,0.001227339,0.000338991,-0.000643651,-0.000903945,-0.00034764,0.000416121,0.000694307,0.000318916,-0.000286025,-0.00056837,-0.000357724,4.67E-05,0.000234542,9.28E-05,-0.000132921,-0.000145857,7.49E-05,0.00026777,0.000194592,-7.98E-05,-0.000240961,-6.64E-05,0.000303767,0.00047159,0.000183731,-0.000368201,-0.000681127,-0.000417108,0.000230952,0.000669383,0.000450342,-0.000270848,-0.00082895,-0.000650616,0.000179878,0.00094399,0.000924477,8.76E-05,-0.000837727,-0.000998726,-0.000213673,0.000820928,0.001138765,0.000397379,-0.000769907,-0.001299891,-0.00067267,0.00058028,0.001327695,0.000865776,-0.000414392,-0.00135377,-0.001075261,0.000195937,0.001310888,0.001237225,1.87E-05,-0.001238273,-0.001364155,-0.000207864,0.001199065,0.001569193,0.000541526,-0.000969379,-0.001595999,-0.000771389,0.000738659,0.001528445,0.000846972,-0.000695829,-0.00167376,-0.001153487,0.00043371,0.001669541,0.001442041,-3.10E-05,-0.001396428,-0.001408214,-7.78E-05,0.001333635,0.001481115,0.000188715,-0.001373181,-0.001758384,-0.000581836,0.001113787,0.001807334,0.00089399,-0.000761944,-0.001629086,-0.000926232
-0.008178884,-0.00473698,-0.003642842,-0.002813052,-0.00197811,-0.00110846,-0.000211588,0.000673914,0.001461013,0.002017732,0.002203704,0.001926021,0.001188374,0.000112862,-0.001070912,-0.00206428,-0.002559997,-0.002323507,-0.001288193,0.000361456,0.002166951,0.003482475,0.003684703,0.002452244,-3.44E-06,-0.002892655,-0.005069406,-0.005482825,-0.003686586,-0.000160353,0.003762028,0.00639977,0.006486625,0.003833821,-0.000469575,-0.004490563,-0.006367492,-0.0052618,-0.001824248,0.00212418,0.004566977,0.004392483,0.001979705,-0.001090458,-0.00302848,-0.002913997,-0.001174864,0.000824798,0.001779699,0.001316348,0.00013606,-0.00064109,-0.000404915,0.000473986,0.001003452,0.000468384,-0.000874846,-0.001918401,-0.001599072,0.000132077,0.002097853,0.002712573,0.001258474,-0.001398277,-0.003312912,-0.002906285,-0.000264494,0.002774392,0.003923137,0.002204968,-0.00120173,-0.00376511,-0.003507196,-0.000563163,0.002856246,0.004130444,0.002259917,-0.00133172,-0.003884491,-0.00344911,-0.000408498,0.002835046,0.003762346,0.001716987,-0.001611939,-0.003572022,-0.002667085,0.000291342,0.002900135,0.003128526,0.000918938,-0.00185037,-0.002953294,-0.001614669,0.000942557,0.002589108,0.002056904,-8.86E-05,-0.002020128,-0.002211257,-0.000652832,0.001250579,0.001932865,0.000957364,-0.000719971,-0.001655391,-0.001148263,0.00025046,0.001313822,0.001221231,0.000194341,-0.000804288,-0.000960918,-0.00027382,0.000549557,0.000786528,0.000317759,-0.000356214,-0.000639703,-0.000375569,8.90E-05,0.000301014,0.000136952,-0.000138334,-0.000196485,8.29E-06,0.00022233,0.000195366,-3.50E-05,-0.000183296,-3.86E-05,0.000278154,0.000409754,0.00013622,-0.000355695,-0.000608677,-0.00033764,0.000250828,0.000606473,0.000350459,-0.000326056,-0.000790605,-0.000548079,0.000259925,0.0009314,0.000829383,-4.54E-06,-0.000839741,-0.000901319,-9.87E-05,0.000849165,0.001046274,0.000254289,-0.000847549,-0.001251356,-0.00054687,0.000667828,0.001298848,0.000751778,-0.000499276,-0.001315578,-0.00092844,0.000336369,0.001328534,0.001117146,-0.000138822,-0.001306753,-0.001302827,-9.60E-05,0.001237579,0.001482274,0.000400416,-0.001032099,-0.00150679,-0.000585529,0.000882138,0.001527119,0.000722549,-0.000821505,-0.001691668,-0.001066055,0.000518333,0.001641884,0.001298039,-0.000179871,-0.001420166,-0.001275424,0.000114187,0.001442645,0.001442778,6.67E-05,-0.00145268,-0.001726312,-0.000488981,0.001148186,0.001712799,0.00072241,-0.000875702,-0.001585092,-0.000749043
-0.007292652,-0.004276548,-0.003239165,-0.002396406,-0.001538585,-0.000668619,0.000180418,0.000952768,0.001557598,0.001877232,0.001806014,0.001304036,0.000437914,-0.000612579,-0.001585626,-0.002195932,-0.002207365,-0.001509727,-0.000187331,0.001444858,0.00287387,0.00351852,0.002946303,0.001108042,-0.001524379,-0.004025848,-0.005325363,-0.00466642,-0.002025215,0.001737857,0.005130904,0.006640779,0.005453644,0.001931447,-0.002443364,-0.005701516,-0.006335286,-0.004085226,-0.000119012,0.003547403,0.005113421,0.003960932,0.000960711,-0.002079348,-0.003502313,-0.002759836,-0.000643388,0.001339698,0.002006881,0.00124085,-6.77E-05,-0.000794782,-0.00047092,0.000400136,0.000830279,0.000241935,-0.000972357,-0.001719457,-0.001129029,0.000612834,0.002252981,0.002388308,0.000639077,-0.001882944,-0.003287096,-0.002341466,0.000465934,0.003144121,0.003637618,0.001435007,-0.0019257,-0.003934391,-0.003012517,0.000218913,0.003341094,0.003962471,0.001578168,-0.002002681,-0.004035056,-0.002969254,0.00033715,0.003294462,0.003618614,0.001118845,-0.002182973,-0.003683808,-0.002264715,0.000862917,0.00318287,0.002910818,0.000385307,-0.002284638,-0.002976226,-0.001250296,0.001377845,0.002754085,0.00185221,-0.000463203,-0.002246996,-0.002113497,-0.00032115,0.001551496,0.001985489,0.000754766,-0.000991094,-0.001780739,-0.001055218,0.0004534,0.001443721,0.001172836,1.31E-05,-0.000975466,-0.001002956,-0.000177794,0.000692605,0.000869456,0.000298964,-0.000434643,-0.000699107,-0.000365319,0.000160222,0.000382382,0.000177047,-0.00015905,-0.000260544,-6.13E-05,0.000182247,0.000199737,1.93E-06,-0.000146202,-3.49E-05,0.000237827,0.000350373,0.000105117,-0.000324306,-0.000525752,-0.000258213,0.000267781,0.000548024,0.00026588,-0.000362381,-0.000742587,-0.000453123,0.000318766,0.000896856,0.000723716,-9.38E-05,-0.000834474,-0.000803628,6.06E-06,0.000864569,0.000950779,0.000123863,-0.000903454,-0.001186201,-0.000419796,0.000743388,0.001257048,0.000635604,-0.000574393,-0.00126564,-0.000779648,0.000466306,0.001332239,0.000992415,-0.000286866,-0.001359316,-0.001233241,8.20E-06,0.001256927,0.001378163,0.000254901,-0.001086987,-0.001407822,-0.000397812,0.001019665,0.001522012,0.000606879,-0.000925511,-0.001686346,-0.000968284,0.000594413,0.001593649,0.00113473,-0.000338206,-0.001445855,-0.001145798,0.000296603,0.001540533,0.001402896,-4.01E-05,-0.001504701,-0.001668602,-0.000385622,0.001175194,0.0016016,0.000536614,-0.000996085,-0.001544067,-0.000577821
-0.005313752,-0.003174372,-0.002345745,-0.001615744,-0.000868972,-0.000138661,0.000527471,0.001071248,0.001414021,0.001466573,0.001166373,0.000525017,-0.00034232,-0.001225627,-0.001867552,-0.002033958,-0.001587378,-0.000547609,0.000874219,0.002285949,0.003190575,0.00313662,0.001915088,-0.000271656,-0.002768913,-0.004630214,-0.00496863,-0.003378107,-0.000227167,0.00335908,0.005892268,0.00616682,0.003874453,-0.000136513,-0.004149288,-0.006342118,-0.005684519,-0.002500966,0.001637657,0.00469342,0.005226382,0.003159387,-0.000209238,-0.00297513,-0.003734935,-0.002362501,2.12E-05,0.001848426,0.002133749,0.001043073,-0.000364535,-0.000999599,-0.000555676,0.000334058,0.000698321,9.43E-05,-0.000974564,-0.001457163,-0.000675327,0.00099118,0.002273175,0.001984247,5.81E-05,-0.002222978,-0.003098769,-0.00170535,0.001123211,0.003340839,0.00319494,0.000630645,-0.002539872,-0.003930441,-0.002406776,0.000970094,0.003676679,0.003635674,0.000841677,-0.002588543,-0.004026678,-0.002372852,0.001077356,0.003640198,0.003345384,0.000474081,-0.00268641,-0.003669509,-0.001774176,0.001421883,0.003367658,0.002586846,-0.000186116,-0.002668998,-0.002909715,-0.0008307,0.001792762,0.002843005,0.00157705,-0.000849785,-0.002422091,-0.00194249,5.16E-05,0.001837611,0.001988417,0.000512551,-0.001259656,-0.001865519,-0.000917485,0.000670088,0.001546829,0.001077746,-0.000202285,-0.001148994,-0.001022105,-5.76E-05,0.00083993,0.00093428,0.000255888,-0.000522577,-0.000743682,-0.000324014,0.00026012,0.00047473,0.000208776,-0.000196185,-0.000334547,-0.000127771,0.000152823,0.000209439,2.92E-05,-0.000132515,-5.65E-05,0.000184105,0.000295813,9.13E-05,-0.000275968,-0.000436307,-0.000182321,0.000280993,0.00049616,0.000199808,-0.000378044,-0.000685777,-0.000368369,0.000354243,0.000840314,0.0006093,-0.000178492,-0.000821886,-0.000707548,9.85E-05,0.000867178,0.000855294,1.08E-05,-0.000933886,-0.001103497,-0.000293189,0.000804332,0.001200501,0.000516453,-0.000640985,-0.001207127,-0.000633854,0.000581088,0.001320348,0.000865654,-0.000419589,-0.001389571,-0.00115058,0.000107487,0.001259003,0.001258677,0.000106143,-0.001135317,-0.001304157,-0.000216417,0.001142705,0.001507484,0.000498932,-0.001004914,-0.001652958,-0.000855138,0.000666832,0.001530026,0.000957434,-0.000502201,-0.001473436,-0.001024276,0.000460741,0.001617974,0.00135497,-0.000133574,-0.001527169,-0.001580767,-0.000266145,0.00120117,0.001480616,0.000342796,-0.001119934,-0.001508127,-0.000420345
-0.002684246,-0.001682185,-0.001161864,-0.000634805,-9.60E-05,0.000396814,0.000792187,0.001041824,0.001090622,0.000885611,0.000408622,-0.000285064,-0.001049496,-0.001670319,-0.001923541,-0.001650185,-0.000821655,0.00042306,0.001779919,0.002830845,0.003149273,0.002451253,0.00075341,-0.001533555,-0.003653567,-0.004732982,-0.004138761,-0.001826335,0.001505934,0.004588157,0.006067737,0.005133837,0.001982274,-0.002148838,-0.005461859,-0.006424816,-0.004549089,-0.000699186,0.003281145,0.005483865,0.004928549,0.002080062,-0.001424528,-0.003709014,-0.003716281,-0.001760123,0.00076274,0.002306501,0.00214367,0.000733966,-0.00072572,-0.001220025,-0.000625447,0.000300496,0.000615901,1.18E-05,-0.000914943,-0.001172159,-0.000266148,0.001266798,0.002185874,0.001537424,-0.000463933,-0.002431105,-0.002788683,-0.001041365,0.001690345,0.003386816,0.002643669,-0.000163612,-0.003030787,-0.003775867,-0.001728768,0.001665423,0.003870329,0.003183646,8.49E-05,-0.003079619,-0.003881999,-0.001699439,0.00178197,0.003869288,0.002964107,-0.000191153,-0.00311232,-0.003541999,-0.001219562,0.001952789,0.003460409,0.002180434,-0.000769609,-0.002991825,-0.002760649,-0.000372152,0.002176102,0.00285809,0.001243623,-0.001237695,-0.002546424,-0.00171189,0.000447356,0.002097221,0.001941594,0.000239031,-0.001517282,-0.001907767,-0.000739464,0.000895547,0.001624019,0.000944607,-0.000439245,-0.001315098,-0.001015794,8.26E-05,0.000985146,0.000976955,0.000188196,-0.000619088,-0.000775093,-0.00025784,0.000379625,0.000570358,0.000229442,-0.000246748,-0.00041235,-0.000185421,0.000137058,0.000225608,4.86E-05,-0.000137794,-9.72E-05,0.000122403,0.000247351,9.11E-05,-0.000217489,-0.000346696,-0.000113494,0.000289469,0.000450132,0.000149738,-0.000377064,-0.000623251,-0.000293302,0.000370998,0.00076831,0.000491199,-0.000256838,-0.00080294,-0.000614007,0.000179901,0.000859839,0.000761983,-8.58E-05,-0.000942515,-0.001007489,-0.000169124,0.00085156,0.001131281,0.000394725,-0.000701731,-0.001144563,-0.000494591,0.000680217,0.001295046,0.000739549,-0.00053568,-0.001397387,-0.001053842,0.000205656,0.001250036,0.001129861,-4.31E-05,-0.001179009,-0.001201029,-4.72E-05,0.001246523,0.001479806,0.000394762,-0.001064252,-0.001595088,-0.00072666,0.000740575,0.001459876,0.000775574,-0.000665259,-0.001500548,-0.000911868,0.000603943,0.00167153,0.001294394,-0.000220075,-0.001526986,-0.001467769,-0.000130827,0.001231343,0.001358603,0.000149583,-0.001241883,-0.00147623,-0.00027905
0.000252349,4.18E-06,0.000157793,0.000419949,0.000683229,0.000873866,0.00094725,0.00087523,0.000634085,0.000210194,-0.00037411,-0.001032075,-0.001606985,-0.001904707,-0.001757742,-0.001096348,1.46E-06,0.00130003,0.00244336,0.003037486,0.002769671,0.00154216,-0.000422465,-0.002564931,-0.004113011,-0.004347244,-0.00293122,-0.000160631,0.00302343,0.005331711,0.005661373,0.003647012,-5.32E-05,-0.003934794,-0.006273358,-0.005942573,-0.003018238,0.001177669,0.00467683,0.005842975,0.004222643,0.000787395,-0.002599553,-0.004216357,-0.003426687,-0.000976271,0.001535465,0.002672422,0.002017033,0.000319509,-0.001127154,-0.001425418,-0.000652892,0.000317208,0.00058762,-1.54E-05,-0.00081577,-0.000891775,7.74E-05,0.001434971,0.002004993,0.001071602,-0.000909333,-0.002509024,-0.002379192,-0.00037962,0.002148943,0.003288551,0.002012724,-0.000913523,-0.003379358,-0.003476774,-0.001002695,0.002281547,0.003916785,0.002622634,-0.000666745,-0.003460627,-0.003607486,-0.000973534,0.002424448,0.003969674,0.002482594,-0.000857945,-0.003446271,-0.003301901,-0.000614724,0.002440572,0.003457499,0.001703211,-0.001345657,-0.003238243,-0.002527094,0.000115827,0.002516084,0.002794642,0.000856799,-0.001618088,-0.002615878,-0.00142718,0.000853537,0.002318225,0.00184021,-6.21E-05,-0.001756328,-0.001902203,-0.000521333,0.001126218,0.001673411,0.000776948,-0.000689413,-0.001464844,-0.000979283,0.0002416,0.001123124,0.000992421,9.36E-05,-0.0007241,-0.000793566,-0.0001698,0.000512849,0.00066295,0.00023551,-0.00030984,-0.000489575,-0.000229072,0.000138671,0.000250038,6.14E-05,-0.000159674,-0.000152972,5.66E-05,0.000206763,0.000102772,-0.000153416,-0.000262222,-5.57E-05,0.00029129,0.000409186,0.000114658,-0.000361287,-0.000556835,-0.000228145,0.000371335,0.000685059,0.000373698,-0.000326282,-0.000777167,-0.00052365,0.000249868,0.00084335,0.000672039,-0.000165446,-0.000930767,-0.000900724,-4.98E-05,0.00088433,0.001049984,0.00027106,-0.000757295,-0.001080164,-0.00036455,0.000762072,0.001256602,0.000615812,-0.000633134,-0.00138121,-0.000941641,0.000304833,0.001233376,0.000995566,-0.000190267,-0.001218068,-0.001101401,0.00010492,0.001326077,0.001434826,0.000291263,-0.001105872,-0.001514208,-0.000582634,0.000818479,0.001388708,0.000595997,-0.000821381,-0.001523925,-0.000808643,0.000723517,0.001697147,0.0012167,-0.00030401,-0.001508219,-0.001332447,1.99E-05,0.001268578,0.001241249,-3.63E-05,-0.001356705,-0.001446415,-0.000155654
0.003054906,0.001633172,0.001414739,0.001386641,0.00134492,0.001211379,0.000958324,0.000585307,0.000103392,-0.00046427,-0.001064832,-0.001597513,-0.001917533,-0.001874008,-0.001372252,-0.000433883,0.000773783,0.001955525,0.002753457,0.002847178,0.002068673,0.000502361,-0.001469685,-0.003221028,-0.004055593,-0.003476363,-0.001454736,0.001434775,0.004128897,0.005456003,0.004658964,0.001825197,-0.002018971,-0.005265017,-0.006424366,-0.004864056,-0.00119404,0.002943025,0.005633738,0.005650141,0.003095452,-0.00063795,-0.003611974,-0.004395037,-0.002825737,-3.73E-05,0.002273512,0.002880586,0.001719303,-0.000194551,-0.001533647,-0.001570957,-0.000600573,0.000405635,0.0006174,8.23E-07,-0.000701832,-0.000647632,0.000327248,0.001483098,0.001740281,0.000613934,-0.001250215,-0.002447624,-0.001889216,0.000242011,0.002465694,0.003040479,0.001330988,-0.001571401,-0.003547631,-0.003027359,-0.000255745,0.002779647,0.003794123,0.001963098,-0.001378988,-0.003699217,-0.003197485,-0.000221708,0.002963227,0.00391197,0.001901092,-0.001500596,-0.003658686,-0.00293806,2.64E-05,0.002859195,0.003342631,0.001162553,-0.00188726,-0.0033798,-0.002197367,0.000623137,0.002791573,0.002637677,0.000417992,-0.00197697,-0.002617654,-0.00108913,0.001254338,0.002479769,0.001671634,-0.000388652,-0.001964162,-0.0018365,-0.000259563,0.001356806,0.001688383,0.000575169,-0.000942934,-0.001584073,-0.00090257,0.000419915,0.001246237,0.000971135,-3.34E-05,-0.000837725,-0.000797389,-6.13E-05,0.000653252,0.000743333,0.000220237,-0.000385979,-0.000560595,-0.000250505,0.000164286,0.00028586,6.85E-05,-0.000196685,-0.0002201,-8.04E-06,0.000177625,0.000125638,-8.90E-05,-0.000190554,-1.57E-05,0.000282745,0.000372489,9.47E-05,-0.000331572,-0.00048848,-0.000174245,0.00035659,0.000595175,0.000263075,-0.000381709,-0.000742639,-0.00043755,0.000306454,0.000817033,0.000586664,-0.000226664,-0.000898684,-0.000785772,6.09E-05,0.000899838,0.000956326,0.00014701,-0.000806603,-0.001015307,-0.000247456,0.000822786,0.001203584,0.000496394,-0.000707923,-0.001337225,-0.000811645,0.000406559,0.001211485,0.000859943,-0.000330767,-0.001250491,-0.001007845,0.000233219,0.001372945,0.001365617,0.000184534,-0.001131205,-0.001410646,-0.000422679,0.000902755,0.001321986,0.000427263,-0.000961417,-0.001537446,-0.000713951,0.000814923,0.001687658,0.001114991,-0.000390548,-0.001474472,-0.001177329,0.000185227,0.001315037,0.001134724,-0.000206023,-0.001455997,-0.001414629,-5.23E-05
0.005328943,0.002972854,0.00243244,0.002134923,0.001807857,0.001379081,0.000843575,0.000230677,-0.000415939,-0.001043485,-0.001580822,-0.001929296,-0.001973181,-0.001618208,-0.0008465,0.000239026,0.001407482,0.002342149,0.002724793,0.00234042,0.001174084,-0.000531978,-0.00229253,-0.003488583,-0.003568201,-0.002289574,9.11E-05,0.002800532,0.004766142,0.005036892,0.003247907,-9.83E-05,-0.003722125,-0.006059405,-0.005974536,-0.003358773,0.00071762,0.004438681,0.006098843,0.0049649,0.001677416,-0.002061438,-0.004381585,-0.004243558,-0.001975133,0.000972949,0.002912714,0.002909771,0.001270455,-0.000765812,-0.001902208,-0.00162746,-0.000457701,0.000559731,0.000685947,3.28E-05,-0.00060086,-0.000456385,0.000487376,0.001436596,0.00142642,0.000188049,-0.00149041,-0.002278734,-0.001360604,0.000797958,0.002648629,0.002680066,0.000641443,-0.002116711,-0.003550312,-0.002466148,0.00047744,0.003153442,0.003528455,0.001244587,-0.002026808,-0.003801937,-0.002684283,0.000521549,0.003385311,0.003711562,0.001249452,-0.002098198,-0.003752875,-0.002474454,0.000677819,0.003199717,0.003129503,0.000583675,-0.002376102,-0.003416741,-0.001787203,0.001132761,0.002998024,0.002398128,-5.55E-05,-0.002304227,-0.002556148,-0.000712915,0.001634885,0.002576862,0.001441956,-0.000730613,-0.002135899,-0.0017149,3.63E-05,0.001580391,0.001670436,0.000348567,-0.001188766,-0.001666582,-0.000786618,0.000612438,0.001350638,0.000913865,-0.000188623,-0.000956532,-0.000787925,6.10E-05,0.000792149,0.000805306,0.000182465,-0.0004722,-0.000621589,-0.000247913,0.000213377,0.000332453,7.19E-05,-0.000243303,-0.000291511,-6.65E-05,0.000160716,0.000156254,-2.95E-05,-0.00013575,4.64E-06,0.000263008,0.000338052,8.57E-05,-0.000292676,-0.000420773,-0.000129948,0.000332246,0.000505275,0.000164058,-0.000421481,-0.000699625,-0.000355711,0.000350961,0.000782391,0.00050532,-0.000273241,-0.000852244,-0.000667828,0.000161122,0.000899958,0.000853855,2.52E-05,-0.000849059,-0.000950361,-0.000142769,0.000864498,0.001138383,0.000381635,-0.000762905,-0.001270253,-0.000667768,0.000510196,0.001187129,0.000727172,-0.000461388,-0.001274805,-0.000919727,0.000338803,0.001388807,0.001272746,7.21E-05,-0.0011462,-0.001291779,-0.000252385,0.000991874,0.001262213,0.000274033,-0.00108052,-0.001536755,-0.00062344,0.000882799,0.001646904,0.000990147,-0.000483378,-0.001433471,-0.0010114,0.00035821,0.001368096,0.001040404,-0.000355721,-0.001535234,-0.001376071,3.60E-05
0.00680724,0.003864828,0.003091488,0.002579182,0.002022525,0.001364317,0.000624323,-0.000140534,-0.000860169,-0.001462181,-0.001870181,-0.002001802,-0.001782347,-0.001179648,-0.000247408,0.000848549,0.001844242,0.002438261,0.002385178,0.001592818,0.000190798,-0.001458884,-0.002828827,-0.003373896,-0.002733642,-0.00092684,0.001552978,0.003824165,0.004908676,0.004150228,0.001584463,-0.001941426,-0.005022141,-0.006271548,-0.00498726,-0.001571367,0.002551449,0.005544788,0.006040603,0.00384629,8.19E-05,-0.003370595,-0.004843926,-0.003764277,-0.00093006,0.001981278,0.003397909,0.002742632,0.000689326,-0.001356177,-0.002195682,-0.001572263,-0.000219809,0.000769119,0.000773972,5.83E-05,-0.000531523,-0.000326592,0.000564207,0.001315966,0.001089189,-0.000188863,-0.001632477,-0.002025078,-0.000823803,0.001268711,0.002702142,0.00223361,-2.43E-05,-0.002533148,-0.003397039,-0.001821863,0.001168922,0.003394957,0.003136906,0.000496985,-0.00258848,-0.003769837,-0.002089896,0.001229613,0.003678204,0.003377758,0.000550458,-0.002632006,-0.003727705,-0.001927576,0.001318177,0.00345151,0.002825034,-1.52E-05,-0.002796482,-0.003346669,-0.001307555,0.001630217,0.003129045,0.002082286,-0.000550149,-0.002589375,-0.002431555,-0.000308585,0.001983122,0.002603872,0.0011547,-0.001079697,-0.002266011,-0.001539189,0.000358676,0.001789833,0.00161837,0.000102819,-0.001418389,-0.001706598,-0.000631322,0.000815179,0.001432563,0.00082049,-0.000368486,-0.001076694,-0.000764644,0.000193184,0.00092309,0.000843617,0.00012068,-0.000566511,-0.000669515,-0.000219746,0.000285363,0.000388678,7.23E-05,-0.000296069,-0.000362067,-0.000114454,0.000157201,0.000192495,2.15E-05,-0.00010094,3.90E-06,0.000231594,0.000304803,8.51E-05,-0.000247895,-0.000355814,-9.45E-05,0.000301961,0.000420229,8.05E-05,-0.000443917,-0.000648176,-0.000278496,0.000383671,0.00073997,0.000427471,-0.000307794,-0.000795677,-0.000550896,0.000249103,0.000885705,0.000745413,-9.15E-05,-0.000882993,-0.000884687,-4.99E-05,0.000888463,0.001062353,0.000271622,-0.000800221,-0.001184189,-0.000513851,0.000613885,0.001161169,0.000600006,-0.000579057,-0.001288682,-0.00083543,0.000423202,0.00137527,0.001157067,-4.74E-05,-0.001154731,-0.001163219,-7.70E-05,0.001082981,0.001209693,0.000139077,-0.001174797,-0.001517797,-0.0005331,0.000931102,0.0015782,0.00084353,-0.000584347,-0.001390379,-0.000841663,0.000532479,0.001424,0.000957907,-0.00048309,-0.001590503,-0.001326168,0.00011411
0.007225041,0.004151628,0.003273606,0.002635596,0.001941978,0.001157622,0.000325274,-0.000477214,-0.00116362,-0.001654712,-0.001882458,-0.001792575,-0.001357874,-0.000605629,0.000353484,0.00131748,0.00202434,0.002223216,0.001765851,0.000685424,-0.000769696,-0.002169914,-0.003011588,-0.002881629,-0.00163738,0.000464736,0.002766903,0.004382249,0.00452229,0.002870974,-0.000167355,-0.003507154,-0.005760955,-0.005841894,-0.003523362,0.00034305,0.004121696,0.006118983,0.005412509,0.002352736,-0.001563662,-0.004430318,-0.004913824,-0.002949896,0.00024954,0.002899392,0.003656906,0.002351547,-4.95E-06,-0.001919093,-0.00236671,-0.001376828,0.000116912,0.001018491,0.00085727,5.35E-05,-0.000511641,-0.000265553,0.00056383,0.001140212,0.000754137,-0.000496542,-0.001673327,-0.001704761,-0.000309607,0.001628588,0.002622186,0.001722568,-0.000632018,-0.002795624,-0.003088677,-0.001121121,0.001784051,0.00348497,0.002628713,-0.000248584,-0.003032614,-0.003592707,-0.001431527,0.001870966,0.00381873,0.002911553,-0.000172802,-0.003074668,-0.003571667,-0.001309513,0.001921468,0.003593901,0.002428279,-0.000615955,-0.003125625,-0.003158789,-0.000766208,0.002096802,0.00317024,0.001690994,-0.001051017,-0.002815347,-0.002237257,0.000115872,0.002283287,0.002549132,0.000809923,-0.00142605,-0.00234399,-0.001306955,0.000700293,0.00197416,0.001526293,-0.000158468,-0.001621553,-0.001694617,-0.000433928,0.00102382,0.001485566,0.000688259,-0.000570012,-0.001192384,-0.000724199,0.000332724,0.001038955,0.000850895,3.15E-05,-0.000667231,-0.000700139,-0.000162905,0.000380285,0.00045264,6.88E-05,-0.000352653,-0.000426586,-0.000146595,0.000169615,0.000232894,5.97E-05,-9.04E-05,-2.04E-05,0.000187956,0.000272501,9.15E-05,-0.000200094,-0.000296246,-6.82E-05,0.000268645,0.000345191,1.75E-05,-0.000446106,-0.000588021,-0.000207127,0.000403487,0.00068946,0.000352831,-0.000331949,-0.000732508,-0.000439337,0.000321758,0.000857037,0.000633978,-0.000198896,-0.000904939,-0.00081674,3.14E-05,0.000894657,0.000975973,0.000166675,-0.000821087,-0.001082452,-0.000354534,0.00071401,0.001133,0.000481165,-0.000679235,-0.001287915,-0.000752356,0.00048759,0.001332989,0.00101905,-0.00017427,-0.001159569,-0.001030282,9.71E-05,0.001171217,0.001163275,2.53E-05,-0.001238856,-0.00147485,-0.000438269,0.00096327,0.001484074,0.00067648,-0.00069441,-0.001349461,-0.000675323,0.000700058,0.001477013,0.000885842,-0.000585116,-0.001616128,-0.001258788,0.000187163
0.006538675,0.003801415,0.002959885,0.002301995,0.001582649,0.000792338,-8.80E-06,-0.000731934,-0.001287028,-0.001600876,-0.001624984,-0.001339896,-0.000765243,2.29E-05,0.000878072,0.001592073,0.001937354,0.00173997,0.000958987,-0.000260665,-0.001590682,-0.002590466,-0.002838196,-0.002090962,-0.000422844,0.001720548,0.003603559,0.004430663,0.003671311,0.001355841,-0.001811604,-0.004632482,-0.005871769,-0.004827477,-0.001742497,0.002184934,0.005267381,0.006099651,0.004269751,0.000624348,-0.003098769,-0.00512661,-0.004562714,-0.001854284,0.00146564,0.003636015,0.003643223,0.001744723,-0.000766601,-0.002401317,-0.00238033,-0.001035196,0.000534,0.001277636,0.000906467,-2.11E-06,-0.000548148,-0.000265285,0.000507915,0.000938798,0.000447526,-0.000724251,-0.001624218,-0.001345829,0.000153188,0.001866114,0.002422852,0.001178328,-0.001153672,-0.002899372,-0.002648975,-0.000402446,0.002293657,0.003421947,0.002029845,-0.000957099,-0.003338972,-0.003277651,-0.000736394,0.002419578,0.003801823,0.002332945,-0.000889333,-0.003405774,-0.003288335,-0.000643855,0.002461676,0.003616267,0.001949245,-0.001198203,-0.003349829,-0.002856977,-0.000181542,0.002513529,0.003115819,0.001235183,-0.001539115,-0.002968565,-0.001973304,0.000549474,0.00252398,0.002410498,0.000416285,-0.001757343,-0.0023636,-0.001022846,0.001049023,0.002122303,0.001391005,-0.000430254,-0.001790628,-0.00162715,-0.000197628,0.001231709,0.001505505,0.000519409,-0.000785698,-0.001295787,-0.000663309,0.000477185,0.001134441,0.000823404,-8.48E-05,-0.000771286,-0.000711011,-7.83E-05,0.00049387,0.000519556,5.93E-05,-0.000411118,-0.000480743,-0.000159244,0.000198788,0.000275632,8.27E-05,-0.000104744,-6.66E-05,0.000134308,0.00024187,0.00010302,-0.000152521,-0.000244484,-5.09E-05,0.000235152,0.000283814,-2.26E-05,-0.000428024,-0.000520562,-0.000142765,0.000410435,0.000631468,0.00028097,-0.000348306,-0.000666986,-0.000337037,0.000377692,0.00081578,0.000523508,-0.00029273,-0.000911909,-0.000744601,0.000102762,0.000885275,0.000881055,6.65E-05,-0.000829001,-0.000971305,-0.000196703,0.000805568,0.001100867,0.000371798,-0.000759196,-0.00126922,-0.000666699,0.000536742,0.001267509,0.000863549,-0.000306642,-0.001162948,-0.000899005,0.000262181,0.001249923,0.00111895,-6.85E-05,-0.001271743,-0.001405299,-0.000334604,0.000985418,0.001371501,0.000494732,-0.000811475,-0.001313522,-0.000519295,0.000852373,0.00151965,0.000819587,-0.00066313,-0.001610476,-0.001169682,0.000261785
0.00495835,0.002929752,0.002245173,0.001663707,0.001020799,0.000332336,-0.000331709,-0.000882089,-0.001236284,-0.001337253,-0.001162766,-0.000729295,-9.68E-05,0.000624505,0.001275063,0.001666331,0.001629065,0.001079801,8.13E-05,-0.001134022,-0.002199741,-0.002713352,-0.002375049,-0.001126176,0.000766005,0.002727173,0.004025015,0.00402848,0.002498169,-0.000217051,-0.003200677,-0.00525977,-0.0054144,-0.003387369,0.000155866,0.003790763,0.005922811,0.005539951,0.002756113,-0.001168077,-0.004395111,-0.005418022,-0.003838127,-0.000577544,0.002618858,0.004135626,0.0033598,0.000968083,-0.00153878,-0.002764653,-0.002230683,-0.00056953,0.00099611,0.001513252,0.000899717,-0.000115434,-0.000633367,-0.000305134,0.000425501,0.000740228,0.0001858,-0.000875847,-0.001507681,-0.000976394,0.000549003,0.001989827,0.002132923,0.000631438,-0.00157864,-0.002863703,-0.002117729,0.000297449,0.002686199,0.003225035,0.001375247,-0.00160264,-0.003507902,-0.002848974,-3.30E-05,0.002865244,0.003644603,0.0016756,-0.001571261,-0.003620848,-0.002897227,4.17E-05,0.002922954,0.003523897,0.001407081,-0.001746273,-0.003470704,-0.002460197,0.000423122,0.002868498,0.00297215,0.000733141,-0.001998054,-0.00304502,-0.001647842,0.000981565,0.002702832,0.002197375,-1.11E-05,-0.002063171,-0.002325891,-0.000697746,0.001392169,0.002227654,0.001214055,-0.000707366,-0.00192361,-0.001508787,6.88E-05,0.001432012,0.001492361,0.00032087,-0.00100603,-0.001380128,-0.000580381,0.000624701,0.001208141,0.000762911,-0.000223861,-0.000875041,-0.000702475,2.89E-05,0.000618778,0.000583404,4.14E-05,-0.000470548,-0.000522749,-0.00015207,0.000243183,0.000319019,9.12E-05,-0.000140451,-0.000129472,7.51E-05,0.000214397,0.000118262,-0.000107667,-0.00020176,-4.17E-05,0.000203247,0.000236701,-4.17E-05,-0.000392977,-0.000448598,-8.60E-05,0.000405946,0.000567597,0.000211631,-0.000359455,-0.000602494,-0.000245821,0.000417945,0.000765148,0.000417422,-0.00037095,-0.000902987,-0.000667052,0.000167019,0.000864094,0.000780299,-2.94E-05,-0.000828428,-0.000857468,-4.67E-05,0.000884368,0.001062773,0.000271002,-0.000819437,-0.001232006,-0.000575286,0.000577123,0.001187321,0.00069818,-0.000440553,-0.001165639,-0.000773696,0.00041263,0.001313569,0.00107161,-0.000147326,-0.001277791,-0.001311262,-0.000220208,0.001003838,0.001249327,0.000306395,-0.000931052,-0.001282661,-0.000377255,0.000983968,0.001545979,0.000753235,-0.000722527,-0.001577145,-0.001058716,0.000343118
0.00269257,0.001652171,0.001223315,0.00080325,0.000327904,-0.000164821,-0.000604115,-0.000911046,-0.001020856,-0.000900242,-0.000556125,-3.73E-05,0.000566705,0.001130017,0.001502213,0.001537255,0.001140323,0.000321386,-0.000768034,-0.001840687,-0.002536104,-0.002532493,-0.001677425,-9.08E-05,0.001809014,0.003389371,0.003998416,0.003223673,0.001121301,-0.001697619,-0.004207879,-0.005336404,-0.004435564,-0.001654963,0.001999432,0.005014114,0.006022683,0.004478059,0.000993382,-0.00287187,-0.005330792,-0.005256825,-0.002774145,0.000792439,0.003614493,0.004338842,0.002801213,6.05E-05,-0.002266579,-0.002967997,-0.001907342,9.76E-07,0.00146831,0.001691462,0.00081575,-0.000291471,-0.000757886,-0.000365673,0.000340801,0.000567118,-1.73E-05,-0.000952142,-0.001338909,-0.000618029,0.000862817,0.002001614,0.001771485,0.000106651,-0.001893492,-0.002697833,-0.001524075,0.000945609,0.00294431,0.002902197,0.000691515,-0.002158639,-0.00353063,-0.002320234,0.000654325,0.003192305,0.00335297,0.0009644,-0.002190828,-0.003707196,-0.002407799,0.000723991,0.003285139,0.003312869,0.000814146,-0.002243672,-0.003482224,-0.001978903,0.001027526,0.00314554,0.002737754,0.000197875,-0.002410413,-0.003034743,-0.001263217,0.001402514,0.002813105,0.001913005,-0.000460303,-0.002331244,-0.002226778,-0.000338294,0.001717342,0.002280276,0.000993088,-0.000985878,-0.002016214,-0.001340288,0.000359045,0.001617132,0.00144306,9.67E-05,-0.00122219,-0.001437004,-0.000471503,0.000774458,0.00125769,0.000669115,-0.000382901,-0.000974699,-0.000673236,0.000155684,0.000748481,0.000637548,1.15E-05,-0.000531034,-0.000550756,-0.000123768,0.000302336,0.000361683,8.47E-05,-0.000195165,-0.00020452,1.49E-05,0.000192559,0.000136856,-6.76E-05,-0.000169898,-4.08E-05,0.000173884,0.000204606,-4.04E-05,-0.000343339,-0.000374841,-3.84E-05,0.000390306,0.000499068,0.000145391,-0.00036646,-0.000541309,-0.000167626,0.000442413,0.000707187,0.000318901,-0.000430699,-0.000876373,-0.000582932,0.000225629,0.000833274,0.000675691,-0.000120848,-0.000822055,-0.000746197,8.93E-05,0.000945411,0.001015953,0.000178087,-0.000859348,-0.001174753,-0.000475292,0.00061347,0.001098868,0.000529569,-0.000571452,-0.001166874,-0.000657499,0.000542774,0.001355956,0.001015884,-0.00021521,-0.001259835,-0.001193932,-9.38E-05,0.00102286,0.001124368,0.000118782,-0.001047938,-0.001255641,-0.00025209,0.001089229,0.001549607,0.000681131,-0.000767436,-0.001518238,-0.000925325,0.000435068
4.98E-05,0.000141304,3.29E-05,-0.000160944,-0.000397645,-0.000624394,-0.000779681,-0.000805215,-0.000662237,-0.000345251,0.000111582,0.000635991,0.001125013,0.00145751,0.001514341,0.001209292,0.000528337,-0.000435009,-0.001468239,-0.002270945,-0.002533703,-0.002049055,-0.000818831,0.000887728,0.002564194,0.003600284,0.003495106,0.002084913,-0.000308989,-0.002902974,-0.004684844,-0.004808764,-0.003004544,0.000195894,0.003570674,0.005674617,0.005491862,0.002970584,-0.000856718,-0.004288229,-0.005749213,-0.00458449,-0.001419914,0.002135906,0.004324706,0.004166414,0.001962287,-0.000922159,-0.002872326,-0.002953916,-0.001397214,0.000646832,0.001899472,0.001764934,0.000628015,-0.000532137,-0.000904786,-0.000420005,0.000282998,0.000444644,-0.000146841,-0.000953436,-0.001134098,-0.000295478,0.001075219,0.00190048,0.001358949,-0.000365583,-0.002078074,-0.002408337,-0.000901803,0.001498652,0.003040337,0.002457836,1.09E-05,-0.002587278,-0.003389217,-0.00170419,0.001293552,0.003374636,0.002927906,0.000229107,-0.002708453,-0.003641368,-0.001827155,0.001372178,0.003516529,0.002971843,0.00018433,-0.002665504,-0.003370267,-0.001422475,0.001604301,0.003318287,0.002405207,-0.000355264,-0.002750292,-0.002919552,-0.000819461,0.001798419,0.002841631,0.001557822,-0.000916046,-0.002542117,-0.002056642,4.88E-05,0.00200679,0.002263649,0.000722439,-0.001260415,-0.002060301,-0.001120107,0.000665081,0.001775114,0.00135075,-0.000149426,-0.001421916,-0.001453223,-0.00032966,0.000925715,0.001278856,0.000540256,-0.000558514,-0.001064254,-0.000620025,0.000298791,0.000874068,0.000671936,-3.68E-05,-0.000593391,-0.000562107,-7.19E-05,0.000376082,0.000401661,6.26E-05,-0.000266271,-0.000285696,-3.95E-05,0.000180787,0.000159211,-3.49E-05,-0.000151938,-4.97E-05,0.000147727,0.000188497,-1.94E-05,-0.000282112,-0.000303307,-2.74E-06,0.000363239,0.000427649,8.41E-05,-0.000369352,-0.000485577,-0.000105106,0.000450183,0.000643899,0.000232089,-0.000467715,-0.000829356,-0.000491153,0.000279367,0.000794525,0.000569644,-0.000206641,-0.000811888,-0.000643358,0.00020328,0.000981365,0.000956137,9.22E-05,-0.000877509,-0.001095166,-0.000363687,0.000650532,0.001009319,0.000366288,-0.000692178,-0.001163947,-0.000553432,0.000645226,0.001368335,0.000944344,-0.000277266,-0.001221011,-0.001054935,4.51E-05,0.00104634,0.001004241,-5.85E-05,-0.001153943,-0.001229139,-0.000146591,0.001160803,0.001521772,0.000595868,-0.000802704,-0.001436041,-0.000769193,0.000541249
-0.002531498,-0.001349127,-0.001129754,-0.001076369,-0.001049478,-0.00098911,-0.000850456,-0.000601907,-0.000234041,0.000231518,0.000738959,0.001203127,0.00152185,0.001594559,0.001346588,0.000757811,-0.000109809,-0.001097185,-0.001960402,-0.002420921,-0.002250621,-0.001370051,7.69E-05,0.001712023,0.003001136,0.003418471,0.002654426,0.000792034,-0.001634028,-0.003757284,-0.004675536,-0.003834929,-0.001342985,0.001958734,0.004754869,0.005791892,0.004473993,0.001225429,-0.002605765,-0.005319566,-0.005672194,-0.003517948,7.49E-05,0.003339508,0.004715816,0.003665213,0.000934303,-0.001894599,-0.003314907,-0.002735572,-0.000750794,0.001309803,0.002248627,0.001720282,0.000346952,-0.000813544,-0.001046443,-0.00044336,0.000268915,0.000376664,-0.00021475,-0.000904115,-0.000918243,-1.89E-05,0.001200301,0.001719834,0.000929096,-0.000773313,-0.00215273,-0.002037925,-0.000290592,0.001944473,0.002996521,0.001932252,-0.000636641,-0.002890124,-0.003115144,-0.001039304,0.001867227,0.003428924,0.002409157,-0.000494402,-0.003115418,-0.003445011,-0.001189026,0.001966069,0.003624301,0.00252809,-0.0004571,-0.003008343,-0.003156243,-0.000821939,0.002134115,0.00339058,0.001995509,-0.000905786,-0.003012975,-0.00271214,-0.000334519,0.002161748,0.002798287,0.001152644,-0.001360768,-0.002692359,-0.001826017,0.00044895,0.002253134,0.00218153,0.000411402,-0.001526007,-0.002061231,-0.000861631,0.000973923,0.001901148,0.001220455,-0.000407608,-0.001597757,-0.001427472,-0.000157674,0.001076925,0.001275443,0.00038493,-0.000741967,-0.001139986,-0.000546047,0.00045047,0.000987795,0.000682159,-0.000104519,-0.00065798,-0.000559177,-1.35E-06,0.00045965,0.000437497,2.82E-05,-0.000346264,-0.000364908,-8.25E-05,0.000180941,0.00018496,-9.91E-06,-0.000146863,-6.69E-05,0.000124111,0.000184239,1.43E-05,-0.000216002,-0.000237619,2.15E-05,0.000327852,0.00035633,2.88E-05,-0.000368454,-0.000435053,-5.59E-05,0.000445194,0.00057848,0.00015719,-0.000484989,-0.000765926,-0.000393771,0.000329496,0.000751237,0.000464987,-0.000286409,-0.000799785,-0.000551004,0.000294661,0.000992887,0.000883159,1.06E-05,-0.000879171,-0.000998291,-0.000242191,0.000691231,0.000924815,0.00021477,-0.000798171,-0.001154273,-0.000459601,0.000721964,0.001351762,0.000854985,-0.0003398,-0.001170628,-0.000903083,0.000191675,0.001074904,0.000893589,-0.000219317,-0.001243619,-0.001198461,-5.63E-05,0.001202663,0.001464174,0.000494842,-0.00083556,-0.001340017,-0.000598001,0.000659021
-0.004725108,-0.002630204,-0.002118372,-0.001829772,-0.001548819,-0.001216767,-0.0008108,-0.000328869,0.000209367,0.00075927,0.001251561,0.001599786,0.001715785,0.001531493,0.001023712,0.000236766,-0.000704129,-0.001598037,-0.002200563,-0.002285542,-0.001726112,-0.000570544,0.000921073,0.002310062,0.003093734,0.002880698,0.001572183,-0.000526793,-0.002736134,-0.004198035,-0.004201723,-0.002520957,0.000391068,0.003478218,0.005456064,0.005365074,0.003062488,-0.000607591,-0.004106951,-0.005877792,-0.005098797,-0.002133626,0.001597953,0.004306945,0.004746279,0.002857534,-0.000217576,-0.002785929,-0.00355121,-0.002312347,-2.40E-06,0.001942352,0.002477599,0.001541557,-2.10E-05,-0.001115332,-0.001158951,-0.000415962,0.000310126,0.000364838,-0.000229301,-0.000819634,-0.000707605,0.000203303,0.001243907,0.001478826,0.000504659,-0.00110411,-0.002124734,-0.001611433,0.000280824,0.002267512,0.00281972,0.001349484,-0.001226663,-0.003058989,-0.002722051,-0.000351119,0.002356341,0.003356684,0.001818436,-0.001178538,-0.003396303,-0.00312392,-0.000514426,0.002485586,0.00360362,0.001994288,-0.001090798,-0.003261591,-0.002846806,-0.000196835,0.002598008,0.00335639,0.001517976,-0.001437588,-0.003188013,-0.002414553,0.000180445,0.002482519,0.00268321,0.000708596,-0.001779784,-0.00277345,-0.001537278,0.000852172,0.002446856,0.002031305,6.44E-05,-0.001776868,-0.002018306,-0.000571366,0.00127553,0.001988072,0.001052123,-0.000671659,-0.001742017,-0.001355337,4.43E-05,0.001226091,0.00124758,0.000207263,-0.000926887,-0.001197203,-0.000451372,0.000605878,0.001082883,0.000662929,-0.000193928,-0.000724939,-0.000542353,8.59E-05,0.000549919,0.000467304,-1.69E-05,-0.000430362,-0.000435848,-0.000108952,0.000195521,0.000214154,6.60E-06,-0.00015503,-9.23E-05,0.000102675,0.00018962,5.66E-05,-0.000149794,-0.000181141,3.35E-05,0.000285907,0.000287752,-1.86E-05,-0.000363039,-0.000389503,-1.92E-05,0.000429231,0.000512858,9.50E-05,-0.000483634,-0.000688417,-0.000292751,0.000375781,0.000705028,0.000364015,-0.000358704,-0.000785883,-0.0004704,0.000362094,0.000979131,0.000796295,-6.83E-05,-0.000867024,-0.000887198,-0.000112584,0.00073646,0.000849016,8.01E-05,-0.000884662,-0.001134632,-0.000374448,0.000773364,0.001305644,0.000745814,-0.00040678,-0.001114431,-0.000744461,0.000341719,0.001107739,0.000795232,-0.000358671,-0.001311382,-0.001158983,2.20E-05,0.001216467,0.001376789,0.000375875,-0.000870518,-0.00123619,-0.000417321,0.000785526
-0.006129386,-0.003469286,-0.002753214,-0.002282196,-0.001799483,-0.001256382,-0.000654722,-2.09E-05,0.000600827,0.001151145,0.001558483,0.001747816,0.001656696,0.001256896,0.000576125,-0.000287958,-0.00116911,-0.001855192,-0.002133993,-0.001857024,-0.001006488,0.000258574,0.001604231,0.002590598,0.002805019,0.00202658,0.000362239,-0.001713842,-0.003465193,-0.004138662,-0.003279578,-0.000990491,0.002002241,0.004553432,0.005540563,0.004378055,0.001365024,-0.002339226,-0.005163613,-0.005834024,-0.00401234,-0.00052258,0.002999508,0.004899499,0.004345661,0.001761627,-0.001408445,-0.003493851,-0.00351137,-0.001673577,0.000804747,0.002476633,0.002528421,0.001202918,-0.00046706,-0.001406959,-0.001207594,-0.000311719,0.000419264,0.000409089,-0.000200652,-0.000716965,-0.000520762,0.000358873,0.001208032,0.001195985,0.000113173,-0.001336869,-0.001994096,-0.001153526,0.000775152,0.002439452,0.002508088,0.000735264,-0.001722968,-0.003071817,-0.002217155,0.000328969,0.002727609,0.00314684,0.001175761,-0.001784968,-0.003519952,-0.002674276,0.000172456,0.002897323,0.003436142,0.001379266,-0.00168914,-0.003400869,-0.002439871,0.000430455,0.002964864,0.003197345,0.00097831,-0.001927385,-0.00325299,-0.002021312,0.000712081,0.002741289,0.00248768,0.000235557,-0.002151212,-0.002766893,-0.00118751,0.001245577,0.002570241,0.001803429,-0.000314904,-0.002001937,-0.001924523,-0.000253871,0.001555873,0.002021964,0.000841315,-0.000934345,-0.001841786,-0.001227169,0.000277793,0.001368782,0.001191714,9.92E-06,-0.001104784,-0.001227184,-0.00033326,0.000759668,0.001149195,0.000605161,-0.000309059,-0.000793707,-0.000510116,0.000188865,0.000643069,0.000487329,-7.27E-05,-0.000513347,-0.000489981,-0.000110876,0.000228795,0.000246875,1.25E-05,-0.0001782,-0.000126149,8.34E-05,0.000203017,0.000103252,-8.95E-05,-0.000139026,3.16E-05,0.000239239,0.000225991,-5.41E-05,-0.000351181,-0.000348773,4.86E-06,0.000403264,0.000449093,4.71E-05,-0.000463885,-0.000599334,-0.000191391,0.000416424,0.00065698,0.000270075,-0.000420108,-0.000768838,-0.000402847,0.000402842,0.00093769,0.000694232,-0.000145439,-0.000843069,-0.000765232,2.19E-05,0.00078556,0.000785377,-3.07E-05,-0.000944006,-0.001099501,-0.000295911,0.000798668,0.001227877,0.000614119,-0.000482058,-0.001058227,-0.00058639,0.00048866,0.001142094,0.000711921,-0.000469185,-0.001348386,-0.001103601,9.20E-05,0.001202874,0.001258339,0.000236264,-0.000912079,-0.001131041,-0.000234331,0.000915723
-0.006618527,-0.003788145,-0.002978111,-0.002399855,-0.001792168,-0.001122641,-0.000416812,0.000274967,0.000891452,0.001367762,0.001640426,0.001655309,0.00138188,0.00083208,7.68E-05,-0.000749524,-0.001463586,-0.001869141,-0.001809632,-0.001226105,-0.000203311,0.001016504,0.002070152,0.002566751,0.002222772,0.000998738,-0.000820151,-0.002653951,-0.003791151,-0.00365316,-0.002069117,0.000562816,0.003332907,0.005123334,0.005070079,0.002994106,-0.000415676,-0.003805812,-0.005713294,-0.005246418,-0.002560586,0.0011442,0.004156456,0.005086024,0.003574597,0.000489842,-0.002531265,-0.003962125,-0.00320446,-0.000875523,0.001603373,0.002867654,0.002393614,0.000728746,-0.000953101,-0.001655065,-0.001174341,-0.000129631,0.000583687,0.000487853,-0.000153987,-0.000617836,-0.000367486,0.000456057,0.001117194,0.000900522,-0.000228068,-0.001477739,-0.001788025,-0.000695727,0.001177903,0.002474447,0.002097369,0.000124682,-0.002114058,-0.002948518,-0.001638611,0.000969968,0.002977306,0.002823729,0.000514692,-0.00229572,-0.003496947,-0.00212726,0.000842508,0.003194975,0.0031423,0.000715098,-0.002230945,-0.003429282,-0.001957961,0.001036497,0.00322809,0.00292764,0.000399544,-0.002361325,-0.003213575,-0.001553003,0.001240088,0.002931942,0.002222236,-0.000249117,-0.00246466,-0.002676303,-0.000789934,0.001617891,0.002623274,0.001509269,-0.000712238,-0.002194285,-0.001784265,7.97E-05,0.001805787,0.00200183,0.000594318,-0.001188556,-0.001895609,-0.001048601,0.000534364,0.001500229,0.001110092,-0.000199704,-0.001268436,-0.001227397,-0.000194414,0.000907232,0.001184409,0.00051054,-0.000446064,-0.000861942,-0.000464088,0.000302558,0.000733967,0.000495524,-0.000137324,-0.000590817,-0.000523572,-8.72E-05,0.000279556,0.000281713,8.08E-06,-0.000214187,-0.000166319,6.63E-05,0.00022119,0.000149087,-3.94E-05,-0.000112551,1.74E-05,0.000191203,0.00017372,-7.68E-05,-0.000332377,-0.000311394,1.94E-05,0.000370649,0.0003885,1.13E-05,-0.000431302,-0.000505013,-9.41E-05,0.000450125,0.000608095,0.00018476,-0.000469351,-0.000747061,-0.000345075,0.000422267,0.000874497,0.000580707,-0.000221469,-0.000812155,-0.000639255,0.000155225,0.000834815,0.000732267,-0.000118472,-0.000976206,-0.00104734,-0.000219677,0.000804889,0.001126067,0.000464906,-0.000565498,-0.001006644,-0.000435988,0.000625659,0.001173014,0.000640652,-0.000552391,-0.00135449,-0.001029466,0.000159996,0.001170635,0.001117167,8.06E-05,-0.000961395,-0.00103072,-5.75E-05,0.001041716
-0.006176595,-0.003572556,-0.00278602,-0.002186253,-0.001542406,-0.00084205,-0.000130849,0.000523822,0.001052339,0.001393848,0.001501669,0.001348735,0.000937996,0.000316618,-0.000413758,-0.001101249,-0.001568828,-0.001658503,-0.001284183,-0.0004774,0.000591313,0.001630028,0.002289461,0.002267827,0.001432625,-8.28E-05,-0.001857503,-0.003273301,-0.003714324,-0.002822732,-0.000709704,0.001988438,0.004276737,0.005168231,0.004122815,0.001362637,-0.002114828,-0.004890218,-0.005730619,-0.00418778,-0.000880829,0.002723407,0.004976483,0.004856005,0.002497387,-0.000856884,-0.003497281,-0.004150056,-0.002646057,2.89E-05,0.002335787,0.003081021,0.002073245,0.000146281,-0.001442506,-0.001830814,-0.001047237,0.000125345,0.000786829,0.00057936,-0.000110591,-0.000537744,-0.000252496,0.000503603,0.000990934,0.000613776,-0.000507682,-0.001532771,-0.001527229,-0.00026047,0.001480603,0.002385924,0.00161672,-0.000454722,-0.002391477,-0.002705382,-0.001016976,0.001546902,0.003101725,0.002405626,-0.000139141,-0.002697248,-0.00333618,-0.001508191,0.001471862,0.003372856,0.002738283,2.82E-05,-0.002697575,-0.003347393,-0.00141778,0.001602844,0.003382046,0.002558406,-0.000199402,-0.002727306,-0.003073586,-0.00102654,0.001746481,0.003047278,0.001893539,-0.000732108,-0.002711381,-0.002504008,-0.00035518,0.001959406,0.00260534,0.001158247,-0.001114713,-0.002346184,-0.001599217,0.000421023,0.002017698,0.00192628,0.000315887,-0.001428448,-0.001902209,-0.000824689,0.000805913,0.001614761,0.001002967,-0.00041639,-0.001411889,-0.001195218,-3.64E-05,0.001045264,0.001187088,0.000381199,-0.000600652,-0.000926417,-0.000404551,0.000423378,0.000818204,0.000489553,-0.000209787,-0.000659983,-0.000534328,-3.77E-05,0.000346073,0.00031687,-6.74E-06,-0.00026124,-0.000210607,5.20E-05,0.000242301,0.000190717,-2.33E-06,-0.000102433,-7.18E-06,0.0001446,0.000133196,-8.55E-05,-0.000306283,-0.000276433,2.63E-05,0.000333714,0.000331924,-1.45E-05,-0.000390416,-0.000410831,-5.00E-06,0.000475176,0.000558719,0.000109327,-0.000505007,-0.00071865,-0.000293825,0.000425271,0.000795004,0.000459592,-0.000295907,-0.000777557,-0.000514864,0.000281579,0.000879772,0.000686837,-0.000184784,-0.000981994,-0.000977286,-0.000142394,0.000797911,0.001007156,0.000303675,-0.000655173,-0.000961843,-0.000298261,0.000746901,0.001195441,0.000577681,-0.000610697,-0.001330478,-0.000934952,0.000230597,0.001126867,0.000960801,-8.61E-05,-0.001017667,-0.000938954,0.000106518,0.001156193
-0.004815212,-0.002823909,-0.002182139,-0.00165482,-0.001073346,-0.000446257,0.000166847,0.000690601,0.001056966,0.001218408,0.001151975,0.000860429,0.000377074,-0.000225793,-0.000832714,-0.001296083,-0.001467576,-0.001244761,-0.00061801,0.000300653,0.001281833,0.002023266,0.002231171,0.001722775,0.000521277,-0.001095327,-0.002628591,-0.003493859,-0.003231608,-0.001727484,0.000656956,0.003130036,0.004719713,0.004661868,0.002774973,-0.000362155,-0.003556494,-0.00546137,-0.005179151,-0.002728151,0.000881714,0.00405537,0.005348894,0.004186378,0.00117713,-0.002167182,-0.004200896,-0.004001853,-0.001845262,0.000982666,0.00293303,0.003070925,0.001561986,-0.00051458,-0.001890706,-0.001897512,-0.000810935,0.00044628,0.001007317,0.000657812,-9.30E-05,-0.000491445,-0.000180041,0.000508974,0.000846561,0.000356342,-0.000711761,-0.001503046,-0.001228308,0.000129698,0.001669906,0.002180901,0.001092321,-0.000971971,-0.002538542,-0.002351196,-0.000381604,0.002028267,0.003087035,0.001904036,-0.000758778,-0.00296765,-0.003037421,-0.000839372,0.002031149,0.003415243,0.002233127,-0.000653777,-0.003061738,-0.00314584,-0.000831926,0.002106756,0.003412117,0.002094183,-0.000798847,-0.003005937,-0.002828843,-0.000456334,0.002208422,0.003071636,0.001502464,-0.001199264,-0.002876447,-0.002246003,0.000107676,0.002256319,0.002509696,0.000756653,-0.001507098,-0.002443993,-0.001366047,0.000762636,0.002180309,0.001789218,8.81E-06,-0.001646186,-0.0018564,-0.000558088,0.001083208,0.001702953,0.000867059,-0.000635736,-0.00152706,-0.001124893,0.000140752,0.00116969,0.001153639,0.000217763,-0.000768045,-0.000981772,-0.000329612,0.000548395,0.000890235,0.000465133,-0.000290585,-0.000717992,-0.000518884,3.86E-05,0.000426656,0.000349571,-3.34E-05,-0.000318253,-0.00025644,4.21E-05,0.000265544,0.000225021,1.81E-05,-0.000110246,-4.10E-05,0.000102631,0.000107679,-7.83E-05,-0.000272352,-0.000243588,2.69E-05,0.000294253,0.000280474,-3.14E-05,-0.000345308,-0.000322611,7.06E-05,0.000488618,0.000508829,4.58E-05,-0.00052432,-0.000680769,-0.000245833,0.00041617,0.000704358,0.000335363,-0.00036705,-0.000741638,-0.000397963,0.00039365,0.000914148,0.000645271,-0.000231048,-0.000961086,-0.000887822,-6.10E-05,0.000782884,0.000877877,0.00013686,-0.000747504,-0.000924796,-0.00017843,0.000845053,0.001202594,0.000518534,-0.000645955,-0.001276063,-0.000817922,0.000308038,0.001077931,0.000796711,-0.000257448,-0.001078611,-0.000858785,0.000250226,0.001249926
-0.002745375,-0.001658519,-0.001260816,-0.000888758,-0.000457781,4.78E-06,0.000433144,0.000753465,0.000908497,0.000871232,0.000646016,0.000263958,-0.000218785,-0.000718389,-0.00112394,-0.001312158,-0.00118047,-0.000690582,9.53E-05,0.001004483,0.001781574,0.002152317,0.001910806,0.001006878,-0.000395241,-0.001917332,-0.003047799,-0.003300077,-0.002410313,-0.000501178,0.001874002,0.003864628,0.004622536,0.003670651,0.001181311,-0.001990284,-0.004585311,-0.005457457,-0.004113926,-0.001016507,0.002544048,0.004994478,0.005217766,0.003122568,-0.00027092,-0.003313445,-0.004557577,-0.003504629,-0.000852778,0.001907343,0.003331784,0.002817171,0.000885306,-0.001202146,-0.002247451,-0.00182735,-0.000466436,0.000810274,0.001213204,0.000693671,-0.000121655,-0.000487417,-0.000146273,0.000486608,0.000703931,0.000144778,-0.000836033,-0.001400137,-0.000912697,0.000457348,0.001746214,0.00188176,0.000558536,-0.001399957,-0.002551857,-0.001908636,0.000232891,0.002389266,0.002933028,0.001340932,-0.001317984,-0.003097249,-0.002616431,-0.000152518,0.002493899,0.003318774,0.001648565,-0.001299072,-0.003302375,-0.002826229,-0.000219602,0.002528841,0.00331508,0.001551152,-0.001374988,-0.003183347,-0.002485619,0.000135502,0.002602934,0.002995394,0.001056049,-0.00163595,-0.002951234,-0.001907163,0.000584227,0.002496408,0.002336428,0.000317809,-0.001871345,-0.002476054,-0.001084943,0.00109602,0.002285765,0.001590284,-0.000320079,-0.001834411,-0.001757626,-0.000257198,0.00135339,0.001754971,0.000700379,-0.000852903,-0.00160764,-0.001013775,0.000335137,0.001277254,0.001084189,2.57E-05,-0.000939794,-0.001021228,-0.000237662,0.000674146,0.000944771,0.00041882,-0.000379946,-0.000763445,-0.000477087,0.00013913,0.000516653,0.000375943,-7.27E-05,-0.000382722,-0.000300054,3.92E-05,0.000290757,0.000250132,2.06E-05,-0.000135315,-8.13E-05,6.85E-05,9.90E-05,-5.54E-05,-0.000231472,-0.00021301,2.24E-05,0.000254263,0.000234903,-4.15E-05,-0.000300666,-0.00024607,0.000127976,0.000488175,0.000458263,-4.90E-06,-0.00052601,-0.000631373,-0.000197257,0.00040106,0.00060987,0.000214197,-0.000432217,-0.000706181,-0.000293895,0.000484553,0.000931305,0.000601914,-0.000261958,-0.000917053,-0.000780415,2.66E-05,0.000765883,0.000747191,-2.65E-05,-0.000836266,-0.000893819,-7.91E-05,0.000914872,0.001188289,0.000457091,-0.000663716,-0.001195476,-0.00067992,0.000394857,0.001030682,0.00063435,-0.00042468,-0.001139179,-0.000790568,0.000368403,0.001314805
-0.000329035,-0.000282356,-0.000183923,-1.95E-05,0.00020381,0.000444364,0.000637401,0.000718182,0.000646602,0.000419841,6.94E-05,-0.000350061,-0.000768891,-0.001105069,-0.001267464,-0.001171057,-0.000767588,-8.21E-05,0.000763796,0.001560637,0.002057381,0.002036843,0.001398435,0.000221464,-0.001216613,-0.002485801,-0.003117443,-0.002767428,-0.001380629,0.000713081,0.002837826,0.00417204,0.004065407,0.002355111,-0.000470223,-0.003373802,-0.00514898,-0.00494232,-0.002690346,0.000760731,0.003960177,0.005487292,0.004633388,0.001785945,-0.001713717,-0.004208619,-0.004556352,-0.00271523,0.000244871,0.002732819,0.003509239,0.002347661,0.000100799,-0.00185982,-0.002480858,-0.001620468,-3.79E-05,0.001184067,0.001375053,0.00066799,-0.00020357,-0.000521845,-0.000138486,0.000453966,0.000577985,-1.69E-05,-0.000891775,-0.00124617,-0.000600361,0.000719298,0.001729417,0.001523452,4.64E-05,-0.001729923,-0.002450153,-0.001411613,0.000799673,0.002627362,0.002661611,0.000745424,-0.001803069,-0.003099655,-0.00210663,0.000520826,0.00285098,0.003101672,0.001016407,-0.001884392,-0.003419206,-0.002408037,0.000397613,0.002863819,0.003107409,0.000956444,-0.001908971,-0.003261571,-0.00206427,0.000725272,0.002918675,0.0028245,0.000568995,-0.002033167,-0.002941323,-0.001504426,0.00105844,0.00267614,0.002096809,-0.000140267,-0.002194406,-0.002440765,-0.000762852,0.001414655,0.002335371,0.001338674,-0.000660599,-0.001990064,-0.001612974,6.48E-05,0.001604852,0.001766233,0.000505032,-0.001064046,-0.001653098,-0.000865711,0.000541972,0.001367222,0.000984356,-0.000185154,-0.001106488,-0.001039938,-0.000129085,0.000797615,0.000979554,0.000350579,-0.00047702,-0.000797314,-0.000413358,0.000256876,0.000609519,0.000392724,-0.000123595,-0.000451096,-0.00033787,4.50E-05,0.000318246,0.000266466,7.12E-06,-0.000173994,-0.000124514,4.37E-05,0.000105927,-1.97E-05,-0.00018623,-0.000185215,1.42E-05,0.000215384,0.000195164,-4.70E-05,-0.000259969,-0.000183975,0.000166243,0.000474083,0.000406983,-4.41E-05,-0.000511919,-0.000570917,-0.000145449,0.000385684,0.000518422,0.000101483,-0.000489103,-0.000671721,-0.000204673,0.000551798,0.000928021,0.00055184,-0.00028441,-0.000857269,-0.000660141,0.000119952,0.000751564,0.00062288,-0.000178222,-0.000915242,-0.000864992,1.91E-06,0.000956878,0.001150711,0.000388303,-0.000671951,-0.001097369,-0.000526947,0.00049023,0.000989644,0.000481434,-0.000579907,-0.001193528,-0.000731198,0.000461558,0.001348708
0.002118717,0.001124946,0.000907745,0.000839292,0.000825595,0.00081667,0.00075538,0.000591918,0.000307128,-7.70E-05,-0.000504936,-0.000905687,-0.001206872,-0.001340949,-0.001248889,-0.000892638,-0.000279822,0.00050937,0.001312765,0.001910422,0.002083935,0.001694422,0.000751974,-0.000551103,-0.0018622,-0.002750944,-0.0028408,-0.001958293,-0.000249025,0.001798455,0.003463577,0.004035207,0.003113403,0.000847048,-0.002023504,-0.004387371,-0.005199737,-0.003964792,-0.001036054,0.002445637,0.00500163,0.005480863,0.003631683,0.000277437,-0.003034113,-0.004770004,-0.004178874,-0.001677307,0.001372057,0.00339194,0.003437246,0.001680812,-0.000741995,-0.002434151,-0.002557475,-0.001273441,0.000453322,0.001535648,0.001464286,0.000563694,-0.000343079,-0.000589087,-0.000145061,0.00042452,0.000479389,-0.000125672,-0.000886365,-0.001056545,-0.000306558,0.000910842,0.001631452,0.001131098,-0.000418353,-0.001950088,-0.002242789,-0.000884878,0.001294275,0.002733853,0.002284573,0.000140218,-0.002197849,-0.002978356,-0.001530617,0.00115309,0.003087773,0.00277145,0.000360438,-0.002386155,-0.003404052,-0.001901749,0.001001037,0.003100792,0.002795535,0.00033007,-0.002381122,-0.003234898,-0.001576545,0.001292457,0.003140291,0.002557563,5.16E-05,-0.002379775,-0.002845209,-0.001048122,0.001515547,0.002787273,0.001795274,-0.000603442,-0.002461792,-0.002331726,-0.00040298,0.001711466,0.002326006,0.00103879,-0.001004043,-0.002107269,-0.001424707,0.000398032,0.001825803,0.001729399,0.0002806,-0.001265335,-0.001660402,-0.000681609,0.000757501,0.001437128,0.000856565,-0.000407253,-0.001259059,-0.001031631,-2.66E-06,0.000916136,0.000991212,0.00025885,-0.000581533,-0.000819605,-0.000330185,0.000386592,0.000699228,0.000395961,-0.000186455,-0.000520464,-0.000366052,6.22E-05,0.000348906,0.000274219,-2.13E-05,-0.000223832,-0.000167619,3.01E-05,0.000127987,2.64E-05,-0.000139242,-0.000161505,2.91E-06,0.000178956,0.000161883,-4.90E-05,-0.000225644,-0.000138876,0.000183833,0.000446009,0.000355071,-7.21E-05,-0.00048297,-0.000499834,-8.90E-05,0.000373863,0.000435392,2.30E-06,-0.000534667,-0.000637897,-0.000132052,0.000592515,0.000900861,0.000490906,-0.000303476,-0.000787203,-0.000531303,0.000217784,0.000742657,0.000511031,-0.000311034,-0.000977939,-0.000834123,6.62E-05,0.000970667,0.001087634,0.000308046,-0.000676539,-0.000988329,-0.000364269,0.000592343,0.000957449,0.000344179,-0.000715644,-0.001235444,-0.000677349,0.000529773,0.001348903
0.004192328,0.00233172,0.00183308,0.001542521,0.001299056,0.001052511,0.000758835,0.000386553,-6.20E-05,-0.000543176,-0.000984391,-0.001308248,-0.001451544,-0.001372771,-0.001053376,-0.000504302,0.000217952,0.000995307,0.001650784,0.001983482,0.001832666,0.001149249,4.46E-05,-0.001208679,-0.002233119,-0.002652774,-0.002223799,-0.00095172,0.000850937,0.002608537,0.003644568,0.003432089,0.001847882,-0.000686984,-0.003279248,-0.004868587,-0.004672677,-0.002584131,0.00068566,0.003831663,0.005496198,0.00489982,0.002255449,-0.001269874,-0.004071987,-0.004879607,-0.003393381,-0.000446583,0.002423793,0.00378637,0.003069484,0.000836973,-0.001574934,-0.00284757,-0.002426527,-0.000779429,0.000976378,0.001817791,0.001439768,0.000358697,-0.000542333,-0.000678081,-0.000149687,0.000414086,0.000419586,-0.00017801,-0.000826866,-0.000847849,-5.01E-05,0.001022574,0.001461793,0.000732711,-0.000801724,-0.002039305,-0.001934679,-0.000357338,0.001681345,0.002689252,0.001810349,-0.000445352,-0.002474049,-0.002728032,-0.00091229,0.001705507,0.003175995,0.002329014,-0.00029039,-0.002767431,-0.003236615,-0.001315325,0.001563677,0.003216458,0.002379041,-0.000303916,-0.002759742,-0.003086502,-0.001032094,0.001808278,0.003240049,0.002185637,-0.000483822,-0.002655463,-0.002652978,-0.000547719,0.001933479,0.002811877,0.001431659,-0.001053678,-0.00264967,-0.00213463,-7.32E-06,0.001974103,0.002247883,0.00069268,-0.001337963,-0.002173572,-0.00119112,0.000730709,0.001997968,0.001630713,2.45E-05,-0.001450249,-0.001621999,-0.000460021,0.000976461,0.001480829,0.000700893,-0.000631839,-0.001384036,-0.000985452,0.000144763,0.001025595,0.000973286,0.000139877,-0.000693191,-0.000828832,-0.000229037,0.000522113,0.000777118,0.000378959,-0.000262582,-0.000586867,-0.000378429,9.56E-05,0.000384394,0.000273138,-6.43E-05,-0.000282368,-0.000206724,3.07E-05,0.000165323,8.01E-05,-9.46E-05,-0.00014468,-1.17E-05,0.000146895,0.000136873,-4.78E-05,-0.000200241,-0.000114328,0.00017807,0.000403126,0.000302991,-8.86E-05,-0.000439798,-0.000419094,-2.74E-05,0.000369101,0.000367162,-7.62E-05,-0.000563693,-0.000603326,-7.84E-05,0.000602239,0.00084488,0.000414206,-0.000324519,-0.000712964,-0.00039968,0.000317046,0.000741057,0.000418811,-0.00041463,-0.001014595,-0.000794905,0.000115831,0.000954781,0.000995617,0.00021152,-0.000683817,-0.000876003,-0.000199141,0.000697253,0.000935899,0.00023021,-0.000821204,-0.001255374,-0.000623924,0.000572756,0.001310914
0.005651479,0.003195491,0.002484573,0.002012854,0.001579085,0.001139612,0.000665803,0.000144312,-0.000403903,-0.000918746,-0.001318353,-0.00152775,-0.00150121,-0.001229204,-0.000735098,-7.39E-05,0.000661155,0.00133308,0.001772665,0.001819091,0.001382057,0.000500553,-0.000632299,-0.001698687,-0.002339442,-0.002270601,-0.001398711,0.000104634,0.001805156,0.003106859,0.00344379,0.002513114,0.000460879,-0.002079315,-0.004156501,-0.004856855,-0.003716686,-0.001004766,0.002291933,0.004826783,0.005475054,0.003880123,0.000684641,-0.002707934,-0.004768452,-0.004582082,-0.002316137,0.000848936,0.003317941,0.003908746,0.002463704,-9.92E-05,-0.002330281,-0.003076853,-0.002110324,-0.00018591,0.001485484,0.002005175,0.00130093,7.00E-05,-0.000777506,-0.000766538,-0.000136291,0.000429458,0.000393387,-0.000191532,-0.000738174,-0.000640965,0.000164493,0.001071634,0.001251358,0.000354769,-0.001099466,-0.002020406,-0.001562672,0.000143888,0.001962273,0.00252383,0.001278745,-0.000988393,-0.002640993,-0.002383446,-0.00028748,0.002166013,0.003135058,0.001810444,-0.000909761,-0.003030586,-0.002945808,-0.000683039,0.002070374,0.003224735,0.001889654,-0.000919422,-0.00304241,-0.002837327,-0.000457798,0.00226068,0.003229198,0.001733772,-0.001017752,-0.002860757,-0.002383943,-2.64E-05,0.002301772,0.00275814,0.001024403,-0.001477528,-0.002759588,-0.001863528,0.000409703,0.002199587,0.002111892,0.000316906,-0.001651997,-0.002191181,-0.000923612,0.001051863,0.002118754,0.001476318,-0.000255147,-0.001616498,-0.001544165,-0.000211508,0.001191541,0.001499147,0.000525119,-0.000849945,-0.001476874,-0.000902662,0.000309367,0.001124359,0.000928513,-1.16E-06,-0.000808684,-0.000826748,-0.000116393,0.000655741,0.000838289,0.000341379,-0.000349089,-0.000647164,-0.00037375,0.000144661,0.000424657,0.00026553,-0.000117121,-0.000344526,-0.000239315,4.39E-05,0.000212911,0.00013551,-5.63E-05,-0.000135813,-2.88E-05,0.000119785,0.000119761,-4.38E-05,-0.00018253,-0.00010642,0.000154518,0.000349972,0.000251708,-9.69E-05,-0.000387959,-0.000333774,3.66E-05,0.000370918,0.00031397,-0.000134039,-0.000576278,-0.000566324,-3.90E-05,0.000587602,0.000765808,0.00032351,-0.000350796,-0.00064118,-0.00027216,0.00041297,0.000744472,0.0003453,-0.000489397,-0.001024436,-0.000743822,0.000157669,0.000918025,0.000881776,0.0001008,-0.000697687,-0.00076826,-3.99E-05,0.000798684,0.00092144,0.000137963,-0.0008966,-0.001251063,-0.000565319,0.00059917,0.001243868
0.006323543,0.003613858,0.002785047,0.002194962,0.001633577,0.001069469,0.000489505,-0.000104298,-0.000677417,-0.001160512,-0.001470475,-0.001542653,-0.001354594,-0.000930683,-0.000332747,0.000349863,0.00100324,0.001491392,0.001673362,0.001443681,0.000786754,-0.000181332,-0.001212344,-0.001980855,-0.002184225,-0.001656589,-0.000456815,0.001105561,0.002528504,0.003260253,0.00289766,0.001378908,-0.000912266,-0.003205219,-0.004586558,-0.004367236,-0.0024282,0.000629188,0.003644207,0.005349943,0.004943936,0.002508519,-0.00095135,-0.003918827,-0.005063241,-0.003893397,-0.001023865,0.00211189,0.003981059,0.003737828,0.001651762,-0.001065982,-0.002949948,-0.003093215,-0.001616795,0.000473542,0.001941886,0.002071913,0.001042529,-0.000290073,-0.001028089,-0.000834879,-9.19E-05,0.000474885,0.000396268,-0.00017819,-0.000636245,-0.000449842,0.000332281,0.001065865,0.001018046,1.56E-05,-0.001304175,-0.001902854,-0.001148552,0.000597918,0.00213089,0.002251106,0.000715045,-0.001468003,-0.002695837,-0.00196153,0.000318784,0.002518619,0.00296869,0.001235937,-0.001475819,-0.003167846,-0.002543415,-2.77E-05,0.002503569,0.00312539,0.001343949,-0.001495426,-0.003218501,-0.002493697,0.000129153,0.002635226,0.003106821,0.001214703,-0.001533942,-0.002988167,-0.002044729,0.00050025,0.002607398,0.002624245,0.000582784,-0.001862833,-0.002786032,-0.001523139,0.000837801,0.002380807,0.001920005,-7.88E-05,-0.001935694,-0.002156163,-0.000626724,0.001352771,0.002181989,0.001266474,-0.000553246,-0.001759551,-0.001427409,5.82E-05,0.001395933,0.001489153,0.000332221,-0.001054894,-0.001531675,-0.000781369,0.000489243,0.001209685,0.000856372,-0.000161933,-0.00092497,-0.000812628,4.72E-06,0.000781984,0.000877774,0.000281277,-0.000444561,-0.000698318,-0.000349597,0.000210232,0.000469611,0.00025207,-0.000177474,-0.000407025,-0.000263046,6.94E-05,0.000267698,0.000188269,-2.80E-05,-0.000136619,-4.84E-05,9.86E-05,0.00011133,-3.65E-05,-0.000171609,-0.000112998,0.000116435,0.00028963,0.000202467,-9.83E-05,-0.000331133,-0.000248099,0.000100009,0.00037808,0.000276044,-0.00017051,-0.000571327,-0.000525215,-1.12E-05,0.000552434,0.000667295,0.000220544,-0.000383678,-0.000576063,-0.000154193,0.000500837,0.000750165,0.000289849,-0.000534466,-0.001005505,-0.000677756,0.000196187,0.000865647,0.000750661,-2.22E-05,-0.00072001,-0.000670347,0.00010656,0.000890698,0.000910522,6.66E-05,-0.000940366,-0.001219343,-0.000496992,0.00061452,0.001153185
0.006016859,0.003472596,0.002648835,0.002028334,0.001428803,0.000835411,0.000247899,-0.000322069,-0.000834185,-0.001218786,-0.001400199,-0.00133071,-0.001013788,-0.000504853,0.000105081,0.000707795,0.001188627,0.001433938,0.00134865,0.000891013,0.000114333,-0.000810119,-0.001614201,-0.002005115,-0.001769661,-0.000872581,0.000491801,0.001922479,0.002914754,0.003023958,0.002045658,0.000148691,-0.002106582,-0.003908427,-0.004478331,-0.003410636,-0.000921007,0.0021394,0.004564468,0.005290053,0.003899916,0.000888462,-0.002487205,-0.004743706,-0.004866602,-0.002823,0.000388815,0.003211814,0.004306805,0.003233952,0.000668055,-0.001982317,-0.003350703,-0.002850064,-0.00095098,0.001154258,0.002289631,0.001978516,0.000655444,-0.000703627,-0.001263247,-0.000854678,3.45E-07,0.000553892,0.000421,-0.000152377,-0.00053888,-0.000290686,0.000445088,0.001010392,0.000779832,-0.000262203,-0.001402144,-0.001691814,-0.000715649,0.000976323,0.002171881,0.001880285,0.000148939,-0.001852103,-0.002624795,-0.001475945,0.000874591,0.00273492,0.002671381,0.000626269,-0.001956658,-0.003159227,-0.002035891,0.000622284,0.002832795,0.002907259,0.000757274,-0.002001784,-0.003264797,-0.002055075,0.000708002,0.002906693,0.002862521,0.000640256,-0.002007836,-0.003019101,-0.001636366,0.001012958,0.002827266,0.002399797,0.000115117,-0.002190737,-0.002714917,-0.001114574,0.001262709,0.002502531,0.001668418,-0.000483632,-0.002171892,-0.002057407,-0.000302638,0.001621,0.002175191,0.000997667,-0.000863275,-0.001869796,-0.001267933,0.000343516,0.001578719,0.00144297,0.000123166,-0.001237839,-0.001538184,-0.000616591,0.000682191,0.001275901,0.000753454,-0.000340599,-0.001036902,-0.000782962,0.000132417,0.000893933,0.000887769,0.000194565,-0.000547602,-0.000735436,-0.000301352,0.000294101,0.000518633,0.000232176,-0.000243689,-0.000466054,-0.000274273,0.000107959,0.000326352,0.000232395,-1.54E-05,-0.000150115,-7.01E-05,8.55E-05,0.000113689,-2.46E-05,-0.00016643,-0.000132047,6.73E-05,0.000226041,0.000157616,-9.39E-05,-0.000273715,-0.000168173,0.000157443,0.000387946,0.000253582,-0.000183658,-0.000546516,-0.000477647,8.11E-06,0.000500735,0.00055385,0.000108481,-0.0004234,-0.000522035,-5.31E-05,0.000573313,0.000753419,0.000251432,-0.000547887,-0.000954343,-0.000592665,0.000236033,0.000803089,0.000607716,-0.000154001,-0.000751631,-0.000588087,0.000231271,0.000964305,0.000897523,1.54E-05,-0.000949429,-0.001155028,-0.000413085,0.000624796,0.001044656
0.004868614,0.002845397,0.002136997,0.001569801,0.001018451,0.000486229,-1.86E-05,-0.000481589,-0.000864329,-0.001104699,-0.001140831,-0.00094518,-0.000545795,-2.24E-05,0.000516858,0.000960852,0.001211752,0.001193838,0.000867172,0.000252621,-0.000541471,-0.001314438,-0.001810835,-0.001800902,-0.001178244,-3.34E-05,0.001334047,0.002482165,0.002959827,0.002471547,0.001020445,-0.001028348,-0.003009954,-0.004159259,-0.003902988,-0.002140372,0.00062136,0.003379187,0.004999025,0.004708156,0.002495799,-0.000794806,-0.00377654,-0.005128278,-0.004229343,-0.001495629,0.001782567,0.004054116,0.004278174,0.0024518,-0.000398607,-0.002772897,-0.003504668,-0.002372694,-0.000170758,0.001798244,0.002497067,0.001728694,0.000170106,-0.001131122,-0.001450396,-0.000808375,0.000142756,0.000657347,0.00045151,-0.00013253,-0.000461314,-0.00016939,0.00050995,0.000922308,0.000553756,-0.000474421,-0.001408541,-0.001416833,-0.000291944,0.001270167,0.002102621,0.001446073,-0.000388012,-0.002131027,-0.002444332,-0.000955765,0.001360391,0.002820098,0.002270423,1.20E-05,-0.002340293,-0.003020568,-0.001457026,0.001236966,0.003050432,0.002586911,0.000155329,-0.002424084,-0.003188843,-0.001544424,0.001258637,0.003073871,0.002515998,3.80E-05,-0.002422001,-0.002955978,-0.00117609,0.00149461,0.002957495,0.002095609,-0.000363461,-0.002455345,-0.002555735,-0.000657055,0.00166814,0.002561326,0.001366673,-0.000884043,-0.002353262,-0.001897865,4.02E-05,0.001851744,0.002102906,0.000681869,-0.001173623,-0.001943424,-0.001071312,0.000634348,0.001732577,0.001359852,-9.81E-05,-0.001395559,-0.001498164,-0.000414789,0.000881416,0.001320676,0.000623431,-0.000530183,-0.001138819,-0.000736428,0.000264231,0.000988596,0.000867865,8.40E-05,-0.000654407,-0.000756619,-0.000230383,0.000392848,0.000568962,0.000205787,-0.000313303,-0.000518802,-0.000272325,0.000157097,0.000384494,0.000263878,-2.04E-05,-0.000176062,-9.30E-05,8.09E-05,0.000126579,-7.89E-06,-0.000164358,-0.000158201,1.38E-05,0.000164568,0.000119034,-8.57E-05,-0.00022037,-9.93E-05,0.000204076,0.00039604,0.000241911,-0.000178164,-0.000505018,-0.000423209,2.39E-05,0.000441228,0.000435014,-5.40E-06,-0.000466625,-0.000479449,2.85E-05,0.000626377,0.000749034,0.00022349,-0.00053691,-0.00087684,-0.000490495,0.000280633,0.000738218,0.00046228,-0.000287238,-0.000789028,-0.000521903,0.000330982,0.001014601,0.000876265,-2.30E-05,-0.000930531,-0.001062139,-0.000312516,0.000636899,0.000929133
0.003083225,0.001845869,0.001340629,0.000897632,0.000468499,7.37E-05,-0.000275186,-0.000567478,-0.000773882,-0.000845857,-0.000739252,-0.000447006,-1.75E-05,0.000454382,0.000856016,0.001088269,0.001083977,0.000814911,0.000298174,-0.000390984,-0.001107886,-0.001648787,-0.001798547,-0.001410573,-0.000489199,0.000766796,0.001990747,0.002748845,0.002688428,0.001685861,-6.08E-05,-0.002040306,-0.003558164,-0.003970497,-0.002953469,-0.000702308,0.002050048,0.004251465,0.00494054,0.003691477,0.000881547,-0.00238513,-0.004715287,-0.005056318,-0.003221736,-3.15E-05,0.003041415,0.004573983,0.003900933,0.001453436,-0.001467697,-0.003379763,-0.003400871,-0.001695569,0.000666929,0.002355976,0.002543335,0.001334383,-0.000379981,-0.001535141,-0.001562488,-0.000685033,0.00033214,0.000773463,0.000472847,-0.000132507,-0.000412576,-8.69E-05,0.000534941,0.000815092,0.000350513,-0.00062195,-0.001339387,-0.001103085,0.000101578,0.00147568,0.001940369,0.000977705,-0.000871569,-0.002299562,-0.002169719,-0.000424289,0.001762846,0.002781736,0.001790267,-0.000582103,-0.00261906,-0.002767451,-0.000836015,0.001792119,0.003151517,0.002178953,-0.000441083,-0.002752142,-0.002998908,-0.000981879,0.001764754,0.003137243,0.002085279,-0.000568149,-0.002761797,-0.00280106,-0.000678231,0.001931621,0.002995914,0.001721595,-0.000840158,-0.002652462,-0.002317711,-0.000167983,0.002039515,0.002553811,0.001022491,-0.001268858,-0.00247404,-0.001680317,0.000394942,0.002041603,0.001970115,0.000330526,-0.001473302,-0.00197642,-0.000841888,0.000922283,0.001851166,0.001238853,-0.000328783,-0.001526223,-0.001414302,-0.000182708,0.00108011,0.001341473,0.000469416,-0.000724312,-0.001225202,-0.000671064,0.000398994,0.001064416,0.0008187,-4.72E-05,-0.000761345,-0.000760397,-0.000138488,0.000502641,0.000617278,0.000172002,-0.000384888,-0.000563358,-0.000256887,0.0002148,0.000438793,0.000279983,-4.39E-05,-0.000213617,-0.000115812,8.51E-05,0.000149617,1.38E-05,-0.00016345,-0.000187198,-3.87E-05,0.000109682,8.85E-05,-7.50E-05,-0.000174495,-4.57E-05,0.000235956,0.000398349,0.000236518,-0.000158754,-0.000450357,-0.000362354,3.98E-05,0.000381009,0.000319106,-0.000114074,-0.000509157,-0.000447046,8.96E-05,0.00065742,0.000732718,0.000199908,-0.00050878,-0.000779484,-0.000374576,0.000331344,0.00067669,0.000322129,-0.00041474,-0.000827596,-0.000470227,0.000404673,0.001038485,0.000841758,-5.49E-05,-0.000890589,-0.000945721,-0.000196103,0.000655293,0.000815254
0.000888951,0.000601369,0.000361443,9.83E-05,-0.000149375,-0.000347147,-0.000486221,-0.000565978,-0.00057208,-0.000473923,-0.000246525,9.92E-05,0.000501769,0.000861867,0.001076111,0.001070485,0.00081844,0.000342755,-0.000287783,-0.000958642,-0.001512031,-0.001767737,-0.001573493,-0.000875904,0.000219174,0.001434906,0.002383007,0.002686074,0.002123695,0.000747898,-0.001082194,-0.002774948,-0.003684921,-0.003351894,-0.001720363,0.000757518,0.003212492,0.004652574,0.004374721,0.002323365,-0.000790887,-0.003718043,-0.005187367,-0.004500808,-0.001909499,0.001444899,0.004037705,0.004692644,0.003171029,0.000299747,-0.002451052,-0.003732758,-0.003018023,-0.000849817,0.001500424,0.002768486,0.002398997,0.000804323,-0.000958189,-0.001871563,-0.001566554,-0.000471655,0.000563427,0.000887075,0.000467989,-0.000165864,-0.000400232,-4.37E-05,0.000526618,0.000699808,0.000179843,-0.000703748,-0.001206753,-0.00077286,0.000442951,0.001584098,0.001696509,0.000502056,-0.001274021,-0.002344986,-0.001809713,9.60E-05,0.002062838,0.002619032,0.001250484,-0.001128797,-0.002777097,-0.002407342,-0.000200041,0.002257713,0.003121558,0.001691556,-0.001009934,-0.002967968,-0.002694823,-0.000384838,0.002205138,0.003088597,0.001582576,-0.001152796,-0.003004963,-0.002548598,-0.000154573,0.002305927,0.002932631,0.001282738,-0.001300712,-0.002771507,-0.002004009,0.0003362,0.002357446,0.002469825,0.000639967,-0.001624953,-0.002522811,-0.001402816,0.000754756,0.00218323,0.001777129,-4.64E-05,-0.0017485,-0.001959924,-0.000580885,0.001198081,0.001924345,0.001075348,-0.000566966,-0.001625793,-0.001286212,7.42E-05,0.001269891,0.00133269,0.000292413,-0.000916208,-0.001288073,-0.000582354,0.000536395,0.001118701,0.000739034,-0.000196955,-0.000864087,-0.000743631,-2.62E-05,0.000619474,0.000658848,0.000128328,-0.000457697,-0.000597271,-0.000226486,0.000279862,0.000485829,0.000277147,-8.75E-05,-0.000262169,-0.000136793,9.96E-05,0.000183027,4.05E-05,-0.000162418,-0.000215445,-8.48E-05,6.64E-05,6.87E-05,-6.26E-05,-0.000139635,-1.20E-05,0.000248175,0.000390415,0.000233153,-0.00012957,-0.00038581,-0.000295967,5.87E-05,0.000326696,0.000214896,-0.000209244,-0.000545489,-0.000423065,0.000128624,0.000662763,0.000699469,0.000174696,-0.000470136,-0.000668489,-0.000248819,0.000388379,0.000623378,0.000195374,-0.000527993,-0.000861271,-0.00043097,0.00045063,0.001031637,0.000788292,-8.68E-05,-0.000835731,-0.00081044,-6.52E-05,0.00068341,0.00071114
-0.001373299,-0.000694717,-0.000648539,-0.0007043,-0.000739714,-0.000711705,-0.00061959,-0.000477738,-0.000290281,-4.60E-05,0.000262288,0.00061109,0.000934349,0.001139955,0.00114524,0.000910506,0.000453634,-0.000155396,-0.000808522,-0.001371977,-0.001699079,-0.001655652,-0.001165659,-0.000266292,0.000857123,0.001888746,0.00246534,0.002305448,0.001337438,-0.000228442,-0.001923825,-0.003150093,-0.003381338,-0.002380823,-0.000349527,0.002070277,0.003975552,0.004535219,0.003361273,0.000752217,-0.002337092,-0.004640361,-0.005125696,-0.003500689,-0.000414607,0.002783785,0.004656569,0.004372795,0.002133878,-0.000912871,-0.0032523,-0.003780414,-0.002368022,0.000102895,0.002253456,0.002981913,0.002053512,0.000168834,-0.001513664,-0.002093935,-0.001437374,-0.000167417,0.000820839,0.000977339,0.000419946,-0.000241688,-0.000424991,-3.33E-05,0.00049635,0.000588124,4.71E-05,-0.000726694,-0.001030423,-0.000451605,0.000713912,0.001595582,0.001391386,4.93E-05,-0.001572606,-0.002264982,-0.001382357,0.000580478,0.002248072,0.002342521,0.00067908,-0.001600824,-0.002806593,-0.00195805,0.000418377,0.002607013,0.002955417,0.00114142,-0.001527674,-0.003060174,-0.00228649,0.000222731,0.002559729,0.002927171,0.001028072,-0.001687788,-0.00313322,-0.002199956,0.000378641,0.002601231,0.002764537,0.000790936,-0.001728618,-0.002805537,-0.001624255,0.000834514,0.002602745,0.002303084,0.000226949,-0.001939002,-0.002491931,-0.001068373,0.001110524,0.002271075,0.001528988,-0.000434625,-0.001983901,-0.001886584,-0.000291917,0.001451716,0.00194361,0.000867372,-0.000809414,-0.001691715,-0.00111717,0.000346566,0.001440551,0.001289283,9.52E-05,-0.001097726,-0.001319343,-0.000466374,0.000676123,0.001150238,0.000630259,-0.000360504,-0.000957353,-0.000704144,0.000103661,0.000737203,0.000687672,7.19E-05,-0.00053116,-0.000618621,-0.00018049,0.000350554,0.000522669,0.000253461,-0.000150866,-0.000319268,-0.000153453,0.00012506,0.000225804,7.08E-05,-0.000160776,-0.000239821,-0.00011977,3.93E-05,6.18E-05,-4.89E-05,-0.000118173,-1.44E-06,0.000237666,0.000368745,0.000227219,-9.62E-05,-0.000316555,-0.000226636,8.22E-05,0.000284181,0.000130782,-0.000282514,-0.000569183,-0.000403759,0.00014691,0.000641462,0.000645954,0.000141781,-0.00042939,-0.000552836,-0.000120012,0.000449593,0.000581546,8.93E-05,-0.000618294,-0.00088255,-0.000399295,0.000470702,0.000993042,0.000712006,-0.000125157,-0.000774409,-0.00066437,7.55E-05,0.000722214,0.000623702
-0.003378584,-0.00185466,-0.001544285,-0.001397746,-0.001223729,-0.000976378,-0.000666636,-0.0003259,2.27E-05,0.000372283,0.00071611,0.00102392,0.001233342,0.001268001,0.001073109,0.000646566,4.82E-05,-0.000614005,-0.0012081,-0.001600364,-0.001674301,-0.001355205,-0.000645502,0.000339806,0.001363636,0.002108436,0.002272514,0.001693097,0.000445154,-0.001134442,-0.002523303,-0.003178422,-0.002740771,-0.001208101,0.000997894,0.003120414,0.004313285,0.003976846,0.002056634,-0.00084198,-0.003619408,-0.005106736,-0.004590513,-0.002192607,0.001108904,0.003876823,0.004875145,0.003677259,0.000900977,-0.002079129,-0.003818544,-0.003539248,-0.001519841,0.001080036,0.002869433,0.002986766,0.001540173,-0.000519188,-0.00200107,-0.002181742,-0.001180868,0.000205726,0.001080158,0.001027464,0.000322586,-0.000356624,-0.00047654,-4.12E-05,0.00045846,0.000488089,-5.19E-05,-0.000708535,-0.00083516,-0.000158392,0.000912876,0.001528622,0.001053566,-0.000359571,-0.001767454,-0.002081217,-0.000916335,0.001013722,0.002328175,0.001981977,0.000106786,-0.001986894,-0.00272307,-0.001450959,0.000993581,0.00283703,0.002673124,0.000555412,-0.001981329,-0.003039823,-0.001801377,0.00081648,0.002824295,0.002671112,0.000448734,-0.002156228,-0.003149977,-0.001773463,0.00090427,0.002815774,0.002506935,0.000266985,-0.002113151,-0.00276166,-0.001198005,0.001308751,0.002770039,0.002061962,-0.000203844,-0.00220559,-0.002388004,-0.000690154,0.001453356,0.002308087,0.001239147,-0.000818858,-0.0021717,-0.001758907,1.70E-05,0.001677595,0.001910327,0.00062113,-0.001051637,-0.001726623,-0.000916894,0.000623059,0.001585293,0.001211959,-0.0001163,-0.001262966,-0.001316745,-0.000324172,0.000817274,0.001161584,0.000498679,-0.000530878,-0.001037487,-0.000643648,0.000245424,0.000849473,0.000699823,1.77E-06,-0.00060475,-0.000627696,-0.000120801,0.000424591,0.000548777,0.000211358,-0.000229239,-0.00038049,-0.000163829,0.000160403,0.00027496,0.000102095,-0.000159234,-0.000259219,-0.000141951,2.90E-05,6.76E-05,-3.42E-05,-0.000109185,-1.16E-05,0.000206817,0.000333745,0.00021592,-6.40E-05,-0.00024834,-0.000158125,0.000109698,0.000255255,6.97E-05,-0.000330771,-0.000576702,-0.000384501,0.000150015,0.000598434,0.00057399,9.82E-05,-0.000393727,-0.000441447,4.30E-06,0.000510822,0.000550537,5.83E-06,-0.000682288,-0.000886635,-0.000368809,0.000472127,0.000928622,0.000614788,-0.000173712,-0.000714878,-0.000517192,0.000218421,0.000768682,0.000554411
-0.004870551,-0.002730072,-0.002211355,-0.001893779,-0.001540363,-0.001108485,-0.000622561,-0.000130732,0.000326835,0.000728674,0.001059237,0.001288227,0.001364145,0.001232672,0.0008703,0.000311111,-0.000350507,-0.000981792,-0.001444303,-0.001622652,-0.001445228,-0.000902953,-7.03E-05,0.000880396,0.001691977,0.00208068,0.001834597,0.000919157,-0.000460786,-0.001884132,-0.002832043,-0.002871119,-0.001838296,4.57E-05,0.002193134,0.003815159,0.004204066,0.003038548,0.000586079,-0.002313335,-0.004524078,-0.005076783,-0.003627514,-0.00068693,0.00253264,0.004629529,0.004667856,0.002653007,-0.000435823,-0.003106965,-0.004097857,-0.003015494,-0.000527479,0.002010748,0.003295093,0.002768672,0.000883422,-0.001214422,-0.002378291,-0.002113617,-0.000800509,0.000627515,0.001317497,0.001020626,0.000170461,-0.000506118,-0.000544305,-5.49E-05,0.000423717,0.000405121,-0.000120302,-0.000661473,-0.000638391,9.22E-05,0.001036531,0.001394347,0.000703284,-0.00070684,-0.001854821,-0.001806676,-0.000433183,0.001380147,0.002304902,0.001556513,-0.000441785,-0.002272944,-0.002532295,-0.00090762,0.001502933,0.002939152,0.002285038,-4.57E-05,-0.002355631,-0.002908717,-0.001257427,0.001374935,0.002988871,0.002328591,-0.000135412,-0.002540436,-0.003051481,-0.001280029,0.00140679,0.002942263,0.002166686,-0.000273237,-0.002441355,-0.002639447,-0.000737613,0.001742575,0.002849903,0.001748832,-0.000642447,-0.002416546,-0.002211649,-0.000276927,0.001773691,0.002291976,0.000915126,-0.001186461,-0.002302118,-0.001575272,0.00034038,0.001868972,0.001822203,0.000339883,-0.00128877,-0.001729532,-0.000690739,0.000894392,0.001696381,0.001098696,-0.000338335,-0.001405865,-0.001276187,-0.000155245,0.000958562,0.001152941,0.000347775,-0.000702564,-0.001100252,-0.00056197,0.000394969,0.000950354,0.000690671,-8.37E-05,-0.000677868,-0.000623664,-4.79E-05,0.000500503,0.000563277,0.000152077,-0.000319272,-0.000441892,-0.000165559,0.000205244,0.00032799,0.000131616,-0.00015935,-0.000273416,-0.000150151,3.66E-05,8.63E-05,-1.85E-05,-0.000112049,-4.09E-05,0.000157605,0.000286262,0.000197794,-3.68E-05,-0.000185881,-9.42E-05,0.000139567,0.000240711,3.39E-05,-0.000350999,-0.000564746,-0.000361587,0.000142015,0.000537329,0.000485312,4.26E-05,-0.000368089,-0.000341335,0.000117354,0.000567585,0.000529064,-5.36E-05,-0.000716507,-0.000868941,-0.000334261,0.000460273,0.000842725,0.000498361,-0.00023459,-0.000663015,-0.00037672,0.00035671,0.000819062,0.000503712
-0.005523517,-0.003132312,-0.002504278,-0.002080339,-0.001612305,-0.001067,-0.000481936,8.13E-05,0.000570675,0.000956333,0.001220954,0.001341385,0.001283151,0.00101738,0.000550573,-5.43E-05,-0.000681946,-0.001193076,-0.001462736,-0.001410986,-0.001020393,-0.000344628,0.000487087,0.001275242,0.001779789,0.001784539,0.001185798,7.04E-05,-0.001262282,-0.002363736,-0.002780667,-0.002233869,-0.000763111,0.001228386,0.003066493,0.004024823,0.003606788,0.001788029,-0.000892541,-0.003467314,-0.004889511,-0.004480817,-0.002283099,0.00087522,0.003679449,0.004900231,0.003982414,0.001350793,-0.001753721,-0.003861281,-0.004002864,-0.002202594,0.000541611,0.002793383,0.00344533,0.002295448,0.000110537,-0.001852392,-0.0025795,-0.001852149,-0.000297676,0.001067771,0.001494673,0.000929399,-4.48E-05,-0.000681958,-0.00061171,-5.74E-05,0.00040512,0.000345525,-0.000160412,-0.000597696,-0.000459762,0.000280499,0.00107546,0.001200772,0.000363868,-0.000966256,-0.001821578,-0.001450788,4.00E-05,0.001652309,0.00216964,0.00108397,-0.000932437,-0.002430376,-0.002230407,-0.000351786,0.001910951,0.002890103,0.001795346,-0.000634619,-0.00262068,-0.002656828,-0.000672355,0.001864925,0.003028297,0.001900095,-0.000699035,-0.002808495,-0.002821284,-0.000728442,0.001861311,0.002960209,0.001743895,-0.000809107,-0.002687854,-0.002427937,-0.000254717,0.002110224,0.002820574,0.001359851,-0.001075059,-0.002553679,-0.001955578,0.000162219,0.002054103,0.002211639,0.000561806,-0.001519144,-0.002355793,-0.00132759,0.000671786,0.002012378,0.001670208,2.53E-05,-0.001511745,-0.001693592,-0.000441784,0.001147896,0.001759449,0.000942573,-0.000566866,-0.0015157,-0.001188264,4.31E-05,0.001096873,0.001121091,0.000179427,-0.000868251,-0.00113761,-0.000456198,0.000547692,0.001030474,0.000651646,-0.00018799,-0.000749056,-0.000603367,3.96E-05,0.000576662,0.000563839,7.57E-05,-0.000417147,-0.000497628,-0.0001542,0.000260017,0.000381374,0.000154335,-0.000164541,-0.000282748,-0.000142348,6.45E-05,0.000119265,-1.81E-06,-0.000126551,-8.78E-05,9.24E-05,0.000228056,0.000171996,-1.88E-05,-0.000135645,-4.11E-05,0.00016852,0.000241143,2.72E-05,-0.000338085,-0.000528255,-0.000330432,0.000127251,0.000462117,0.000382356,-2.62E-05,-0.00035789,-0.000261616,0.000209135,0.000612531,0.000514809,-8.61E-05,-0.00071481,-0.000822279,-0.000288885,0.000441006,0.000739958,0.000364964,-0.000309574,-0.000625517,-0.000253316,0.000479782,0.00086682,0.000471689
-0.005377376,-0.003079155,-0.002440548,-0.001979689,-0.001467881,-0.000885204,-0.000279884,0.000277989,0.000730279,0.001045161,0.001209295,0.001211379,0.001036566,0.000680732,0.000175312,-0.000397748,-0.000915907,-0.001249202,-0.001300381,-0.001034063,-0.000487502,0.000233007,0.000963913,0.001505827,0.001663216,0.001306386,0.000441944,-0.000741285,-0.001887935,-0.002570637,-0.002443566,-0.001400274,0.000333198,0.002222911,0.00358156,0.003814045,0.0026716,0.000411537,-0.002223834,-0.004238657,-0.004767807,-0.003470636,-0.000751531,0.002331404,0.00447936,0.004732956,0.002950811,-7.03E-05,-0.002934097,-0.004307909,-0.003586328,-0.001203676,0.001588784,0.003379187,0.003336782,0.001631129,-0.000705107,-0.002386876,-0.002602979,-0.001433325,0.000276655,0.00148463,0.001592611,0.000757519,-0.00030536,-0.000862641,-0.000660095,-3.57E-05,0.000407812,0.000305307,-0.000184818,-0.000533086,-0.000309002,0.000411686,0.001050918,0.00097533,5.23E-05,-0.001144482,-0.001697627,-0.001051093,0.000479843,0.001835148,0.001951229,0.000596728,-0.001352151,-0.002474916,-0.001850691,0.000190001,0.002218168,0.002719172,0.001243593,-0.001187181,-0.002782705,-0.002314182,-7.73E-05,0.002276207,0.002958885,0.001414083,-0.0012247,-0.00296849,-0.002488229,-0.000148255,0.002257747,0.002884564,0.001266141,-0.001320764,-0.002853349,-0.002144714,0.000232549,0.002408795,0.002697543,0.000917583,-0.001488618,-0.002622486,-0.001639008,0.00060859,0.002288802,0.002075657,0.000192576,-0.001810973,-0.002339436,-0.001029764,0.001001319,0.002109762,0.001466788,-0.000308563,-0.001714409,-0.001623108,-0.00017948,0.001377376,0.001776264,0.00075105,-0.000795534,-0.001592749,-0.001059859,0.000262543,0.001228591,0.001069223,5.85E-07,-0.001022736,-0.001149745,-0.000331184,0.000698087,0.001087548,0.000584512,-0.000307872,-0.000816739,-0.000568479,0.000138194,0.000651329,0.000552682,-1.19E-05,-0.000516226,-0.000543498,-0.000129568,0.000321706,0.000431092,0.000166987,-0.00017719,-0.000289917,-0.000122641,0.0001075,0.000162375,1.56E-05,-0.000148284,-0.000144291,2.03E-05,0.000166002,0.000141822,-9.76E-06,-9.93E-05,-1.29E-06,0.000192737,0.000250681,4.17E-05,-0.000299828,-0.000471975,-0.000290348,0.000111893,0.000381961,0.000273725,-0.000102465,-0.000361174,-0.000202831,0.00027763,0.000642132,0.00050209,-9.94E-05,-0.000684716,-0.000750742,-0.000230777,0.000422125,0.000631011,0.00022398,-0.000393605,-0.000602191,-0.000150324,0.000582301,0.000905249,0.000450357
-0.004464764,-0.002585638,-0.002034412,-0.001609061,-0.001128293,-0.000587532,-4.19E-05,0.000436034,0.000788657,0.000988235,0.001030354,0.000918505,0.000657602,0.00026474,-0.000211428,-0.000681561,-0.001030018,-0.00114997,-0.000982279,-0.000539672,9.15E-05,0.000767647,0.001313653,0.00155576,0.001363983,0.000703948,-0.000316665,-0.001435385,-0.002282909,-0.002496242,-0.001866116,-0.000459678,0.001344095,0.002941742,0.003703048,0.003217451,0.001496351,-0.000960887,-0.003291232,-0.004567894,-0.004180738,-0.002143096,0.000830667,0.003556729,0.004865577,0.004141444,0.001656602,-0.001495429,-0.003879579,-0.00440432,-0.002870846,-8.72E-05,0.002537062,0.003719206,0.002967205,0.000814358,-0.001508413,-0.002775043,-0.002436661,-0.000876872,0.000884825,0.001841693,0.001590492,0.000503776,-0.000598116,-0.001029539,-0.000673131,2.02E-05,0.000434898,0.000281284,-0.000201384,-0.000477117,-0.00019242,0.000487407,0.000974026,0.000734406,-0.000218917,-0.0012415,-0.001498163,-0.000631351,0.00086699,0.001924591,0.001662915,0.000116093,-0.001686192,-0.002408557,-0.001410325,0.000697897,0.002417019,0.002437901,0.000654084,-0.001681677,-0.002836206,-0.001894053,0.000505768,0.002593844,0.002782202,0.000885706,-0.001696552,-0.00301696,-0.002064908,0.000440197,0.002581971,0.002716744,0.00074851,-0.001790639,-0.00292972,-0.001795092,0.000711783,0.002630028,0.00248402,0.000434717,-0.00187035,-0.002619539,-0.001270253,0.00104822,0.002467746,0.001883707,-0.000185086,-0.00205415,-0.002251781,-0.000688022,0.001320534,0.002157497,0.00121634,-0.000652299,-0.00188866,-0.001516412,9.15E-05,0.0015764,0.0017439,0.00052651,-0.001019313,-0.001633974,-0.00089267,0.00049792,0.001348953,0.000996512,-0.000185311,-0.001161209,-0.001134171,-0.000188446,0.000842015,0.001117919,0.000488389,-0.000441529,-0.000878593,-0.000518276,0.000246689,0.000722873,0.000530026,-0.000107752,-0.000611733,-0.000575396,-9.03E-05,0.000388606,0.0004736,0.000165949,-0.000200025,-0.000297014,-9.33E-05,0.000162897,0.000213209,3.31E-05,-0.000174693,-0.000204864,-5.21E-05,0.000105859,0.000110476,-9.44E-06,-7.85E-05,2.23E-05,0.000208615,0.000264997,7.26E-05,-0.000241032,-0.000398995,-0.000241205,9.97E-05,0.000303196,0.000166123,-0.00018139,-0.000375927,-0.000165719,0.0003202,0.000652642,0.000486473,-9.81E-05,-0.000630425,-0.000656522,-0.000158753,0.000408502,0.000523143,8.26E-05,-0.000482116,-0.000592376,-7.07E-05,0.000658931,0.00092813,0.000433714
-0.002854003,-0.001686473,-0.001315862,-0.000999279,-0.000626386,-0.000207885,0.000199715,0.000528436,0.000728438,0.000781871,0.000696893,0.000492529,0.000190673,-0.000177087,-0.000555462,-0.000861121,-0.000999354,-0.000897979,-0.000541554,1.22E-05,0.000640558,0.001183745,0.001480521,0.001405847,0.000908609,4.66E-05,-0.000993791,-0.001915561,-0.002381105,-0.002129372,-0.001101511,0.000481806,0.002142042,0.00327894,0.003386906,0.002274983,0.000198269,-0.002170981,-0.003950321,-0.004378294,-0.003150792,-0.000615069,0.002293602,0.004391093,0.004747195,0.003135555,0.000201051,-0.002777756,-0.004459647,-0.004086955,-0.001877748,0.001061119,0.003283323,0.003742197,0.002325953,-0.000108236,-0.002225583,-0.002955073,-0.002058748,-0.000205906,0.001475808,0.002086933,0.001457248,0.000165685,-0.000903704,-0.001155498,-0.000628247,0.000122309,0.000488343,0.000268465,-0.000218809,-0.000439233,-0.00011651,0.000508438,0.000855302,0.000495596,-0.000433535,-0.001253316,-0.001237112,-0.000219011,0.001174137,0.001908868,0.001315198,-0.000332286,-0.001911004,-0.002225932,-0.00092583,0.00114536,0.002490651,0.002052987,5.50E-05,-0.002085724,-0.002765143,-0.001406436,0.001048945,0.002791662,0.002491492,0.0003304,-0.002090593,-0.002941053,-0.00156077,0.001010693,0.002808983,0.002450106,0.000206621,-0.002192611,-0.002898613,-0.001379711,0.001166948,0.002757368,0.002177263,-7.48E-05,-0.002199891,-0.002533368,-0.000855264,0.001462079,0.00257224,0.001629499,-0.000563136,-0.002235133,-0.00208582,-0.000307605,0.001616577,0.002145891,0.000920524,-0.000993544,-0.00202013,-0.001366733,0.000366911,0.001734755,0.001654862,0.00026971,-0.001230838,-0.001632297,-0.000686161,0.000742535,0.001449196,0.000898673,-0.000375292,-0.001276354,-0.001085208,-2.82E-05,0.000973908,0.001115125,0.000360534,-0.000586737,-0.000930087,-0.000449895,0.000364344,0.000788505,0.000494556,-0.000209141,-0.000697614,-0.000587124,-3.35E-05,0.000458839,0.000503741,0.000145587,-0.000237137,-0.000306511,-5.65E-05,0.000227835,0.00026877,4.96E-05,-0.000203339,-0.000263061,-0.000116018,5.57E-05,8.29E-05,-1.70E-05,-7.59E-05,2.53E-05,0.000211127,0.000278675,0.000113987,-0.000167408,-0.000313463,-0.000183731,9.45E-05,0.000233413,6.85E-05,-0.000255595,-0.000398635,-0.00015104,0.000332945,0.000638684,0.000462305,-8.77E-05,-0.000556511,-0.000542357,-7.22E-05,0.000405049,0.000424881,-4.98E-05,-0.000568099,-0.000594212,-1.83E-05,0.000702052,0.000926657,0.000414006
-0.000844236,-0.000550234,-0.000418019,-0.000260358,-4.92E-05,0.000191627,0.00040975,0.000547948,0.000569504,0.000470122,0.000271694,7.04E-06,-0.000289806,-0.000580561,-0.000813439,-0.000922146,-0.000842572,-0.000542775,-5.00E-05,0.000541693,0.001089693,0.001438524,0.001461144,0.001095117,0.000369825,-0.00057882,-0.001515257,-0.002145905,-0.002201203,-0.001543013,-0.00025759,0.001316217,0.002658643,0.003236374,0.002714123,0.001127339,-0.001066221,-0.003101219,-0.004167753,-0.003738081,-0.00182811,0.000932897,0.003490931,0.004774683,0.004169502,0.001842664,-0.001261128,-0.00379801,-0.004634218,-0.003401647,-0.000707801,0.002137767,0.003768974,0.003456368,0.001476181,-0.001054849,-0.00279683,-0.002914207,-0.001503061,0.000520962,0.001995298,0.002191527,0.00119454,-0.000234162,-0.001194198,-0.001219808,-0.000516883,0.000268863,0.000560222,0.00025712,-0.000245126,-0.000422167,-7.53E-05,0.000490237,0.00071527,0.000274995,-0.000590002,-0.00119672,-0.000943119,0.000160038,0.001392357,0.001800272,0.000932179,-0.000730073,-0.002028009,-0.001948589,-0.000424604,0.001518721,0.002450418,0.001595524,-0.000521643,-0.002385446,-0.002580621,-0.000876987,0.001531769,0.002869278,0.002105654,-0.000229085,-0.00239877,-0.002755382,-0.001004749,0.001538391,0.002933093,0.002099255,-0.000337449,-0.002513772,-0.002764322,-0.000914057,0.001586078,0.002794144,0.001795789,-0.000588796,-0.00246578,-0.002369374,-0.000410614,0.001834986,0.002598115,0.001319682,-0.000933025,-0.002353409,-0.001852029,9.62E-05,0.001879555,0.00207692,0.000591243,-0.001318759,-0.002101694,-0.001175341,0.000641913,0.001850845,0.001514118,-1.07E-05,-0.001424229,-0.001589404,-0.000449031,0.000985928,0.001522916,0.000775532,-0.000565825,-0.001365581,-0.00100407,0.000145536,0.001090615,0.001080054,0.000205935,-0.000737403,-0.000967652,-0.00036381,0.000488182,0.000845931,0.00044696,-0.000312629,-0.000769978,-0.000576879,3.97E-05,0.000529507,0.000518866,0.000104617,-0.000289061,-0.00031988,-1.59E-05,0.000297106,0.000324375,6.32E-05,-0.0002318,-0.000313056,-0.000164248,2.22E-05,6.40E-05,-2.89E-05,-8.90E-05,8.67E-06,0.000198622,0.0002864,0.000157083,-8.91E-05,-0.000223854,-0.000122083,9.73E-05,0.000177759,-1.18E-05,-0.000317614,-0.000422446,-0.000152953,0.000319963,0.000601249,0.0004262,-7.59E-05,-0.000473021,-0.000417164,2.43E-05,0.000412834,0.000341983,-0.000164947,-0.000643632,-0.000601394,1.10E-05,0.000712598,0.000897855,0.000383861
0.001265861,0.000653186,0.000526082,0.000500361,0.000521786,0.000557376,0.000563376,0.0004979,0.000340703,0.00010243,-0.000182291,-0.000470347,-0.000721356,-0.000897979,-0.000960382,-0.000867059,-0.000589537,-0.000136354,0.000428487,0.000987209,0.001393912,0.001515529,0.001273185,0.000672061,-0.00018568,-0.001107266,-0.001839091,-0.002124676,-0.001787459,-0.000818035,0.000571976,0.001969157,0.002868784,0.002854726,0.001785962,-9.18E-05,-0.002174511,-0.003684332,-0.003959683,-0.002746295,-0.000363233,0.002350901,0.004326851,0.004699327,0.003211553,0.000394533,-0.002599694,-0.004478319,-0.004403755,-0.002418132,0.000538166,0.003059161,0.003963591,0.00289238,0.000488531,-0.001952196,-0.003180332,-0.002657168,-0.000812285,0.001247723,0.002400241,0.002140492,0.000814545,-0.00066919,-0.00144411,-0.001208214,-0.000337868,0.000452077,0.000639757,0.000237973,-0.000285288,-0.00042456,-6.00E-05,0.000448102,0.000570714,8.29E-05,-0.000691335,-0.001088884,-0.000640005,0.00048791,0.001519764,0.001613404,0.000534558,-0.00106548,-0.00204385,-0.001598535,7.03E-05,0.001810098,0.002310382,0.001093786,-0.001050534,-0.002573895,-0.002296359,-0.000328367,0.001940009,0.002831365,0.001644377,-0.00077329,-0.002617207,-0.002475923,-0.000422856,0.002003873,0.002952878,0.00167908,-0.000865328,-0.002746251,-0.002534231,-0.00041325,0.001959858,0.002745878,0.001357741,-0.001088134,-0.002659735,-0.00213405,4.90E-05,0.002155439,0.002544308,0.000961741,-0.001287537,-0.002410358,-0.001561605,0.000508995,0.002101272,0.00195336,0.000239415,-0.001616703,-0.002128393,-0.000944243,0.000912485,0.001924699,0.001327742,-0.000306096,-0.001594454,-0.001507669,-0.000189808,0.001218577,0.001564651,0.000627073,-0.000754184,-0.001427501,-0.000892722,0.000328953,0.001190029,0.001014796,3.03E-05,-0.000887345,-0.00098799,-0.000260702,0.000615245,0.00089285,0.000387459,-0.000415906,-0.000826524,-0.000544281,0.000127412,0.000598074,0.00051752,4.33E-05,-0.000354811,-0.000337275,2.62E-05,0.000366455,0.000375893,7.20E-05,-0.000258874,-0.000351168,-0.000192187,9.35E-06,5.73E-05,-4.20E-05,-0.000114702,-2.51E-05,0.000171285,0.000284843,0.000195091,-1.48E-05,-0.000137956,-6.09E-05,0.000107363,0.000138836,-7.03E-05,-0.000361752,-0.000441102,-0.000165043,0.000286784,0.000543252,0.00037684,-6.85E-05,-0.000388723,-0.000289647,0.000124919,0.000430576,0.00027727,-0.000257572,-0.000702239,-0.000607495,2.26E-05,0.000693991,0.000841538,0.000338432
0.003176086,0.001752787,0.001382786,0.001175503,0.001005888,0.000836809,0.000637111,0.000383035,7.20E-05,-0.000271158,-0.00060226,-0.000872982,-0.001043209,-0.001083749,-0.00097334,-0.000699705,-0.000270512,0.000270089,0.00083211,0.001289476,0.001510601,0.001399901,0.000934542,0.000183876,-0.000693687,-0.001476299,-0.001925387,-0.001850558,-0.00118259,-3.23E-05,0.001296828,0.002368342,0.002747141,0.002171968,0.000699478,-0.001252515,-0.003005532,-0.003851241,-0.003337606,-0.001496524,0.001096785,0.00348842,0.004700566,0.004149509,0.001946298,-0.001078512,-0.003679761,-0.004731727,-0.003759343,-0.001201187,0.001757071,0.003733026,0.0038257,0.002072914,-0.000567412,-0.002720905,-0.003324564,-0.002180597,-2.67E-05,0.001914568,0.002640422,0.001912784,0.000327759,-0.001109843,-0.001622853,-0.001102654,-8.95E-05,0.000661907,0.000713323,0.000200483,-0.000343532,-0.000443763,-6.15E-05,0.000395579,0.000436247,-7.06E-05,-0.00073811,-0.000942949,-0.000348869,0.000745725,0.001549956,0.001357845,0.000141367,-0.001323284,-0.001958582,-0.00119261,0.000535659,0.002005673,0.002076854,0.000571947,-0.001503949,-0.002636541,-0.00191898,0.000218132,0.002253954,0.002674225,0.001122281,-0.001280677,-0.00273423,-0.002110815,0.000161054,0.002382704,0.002858579,0.001199085,-0.001357148,-0.002875126,-0.002208631,0.000109302,0.002274084,0.002610429,0.000876673,-0.001551714,-0.002766853,-0.001827662,0.000510158,0.002407435,0.002403374,0.000559948,-0.001617143,-0.002401557,-0.001221103,0.000916451,0.002269027,0.001772739,-0.000125985,-0.001873511,-0.002090426,-0.000672307,0.001173743,0.001952417,0.00109814,-0.000608429,-0.001733644,-0.001385717,8.46E-05,0.001429372,0.001565549,0.000450848,-0.000937328,-0.00145817,-0.000750519,0.000518885,0.00126841,0.000919086,-0.000161708,-0.001029434,-0.000985685,-0.000139712,0.000742373,0.00092528,0.00031448,-0.000517278,-0.000864123,-0.000487541,0.000228723,0.000661692,0.000497214,-3.88E-05,-0.000433277,-0.00035788,6.83E-05,0.00043207,0.000418733,7.32E-05,-0.000284204,-0.00037392,-0.0001948,2.22E-05,6.67E-05,-5.31E-05,-0.000150243,-7.41E-05,0.000129493,0.000271345,0.000221913,4.72E-05,-6.40E-05,-5.87E-06,0.000123236,0.000119171,-0.00010165,-0.0003816,-0.000448044,-0.000181229,0.00023833,0.000467324,0.000313296,-7.05E-05,-0.000311864,-0.000168796,0.00022305,0.000456004,0.000233329,-0.000321506,-0.000736393,-0.000605517,2.17E-05,0.00064886,0.000757037,0.000273197
0.004570559,0.002566996,0.002011277,0.001654558,0.00132366,0.000983138,0.000616743,0.000219281,-0.000195479,-0.000591982,-0.000921296,-0.001136082,-0.001202887,-0.001106231,-0.000846881,-0.000441777,6.99E-05,0.00061827,0.001101707,0.001402617,0.001419229,0.001103198,0.000487605,-0.000306417,-0.001088192,-0.001637955,-0.001762584,-0.001357657,-0.000461782,0.000717379,0.001828511,0.002465913,0.002309499,0.001271615,-0.000413495,-0.002214019,-0.00345685,-0.003576813,-0.002368407,-0.000130107,0.002382215,0.00420634,0.004553349,0.003167404,0.000498832,-0.002418505,-0.004372475,-0.00450671,-0.002741223,0.000141739,0.00282567,0.004074741,0.003342321,0.001054857,-0.00159799,-0.003276974,-0.003192044,-0.00150456,0.000793206,0.00245358,0.002672,0.001503362,-0.000238132,-0.001515662,-0.001698457,-0.000891677,0.00021965,0.000879308,0.000762272,0.00013357,-0.000421332,-0.000472926,-6.73E-05,0.00034813,0.000325583,-0.000179423,-0.000735803,-0.000775692,-9.07E-05,0.000919374,0.001484254,0.00105012,-0.000225947,-0.00149174,-0.00177953,-0.00075424,0.000946298,0.002095392,0.001762578,5.84E-05,-0.00185562,-0.002565649,-0.001463037,0.000737278,0.002456515,0.002401578,0.000561343,-0.001726971,-0.002741173,-0.001673995,0.00071931,0.002651716,0.002645986,0.000674551,-0.0017913,-0.002889168,-0.001794511,0.000634868,0.002513761,0.002389163,0.000370701,-0.001956496,-0.002774186,-0.001454531,0.000956564,0.002576009,0.002172173,0.000123267,-0.001910296,-0.002324252,-0.000840801,0.001301254,0.002369943,0.001534717,-0.000493729,-0.00207506,-0.00198012,-0.000361345,0.001419259,0.001931099,0.0008305,-0.000907036,-0.001833223,-0.001223492,0.000365411,0.001606063,0.001517204,0.000245733,-0.001111385,-0.001454157,-0.000578338,0.00071087,0.001322096,0.000794253,-0.000363319,-0.001154989,-0.00095514,-9.24E-07,0.000865183,0.000938458,0.000226144,-0.000615405,-0.000880589,-0.000406367,0.000341266,0.000717117,0.000456492,-0.000140199,-0.000520867,-0.000378929,0.000110056,0.000490367,0.000448032,6.32E-05,-0.000308497,-0.000379551,-0.000169328,6.33E-05,9.45E-05,-5.94E-05,-0.000191694,-0.00013368,7.62E-05,0.000245444,0.000232873,8.91E-05,-1.04E-05,3.66E-05,0.000141752,0.000118968,-0.000103131,-0.000372528,-0.000437186,-0.000194312,0.000181895,0.000378962,0.000237107,-8.57E-05,-0.00025052,-6.46E-05,0.000310011,0.000484332,0.000210052,-0.000352899,-0.000739723,-0.000587944,1.58E-05,0.00058328,0.000647275,0.000186263
0.005310395,0.003012849,0.002349206,0.00189344,0.001450624,0.000991839,0.000515988,3.47E-05,-0.000425386,-0.000822287,-0.001107747,-0.001240686,-0.001198723,-0.000982616,-0.000614848,-0.000137665,0.000386147,0.000872354,0.001221418,0.001337488,0.001158181,0.00068485,-5.69E-07,-0.000742027,-0.001340668,-0.001604627,-0.001406303,-0.000733977,0.000277596,0.001354029,0.002138353,0.002297125,0.001651136,0.000283698,-0.001428901,-0.002901685,-0.003533792,-0.002950802,-0.001200174,0.001196299,0.003384114,0.004484749,0.003963373,0.001900741,-0.000969642,-0.0035123,-0.004654422,-0.003874003,-0.001480018,0.001477452,0.003662908,0.004083599,0.002583911,-5.99E-05,-0.002519391,-0.003590127,-0.002812267,-0.000695713,0.001580475,0.002829375,0.002502649,0.000952163,-0.000834944,-0.001853206,-0.001663296,-0.00059021,0.000564333,0.001081095,0.000772823,3.39E-05,-0.000513839,-0.00050194,-6.47E-05,0.000316948,0.000243549,-0.000248981,-0.000699729,-0.000605001,0.000125075,0.001015919,0.001344995,0.000716184,-0.000553549,-0.00157869,-0.001532326,-0.000310978,0.001290564,0.002091031,0.001394373,-0.000424099,-0.002103377,-0.002381999,-0.000958277,0.001211035,0.002554143,0.002040104,-9.83E-06,-0.002100901,-0.002650635,-0.001191356,0.001232349,0.00281184,0.002335053,0.000128859,-0.002158809,-0.002800664,-0.001316523,0.001144067,0.002677905,0.002098721,-0.000139296,-0.002292808,-0.002689173,-0.001031746,0.001375924,0.002663605,0.001866083,-0.000331745,-0.002161572,-0.002187708,-0.00043728,0.001651611,0.002404483,0.001249638,-0.000853144,-0.002219131,-0.001804946,-2.17E-05,0.00164467,0.001866398,0.000536631,-0.001192302,-0.001892052,-0.001028029,0.00064332,0.001743954,0.001421559,1.69E-05,-0.001273688,-0.001418336,-0.000382673,0.00089996,0.00135188,0.000646832,-0.000566251,-0.001258848,-0.000896471,0.000151888,0.000979846,0.000931013,0.000123184,-0.00070995,-0.000878186,-0.000305503,0.000460346,0.000762768,0.000398256,-0.000254653,-0.000611211,-0.000396398,0.000152462,0.000540161,0.000462144,4.06E-05,-0.000333348,-0.000370958,-0.00012025,0.00012767,0.000137692,-6.03E-05,-0.000234446,-0.000197205,1.78E-05,0.000210958,0.000228685,0.000109283,2.01E-05,6.32E-05,0.000158854,0.000133337,-7.96E-05,-0.000337627,-0.000407821,-0.000199119,0.00012571,0.000286475,0.000153682,-0.000112966,-0.00020755,1.78E-05,0.000379887,0.000509598,0.000201809,-0.000356172,-0.000713766,-0.000551787,1.27E-05,0.000507591,0.000521511,8.23E-05
0.005307911,0.003037255,0.002357119,0.001865357,0.001373709,0.000863677,0.000347986,-0.000148458,-0.000590534,-0.000935475,-0.001140971,-0.001176718,-0.001034161,-0.0007304,-0.00030645,0.000176919,0.000643409,0.001006855,0.001182493,0.001106558,0.000760936,0.000193562,-0.000476945,-0.001079545,-0.001430925,-0.001388452,-0.000901954,-4.91E-05,0.000959963,0.001819064,0.002205666,0.001890668,0.00084651,-0.000691356,-0.002251709,-0.003259109,-0.003241744,-0.002043647,5.17E-05,0.002360736,0.004017441,0.004307817,0.002991701,0.000466085,-0.002330323,-0.00426729,-0.004503174,-0.002886816,-7.94E-05,0.002696424,0.004197853,0.003752327,0.001602637,-0.001189409,-0.003259697,-0.003629323,-0.002203552,0.000193736,0.002278427,0.003008197,0.002134231,0.000290504,-0.001420923,-0.002090758,-0.00150751,-0.0002096,0.000921807,0.001245212,0.000731605,-0.000101217,-0.000615858,-0.000521639,-4.42E-05,0.000309399,0.000192668,-0.000283438,-0.000640071,-0.000442847,0.000291539,0.001039288,0.001147129,0.000375137,-0.000828959,-0.00158631,-0.00123331,0.000116292,0.001556066,0.001996521,0.000989474,-0.00085723,-0.002241211,-0.002096874,-0.000426199,0.001622231,0.00254595,0.001606108,-0.000568593,-0.002388521,-0.002465969,-0.000679802,0.001682833,0.002858148,0.001936529,-0.000419995,-0.002448139,-0.00261334,-0.000791226,0.001619128,0.002759642,0.001746934,-0.00063764,-0.002549062,-0.002512299,-0.000570209,0.001756406,0.002667213,0.001493494,-0.000791542,-0.002362284,-0.001994204,-2.16E-05,0.001955952,0.002368559,0.000922601,-0.001195244,-0.002300546,-0.001567505,0.000338669,0.001843673,0.001758889,0.000223881,-0.001455372,-0.001905952,-0.000802245,0.000911182,0.001837085,0.001277658,-0.000232296,-0.001420382,-0.001350314,-0.000167154,0.001081538,0.001356211,0.000480148,-0.000764093,-0.001335443,-0.000808047,0.000316252,0.001082245,0.00090007,5.04E-06,-0.000800403,-0.000857497,-0.000187617,0.000582355,0.00079658,0.000323873,-0.000377539,-0.000698436,-0.000405805,0.000197108,0.000580578,0.000459102,3.62E-06,-0.000360464,-0.000350405,-5.09E-05,0.00021154,0.00019342,-5.58E-05,-0.000275355,-0.000259176,-4.00E-05,0.000171899,0.000210728,0.000106801,2.52E-05,7.08E-05,0.000171079,0.000158409,-3.50E-05,-0.000279456,-0.000359876,-0.000192239,7.58E-05,0.000196579,6.80E-05,-0.000150569,-0.000184719,7.42E-05,0.000427341,0.000526491,0.000204017,-0.000334526,-0.000659443,-0.00049479,1.79E-05,0.000429572,0.000387281,-3.40E-05
0.004444762,0.002568669,0.001981776,0.001533949,0.001074801,0.000598952,0.000129569,-0.000300715,-0.000654926,-0.000895848,-0.000992693,-0.000929508,-0.000712204,-0.000371232,4.08E-05,0.000455112,0.000795016,0.000986181,0.00097041,0.000722807,0.000268535,-0.000308198,-0.000871099,-0.001258549,-0.001326758,-0.000998618,-0.000303273,0.000608517,0.001484314,0.002028645,0.001992585,0.001272711,-1.49E-05,-0.001523041,-0.002749809,-0.00319751,-0.002570176,-0.000933814,0.001240221,0.003194756,0.004151385,0.003631442,0.001700249,-0.000988667,-0.003402987,-0.004538211,-0.003862574,-0.001596712,0.001326159,0.003639013,0.004311112,0.00304671,0.000455142,-0.002220191,-0.00370455,-0.003330242,-0.001374412,0.001095882,0.00279948,0.002926971,0.001554986,-0.000443462,-0.001933076,-0.002173421,-0.001207661,0.000238009,0.001257578,0.001335005,0.000615429,-0.000276723,-0.000718468,-0.000517636,7.62E-06,0.000334347,0.000176244,-0.000285967,-0.000566709,-0.000303227,0.000397125,0.000988428,0.000904376,5.12E-05,-0.00102982,-0.001507863,-0.000897227,0.000498694,0.001717036,0.001805532,0.000565085,-0.001212099,-0.002248952,-0.00171396,0.00010684,0.001939241,0.002416976,0.0011124,-0.001082256,-0.002558917,-0.002178381,-0.000157321,0.002040187,0.002770131,0.001454638,-0.000946905,-0.002632574,-0.002319216,-0.000235824,0.002029672,0.002736792,0.001334782,-0.001102342,-0.002699324,-0.002232516,-8.04E-05,0.002075927,0.002571357,0.001057939,-0.001236237,-0.002491346,-0.001737234,0.000393594,0.00219242,0.002246943,0.000554941,-0.001505247,-0.002303965,-0.001264039,0.00071002,0.002001708,0.001601734,-0.00010096,-0.001680773,-0.001862275,-0.000545302,0.001158247,0.001871722,0.001078618,-0.000498264,-0.00154244,-0.001244117,6.60E-05,0.001247437,0.001328377,0.00029528,-0.000947771,-0.001373619,-0.000683916,0.000489722,0.001164369,0.0008381,-0.000130985,-0.000885043,-0.000816415,-5.40E-05,0.000702441,0.000813754,0.000233,-0.000503127,-0.000773207,-0.000398943,0.000247398,0.000609819,0.000434384,-5.21E-05,-0.000392539,-0.000319975,3.56E-05,0.000310383,0.000257515,-4.71E-05,-0.000310868,-0.000312041,-8.85E-05,0.000134705,0.000181156,7.96E-05,1.96E-07,5.43E-05,0.00017349,0.000189729,2.70E-05,-0.000200635,-0.000293248,-0.000169651,4.00E-05,0.000118601,-1.22E-05,-0.000195533,-0.000184727,9.73E-05,0.000443424,0.000526942,0.000211088,-0.000290589,-0.000576372,-0.000413347,3.84E-05,0.000358894,0.000254592,-0.000155907
0.002984873,0.001754592,0.001340143,0.000997396,0.000634002,0.000258061,-0.000100678,-0.00040706,-0.00062765,-0.000735524,-0.000714721,-0.000564768,-0.000304422,2.72E-05,0.000373281,0.000666756,0.000840794,0.00084212,0.000645017,0.000264019,-0.000238548,-0.000754965,-0.001148793,-0.001286309,-0.001077515,-0.000515624,0.000299256,0.001165096,0.001818395,0.002006604,0.001576824,0.000553866,-0.000824966,-0.00214528,-0.002928927,-0.002802043,-0.001663063,0.000220834,0.002248825,0.003669024,0.003861211,0.002615258,0.000279898,-0.002308797,-0.004124834,-0.004375518,-0.00287376,-0.000177793,0.002598481,0.004253733,0.004049614,0.002081163,-0.000734286,-0.00307484,-0.003853469,-0.002760795,-0.000421398,0.001934696,0.003122182,0.002623044,0.00083707,-0.001179527,-0.002332952,-0.002104172,-0.000796949,0.000711289,0.001541787,0.001340392,0.000430507,-0.000479472,-0.000810097,-0.000483998,9.03E-05,0.000385379,0.00018223,-0.000272097,-0.000492973,-0.000189193,0.000454753,0.000890103,0.00064608,-0.000238829,-0.001161378,-0.001367149,-0.000550764,0.0008249,0.001785794,0.001545736,0.000144049,-0.001489162,-0.002153786,-0.001272193,0.000613971,0.002163644,0.002194707,0.000592592,-0.001534114,-0.002622213,-0.001814711,0.00035504,0.002307399,0.002575299,0.000923739,-0.001433612,-0.002721559,-0.001947642,0.000321376,0.002366851,0.002622623,0.000883468,-0.001523727,-0.002755145,-0.001875362,0.000416476,0.002332872,0.002395077,0.00058567,-0.001649645,-0.002550881,-0.00143107,0.000796644,0.002362929,0.002054357,0.000162494,-0.00177913,-0.002241248,-0.0009147,0.001076868,0.00211652,0.001403951,-0.000427382,-0.001865844,-0.001767865,-0.000266823,0.001381207,0.001854878,0.000837679,-0.00077025,-0.001637943,-0.001106202,0.000308351,0.00139413,0.001271842,9.89E-05,-0.001113509,-0.001375829,-0.000530962,0.000666073,0.001224724,0.000748261,-0.000280951,-0.000963425,-0.000759307,8.87E-05,0.00081617,0.000814889,0.000130821,-0.000624641,-0.000830197,-0.000372901,0.000305083,0.000630287,0.000391429,-0.000123636,-0.000430147,-0.000285172,0.00012956,0.000413445,0.000321554,-3.82E-05,-0.000340305,-0.000351907,-0.000122243,0.000105917,0.000147468,3.60E-05,-4.72E-05,1.81E-05,0.00016541,0.000220692,9.54E-05,-0.000112546,-0.000216348,-0.000134816,1.95E-05,5.71E-05,-8.10E-05,-0.00024099,-0.000200446,9.36E-05,0.000431678,0.000509478,0.000215739,-0.000235657,-0.000475855,-0.000314451,7.40E-05,0.000301497,0.000132974,-0.00027319
0.001122145,0.000703423,0.000518118,0.000327682,0.000109903,-0.000114956,-0.000314747,-0.000456676,-0.000515424,-0.000477849,-0.000344548,-0.000129952,0.000137545,0.000415894,0.000652119,0.000789567,0.000779733,0.000596408,0.000248166,-0.000214797,-0.000702711,-0.001098918,-0.001283474,-0.001165099,-0.000715277,5.59E-06,0.000841985,0.001566643,0.001935434,0.001764481,0.001008139,-0.000190911,-0.001507085,-0.002507078,-0.002785649,-0.002124582,-0.000616154,0.0013096,0.002989762,0.003752216,0.003188039,0.001363409,-0.001135605,-0.00337715,-0.004437,-0.003799216,-0.001626232,0.001246996,0.003629262,0.004487121,0.003430331,0.000928402,-0.001874389,-0.003685574,-0.003689834,-0.001957342,0.00058897,0.002648132,0.003217969,0.002111512,2.78E-05,-0.001863001,-0.002583204,-0.001875749,-0.00029499,0.001178317,0.001746763,0.001248147,0.000178726,-0.000698826,-0.000879456,-0.0004143,0.00020367,0.000456974,0.000201615,-0.00025197,-0.000426948,-0.000102817,0.000471442,0.000759991,0.000391181,-0.000481332,-0.001222346,-0.001175778,-0.000211165,0.001083188,0.001763998,0.00123102,-0.000257607,-0.001682837,-0.001966933,-0.000794759,0.001073432,0.002288265,0.001890468,6.84E-05,-0.001906699,-0.002576062,-0.001387338,0.000841357,0.002478724,0.00228428,0.000364902,-0.001862409,-0.002712521,-0.001512544,0.000859688,0.002616781,0.002417623,0.000404375,-0.001890837,-0.002716242,-0.00145266,0.00090473,0.002519294,0.002144264,9.28E-05,-0.002015947,-0.002534629,-0.001080602,0.00117808,0.002462613,0.001794926,-0.000245065,-0.002009919,-0.002114542,-0.000530404,0.001426212,0.002180835,0.001167177,-0.000748179,-0.002004532,-0.00162249,2.84E-05,0.001575324,0.00178694,0.000561228,-0.001039745,-0.001701721,-0.000937562,0.000554503,0.00151646,0.001185502,-0.000105892,-0.001257139,-0.00134064,-0.000351827,0.000840509,0.001259748,0.000630261,-0.000442687,-0.001033727,-0.000687079,0.000236995,0.000919511,0.000798479,1.97E-05,-0.000736937,-0.000863906,-0.000323827,0.000372027,0.0006429,0.000331284,-0.000210052,-0.000473544,-0.000249088,0.000224887,0.000512875,0.000378606,-3.28E-05,-0.000363483,-0.000375381,-0.00013597,9.12E-05,0.000115282,-1.87E-05,-0.000112354,-3.48E-05,0.000146371,0.000246936,0.000162959,-2.35E-05,-0.000135744,-9.07E-05,1.53E-05,1.59E-05,-0.000132748,-0.000281317,-0.000226902,6.67E-05,0.000393554,0.000472468,0.000212955,-0.000177191,-0.000365561,-0.000203239,0.000123992,0.000261536,2.99E-05,-0.000377487
-0.000891348,-0.000443463,-0.000372603,-0.00038235,-0.000422954,-0.000465278,-0.00047916,-0.000438469,-0.000329427,-0.000154542,6.92E-05,0.000315116,0.000550037,0.000735962,0.0008317,0.000798885,0.000613143,0.000277441,-0.000168407,-0.000647294,-0.001055726,-0.001284467,-0.001245373,-0.000899303,-0.000279137,0.000499827,0.001250472,0.00175088,0.001805556,0.001317293,0.000345889,-0.000873446,-0.001971826,-0.002549673,-0.002317393,-0.001227655,0.00045634,0.00220061,0.003358221,0.003406576,0.002180782,1.08E-06,-0.00238405,-0.00404981,-0.004264901,-0.002830609,-0.000227829,0.002525724,0.004281248,0.004267584,0.002469464,-0.000322877,-0.002848724,-0.003961455,-0.003185829,-0.000961141,0.001572568,0.003152954,0.003043782,0.001406124,-0.000813884,-0.002421288,-0.002631166,-0.001474958,0.00027375,0.00159562,0.001833342,0.001039104,-0.000136868,-0.000918422,-0.000909374,-0.000299449,0.000346621,0.000540323,0.00022241,-0.000237111,-0.000376831,-4.60E-05,0.00045427,0.000614446,0.00016096,-0.000658712,-0.001207563,-0.000944103,0.000101575,0.001256313,0.001648485,0.000874608,-0.000619551,-0.001781125,-0.001695907,-0.000307264,0.001455641,0.002297443,0.001512112,-0.00043445,-0.002173482,-0.002410198,-0.000907215,0.00127996,0.002540074,0.001903323,-0.000197482,-0.002206537,-0.002594413,-0.001026055,0.001352172,0.002755646,0.002115565,-9.03E-05,-0.002185753,-0.002575115,-0.000974644,0.001363293,0.002618907,0.00181996,-0.000402291,-0.002311211,-0.002428278,-0.000688157,0.001524451,0.002479879,0.00146894,-0.000656051,-0.002184657,-0.00192109,-0.000122415,0.001739407,0.002180433,0.000889636,-0.001054053,-0.002085423,-0.001421732,0.000335414,0.001732143,0.001664449,0.000255165,-0.001294715,-0.001723655,-0.000736467,0.00079774,0.001605256,0.001064775,-0.000316375,-0.001372013,-0.001263615,-0.000148236,0.001006337,0.001262744,0.000481909,-0.000613387,-0.001091749,-0.000598638,0.000387054,0.001006458,0.00076076,-9.88E-05,-0.000833471,-0.000866319,-0.000245878,0.000450558,0.000647805,0.000254134,-0.000310269,-0.000522268,-0.000214265,0.000314731,0.000598895,0.000419252,-3.66E-05,-0.000380652,-0.000378086,-0.00012289,9.77E-05,9.14E-05,-7.81E-05,-0.000189708,-0.000100955,0.000116429,0.000263844,0.000220815,5.60E-05,-6.03E-05,-4.20E-05,2.80E-05,-1.45E-09,-0.000160393,-0.000309111,-0.000257879,2.08E-05,0.000330654,0.000414163,0.00019724,-0.000123742,-0.000254906,-8.68E-05,0.000186512,0.000243355,-4.54E-05,-0.000457647
-0.00274062,-0.001506044,-0.001191938,-0.001021382,-0.000882358,-0.000741246,-0.000573127,-0.000360928,-0.000103584,0.000181135,0.000462063,0.000703966,0.000874322,0.00094514,0.00089283,0.000701651,0.000372858,-6.40E-05,-0.000544899,-0.000977315,-0.001257877,-0.001298345,-0.001051968,-0.000533781,0.000169946,0.00090726,0.00148499,0.00171344,0.001465791,0.000736731,-0.000323092,-0.00141965,-0.002185907,-0.002298938,-0.001609606,-0.000235681,0.001428428,0.002809258,0.003344375,0.00270727,0.000980184,-0.001310095,-0.003338043,-0.004278872,-0.003657327,-0.001596354,0.001165531,0.003532654,0.004505049,0.003635984,0.001274448,-0.001548826,-0.003570994,-0.003887629,-0.002397839,0.000132232,0.00244163,0.003408244,0.002619147,0.000571133,-0.001613497,-0.002804017,-0.002468786,-0.000931578,0.000862869,0.001924815,0.001786573,0.000722458,-0.000493781,-0.001116583,-0.000888696,-0.000141023,0.000508288,0.000620734,0.000230593,-0.000237488,-0.000345608,-1.26E-05,0.000418222,0.000472486,-2.99E-05,-0.000768482,-0.001128617,-0.000691099,0.000373398,0.00134543,0.001456476,0.00049942,-0.000928744,-0.001791304,-0.001365913,0.000161673,0.001745923,0.002198897,0.0010833,-0.000893362,-0.002328857,-0.002139299,-0.000397778,0.001656845,0.002498634,0.001457578,-0.000736293,-0.002454272,-0.002377373,-0.000511468,0.001779492,0.002780945,0.001730253,-0.000583423,-0.002403207,-0.002344355,-0.000464117,0.001774502,0.002630834,0.001437676,-0.000879103,-0.002523843,-0.002234667,-0.000265149,0.001827796,0.00241867,0.001090629,-0.001056117,-0.002299573,-0.001670819,0.000292131,0.00200292,0.002112367,0.000577454,-0.001337718,-0.002107559,-0.001172096,0.000646085,0.00184942,0.001494501,-6.76E-05,-0.001524087,-0.001700377,-0.000507344,0.001030956,0.001656608,0.000911031,-0.000528751,-0.00145679,-0.001148581,7.25E-05,0.001157518,0.001232774,0.0003075,-0.000787032,-0.001134061,-0.00049505,0.000534971,0.001073652,0.000701474,-0.000221957,-0.000911075,-0.000836031,-0.000139728,0.00053972,0.000646026,0.000163684,-0.000419494,-0.000573304,-0.000181637,0.00039415,0.000664494,0.000436952,-5.39E-05,-0.000394011,-0.000360669,-8.25E-05,0.000127795,8.06E-05,-0.000134872,-0.000270372,-0.000172539,7.94E-05,0.000269818,0.000262627,0.000117135,1.00E-06,4.46E-06,5.34E-05,8.09E-06,-0.000162273,-0.000319545,-0.000285569,-3.47E-05,0.000251325,0.000338859,0.000166977,-8.25E-05,-0.000154134,2.50E-05,0.000254985,0.000244999,-9.03E-05,-0.000507533
-0.004188011,-0.002347095,-0.001833996,-0.001507425,-0.0012109,-0.000910942,-0.000589741,-0.000239745,0.000128242,0.000483382,0.000783731,0.000989927,0.001074734,0.001024572,0.000836589,0.000518589,9.52E-05,-0.000383197,-0.000838159,-0.001173314,-0.001297597,-0.0011532,-0.000738496,-0.000118324,0.000580874,0.00119099,0.001536375,0.001479883,0.000973467,9.81E-05,-0.000927572,-0.001786804,-0.002153971,-0.001812608,-0.000761466,0.000738451,0.002209859,0.003100938,0.0029864,0.001758235,-0.000275307,-0.002443293,-0.003927211,-0.004076581,-0.002705412,-0.000232808,0.002423587,0.004192439,0.004306632,0.00267266,-3.70E-05,-0.002645205,-0.003992656,-0.003486878,-0.001403415,0.001229859,0.003130642,0.00340214,0.00198486,-0.000325123,-0.00230989,-0.002983991,-0.002109699,-0.000286684,0.00142788,0.002139146,0.001605929,0.000318187,-0.000865479,-0.001273623,-0.000811205,5.48E-05,0.000675768,0.000684423,0.000215425,-0.000258649,-0.0003323,5.41E-06,0.000376385,0.000347344,-0.000174832,-0.000815348,-0.00100015,-0.000433221,0.000596749,0.001358237,0.001207788,0.000125653,-0.001177868,-0.001724735,-0.001000726,0.000590678,0.001938924,0.002006294,0.000626702,-0.001292968,-0.0023759,-0.001782956,0.000118765,0.00196326,0.002365913,0.000971463,-0.001230472,-0.002601479,-0.002075496,1.04E-05,0.002129739,0.002697886,0.00127904,-0.001059579,-0.002542288,-0.002039202,5.77E-05,0.002125564,0.002558524,0.001013138,-0.001321914,-0.002649027,-0.00196159,0.000176305,0.002082978,0.002286247,0.000675161,-0.001432887,-0.00235373,-0.001374476,0.00069865,0.00220795,0.001977808,0.000237958,-0.001593763,-0.002073025,-0.000881921,0.000952572,0.001926611,0.001285216,-0.000395219,-0.001719399,-0.001631065,-0.000255448,0.001248262,0.001668697,0.00072691,-0.000739661,-0.001511792,-0.00100082,0.000303163,0.001289385,0.001170786,0.000112602,-0.000957358,-0.001157475,-0.000377192,0.000677845,0.001119195,0.000621187,-0.00034787,-0.000968813,-0.000774636,-8.75E-06,0.00063686,0.000637924,6.37E-05,-0.000532495,-0.000622674,-0.000150302,0.000461047,0.000706096,0.000428264,-8.76E-05,-0.000405937,-0.000325748,-1.74E-05,0.000180121,8.46E-05,-0.000183716,-0.000346825,-0.00024216,4.00E-05,0.000265609,0.000285361,0.000154344,4.20E-05,4.26E-05,8.64E-05,3.63E-05,-0.00013987,-0.000310627,-0.000304095,-9.11E-05,0.000164488,0.000252663,0.000123334,-5.74E-05,-7.07E-05,0.000123846,0.000322279,0.000261876,-0.000106303,-0.000525147
-0.005015775,-0.002840638,-0.002201748,-0.001765745,-0.001356799,-0.00094633,-0.000524127,-9.08E-05,0.000333747,0.000709408,0.000988041,0.001130841,0.001119952,0.00095892,0.000666193,0.000270811,-0.00018481,-0.000638601,-0.001008822,-0.001207551,-0.001166242,-0.000863016,-0.000339609,0.00029955,0.000905757,0.001317146,0.001397129,0.001075276,0.000383189,-0.000527431,-0.001400415,-0.001934478,-0.001879849,-0.001144248,0.000134316,0.001588472,0.002714633,0.003041068,0.002317943,0.000655853,-0.001454932,-0.003276388,-0.0040809,-0.003450163,-0.001492963,0.001129665,0.003417664,0.004425937,0.003684594,0.001450835,-0.001350224,-0.003504525,-0.004056915,-0.002772602,-0.000274233,0.002238214,0.003567338,0.003113395,0.001174489,-0.001215916,-0.002837657,-0.00292676,-0.001561661,0.000419968,0.001920758,0.002206028,0.001286397,-0.000154428,-0.001222459,-0.00136551,-0.000667693,0.000282317,0.000834536,0.000715983,0.000166018,-0.000304953,-0.000334904,1.53E-05,0.000339543,0.000249862,-0.000267658,-0.000801835,-0.000833425,-0.000185094,0.000762428,0.001297897,0.000917863,-0.000227299,-0.001355648,-0.001586277,-0.000619404,0.000957928,0.002023847,0.001726684,0.000162073,-0.001614763,-0.002310612,-0.00135487,0.000620388,0.002184443,0.002145278,0.000464843,-0.001656722,-0.00263673,-0.00169597,0.000520179,0.002385992,0.002504153,0.000775063,-0.001500965,-0.002594721,-0.001667981,0.000571204,0.002398781,0.002398051,0.000557794,-0.001713114,-0.002675745,-0.00161135,0.000624495,0.002279863,0.002083336,0.000234594,-0.001771457,-0.002340165,-0.001037981,0.001082677,0.002341425,0.001772964,-0.000123128,-0.00181381,-0.001978835,-0.000556392,0.001245931,0.001958808,0.001040606,-0.000716502,-0.001869378,-0.001511047,1.57E-05,0.001442043,0.001636081,0.000512494,-0.000945293,-0.001534407,-0.000822629,0.000537033,0.00139547,0.001075068,-9.85E-05,-0.001116964,-0.001156283,-0.000244072,0.000812625,0.001139296,0.000518418,-0.00047525,-0.001004787,-0.000682194,0.000144378,0.000738545,0.000622255,-4.34E-05,-0.000643881,-0.000665088,-0.000117863,0.00051404,0.000719807,0.000388938,-0.000140702,-0.000418575,-0.000275249,7.04E-05,0.000253314,0.000104066,-0.00022052,-0.000412132,-0.000302264,3.66E-06,0.000252668,0.000286301,0.000162093,5.61E-05,6.63E-05,0.000121827,8.13E-05,-9.43E-05,-0.000280452,-0.000308164,-0.000140436,7.87E-05,0.000161965,6.82E-05,-5.18E-05,-1.19E-05,0.000200806,0.00038062,0.000289164,-9.45E-05,-0.000507916
-0.00505897,-0.002889659,-0.002221471,-0.001741971,-0.001285987,-0.000834047,-0.000382389,6.35E-05,0.000479073,0.00082024,0.001037877,0.001098178,0.000995446,0.000750761,0.000401379,-8.10E-06,-0.000426258,-0.00079042,-0.001027743,-0.00106955,-0.000876639,-0.000463357,9.30E-05,0.000663898,0.001099459,0.001265779,0.001081906,0.000549565,-0.000229711,-0.001058545,-0.001678718,-0.00184068,-0.001395166,-0.000376062,0.000965361,0.002205297,0.002873738,0.002628155,0.001411976,-0.000471112,-0.002414502,-0.003699104,-0.00376334,-0.002454037,-0.000147552,0.002335511,0.004021203,0.004182264,0.002681099,8.63E-05,-0.002524105,-0.004017544,-0.003727745,-0.001790629,0.000888656,0.00304948,0.003684551,0.002540522,0.000245136,-0.002018749,-0.003130229,-0.002610747,-0.000852334,0.001131109,0.002285589,0.002096558,0.000834778,-0.000662535,-0.001525734,-0.001365556,-0.000452152,0.00052986,0.000965404,0.000698511,7.32E-05,-0.000377169,-0.000347885,2.63E-05,0.000317919,0.000187781,-0.000307175,-0.000735834,-0.000643728,3.75E-05,0.000863489,0.001172159,0.000606766,-0.000537694,-0.001451687,-0.001383777,-0.000243472,0.001242119,0.001993972,0.001372837,-0.000286802,-0.001840534,-0.002133748,-0.000875395,0.001080179,0.002304875,0.001842993,-3.88E-05,-0.001990548,-0.002551121,-0.001250571,0.000995197,0.002532094,0.002202291,0.000237777,-0.001885534,-0.002552084,-0.00124215,0.001053003,0.0025753,0.002147343,8.61E-05,-0.002033828,-0.002595108,-0.001190964,0.00106313,0.002406498,0.001812316,-0.00021549,-0.002054146,-0.002251552,-0.000668877,0.00142814,0.002390597,0.001496609,-0.000496802,-0.001987663,-0.00182279,-0.000203413,0.001514505,0.001940107,0.000765666,-0.001018636,-0.001961987,-0.001336588,0.000300461,0.001603152,0.001553309,0.000269208,-0.00114035,-0.001521651,-0.000617353,0.000765963,0.00146847,0.000944634,-0.000319416,-0.001256326,-0.001123514,-9.45E-05,0.000935884,0.001129985,0.000391912,-0.000602701,-0.001017868,-0.000560785,0.000314147,0.000838784,0.000596444,-0.000154547,-0.000746784,-0.000693236,-7.99E-05,0.000553701,0.000703685,0.000316587,-0.000215171,-0.000433927,-0.000212515,0.000176057,0.000342643,0.000137106,-0.000242875,-0.000459714,-0.000344467,-2.25E-05,0.000234544,0.000264995,0.000136902,3.81E-05,6.96E-05,0.000153852,0.00013755,-2.94E-05,-0.000229553,-0.000293815,-0.000174588,4.14E-06,7.56E-05,6.11E-06,-6.68E-05,1.63E-05,0.000247081,0.000420939,0.000319544,-5.93E-05,-0.000456371
-0.004409777,-0.002543135,-0.001933568,-0.001473766,-0.001034388,-0.000607492,-0.000193515,0.000201134,0.00055199,0.000815851,0.000946891,0.000919172,0.000739924,0.000445971,8.89E-05,-0.000278083,-0.000603448,-0.000833685,-0.000913961,-0.000801317,-0.000487675,-1.92E-05,0.000501937,0.000939191,0.001158848,0.001069939,0.000654529,-1.74E-05,-0.000790571,-0.001448359,-0.001760379,-0.00155311,-0.000786912,0.00039066,0.001649203,0.002556168,0.002721402,0.001958902,0.000400055,-0.001499699,-0.003084556,-0.003725001,-0.003072415,-0.001240431,0.001176395,0.003283544,0.004223353,0.00354416,0.001439649,-0.001272815,-0.003462281,-0.004172875,-0.003075373,-0.00065551,0.001979736,0.003612076,0.003501369,0.00175621,-0.000717213,-0.00267693,-0.003184604,-0.002082937,-5.17E-05,0.001788293,0.002499824,0.001828009,0.000293099,-0.001162647,-0.001748909,-0.001270378,-0.000177899,0.000779421,0.001055559,0.000628343,-5.89E-05,-0.000467084,-0.000361979,4.63E-05,0.000314983,0.000156826,-0.000307109,-0.000637661,-0.000449893,0.000227121,0.000909046,0.001002957,0.000297118,-0.00079567,-0.001474624,-0.001137711,0.000110184,0.00144391,0.001869891,0.000973511,-0.000701609,-0.001975207,-0.001871263,-0.000375339,0.001481691,0.002331419,0.00148175,-0.000519201,-0.002230344,-0.002363432,-0.000764926,0.001422053,0.002577526,0.001819189,-0.000306089,-0.002203568,-0.002425823,-0.000783347,0.001488681,0.002658478,0.00182384,-0.000385172,-0.002282097,-0.00242289,-0.000723563,0.001477286,0.002465282,0.001489204,-0.000658476,-0.002275791,-0.00209632,-0.000280499,0.001728896,0.002362396,0.001164075,-0.000870528,-0.002114447,-0.001615562,0.000163321,0.001751567,0.001874598,0.000470599,-0.001294233,-0.001998577,-0.001116319,0.000590152,0.001729404,0.001425875,5.11E-06,-0.001321125,-0.001477325,-0.000393402,0.000983324,0.00150839,0.000785935,-0.000541925,-0.001370327,-0.001058978,6.91E-05,0.001046692,0.001093635,0.000245552,-0.000728799,-0.001011971,-0.000419097,0.000490792,0.000930981,0.000559164,-0.000266928,-0.000836505,-0.000702731,-3.24E-05,0.000584638,0.000663742,0.000217606,-0.000306762,-0.000452424,-0.000143308,0.000290167,0.000438448,0.000176697,-0.000253683,-0.00048879,-0.000365597,-3.40E-05,0.000216581,0.000227441,8.47E-05,-7.80E-06,5.32E-05,0.000178282,0.000197158,4.59E-05,-0.000164743,-0.000263306,-0.000190855,-5.30E-05,1.03E-06,-5.60E-05,-9.71E-05,1.66E-05,0.000262616,0.000439369,0.000345196,-1.10E-05,-0.000380422
-0.003161029,-0.001851235,-0.00137887,-0.000997912,-0.000635459,-0.000296081,1.86E-05,0.000305554,0.000545154,0.000699539,0.000729634,0.000618989,0.000386974,8.27E-05,-0.000233669,-0.00050817,-0.000697839,-0.000766804,-0.000684879,-0.000437871,-4.68E-05,0.000418183,0.000843057,0.001098754,0.001082654,0.000756181,0.000164791,-0.000564001,-0.001242509,-0.001661612,-0.001644334,-0.001108372,-0.000121136,0.001079437,0.00212392,0.002616927,0.002284186,0.001107157,-0.00061749,-0.002335933,-0.003411608,-0.003363875,-0.002082839,7.32E-05,0.00235808,0.0038924,0.004011825,0.002572725,7.12E-05,-0.002508256,-0.004083671,-0.003954691,-0.002149639,0.000543872,0.002912203,0.003878194,0.003025566,0.000813901,-0.001643374,-0.003139993,-0.002991444,-0.001375955,0.000784691,0.002340683,0.002539379,0.001409644,-0.000305748,-0.001616914,-0.001866218,-0.001073857,0.000144936,0.001014553,0.001092101,0.000501192,-0.000226522,-0.000566563,-0.000368801,8.09E-05,0.000332068,0.000152633,-0.000277808,-0.000521685,-0.000265463,0.000377155,0.000903671,0.000804554,5.65E-06,-0.000991373,-0.001427004,-0.000860582,0.000428598,0.001560402,0.001662975,0.000548664,-0.00106621,-0.002017437,-0.001538467,0.000122266,0.001808131,0.002263047,0.001074846,-0.000960152,-0.002369673,-0.002082482,-0.000256916,0.001787049,0.002523479,0.001371327,-0.000834987,-0.00244195,-0.002218426,-0.00030571,0.001864168,0.002644907,0.001436518,-0.000842692,-0.002451712,-0.002166018,-0.0002254,0.001852059,0.002452184,0.001122345,-0.001080823,-0.002427728,-0.001876026,0.000118378,0.001977427,0.002257613,0.000784663,-0.001233075,-0.002189066,-0.001361552,0.000533591,0.001948667,0.001761194,0.000161273,-0.001536087,-0.001976701,-0.000854419,0.000877433,0.001816104,0.001255006,-0.000274233,-0.001482631,-0.00140124,-0.000155601,0.001183085,0.001512705,0.000601988,-0.000759398,-0.00145293,-0.000960267,0.000245712,0.001143073,0.001030029,8.12E-05,-0.000851947,-0.000988581,-0.000262696,0.000666485,0.001008506,0.000507761,-0.000378715,-0.000908561,-0.000688683,2.86E-05,0.000610467,0.000603984,9.64E-05,-0.000412023,-0.000473608,-7.13E-05,0.000405564,0.000532426,0.000216218,-0.000256104,-0.000498938,-0.000362725,-2.66E-05,0.000203351,0.000178337,9.77E-06,-7.84E-05,1.77E-05,0.000192342,0.00025426,0.000124314,-9.19E-05,-0.000219123,-0.000187605,-8.79E-05,-5.52E-05,-0.000111973,-0.000138209,-8.46E-06,0.000246973,0.000432549,0.000359995,4.26E-05,-0.000287678
-0.001438182,-0.000881837,-0.000612583,-0.00036398,-0.000134051,6.10E-05,0.000222424,0.000355146,0.000449126,0.00047582,0.000405311,0.000230688,-1.93E-05,-0.000288792,-0.000516833,-0.000657271,-0.000684303,-0.00058652,-0.000361906,-2.38E-05,0.000384669,0.000781544,0.001056822,0.001104812,0.000865476,0.000355486,-0.000324853,-0.001010433,-0.00150876,-0.001647007,-0.001322247,-0.000547546,0.000520062,0.001590004,0.002302998,0.002346233,0.001585781,0.000161179,-0.001511395,-0.002850733,-0.003312676,-0.002612938,-0.000880177,0.001336418,0.003231524,0.004038529,0.003350571,0.001333232,-0.001281904,-0.003454278,-0.004261437,-0.003320553,-0.001002552,0.001689983,0.003557455,0.003763593,0.002249168,-0.000222727,-0.002434815,-0.003324363,-0.002520694,-0.000523218,0.001580915,0.002708832,0.002357666,0.000844319,-0.000918156,-0.001967128,-0.001832977,-0.000760885,0.000503374,0.001208659,0.001051936,0.000307954,-0.000424332,-0.000662443,-0.000355392,0.000137964,0.000369911,0.000169344,-0.000231105,-0.000404279,-0.000107541,0.000476258,0.000848082,0.000591464,-0.000245218,-0.001106027,-0.001304306,-0.000564351,0.000692148,0.001579289,0.001379392,0.000121847,-0.001353534,-0.001954695,-0.001147323,0.000586657,0.002028191,0.002086696,0.000633885,-0.001335813,-0.002388593,-0.001709461,0.000251656,0.00206389,0.002359318,0.000873261,-0.001317315,-0.002572165,-0.001922227,0.000174749,0.002153432,0.002518253,0.000989909,-0.001266369,-0.00252427,-0.001823692,0.000284214,0.002160677,0.002351158,0.000716618,-0.001461711,-0.002489048,-0.001584165,0.000517369,0.002157079,0.002068185,0.000366291,-0.00156607,-0.002196442,-0.001060093,0.000893575,0.002088093,0.001591075,-0.000157021,-0.001730569,-0.001886022,-0.000552001,0.001151089,0.001851091,0.001036889,-0.000562161,-0.001614045,-0.001287663,9.20E-05,0.00135478,0.001473062,0.000393381,-0.000962281,-0.001491978,-0.000820107,0.000434694,0.001219696,0.000935025,-0.000100736,-0.000968679,-0.000946509,-9.68E-05,0.000830308,0.001059851,0.000436092,-0.000488028,-0.000955088,-0.000641887,0.000110086,0.000635335,0.000527776,-4.27E-05,-0.000526391,-0.000495585,-2.44E-07,0.000512865,0.000612421,0.000245347,-0.000255083,-0.000488999,-0.000330465,6.34E-06,0.000201328,0.000123257,-8.30E-05,-0.000170318,-3.62E-05,0.000192809,0.000301508,0.000196378,-1.93E-05,-0.000165097,-0.000162619,-9.30E-05,-8.34E-05,-0.000152802,-0.000184139,-5.71E-05,0.000198084,0.000394958,0.000355679,9.15E-05,-0.000187489
0.000432387,0.000179581,0.000220398,0.000311438,0.00038157,0.000405455,0.000390041,0.000351568,0.000292152,0.000194397,3.80E-05,-0.00017594,-0.000412839,-0.000615277,-0.000727778,-0.000718131,-0.000582453,-0.000336196,-4.58E-06,0.0003764,0.000750164,0.001034679,0.001136102,0.000981814,0.000558141,-6.76E-05,-0.000754014,-0.001319014,-0.001588422,-0.001444664,-0.000866849,4.45E-05,0.001067581,0.001895852,0.002218909,0.001833882,0.0007512,-0.000756693,-0.002204315,-0.003043679,-0.002872654,-0.001621247,0.000368474,0.002420356,0.003751831,0.003778335,0.002377569,-5.46E-06,-0.002482525,-0.004055277,-0.004037894,-0.002387175,0.000227843,0.002682745,0.003892978,0.003326551,0.001278399,-0.001251581,-0.003039806,-0.003248048,-0.001845633,0.000385293,0.00227234,0.002878594,0.001989258,0.00019115,-0.00149195,-0.002190245,-0.001658908,-0.000360888,0.000867928,0.001347017,0.00093892,6.51E-05,-0.000633111,-0.000740416,-0.000315517,0.000215519,0.000419626,0.000192229,-0.000184727,-0.000300621,1.80E-05,0.00053185,0.000759943,0.000381644,-0.000448842,-0.001149716,-0.001127603,-0.0002666,0.000900862,0.001521867,0.001051096,-0.00028322,-0.00156289,-0.001809617,-0.000728777,0.000998954,0.002146711,0.001825533,0.000181614,-0.001642592,-0.00230775,-0.001276697,0.000738301,0.002255109,0.002110661,0.000356192,-0.001736629,-0.002601129,-0.00155863,0.000641249,0.002359085,0.002299888,0.00050878,-0.001646485,-0.002512884,-0.00142344,0.000781358,0.002397,0.002174166,0.00028932,-0.001793846,-0.002468444,-0.001237854,0.000905653,0.002273522,0.001814122,-6.93E-05,-0.001859406,-0.002142389,-0.000725715,0.001232348,0.002170167,0.001373296,-0.000476342,-0.001879641,-0.001739021,-0.000224176,0.001403418,0.001838531,0.000783393,-0.000848161,-0.00171299,-0.00114203,0.000342516,0.001496944,0.00139512,0.000168555,-0.001145861,-0.001489781,-0.000645421,0.00063043,0.001276807,0.000814465,-0.000293354,-0.001076537,-0.000889537,7.11E-05,0.000975433,0.001081906,0.000344349,-0.00059414,-0.000977069,-0.000564611,0.000211325,0.000662941,0.000443669,-0.000188931,-0.000641114,-0.000514769,6.79E-05,0.000605999,0.000670908,0.000256681,-0.000257606,-0.000465638,-0.000274469,6.21E-05,0.000212486,6.97E-05,-0.000182181,-0.000271475,-9.97E-05,0.000182651,0.00033591,0.000254868,4.40E-05,-0.000109791,-0.000122774,-7.27E-05,-8.44E-05,-0.00017497,-0.000226872,-0.000118331,0.000126825,0.000333321,0.000331985,0.000128339,-9.20E-05
0.002204761,0.001193133,0.001010858,0.000940657,0.000845337,0.00069383,0.000501342,0.000297014,9.63E-05,-0.000106915,-0.000324225,-0.000548965,-0.000744828,-0.000857892,-0.00084316,-0.000686414,-0.000407652,-4.83E-05,0.000343198,0.000715657,0.001008967,0.001151924,0.001076381,0.000747979,0.000197663,-0.000466606,-0.001079385,-0.001462966,-0.001481138,-0.001083573,-0.000330371,0.000607066,0.001471807,0.001977705,0.00189448,0.001143857,-0.00012986,-0.001557832,-0.002638956,-0.002912127,-0.002150482,-0.000495268,0.001541367,0.003228293,0.003881367,0.003147628,0.001190114,-0.001319586,-0.003425657,-0.004262809,-0.003436354,-0.001235943,0.001438699,0.003441573,0.003892437,0.002601781,0.000188725,-0.002193411,-0.003411317,-0.00291487,-0.001014874,0.001282142,0.002804666,0.002831103,0.001453909,-0.000506578,-0.001983922,-0.002262595,-0.001346408,0.000104944,0.001213441,0.001413967,0.000752631,-0.000215592,-0.00083649,-0.000787307,-0.000243331,0.000311787,0.000473513,0.00021006,-0.000150856,-0.000220637,0.000107181,0.000547812,0.000649822,0.000186964,-0.000599142,-0.001126513,-0.000909163,2.03E-05,0.001051693,0.001398882,0.000698234,-0.000648226,-0.001688879,-0.001593119,-0.000303083,0.001342575,0.002161059,0.001491276,-0.000265759,-0.001873012,-0.002135522,-0.000804134,0.001184406,0.002355956,0.00178993,-0.000158484,-0.002076382,-0.002526741,-0.001138764,0.001080129,0.002476874,0.001999205,9.64E-06,-0.001971721,-0.002420343,-0.000981158,0.001247042,0.002550527,0.001924011,-0.000148365,-0.002067977,-0.002366178,-0.000846075,0.001273686,0.002325568,0.001505307,-0.000506694,-0.002101616,-0.002025784,-0.000366516,0.001539808,0.002190211,0.001110669,-0.000790758,-0.001981057,-0.001540717,0.000119248,0.001626311,0.001777406,0.000500837,-0.001123397,-0.001774114,-0.000965138,0.0005913,0.001605953,0.001279785,-6.77E-05,-0.001305271,-0.001445206,-0.000439436,0.000828227,0.001312203,0.000670455,-0.000491952,-0.001171899,-0.000818102,0.000236491,0.001095897,0.001070368,0.000231221,-0.000696371,-0.000973821,-0.000457147,0.000331992,0.000694974,0.000356635,-0.000334921,-0.000749009,-0.000527149,0.000132348,0.000680374,0.00070134,0.000243676,-0.000269254,-0.000433394,-0.000198189,0.000139099,0.000238116,2.27E-05,-0.000279671,-0.000372863,-0.000165772,0.00016473,0.000355505,0.000294104,9.07E-05,-6.02E-05,-7.34E-05,-3.00E-05,-5.83E-05,-0.000175478,-0.000260424,-0.000184084,4.10E-05,0.00025267,0.000289079,0.000147905,-1.03E-05
0.003593115,0.001996004,0.001631782,0.001422028,0.001181183,0.000877021,0.000534463,0.000195627,-0.000111576,-0.000383332,-0.000625264,-0.00082873,-0.0009601,-0.000973544,-0.00083816,-0.00055926,-0.000179378,0.000238617,0.000630907,0.000940934,0.001116152,0.001106147,0.000874773,0.000425957,-0.000172689,-0.000788313,-0.001252571,-0.001413484,-0.001188492,-0.000598527,0.000226542,0.001070427,0.001676674,0.001814575,0.001356912,0.000350257,-0.000954084,-0.002140234,-0.002749204,-0.002452694,-0.001213832,0.00064192,0.002496774,0.003646422,0.003574242,0.002186319,-9.86E-05,-0.002462599,-0.003984367,-0.004015274,-0.00248069,3.76E-05,0.002504889,0.003864298,0.003517219,0.001625777,-0.000929801,-0.002948346,-0.003484906,-0.002322,-8.35E-05,0.002084099,0.003106405,0.002537026,0.000771927,-0.001195362,-0.002336964,-0.00215011,-0.000895616,0.000609599,0.00150505,0.001385853,0.00049018,-0.000518804,-0.001011945,-0.000784738,-0.000131137,0.000423523,0.000521064,0.000209412,-0.000142502,-0.000174329,0.000155436,0.000527276,0.000527924,2.03E-05,-0.000687594,-0.001038102,-0.000660939,0.000281199,0.001137247,0.001218035,0.00034186,-0.000949829,-0.0017198,-0.001312732,0.000107395,0.00159441,0.002061958,0.001093515,-0.000688033,-0.002012265,-0.001874982,-0.00031259,0.001564522,0.002353469,0.00140578,-0.000645904,-0.00231164,-0.00233946,-0.000672393,0.001472345,0.002494714,0.001621387,-0.000488287,-0.00222312,-0.002242615,-0.00051194,0.001656316,0.002602257,0.001598479,-0.000583503,-0.002268155,-0.002176261,-0.00041678,0.001607209,0.002305577,0.001148735,-0.000927303,-0.002274249,-0.001839819,9.77E-06,0.001800969,0.002137368,0.000803152,-0.001092134,-0.002027641,-0.001292818,0.000467332,0.00180695,0.001662152,0.000194731,-0.001375521,-0.00178695,-0.000754862,0.000832529,0.001674341,0.001124698,-0.000310617,-0.001432865,-0.001353947,-0.000204507,0.001021292,0.001320397,0.000503331,-0.000690644,-0.001248043,-0.000730009,0.00039501,0.001183561,0.001018132,9.40E-05,-0.000793397,-0.000942971,-0.000318743,0.000471288,0.000731719,0.000270806,-0.000472401,-0.000840612,-0.000526349,0.000193603,0.000730543,0.000695142,0.000197819,-0.000296678,-0.000397008,-0.000105034,0.000235302,0.000279091,-1.29E-05,-0.000366412,-0.000463565,-0.00022515,0.000143313,0.000358382,0.00030713,0.000111545,-2.53E-05,-2.10E-05,3.18E-05,-4.99E-06,-0.000150745,-0.000277949,-0.000245299,-5.02E-05,0.00015942,0.000227961,0.000144787,4.72E-05
0.004399397,0.002473137,0.001994797,0.001688149,0.001343458,0.000931819,0.000487863,6.49E-05,-0.000299287,-0.000594101,-0.000822506,-0.000977638,-0.001032213,-0.000951372,-0.00071942,-0.000359709,6.72E-05,0.000484234,0.000821451,0.001027044,0.001065171,0.000912494,0.000566169,6.31E-05,-0.000504628,-0.000997055,-0.001262435,-0.001190704,-0.000760387,-5.84E-05,0.000734571,0.001386533,0.001673794,0.001446382,0.000688559,-0.000442964,-0.001627023,-0.002451172,-0.002546229,-0.001743304,-0.000187358,0.001657376,0.00313832,0.00365025,0.002889581,0.001018986,-0.001341777,-0.00331821,-0.004115395,-0.003357274,-0.001284018,0.001297959,0.003322512,0.003917997,0.00281378,0.000499075,-0.001969334,-0.003447942,-0.003257398,-0.001526197,0.000863674,0.002719866,0.003150817,0.002021013,1.27E-06,-0.001815479,-0.00251768,-0.001857218,-0.00034047,0.001110557,0.001712771,0.001256194,0.000166163,-0.000820461,-0.001138615,-0.000722714,1.96E-05,0.000541878,0.000551083,0.000180478,-0.000165735,-0.000162288,0.000168691,0.000481453,0.000406347,-0.000111938,-0.00071894,-0.000899885,-0.000401619,0.000505121,0.001161786,0.000997645,3.82E-06,-0.001176255,-0.001661614,-0.0009882,0.000482647,0.001748372,0.001862175,0.000655673,-0.001067222,-0.00206074,-0.001545482,0.000172069,0.001863227,0.002252316,0.000978569,-0.001085138,-0.002435807,-0.002050995,-0.000179901,0.001804834,0.002417403,0.001186469,-0.000963485,-0.002392408,-0.001989767,-3.63E-05,0.001992926,0.002550658,0.001209619,-0.001001714,-0.002390027,-0.001908369,3.35E-05,0.00189547,0.002216947,0.000759942,-0.001314022,-0.002369605,-0.001589582,0.000391354,0.002007516,0.002012989,0.000459447,-0.001372883,-0.002020493,-0.001005754,0.000807013,0.001938401,0.001496166,-0.000124381,-0.001594513,-0.001748134,-0.000514739,0.001060849,0.001700709,0.000934081,-0.000554058,-0.001526081,-0.001220156,5.06E-05,0.001201744,0.00129926,0.000317378,-0.000882321,-0.001299807,-0.000624416,0.000544539,0.001236576,0.000925812,-6.51E-05,-0.000884218,-0.000887226,-0.000155489,0.000622832,0.000770243,0.000188494,-0.000595034,-0.000908715,-0.000507157,0.000253856,0.000756589,0.000651496,0.000117677,-0.000342781,-0.000361752,-2.23E-06,0.000343747,0.000331577,-3.55E-05,-0.000435922,-0.000534233,-0.00026878,0.000124712,0.00034701,0.000292784,0.000102407,-1.12E-05,2.65E-05,0.000104475,6.89E-05,-0.000103433,-0.000276517,-0.000293667,-0.000135341,6.42E-05,0.000155198,0.000119599,7.54E-05
0.004557813,0.002584195,0.002070169,0.001719432,0.001323593,0.000860714,0.000373855,-7.56E-05,-0.000443538,-0.000716442,-0.000898096,-0.000986564,-0.000963323,-0.000805508,-0.000511522,-0.00011902,0.000299701,0.000661759,0.000900047,0.000975962,0.000876497,0.000607644,0.000196919,-0.000294491,-0.00076396,-0.001080765,-0.001125056,-0.000838087,-0.000259057,0.000471229,0.001143388,0.00153728,0.001486738,0.000936022,-2.37E-05,-0.001150305,-0.002092825,-0.002486334,-0.002084169,-0.00088395,0.000813207,0.002458434,0.003430611,0.003278076,0.001930134,-0.00022072,-0.00242161,-0.003827486,-0.003840524,-0.002382834,2.38E-05,0.002429477,0.003833629,0.003621317,0.001864178,-0.000671614,-0.002845171,-0.003663265,-0.002762204,-0.000601337,0.001750594,0.003146913,0.00294541,0.001331883,-0.000795313,-0.002321101,-0.002516245,-0.001409617,0.000274864,0.00156799,0.001817621,0.001030215,-0.000198613,-0.001097786,-0.001202441,-0.000599299,0.000201859,0.000656771,0.000555294,0.000119208,-0.000219667,-0.00017862,0.000157163,0.000422307,0.000293939,-0.000209512,-0.000703698,-0.000729755,-0.000147745,0.000686138,0.001133758,0.00075531,-0.000300729,-0.001325414,-0.001527491,-0.000639471,0.000809954,0.001808994,0.001582221,0.000201886,-0.001390925,-0.002025595,-0.001168463,0.000628962,0.002074256,0.002064211,0.000528374,-0.001463332,-0.002453452,-0.001680729,0.000318044,0.002070252,0.002256044,0.000716072,-0.001398831,-0.002478088,-0.001675291,0.000428742,0.002249535,0.002403372,0.000773614,-0.00139114,-0.002435462,-0.001577015,0.000488101,0.00213139,0.002066542,0.000353783,-0.001655257,-0.002387236,-0.001284624,0.000767336,0.002156237,0.001823901,9.06E-05,-0.001626859,-0.001963531,-0.000690861,0.001127698,0.002018112,0.001286005,-0.00044631,-0.001773908,-0.001658459,-0.000250252,0.001272086,0.00168644,0.000713943,-0.000792554,-0.001585211,-0.001050844,0.000315975,0.001362775,0.001248383,0.000117497,-0.001060931,-0.001323682,-0.0005009,0.00068487,0.001256906,0.000797977,-0.000241376,-0.000967742,-0.000810813,2.45E-05,0.000778445,0.000805773,0.0001095,-0.000699828,-0.000949507,-0.000466393,0.000315838,0.00076175,0.00057438,6.70E-06,-0.00040677,-0.000330911,0.000103406,0.00045654,0.0003897,-4.69E-05,-0.000485735,-0.000579594,-0.000290525,0.000114489,0.000325693,0.000253752,6.38E-05,-2.06E-05,6.33E-05,0.000179741,0.000154789,-3.93E-05,-0.000256895,-0.000324414,-0.000205777,-2.30E-05,7.88E-05,7.67E-05,7.43E-05
0.00402643,0.002302584,0.001838719,0.001504445,0.001118779,0.000669519,0.000205713,-0.000207329,-0.000523968,-0.00073177,-0.000838892,-0.000850852,-0.000759099,-0.000552112,-0.000239339,0.000132941,0.000488596,0.000747909,0.000855364,0.000792265,0.000571693,0.000227544,-0.000189018,-0.000604205,-0.000919752,-0.001029397,-0.000856398,-0.000396548,0.000257742,0.00092981,0.001406794,0.001506004,0.001136799,0.000340521,-0.000701058,-0.001693995,-0.002300346,-0.002241117,-0.001411497,3.48E-05,0.001682176,0.002959439,0.003339564,0.002563255,0.00078944,-0.00140884,-0.003226506,-0.003931434,-0.003175495,-0.001176875,0.001320584,0.003319137,0.003976417,0.002984385,0.000741536,-0.001784445,-0.003470955,-0.003558098,-0.002023572,0.000385065,0.002501704,0.003317437,0.002489845,0.000512394,-0.0015562,-0.002662442,-0.002316428,-0.000827968,0.000907224,0.001938955,0.00179565,0.00070938,-0.000584037,-0.001325937,-0.001186479,-0.000410917,0.000408279,0.000756673,0.000524473,2.20E-05,-0.000301971,-0.000216484,0.000130414,0.000359873,0.000197975,-0.000271576,-0.000649659,-0.000542321,8.54E-05,0.000816156,0.001056918,0.000504479,-0.000557209,-0.00139154,-0.001325046,-0.00028303,0.001075228,0.001775286,0.001236755,-0.00024554,-0.00164287,-0.001906833,-0.000759857,0.001037151,0.002185719,0.001793732,7.18E-05,-0.001764855,-0.002362233,-0.001242212,0.000801036,0.002255559,0.002014142,0.000227832,-0.001774731,-0.00247166,-0.001306388,0.000867059,0.002414014,0.002161383,0.000303395,-0.001737208,-0.002399688,-0.001191198,0.000930565,0.002302794,0.001854714,-5.80E-05,-0.001937044,-0.002321095,-0.000930284,0.001126329,0.002239217,0.001571835,-0.000293819,-0.001844632,-0.001855239,-0.000356024,0.001417861,0.002039309,0.00103427,-0.000761449,-0.001904207,-0.001514723,3.48E-05,0.001460075,0.001628932,0.000467453,-0.001020275,-0.001607475,-0.00084986,0.000582695,0.001495544,0.001164363,-9.29E-05,-0.001219287,-0.001313465,-0.000356992,0.000815645,0.001244501,0.000637103,-0.000430697,-0.001041397,-0.000715827,0.000214312,0.000929168,0.000831615,3.21E-05,-0.000783955,-0.000958092,-0.00039966,0.000382559,0.000748446,0.00046665,-0.000132058,-0.000487097,-0.000306342,0.000206192,0.000565964,0.000446846,-5.01E-05,-0.000513982,-0.000594336,-0.000283888,0.000118371,0.000298444,0.000192143,-4.20E-06,-5.56E-05,8.44E-05,0.000250206,0.000244839,3.57E-05,-0.000220397,-0.000333485,-0.000253199,-9.25E-05,7.17E-06,2.06E-05,4.41E-05
0.002844013,0.001647114,0.001316951,0.001061039,0.000749244,0.000380494,6.25E-06,-0.0003094,-0.000524289,-0.000631402,-0.000646192,-0.000583077,-0.000443163,-0.000223794,5.95E-05,0.000358983,0.000603563,0.000725542,0.000688236,0.000496822,0.00018995,-0.000176136,-0.00053695,-0.000819882,-0.000945716,-0.00084469,-0.00048861,7.65E-05,0.000719869,0.001252325,0.001483602,0.001289622,0.000663622,-0.000265766,-0.001254494,-0.001997855,-0.002212941,-0.001735202,-0.000603825,0.00090133,0.002306734,0.003085746,0.002858609,0.001575705,-0.00040461,-0.0024006,-0.003644926,-0.003592461,-0.002171751,0.000137838,0.002457212,0.003846425,0.00370246,0.002045027,-0.000450808,-0.002716879,-0.003756552,-0.003109206,-0.001088256,0.001344335,0.003031134,0.003188219,0.001800345,-0.00037422,-0.002204618,-0.002785932,-0.001910037,-0.000147953,0.001498748,0.002172219,0.001623251,0.000301956,-0.000961522,-0.001474588,-0.001073569,-0.000158209,0.000625799,0.000826111,0.000449071,-0.000111402,-0.000405242,-0.00026407,0.000101372,0.000305337,0.000124841,-0.000299633,-0.000567545,-0.000354856,0.000280995,0.00088691,0.000935997,0.000259692,-0.000751112,-0.001370788,-0.001065177,6.17E-05,0.001263655,0.001648777,0.000845413,-0.00065914,-0.001803921,-0.001704985,-0.000338501,0.001372878,0.002185239,0.001447727,-0.000371187,-0.001972611,-0.002161951,-0.000754229,0.001242991,0.002344649,0.001696173,-0.000256774,-0.002067728,-0.002363262,-0.000891791,0.001260094,0.002473528,0.001828216,-0.000183318,-0.0020211,-0.002276866,-0.000762593,0.001339903,0.00239395,0.001581102,-0.00046185,-0.002143528,-0.002165252,-0.000534451,0.001453618,0.002246903,0.001259931,-0.000680521,-0.002013124,-0.001692636,-1.03E-05,0.001663703,0.001993948,0.00074441,-0.001057914,-0.001974071,-0.001313828,0.000334475,0.001616228,0.001524494,0.000198626,-0.00122958,-0.001589045,-0.000621896,0.000839297,0.001588756,0.00104277,-0.000309561,-0.001348406,-0.001261438,-0.000189647,0.000936577,0.001199884,0.000447357,-0.000626492,-0.00110078,-0.000604292,0.000404861,0.001062836,0.000837925,-4.78E-05,-0.000845636,-0.000929947,-0.000302629,0.000457381,0.000720349,0.000333615,-0.000292251,-0.000579088,-0.000288084,0.000300337,0.000662468,0.000493672,-5.04E-05,-0.00052088,-0.000574449,-0.000242905,0.000142366,0.00027047,0.000112143,-9.89E-05,-0.000116528,8.56E-05,0.00030791,0.000329045,0.000113142,-0.000171042,-0.000318581,-0.000269707,-0.000133442,-4.94E-05,-4.12E-05,-1.24E-05
0.001264541,0.000760421,0.000617288,0.000482088,0.000288751,4.70E-05,-0.000192801,-0.00037201,-0.000455873,-0.000445624,-0.000365456,-0.000238655,-7.44E-05,0.000124406,0.000341041,0.000532827,0.00064031,0.000613763,0.000438918,0.000144992,-0.000207586,-0.000547754,-0.000808003,-0.000928192,-0.000857968,-0.000569537,-8.18E-05,0.000518663,0.001079845,0.001420788,0.00139284,0.000941206,0.000140178,-0.000812502,-0.001641122,-0.002065459,-0.001886431,-0.001065002,0.000229561,0.001629733,0.002657486,0.002881654,0.0020988,0.000461734,-0.001517514,-0.003119894,-0.003687707,-0.002906741,-0.000977837,0.00141343,0.003339522,0.004003002,0.003087189,0.000927194,-0.001593797,-0.003403412,-0.003713099,-0.002392729,-5.77E-05,0.002198204,0.003318426,0.002802206,0.000959145,-0.001246759,-0.002696564,-0.002700034,-0.001347305,0.000566896,0.002002807,0.002255108,0.001319405,-0.000158492,-0.001303412,-0.001534874,-0.000874022,0.000138696,0.000836384,0.000857017,0.000332388,-0.000269699,-0.000514377,-0.000306152,8.26E-05,0.000265674,7.30E-05,-0.000304522,-0.000473958,-0.000182128,0.000433931,0.000905834,0.000785544,3.14E-05,-0.000885942,-0.001281896,-0.000772215,0.00037984,0.001380867,0.001453947,0.000437792,-0.001021501,-0.001878078,-0.001440142,7.57E-05,0.001632284,0.002088881,0.001051072,-0.000785412,-0.002093565,-0.001879303,-0.000247125,0.001628349,0.002344608,0.001323932,-0.000718734,-0.002275616,-0.002167836,-0.000450405,0.001601508,0.002441623,0.001429897,-0.000664643,-0.002238682,-0.002081471,-0.000312387,0.001703518,0.002408113,0.001259179,-0.000847603,-0.002278087,-0.001936006,-0.000115286,0.001741932,0.00218768,0.000905725,-0.001055244,-0.002130135,-0.001484533,0.000335866,0.001862689,0.001890012,0.0004287,-0.001328749,-0.00198711,-0.001066907,0.000638813,0.001738793,0.001380024,-8.34E-05,-0.001416868,-0.001535058,-0.000377266,0.001077345,0.001640784,0.000888089,-0.00052698,-0.001446544,-0.001170228,-1.91E-06,0.001049192,0.001130937,0.000239923,-0.00082,-0.001143885,-0.000481159,0.00058771,0.001171543,0.000819193,-0.000134068,-0.000889487,-0.000870532,-0.000179429,0.000540764,0.000684264,0.000187032,-0.000461186,-0.00067349,-0.000272749,0.000383694,0.000740462,0.00052329,-5.49E-05,-0.000513389,-0.000526266,-0.000171877,0.000186116,0.000246512,2.28E-05,-0.000209901,-0.000195022,7.01E-05,0.000349817,0.000399781,0.000183436,-0.000117312,-0.000285369,-0.000257298,-0.000143901,-8.50E-05,-9.98E-05,-8.45E-05
-0.000504721,-0.000240891,-0.00016856,-0.000157024,-0.00020329,-0.00028854,-0.000366758,-0.000388415,-0.000329045,-0.000199798,-3.38E-05,0.000137866,0.000300572,0.000449517,0.000571744,0.000634997,0.000596671,0.000428523,0.000139473,-0.000219942,-0.000573724,-0.000844885,-0.000972995,-0.000919638,-0.000669362,-0.000236851,0.000318481,0.000883079,0.001302157,0.001421929,0.001148956,0.000500566,-0.000379012,-0.001247271,-0.00182908,-0.001899649,-0.00136267,-0.000302778,0.001006526,0.002155041,0.002711394,0.002379393,0.001143103,-0.000667894,-0.002445734,-0.003505812,-0.003359226,-0.001944378,0.00029377,0.002534501,0.003890111,0.003775883,0.002183286,-0.000275243,-0.002592371,-0.003786362,-0.003341143,-0.001462173,0.000989686,0.002880726,0.003339416,0.002185405,2.73E-05,-0.002039183,-0.002990816,-0.002403985,-0.0006634,0.001265859,0.002377744,0.00217154,0.000895243,-0.000645252,-0.001584258,-0.001495297,-0.000593285,0.000463593,0.001023283,0.000840318,0.000175837,-0.000443206,-0.000616097,-0.000330021,8.36E-05,0.00024535,4.10E-05,-0.000293613,-0.000380048,-3.47E-05,0.000539267,0.000876034,0.00061436,-0.000172477,-0.000961891,-0.001135552,-0.000462627,0.000659023,0.00142701,0.001205164,3.52E-05,-0.001316384,-0.001862924,-0.00112337,0.000467639,0.00180802,0.001903185,0.000619884,-0.001157025,-0.00212725,-0.00152947,0.000256649,0.001940755,0.002254275,0.000910092,-0.00114206,-0.002390933,-0.001891018,4.85E-06,0.001882681,0.002322532,0.000982567,-0.001122328,-0.002381089,-0.001818951,0.000144588,0.002007966,0.002341749,0.000895537,-0.001206144,-0.002338322,-0.001641153,0.000314017,0.001981965,0.002062768,0.000520044,-0.001405099,-0.002189055,-0.001233598,0.000674549,0.002009333,0.00172928,9.48E-05,-0.0015665,-0.001942023,-0.000779809,0.000939279,0.001822892,0.001197411,-0.000372168,-0.001576912,-0.001445981,-0.000122175,0.001289094,0.001647301,0.000701414,-0.000740731,-0.001509999,-0.001039326,0.000204543,0.001153098,0.001041346,2.22E-05,-0.001003531,-0.001166916,-0.0003485,0.000756242,0.001247458,0.000769218,-0.000230743,-0.00091822,-0.00078257,-3.24E-05,0.000632567,0.000644176,3.51E-05,-0.00062877,-0.00076187,-0.000256397,0.000455021,0.00079494,0.000529188,-7.00E-05,-0.000496872,-0.000454077,-7.36E-05,0.000249371,0.000229771,-6.93E-05,-0.000328972,-0.000284226,4.08E-05,0.000374003,0.000450999,0.000238701,-6.65E-05,-0.000238581,-0.000217377,-0.000121928,-9.49E-05,-0.000148112,-0.00016412
-0.002190561,-0.001203056,-0.000919801,-0.000757215,-0.000648978,-0.000570543,-0.000483453,-0.000349952,-0.000157489,7.27E-05,0.000300016,0.000488311,0.000620948,0.000695637,0.000707796,0.00063995,0.000469398,0.000189961,-0.00016906,-0.000542225,-0.000847284,-0.00101202,-0.000992995,-0.000780274,-0.000394633,0.000112463,0.000654112,0.001108559,0.001338831,0.001235224,0.000766716,1.59E-05,-0.000824873,-0.001500989,-0.001773025,-0.001498021,-0.000689589,0.000462058,0.001620791,0.002388303,0.002429935,0.001610871,9.17E-05,-0.001671018,-0.003049098,-0.003467464,-0.002651385,-0.000786129,0.001499122,0.003343475,0.003993338,0.003131565,0.001048047,-0.001440903,-0.003312344,-0.003773234,-0.002624667,-0.000378694,0.001948243,0.003292142,0.003045162,0.001358995,-0.000917741,-0.002656383,-0.003018567,-0.001883539,0.000100782,0.001877682,0.002557653,0.001889154,0.000359972,-0.001120734,-0.001762692,-0.001332506,-0.00023446,0.000793674,0.00115947,0.000759252,-2.07E-05,-0.000618104,-0.00069061,-0.000317618,0.000116202,0.000249311,2.70E-05,-0.00027482,-0.000298381,7.39E-05,0.00058783,0.000797314,0.000431186,-0.000340462,-0.000973948,-0.000939779,-0.000155645,0.000879261,0.001394675,0.000914664,-0.00033533,-0.001516359,-0.001746199,-0.00076347,0.000815376,0.00188187,0.001627465,0.000172036,-0.001462572,-0.002062766,-0.001124467,0.000727352,0.002150345,0.002061636,0.000466336,-0.001501542,-0.002393607,-0.001531466,0.000457765,0.002084578,0.002111451,0.00050218,-0.001528666,-0.002426885,-0.001488042,0.000589612,0.002228285,0.002180529,0.000494133,-0.001521872,-0.002312095,-0.001283629,0.000736235,0.002154568,0.001865378,0.000113759,-0.00170907,-0.002173091,-0.000937603,0.000994511,0.00208979,0.001507149,-0.000248921,-0.001757004,-0.001830199,-0.000456293,0.001222755,0.001856148,0.00097406,-0.000659576,-0.001698257,-0.001316886,0.000137315,0.001461533,0.001597356,0.000480715,-0.000944119,-0.001529679,-0.000864076,0.000428163,0.001244819,0.000932068,-0.000197572,-0.00116509,-0.001161208,-0.00020661,0.00090108,0.001277196,0.000676869,-0.000343519,-0.000933452,-0.000666909,0.000136514,0.000731642,0.000603174,-0.000112833,-0.000781214,-0.000831204,-0.000232134,0.000512788,0.000817746,0.00050078,-0.000104826,-0.000477825,-0.000362004,4.96E-05,0.000332013,0.000223753,-0.000156539,-0.000445634,-0.000374493,2.47E-06,0.000378117,0.000474065,0.000267361,-2.89E-05,-0.000184498,-0.000150953,-6.37E-05,-7.15E-05,-0.000176391,-0.000240939
-0.003551843,-0.001987217,-0.001528995,-0.001234701,-0.000988826,-0.000764827,-0.000533576,-0.000269867,2.72E-05,0.000327986,0.000586552,0.000764968,0.000847852,0.000838458,0.000743122,0.000560669,0.000288135,-6.11E-05,-0.000442581,-0.00078345,-0.001003967,-0.001044969,-0.000885885,-0.000546944,-8.14E-05,0.000431956,0.000893043,0.001188417,0.001213777,0.000912086,0.000313074,-0.00044906,-0.001157601,-0.001574402,-0.001520481,-0.000946841,2.99E-05,0.001140935,0.002028959,0.002351168,0.001900141,0.00070646,-0.00092106,-0.002454264,-0.00330935,-0.003071849,-0.00169657,0.000414907,0.002518511,0.003797245,0.003697725,0.002190176,-0.000174662,-0.002458843,-0.003717895,-0.00341355,-0.001672912,0.000738401,0.002739946,0.003426054,0.002497666,0.000419877,-0.001790706,-0.003061936,-0.00280335,-0.00120429,0.000873201,0.002358265,0.002542984,0.001445904,-0.000235029,-0.001546885,-0.001829704,-0.001065311,0.0001702,0.001100922,0.001232644,0.000618451,-0.00024227,-0.000778153,-0.000726374,-0.000264003,0.000179609,0.000271955,2.21E-05,-0.000257943,-0.000235358,0.000145133,0.000590598,0.000685785,0.000248165,-0.000473183,-0.000937791,-0.000717953,0.000131099,0.001039855,0.001301112,0.000606838,-0.000658236,-0.001625447,-0.001548655,-0.000383177,0.001111132,0.001868092,0.001289862,-0.000268757,-0.001698653,-0.001919289,-0.000692952,0.001146094,0.002259779,0.001786923,1.39E-05,-0.001791924,-0.002299106,-0.001114495,0.00089169,0.002211758,0.001831611,1.51E-05,-0.001871362,-0.002384074,-0.001108475,0.001007559,0.002365476,0.00193979,7.14E-05,-0.001791507,-0.002213485,-0.000885995,0.001135437,0.002260444,0.001610655,-0.00029559,-0.00195954,-0.002087939,-0.000608179,0.001289782,0.002110096,0.001237845,-0.000590895,-0.001900167,-0.001663599,-0.000112118,0.001480098,0.001840804,0.000719706,-0.000937129,-0.001780141,-0.001154058,0.000394445,0.001594077,0.001497725,0.000235011,-0.00113306,-0.001509908,-0.00065435,0.000660349,0.001322587,0.000808548,-0.000411267,-0.001299126,-0.001126077,-5.76E-05,0.001021191,0.001262758,0.000545404,-0.000471886,-0.000940203,-0.000533157,0.000317552,0.000832662,0.000562719,-0.000249889,-0.0009098,-0.000873983,-0.000194664,0.000560742,0.000811717,0.000439278,-0.00016171,-0.000463181,-0.000260856,0.000186286,0.000426088,0.000226969,-0.000233486,-0.000550031,-0.000454801,-3.56E-05,0.00036792,0.000470739,0.000267162,-1.08E-05,-0.000132462,-6.90E-05,2.10E-05,-2.01E-05,-0.000182802,-0.000306032
-0.004419172,-0.002495474,-0.001920631,-0.001531116,-0.001182144,-0.000849008,-0.000512592,-0.000159597,0.000201011,0.000533568,0.000790373,0.00093479,0.000955575,0.000863526,0.000676748,0.000409738,7.68E-05,-0.00029396,-0.000649494,-0.000917724,-0.00102945,-0.000944806,-0.000668812,-0.000249781,0.000233861,0.00068803,0.001014116,0.001121451,0.000948689,0.000493795,-0.000160776,-0.000847422,-0.001349928,-0.001471394,-0.001110023,-0.000312326,0.00071903,0.001669834,0.002202046,0.002063398,0.00118958,-0.000235798,-0.001796463,-0.002950978,-0.003216667,-0.002372504,-0.000596056,0.001543443,0.003262998,0.003865228,0.003041956,0.001044434,-0.001374136,-0.003243168,-0.003780156,-0.00274388,-0.000569252,0.001796209,0.003301758,0.003273617,0.001741479,-0.000558259,-0.002524154,-0.003224208,-0.002359879,-0.000415433,0.001596879,0.002670217,0.002330811,0.000869925,-0.000848316,-0.00189047,-0.001774473,-0.000706369,0.0005949,0.001360917,0.001230463,0.000420177,-0.000476923,-0.000909319,-0.000713549,-0.000165876,0.000271412,0.00030745,1.92E-05,-0.000249393,-0.000194326,0.000181,0.000555392,0.000552529,7.41E-05,-0.00056994,-0.000862856,-0.000485661,0.000384401,0.001138037,0.001156048,0.00029795,-0.000921386,-0.001643899,-0.001283056,9.61E-07,0.001346495,0.001773305,0.000908772,-0.00068392,-0.001858673,-0.001706504,-0.000254246,0.001496939,0.002266755,0.001441772,-0.000431434,-0.002005681,-0.002114485,-0.000657065,0.001291928,0.002262602,0.00149609,-0.000459684,-0.002137778,-0.002253888,-0.000692541,0.001385515,0.002415982,0.001627423,-0.000360441,-0.002008948,-0.002048441,-0.000463024,0.001497834,0.002295814,0.001306529,-0.000694835,-0.00214751,-0.001933998,-0.000252639,0.001553797,0.0020709,0.0009294,-0.000921754,-0.001992799,-0.001448122,0.000241445,0.001702082,0.001775183,0.000439965,-0.001197208,-0.001818797,-0.000959522,0.000644455,0.001684332,0.00135115,-2.97E-05,-0.001303051,-0.001451663,-0.000416476,0.000893484,0.001382392,0.000672558,-0.000613125,-0.001399959,-0.001058921,9.80E-05,0.001115356,0.001204476,0.00037674,-0.000614636,-0.000940592,-0.000387337,0.000503005,0.000930028,0.000522033,-0.000371902,-0.001007643,-0.000883481,-0.000139148,0.000601768,0.000778469,0.000345195,-0.000242041,-0.000457374,-0.000158066,0.000327747,0.000524809,0.000237196,-0.000296903,-0.000634652,-0.000516098,-6.56E-05,0.000348342,0.000442472,0.000236242,-1.68E-05,-8.96E-05,2.03E-05,0.000124756,5.51E-05,-0.000166597,-0.000353136
-0.00461675,-0.00262595,-0.002016332,-0.001586355,-0.001187682,-0.000801285,-0.000417534,-3.29E-05,0.000337089,0.000654605,0.000874114,0.00096375,0.000918686,0.000757979,0.000510429,0.00020321,-0.000137204,-0.000474651,-0.000756077,-0.000918609,-0.000910718,-0.000715725,-0.000363412,7.60E-05,0.000510127,0.000843942,0.000995334,0.000908316,0.000569628,2.77E-05,-0.000597124,-0.001126993,-0.001371878,-0.001196796,-0.000584969,0.000331696,0.001292537,0.001977569,0.002107688,0.001546669,0.000373071,-0.001106894,-0.002424051,-0.003086004,-0.00275904,-0.001428636,0.000536345,0.002468307,0.003629564,0.003509656,0.002067536,-0.000200399,-0.002421351,-0.003690285,-0.003459716,-0.001801447,0.000591335,0.002683889,0.003553616,0.002816722,0.000823128,-0.001489965,-0.003034828,-0.003099093,-0.001699312,0.000427341,0.002201992,0.002763578,0.001912038,0.000192223,-0.001428572,-0.002106755,-0.001578765,-0.000268083,0.001007854,0.001540983,0.001134598,0.000165528,-0.000709449,-0.00099294,-0.000639209,-1.98E-05,0.000387069,0.000347431,9.76E-06,-0.000255369,-0.000177809,0.000183868,0.000489946,0.000408846,-8.09E-05,-0.000627612,-0.00075653,-0.000258555,0.000588266,0.001166867,0.00096633,4.82E-06,-0.001108727,-0.001567366,-0.000960303,0.000369724,0.001507251,0.00159909,0.000502059,-0.001050076,-0.001928833,-0.001429308,0.000171391,0.001757927,0.002162172,0.00103518,-0.000850233,-0.002128212,-0.001841379,-0.000176536,0.001637631,0.002227896,0.00111439,-0.000899892,-0.002307902,-0.002031222,-0.000251777,0.001705397,0.002369231,0.001247832,-0.000786425,-0.002161426,-0.001817379,-2.93E-05,0.001804305,0.002250152,0.000957843,-0.001068031,-0.002257599,-0.001706563,0.000121821,0.001775359,0.001967334,0.000587796,-0.001229327,-0.002026462,-0.001186347,0.000591799,0.001874503,0.001652807,0.000139431,-0.001428816,-0.001805407,-0.000732348,0.00088157,0.001726276,0.001157409,-0.000307033,-0.001446548,-0.00135272,-0.000156262,0.001117133,0.001416052,0.00052334,-0.000796639,-0.001458701,-0.000954029,0.000260696,0.001180934,0.001100702,0.000172239,-0.00076914,-0.000934627,-0.00023464,0.000683777,0.001015275,0.000477977,-0.000475007,-0.001066089,-0.000850497,-5.92E-05,0.000638758,0.000718692,0.000218336,-0.000347104,-0.000464244,-6.10E-05,0.000464335,0.000619525,0.000250634,-0.000343746,-0.000690635,-0.000547087,-7.76E-05,0.000325321,0.000390603,0.000171956,-5.28E-05,-6.39E-05,0.000107545,0.000238853,0.000148567,-0.000127592,-0.000375632
-0.004131238,-0.002368154,-0.001809487,-0.001399144,-0.001010448,-0.000632879,-0.000264653,9.13E-05,0.000416572,0.000675664,0.000828928,0.000852001,0.00074756,0.000542053,0.000272112,-2.71E-05,-0.000323399,-0.000580048,-0.000751744,-0.000791736,-0.000670539,-0.000395083,-1.55E-05,0.000384999,0.000712517,0.000884646,0.000847271,0.000585433,0.000132427,-0.00042341,-0.000942615,-0.001259591,-0.001231149,-0.000795666,-1.80E-05,0.000904488,0.00168642,0.002039487,0.00177305,0.000876629,-0.000445514,-0.001807149,-0.002743006,-0.002862133,-0.002007566,-0.00036039,0.001569927,0.003093355,0.003591953,0.002785617,0.000892712,-0.001405128,-0.003206815,-0.003759715,-0.002797243,-0.000688058,0.001689605,0.003313539,0.003472047,0.002100058,-0.000170524,-0.002288923,-0.003276228,-0.002697988,-0.000880845,0.001248608,0.002633425,0.002627308,0.001320527,-0.000528649,-0.001921768,-0.002169317,-0.001250406,0.00021797,0.001373378,0.001618796,0.000943162,-0.000131565,-0.000921406,-0.00101674,-0.000502163,0.000165748,0.000513803,0.000379899,-1.40E-05,-0.000278092,-0.000181663,0.000164036,0.000408612,0.000268501,-0.000209537,-0.000649347,-0.000631087,-5.11E-05,0.00073517,0.001131063,0.000746249,-0.000258544,-0.001217469,-0.00140871,-0.000602956,0.000704099,0.001589962,0.001360099,9.33E-05,-0.00134975,-0.00190845,-0.001102763,0.000565244,0.001921291,0.001955847,0.000588304,-0.001224848,-0.002158169,-0.001496408,0.000303323,0.001913474,0.002110059,0.000703253,-0.001287781,-0.002376108,-0.001726128,0.000196529,0.001956469,0.002229722,0.000817914,-0.001189339,-0.002243579,-0.001530149,0.000397695,0.002042654,0.002124583,0.000576939,-0.00140181,-0.002285582,-0.001413004,0.00050293,0.001947534,0.001803461,0.000224912,-0.001503253,-0.002000493,-0.000888161,0.000925349,0.001989165,0.001475438,-0.000173085,-0.001623553,-0.00173781,-0.000476435,0.001101359,0.001720878,0.000924158,-0.000587345,-0.001558507,-0.001216759,0.000115697,0.001319813,0.001416919,0.000360653,-0.000958529,-0.001472793,-0.000811411,0.00042966,0.001220042,0.000958193,-5.87E-05,-0.000928029,-0.000921117,-8.08E-05,0.000850369,0.00107967,0.000425668,-0.00056009,-0.001083917,-0.000773449,4.71E-05,0.000675085,0.00063806,6.55E-05,-0.000471825,-0.000483489,2.49E-05,0.000586657,0.000700637,0.000261024,-0.000375241,-0.000714644,-0.00054157,-6.43E-05,0.000306262,0.000321696,7.88E-05,-0.000117997,-5.97E-05,0.000183625,0.000351464,0.000249579,-7.18E-05,-0.000372668
-0.003085565,-0.001789476,-0.001353969,-0.001016127,-0.000690698,-0.000377094,-7.91E-05,0.000197146,0.000434462,0.000603122,0.00067239,0.000627039,0.000477118,0.000254419,-4.22E-07,-0.000249616,-0.000461204,-0.000604714,-0.000648436,-0.000565948,-0.00035109,-3.19E-05,0.000327624,0.000641214,0.000824448,0.000817817,0.000601807,0.000203059,-0.000305353,-0.000809011,-0.001167594,-0.001246277,-0.000961484,-0.000326819,0.000523199,0.001350757,0.001877464,0.001876129,0.00126084,0.000141864,-0.001179178,-0.002281687,-0.002753677,-0.002341292,-0.001070947,0.000709785,0.002409477,0.003385085,0.003192892,0.001799709,-0.000348238,-0.002455066,-0.003675849,-0.003474345,-0.001880627,0.000481056,0.002630056,0.003646092,0.003085468,0.001201019,-0.001151857,-0.002898064,-0.003246069,-0.002070863,1.98E-05,0.001983591,0.002866049,0.002283852,0.000611525,-0.001232826,-0.002290039,-0.002074766,-0.000814817,0.000715777,0.001664522,0.001587482,0.000667865,-0.000451455,-0.001097574,-0.000977329,-0.000310858,0.000375904,0.000636578,0.00039423,-5.66E-05,-0.000315611,-0.000198022,0.00013396,0.000325324,0.00014206,-0.000309135,-0.000641533,-0.000497837,0.000128357,0.000826302,0.001042089,0.000510612,-0.000484757,-0.001255151,-0.001188823,-0.000234609,0.000991155,0.001599636,0.001075261,-0.000297627,-0.001575228,-0.001806237,-0.000744243,0.000915651,0.001991753,0.001667947,0.000124486,-0.001543926,-0.002103581,-0.001101363,0.000761563,0.002112506,0.00191861,0.000279098,-0.001614218,-0.002348674,-0.001356365,0.000636078,0.002136113,0.002010971,0.000358291,-0.001555165,-0.00225632,-0.001199765,0.000804268,0.002209201,0.001927951,0.000177657,-0.001688582,-0.002236298,-0.001067118,0.000878127,0.002067915,0.001587981,-0.000146862,-0.001737265,-0.001919449,-0.000565274,0.001232005,0.002044534,0.001250115,-0.000488309,-0.001777145,-0.001619093,-0.0001981,0.001301224,0.001673264,0.000662047,-0.000861128,-0.0016368,-0.001050127,0.000388832,0.001492775,0.001381366,0.000184679,-0.001098735,-0.001444925,-0.000635332,0.000603185,0.001237045,0.000787338,-0.000303679,-0.001082359,-0.000897785,7.05E-05,0.000996182,0.001117041,0.000360447,-0.00063126,-0.001065826,-0.000657112,0.000177165,0.000712806,0.000543677,-0.000103375,-0.000607688,-0.000511221,9.79E-05,0.000688988,0.000761122,0.000262295,-0.000395521,-0.000708779,-0.000499544,-2.31E-05,0.000296751,0.000243755,-3.49E-05,-0.000206651,-7.65E-05,0.000242973,0.000452641,0.000347041,-7.87E-06,-0.000348347
-0.001608852,-0.000961124,-0.000706489,-0.000485807,-0.00026945,-6.69E-05,0.000115222,0.000271093,0.000388111,0.000445535,0.000423651,0.000316996,0.000141783,-6.79E-05,-0.000271979,-0.000435591,-0.000533073,-0.000545553,-0.000459087,-0.000269347,7.95E-06,0.000328779,0.000623448,0.000812797,0.000831927,0.000651385,0.000288382,-0.000193355,-0.000692265,-0.001084251,-0.001246097,-0.001088303,-0.000592832,0.000157969,0.000979477,0.001622292,0.001845721,0.00150594,0.000626442,-0.000579589,-0.001751296,-0.00248212,-0.002456359,-0.001578348,-4.59E-05,0.001672072,0.0029684,0.003311237,0.002468408,0.000646499,-0.001533526,-0.003243388,-0.003773914,-0.002849762,-0.000786588,0.001600433,0.003321093,0.003638942,0.002413377,0.000187353,-0.002038727,-0.003258962,-0.002934765,-0.001258341,0.000933672,0.002568191,0.002869583,0.001747805,-0.000166005,-0.001862113,-0.00249235,-0.001814169,-0.000292964,0.001190309,0.001851811,0.001436195,0.000317616,-0.000774641,-0.00122064,-0.000868725,-7.23E-05,0.00059544,0.000739378,0.000379332,-0.000121825,-0.000365037,-0.00021897,0.000104588,0.000251651,3.86E-05,-0.000376334,-0.00060775,-0.000365077,0.000272154,0.000860512,0.000907206,0.000271114,-0.000665912,-0.001224984,-0.000923115,0.000124018,0.001216038,0.001535666,0.000758027,-0.000652211,-0.001715028,-0.001624582,-0.000366855,0.00120987,0.001968137,0.001312042,-0.000335455,-0.001792634,-0.001965394,-0.000672408,0.001177366,0.002222406,0.001656251,-0.000144815,-0.001867212,-0.00222518,-0.000934224,0.001050655,0.002236335,0.001719672,-0.000113603,-0.001867148,-0.002194087,-0.000833975,0.001176724,0.0022954,0.001663119,-0.000228608,-0.001917876,-0.002108752,-0.000678512,0.001234154,0.002129145,0.001324269,-0.000516777,-0.001921955,-0.001782562,-0.000226042,0.001500646,0.002034779,0.000979926,-0.000797409,-0.001882037,-0.001448094,9.81E-05,0.001476424,0.001584242,0.000378566,-0.001118643,-0.001676062,-0.000855694,0.000653628,0.001625375,0.001302804,-5.79E-06,-0.001215833,-0.001374811,-0.000427913,0.000779104,0.00123363,0.000595652,-0.000551391,-0.001221865,-0.000860021,0.000216775,0.00111416,0.00111959,0.000276478,-0.00069222,-0.001014798,-0.000504642,0.000328607,0.000752554,0.000440638,-0.000279828,-0.000745887,-0.000542234,0.000157605,0.000765952,0.000793465,0.000247784,-0.000408706,-0.000674466,-0.00042026,4.88E-05,0.000301521,0.000163439,-0.000161829,-0.000313275,-0.000113196,0.000281144,0.000533338,0.000430255,5.53E-05,-0.00030694
9.40E-05,2.65E-06,4.27E-05,0.000116356,0.000191931,0.000251445,0.000288109,0.000299666,0.000280919,0.000222183,0.000115704,-3.49E-05,-0.000209505,-0.000375796,-0.000499268,-0.000553364,-0.00052368,-0.000406606,-0.000207499,5.72E-05,0.000354436,0.000631821,0.000823704,0.000867781,0.000726294,0.000402826,-5.21E-05,-0.000547799,-0.000970044,-0.001203261,-0.001157459,-0.00079735,-0.000167811,0.000595956,0.001286244,0.001673854,0.001582872,0.000965228,-5.55E-05,-0.001195184,-0.00208089,-0.002368728,-0.001872008,-0.000655717,0.000944187,0.002399644,0.003158613,0.002854906,0.001482505,-0.000547545,-0.002515926,-0.003652687,-0.003454014,-0.001924016,0.000379376,0.002540339,0.003660167,0.003255236,0.001494347,-0.000849424,-0.002730729,-0.003307889,-0.002341988,-0.000320128,0.001771395,0.002925839,0.002613808,0.00104534,-0.000946024,-0.002343702,-0.002481548,-0.00138246,0.000283651,0.001595383,0.001899554,0.00115517,-9.19E-05,-0.001073431,-0.001268127,-0.000685123,0.000201565,0.000802489,0.000800906,0.000322131,-0.000212297,-0.000420477,-0.00023362,8.87E-05,0.000199827,-3.30E-05,-0.000408048,-0.000551874,-0.000241299,0.000372881,0.000837478,0.00073531,4.14E-05,-0.000792978,-0.001131048,-0.000630157,0.000447818,0.00136033,0.001396532,0.000423941,-0.000948402,-0.001755107,-0.001366112,1.35E-05,0.001432094,0.001848697,0.000904893,-0.000765049,-0.001951208,-0.001743314,-0.000228867,0.001524479,0.002226649,0.001325154,-0.000552406,-0.002031437,-0.002004567,-0.00047522,0.001418806,0.002245456,0.00136313,-0.000575563,-0.002102535,-0.002047754,-0.000441165,0.001497869,0.002289541,0.001332867,-0.000627378,-0.002075509,-0.0019008,-0.000259559,0.00155264,0.002119713,0.001015112,-0.000871113,-0.002043904,-0.001587065,0.000119899,0.001716949,0.001951743,0.000668507,-0.001088492,-0.001927443,-0.001222692,0.000405653,0.00161915,0.001452953,8.24E-05,-0.001346877,-0.001667946,-0.000635738,0.000898466,0.001703758,0.001172455,-0.000212186,-0.001307405,-0.001261668,-0.000192343,0.000953159,0.001210134,0.000391585,-0.000787161,-0.001332083,-0.00080017,0.000356358,0.001195968,0.001077539,0.000166361,-0.000747697,-0.000935004,-0.000321164,0.000496592,0.000793135,0.000334126,-0.000452846,-0.000873852,-0.000567761,0.000205521,0.000812288,0.000788921,0.000209111,-0.000420597,-0.000614737,-0.000304607,0.000152416,0.000324701,8.83E-05,-0.000292257,-0.000429133,-0.000165826,0.00029495,0.000583807,0.000486231,0.000105911,-0.000255505
0.00174817,0.000945345,0.000771712,0.000693194,0.000620889,0.000530856,0.000418305,0.000286061,0.000137494,-2.56E-05,-0.000199469,-0.000372942,-0.000524844,-0.000627815,-0.000656685,-0.000596548,-0.000446565,-0.000219073,6.26E-05,0.000365067,0.000643731,0.000845198,0.000915527,0.000815463,0.000537286,0.000115707,-0.000372684,-0.000822377,-0.001120938,-0.001175202,-0.000937535,-0.000427679,0.000256099,0.000944957,0.001433116,0.001535641,0.001156512,0.000342802,-0.000700973,-0.001653923,-0.002171686,-0.002006195,-0.001112674,0.000298599,0.001795899,0.002849466,0.003015794,0.002122476,0.000378718,-0.001650246,-0.003220772,-0.003691901,-0.002803828,-0.000828679,0.001493405,0.003232379,0.003658675,0.002577077,0.00044295,-0.001812753,-0.003189815,-0.003078326,-0.001553555,0.000646952,0.00246871,0.003050366,0.002147758,0.000252757,-0.001662578,-0.00265045,-0.002275909,-0.000827361,0.000865785,0.001904709,0.001813702,0.000774342,-0.000525573,-0.001325574,-0.001238957,-0.000443104,0.000487428,0.000977861,0.000811971,0.000223197,-0.000321338,-0.000472942,-0.000233124,9.34E-05,0.000173039,-7.50E-05,-0.000411988,-0.000483068,-0.000130664,0.000436585,0.000773038,0.000544594,-0.000168899,-0.000872332,-0.00099401,-0.000333904,0.000723394,0.001428728,0.00120071,9.14E-05,-0.001181835,-0.001709476,-0.001054155,0.000380854,0.001586372,0.001657096,0.000475942,-0.00114705,-0.002024317,-0.001458687,0.000207558,0.001796411,0.002137553,0.000945604,-0.000932564,-0.002115625,-0.001711568,-4.37E-06,0.001731479,0.002175516,0.000965092,-0.001008789,-0.002259093,-0.001830038,-3.61E-05,0.001764704,0.002204456,0.000957137,-0.001006305,-0.00216619,-0.00163138,0.000169328,0.001824695,0.002046013,0.000674617,-0.001200452,-0.002105811,-0.001344823,0.000461957,0.001880909,0.001806834,0.00033053,-0.001354189,-0.001918099,-0.000955329,0.000714299,0.001728809,0.001288296,-0.000215307,-0.001540625,-0.001615977,-0.000398308,0.001117962,0.001729263,0.000996083,-0.000430791,-0.001377004,-0.001115854,6.01E-05,0.001120133,0.001170379,0.000185303,-0.001000302,-0.001406273,-0.000715781,0.000490303,0.001243905,0.00099404,3.07E-05,-0.00080301,-0.000837982,-0.000120643,0.000670445,0.000831314,0.000228672,-0.000613161,-0.000981538,-0.000579474,0.000247859,0.000832484,0.000749973,0.000145297,-0.000437069,-0.000540018,-0.000164689,0.000278476,0.00036333,2.28E-05,-0.000415985,-0.000542189,-0.000224318,0.000290093,0.000604648,0.000510875,0.000136134,-0.000204413
0.003144145,0.001747528,0.00138773,0.001170728,0.000962396,0.000736044,0.000490234,0.00023335,-2.29E-05,-0.00026591,-0.000482182,-0.000655139,-0.000765233,-0.000793138,-0.000725614,-0.000561127,-0.00031268,-7.01E-06,0.000318246,0.000617872,0.000842737,0.000945488,0.00088996,0.000663412,0.000287548,-0.000177267,-0.00063853,-0.000989095,-0.001132041,-0.001007151,-0.000613119,-1.96E-05,0.000636207,0.001173547,0.001412081,0.001229584,0.0006163,-0.000295662,-0.001247103,-0.001916905,-0.002024839,-0.001440853,-0.000260514,0.001189231,0.002430306,0.002986247,0.002562837,0.00119056,-0.000736186,-0.002560176,-0.003586984,-0.003361616,-0.001884518,0.000338367,0.002458707,0.003617772,0.003316996,0.001660724,-0.000654801,-0.002624438,-0.003378286,-0.002586839,-0.000629762,0.001568016,0.002969927,0.002928124,0.001501986,-0.000573238,-0.002261054,-0.002754099,-0.001882681,-0.000182885,0.001413011,0.002092036,0.001592845,0.000313969,-0.000954849,-0.001509486,-0.001127765,-0.000153265,0.000766397,0.001104114,0.000763108,8.23E-05,-0.00044286,-0.000514159,-0.000210186,0.000123298,0.000172751,-8.95E-05,-0.000393078,-0.000407021,-3.61E-05,0.000466399,0.000676767,0.000347244,-0.000351685,-0.000905661,-0.000825922,-5.10E-05,0.000938648,0.001420437,0.000958369,-0.000225957,-0.001345723,-0.001583585,-0.000703221,0.000721732,0.001670623,0.001405776,4.56E-05,-0.001465183,-0.002009338,-0.001122916,0.000620342,0.001983328,0.001958257,0.000530054,-0.001274328,-0.002120221,-0.001359673,0.000459796,0.001977067,0.002029228,0.000540224,-0.001396856,-0.002329117,-0.001545264,0.000370654,0.001970584,0.002043871,0.000547982,-0.0013539,-0.002187915,-0.001310171,0.000592887,0.002039249,0.001907433,0.000311076,-0.001495242,-0.002104484,-0.00106084,0.000791873,0.001988469,0.001604142,-2.44E-05,-0.001586313,-0.001853136,-0.000652731,0.001015055,0.001800927,0.001093335,-0.000506617,-0.001693025,-0.001518906,-0.000147633,0.001306582,0.001699526,0.0007756,-0.00065843,-0.001424576,-0.000942451,0.000321454,0.001273971,0.001114285,-1.70E-05,-0.001181631,-0.001436659,-0.000602895,0.000619391,0.001257824,0.000869389,-0.000130549,-0.000860978,-0.000730627,8.72E-05,0.000841235,0.000862826,0.000126442,-0.00075346,-0.001059725,-0.000569384,0.00028985,0.000829105,0.000677096,5.47E-05,-0.000462372,-0.000457355,-9.06E-06,0.000419648,0.000414344,-3.01E-05,-0.000525223,-0.000642473,-0.000279984,0.000271427,0.000596012,0.000500218,0.000139167,-0.000161814
0.004015754,0.002257435,0.0017727,0.001455058,0.001146735,0.000822431,0.000484485,0.000145821,-0.000175278,-0.000458137,-0.000682023,-0.00082813,-0.000881442,-0.000833017,-0.000682815,-0.000442345,-0.000136157,0.000198992,0.000517345,0.000769556,0.000909622,0.00090304,0.000735553,0.000420996,5.55E-06,-0.000434747,-0.000805166,-0.001011832,-0.000985937,-0.000706794,-0.00021703,0.000376193,0.000917881,0.001240119,0.001210169,0.000780287,2.27E-05,-0.000867686,-0.001612664,-0.00193069,-0.001636244,-0.00072622,0.000583145,0.00189418,0.002742091,0.002757103,0.001820559,0.000151339,-0.001726036,-0.003141682,-0.003525898,-0.002651364,-0.000767126,0.001451554,0.003142982,0.003607715,0.002622412,0.000571129,-0.001686316,-0.00317309,-0.003232593,-0.001842135,0.000356271,0.0023411,0.003190556,0.002527805,0.000707766,-0.001358392,-0.002661734,-0.002605929,-0.001302388,0.000508178,0.001866555,0.002113261,0.001226981,-0.000201892,-0.001338514,-0.001589701,-0.000921294,0.000172634,0.00101151,0.001154108,0.000638636,-0.000101497,-0.000567171,-0.000531237,-0.000154554,0.000183747,0.000199744,-7.91E-05,-0.000356407,-0.000329788,3.84E-05,0.000463828,0.000557767,0.000157569,-0.000494408,-0.000890278,-0.000637796,0.000197947,0.001074067,0.001328088,0.000678252,-0.000509867,-0.001425203,-0.001377275,-0.000328926,0.001015257,0.001674058,0.001103674,-0.000360783,-0.001692441,-0.001893974,-0.000745271,0.000986143,0.002064422,0.001684466,9.21E-05,-0.001558182,-0.002036462,-0.000959801,0.000892232,0.002132691,0.001801262,0.000104215,-0.001713869,-0.002293644,-0.00119247,0.000764734,0.002099482,0.001804193,0.000117939,-0.001650839,-0.002129669,-0.000943806,0.000990327,0.002174988,0.001695753,-6.69E-05,-0.001738462,-0.002028061,-0.000736761,0.00109734,0.002027836,0.001342748,-0.000384833,-0.001769666,-0.001725003,-0.000320517,0.001293698,0.001823603,0.000867291,-0.000781005,-0.001790364,-0.001369636,0.000112711,0.001454285,0.001606452,0.00051043,-0.000889705,-0.001445711,-0.000744297,0.000581422,0.001403367,0.001037552,-0.000208799,-0.001317161,-0.001409236,-0.000453785,0.000743986,0.001234423,0.000701062,-0.000318067,-0.000923094,-0.000619108,0.000290798,0.000995936,0.000879538,2.87E-05,-0.000863483,-0.001094008,-0.000524944,0.000338594,0.000803855,0.000568739,-6.57E-05,-0.000501452,-0.00037446,0.000152113,0.000566107,0.000472577,-6.79E-05,-0.000609588,-0.000715723,-0.000320143,0.000245722,0.000557323,0.000447677,0.000105079,-0.000138478
0.004297166,0.002434955,0.001896866,0.001526102,0.001164256,0.000790852,0.000411359,4.11E-05,-0.000297952,-0.000579986,-0.00078024,-0.000880301,-0.000871631,-0.000756532,-0.00054759,-0.000267125,5.27E-05,0.000370712,0.000639506,0.000812417,0.000852517,0.000742037,0.000489317,0.000131482,-0.000268186,-0.000628604,-0.000865001,-0.0009078,-0.000723263,-0.000330518,0.000191604,0.000713605,0.001082237,0.001161674,0.000879484,0.000263469,-0.000545484,-0.001315351,-0.001781541,-0.001730933,-0.001087507,3.20E-05,0.001321269,0.002358555,0.002741155,0.002239119,0.000912221,-0.000864984,-0.002498451,-0.00337438,-0.003099076,-0.001684974,0.000405679,0.002400882,0.003508619,0.003248948,0.001685021,-0.000563785,-0.002557067,-0.003433021,-0.002800908,-0.000939618,0.001307344,0.002910463,0.003138021,0.001911387,-0.000151497,-0.002038497,-0.002848042,-0.002240679,-0.000600325,0.001182972,0.002194079,0.001976698,0.000754597,-0.000727666,-0.001646306,-0.001561968,-0.000637065,0.000509415,0.001204662,0.00112451,0.000448442,-0.000312574,-0.00068111,-0.000517986,-6.75E-05,0.000267779,0.000243432,-5.60E-05,-0.000312921,-0.000257201,9.53E-05,0.000440283,0.000431385,-1.33E-05,-0.000596938,-0.000837506,-0.000445067,0.000404525,0.001135844,0.001170578,0.000380756,-0.000752051,-0.001431038,-0.001114958,4.54E-05,0.001253603,0.001608737,0.000773678,-0.000725896,-0.001829326,-0.001695973,-0.000347537,0.001295624,0.002050675,0.00134086,-0.000346359,-0.001780023,-0.001880397,-0.000536584,0.001276878,0.002201223,0.001509739,-0.000324165,-0.001954855,-0.00216506,-0.000791661,0.001134012,0.002156696,0.001504611,-0.000313692,-0.001891372,-0.002002763,-0.000551806,0.001348076,0.002233073,0.001424082,-0.000445822,-0.001927061,-0.001885866,-0.000386016,0.001372457,0.002006418,0.001038852,-0.000737102,-0.001902299,-0.001544224,2.63E-05,0.001540808,0.001797613,0.00061739,-0.001033038,-0.00183461,-0.00117596,0.000376386,0.00156307,0.001461181,0.000214761,-0.00111583,-0.001441673,-0.000530585,0.000829541,0.001502414,0.000939854,-0.000388529,-0.001407595,-0.001327962,-0.000272299,0.000865082,0.001181445,0.000500632,-0.000522381,-0.00098698,-0.000508825,0.000480521,0.001125616,0.000876242,-6.62E-05,-0.000943189,-0.001083903,-0.000444456,0.000398816,0.000765112,0.000434863,-0.000208764,-0.000553382,-0.000297986,0.000306937,0.000705179,0.000528742,-9.42E-05,-0.000667421,-0.000756173,-0.000336324,0.000222954,0.000498593,0.000361071,3.68E-05,-0.000138221
0.003974856,0.002270151,0.001753734,0.001381783,0.001017942,0.000649253,0.000282868,-6.63E-05,-0.000376073,-0.000618811,-0.000768774,-0.000810175,-0.000742046,-0.000577613,-0.000340173,-5.93E-05,0.000230192,0.000488649,0.000673579,0.000746772,0.000684579,0.000487483,0.000184508,-0.000169529,-0.000503011,-0.000740436,-0.000817349,-0.000696077,-0.000380362,7.53E-05,0.00056709,0.000959731,0.001119444,0.00095652,0.000464084,-0.000261456,-0.001029811,-0.001599731,-0.001748694,-0.00135187,-0.000445288,0.000753405,0.001884945,0.00254961,0.00244578,0.001500307,-6.33E-05,-0.001760145,-0.002989711,-0.003253144,-0.002364434,-0.000565197,0.001521657,0.003104426,0.003533084,0.002585004,0.000595723,-0.001642513,-0.003194753,-0.003387528,-0.002124342,4.40E-05,0.002147276,0.003234075,0.002820623,0.001129836,-0.001008893,-0.002562937,-0.002808015,-0.001687687,0.000169659,0.001789717,0.002368633,0.001688692,0.000207134,-0.001225513,-0.001852525,-0.001422017,-0.000289234,0.000836046,0.001330531,0.001012707,0.000201694,-0.000536547,-0.000772524,-0.000469124,4.88E-05,0.000367841,0.00029371,-3.04E-05,-0.000270772,-0.000193117,0.000136984,0.000403695,0.000308141,-0.000157544,-0.000658696,-0.00075446,-0.000257795,0.000563294,0.001128592,0.000961671,8.12E-05,-0.000945377,-0.001369867,-0.000814104,0.000401472,0.001428724,0.001481072,0.000431323,-0.00103655,-0.001874676,-0.001427167,5.40E-05,0.001540272,0.001948377,0.000945291,-0.000767502,-0.001933563,-0.001661062,-0.000107518,0.001600184,0.00218208,0.001166333,-0.000730612,-0.002114113,-0.001950749,-0.000357826,0.001467104,0.002142984,0.001157569,-0.00073178,-0.00206844,-0.001812845,-0.000147867,0.001654536,0.002211935,0.001100891,-0.000814559,-0.002056155,-0.001682555,-1.83E-05,0.001610972,0.001927252,0.00070337,-0.001069889,-0.001980421,-0.001316934,0.000376116,0.001747058,0.001720872,0.000347757,-0.001257908,-0.001825391,-0.000942399,0.000638432,0.001633128,0.001271112,-0.000100108,-0.001327934,-0.001410813,-0.000306928,0.001057202,0.00156454,0.000818844,-0.000555908,-0.001453327,-0.001195494,-6.17E-05,0.000982254,0.001103646,0.000276931,-0.000734718,-0.00104835,-0.000401812,0.000649725,0.001222743,0.000847623,-0.000160524,-0.000992921,-0.001029083,-0.000326915,0.000473392,0.000718521,0.000282976,-0.000367783,-0.000615881,-0.000231613,0.000446796,0.000826524,0.000574415,-0.000113221,-0.000698205,-0.00075958,-0.000321889,0.000211037,0.000427906,0.000247103,-6.23E-05,-0.000162837
0.003054818,0.001763936,0.001345407,0.001027254,0.000716698,0.000410097,0.000114051,-0.00016055,-0.000394927,-0.00056351,-0.000642387,-0.00062009,-0.000503361,-0.000314763,-8.50E-05,0.00015385,0.000370411,0.000532875,0.000609686,0.000575788,0.000423039,0.000169132,-0.0001409,-0.000442494,-0.000665789,-0.000751226,-0.000662936,-0.000398948,2.01E-06,0.000459349,0.000859569,0.001079022,0.001019085,0.000644625,1.15E-05,-0.000730562,-0.001367719,-0.001679084,-0.001508707,-0.000830158,0.000218989,0.001351446,0.002200068,0.002431981,0.00187557,0.000614267,-0.000998299,-0.002426249,-0.003128669,-0.002770454,-0.001384073,0.000594978,0.002454994,0.003467595,0.003186454,0.001660184,-0.000545586,-0.002549327,-0.003512766,-0.003010881,-0.001243644,0.001023787,0.002786835,0.003257777,0.002240813,0.000236993,-0.001787476,-0.002868823,-0.002521088,-0.00097543,0.000946569,0.002265092,0.002352928,0.001251181,-0.000380914,-0.001649329,-0.001922623,-0.001160537,0.000107395,0.001126532,0.001368036,0.000812983,-9.14E-05,-0.000755039,-0.000824993,-0.000377211,0.000191401,0.000473822,0.000337882,-1.39E-05,-0.000238327,-0.000141363,0.000164986,0.000361105,0.000198237,-0.000266263,-0.000676802,-0.00064611,-8.56E-05,0.000667031,0.001054212,0.000713761,-0.000203357,-0.001078654,-0.00124432,-0.000491192,0.000717935,0.001526727,0.001292674,9.15E-05,-0.001275607,-0.001821666,-0.001096192,0.000441427,0.001705966,0.001758437,0.000514594,-0.001148851,-0.00200528,-0.001382447,0.000309293,0.001842874,0.00206803,0.000779956,-0.001097798,-0.00217955,-0.001653295,9.35E-05,0.001746955,0.002052431,0.000772723,-0.001118083,-0.002168367,-0.001560388,0.000254267,0.00189306,0.002103943,0.000732237,-0.001159027,-0.002114784,-0.001418297,0.000356197,0.001801928,0.001788216,0.000345695,-0.00136865,-0.001994844,-0.001046021,0.00071592,0.001897977,0.001586286,6.12E-05,-0.001447932,-0.001757888,-0.000671073,0.000892561,0.001661086,0.001041179,-0.000421827,-0.001513047,-0.001347267,-7.77E-05,0.001253285,0.001578831,0.000669078,-0.000710743,-0.001452509,-0.001012366,0.000174627,0.001093008,0.001003614,3.87E-05,-0.000943867,-0.001099474,-0.000298029,0.000791121,0.001277072,0.000785617,-0.000257554,-0.001012052,-0.000927545,-0.000170482,0.000564665,0.000668646,0.0001203,-0.000535144,-0.000684827,-0.000177897,0.000562455,0.000917634,0.000598724,-0.000130487,-0.000701086,-0.000720226,-0.000268618,0.000218836,0.000353672,0.00011267,-0.000188515,-0.000213638
0.001692074,0.001002067,0.000740039,0.000520391,0.000308821,0.000111366,-6.85E-05,-0.000227148,-0.00035287,-0.000424994,-0.00042355,-0.000342082,-0.000194123,-8.99E-06,0.000179204,0.000340971,0.000453767,0.00049902,0.000460312,0.000328043,0.000109155,-0.000165014,-0.000439968,-0.000650045,-0.00073633,-0.000662906,-0.000426616,-6.00E-05,0.000370309,0.000770387,0.001032595,0.001060104,0.000799301,0.000270289,-0.000418997,-0.001086991,-0.00152305,-0.001552084,-0.001099678,-0.000235402,0.000823854,0.001759269,0.002239398,0.002032908,0.001110154,-0.000307523,-0.001783481,-0.002792999,-0.002910831,-0.001993553,-0.000278049,0.001661394,0.003102823,0.003454192,0.002510706,0.000577133,-0.001615809,-0.003187866,-0.003476647,-0.002339404,-0.000245273,0.001903879,0.003163363,0.00297799,0.001452283,-0.000683704,-0.002413658,-0.002925338,-0.002010653,-0.000167487,0.001657794,0.002559779,0.002139156,0.000694779,-0.000960953,-0.001958276,-0.001841236,-0.000789742,0.000525198,0.001355788,0.001308218,0.000535518,-0.000408832,-0.000945683,-0.000825495,-0.000241933,0.000350549,0.000571248,0.000361752,-1.74E-05,-0.000221944,-0.00010308,0.000183301,0.000319954,0.000108968,-0.000336625,-0.000655156,-0.000520935,6.47E-05,0.000717667,0.00092591,0.000446709,-0.000456595,-0.001148429,-0.001066555,-0.000167242,0.000977172,0.001543386,0.001053472,-0.000230684,-0.001435777,-0.001678129,-0.000722428,0.000796275,0.001788361,0.001494788,7.32E-05,-0.001470189,-0.001990738,-0.00105642,0.000696286,0.001995558,0.001864899,0.00036685,-0.001412021,-0.002151454,-0.001288367,0.00054097,0.001960507,0.001888128,0.000365766,-0.001456404,-0.002186039,-0.001254037,0.00063996,0.002054963,0.001913334,0.000332191,-0.001465801,-0.002099858,-0.00110189,0.000724389,0.001938427,0.001594282,-2.09E-05,-0.001621521,-0.001943652,-0.000740584,0.001032256,0.001984676,0.00139384,-0.000236599,-0.001598879,-0.001634672,-0.000370138,0.001131798,0.00164809,0.000782283,-0.00073478,-0.001658883,-0.001247477,0.000152567,0.001410098,0.00153967,0.000488259,-0.000854921,-0.001410367,-0.000787756,0.000427383,0.001193379,0.00088614,-0.000202189,-0.001136145,-0.001130765,-0.000194596,0.000902301,0.001284297,0.000686385,-0.000360749,-0.001005131,-0.000785453,1.89E-05,0.000670367,0.000619333,-4.38E-05,-0.000699817,-0.000752364,-0.000135335,0.000649069,0.000969929,0.00059264,-0.000153212,-0.000680688,-0.000639932,-0.000175074,0.000251747,0.000285233,-3.07E-05,-0.000331609,-0.000285524
0.00011916,0.000115521,4.04E-05,-5.48E-05,-0.000140074,-0.000200664,-0.000238401,-0.000259573,-0.000261685,-0.000230827,-0.000151883,-2.31E-05,0.00013678,0.000294617,0.00041663,0.000480041,0.000475111,0.000399669,0.000254222,4.44E-05,-0.000210289,-0.000469882,-0.000677189,-0.000772911,-0.000715607,-0.000496885,-0.000146062,0.000274856,0.000681283,0.000978547,0.001078091,0.000919832,0.00049833,-0.000117088,-0.000781824,-0.001304277,-0.001500144,-0.001256971,-0.000585996,0.000359641,0.00131162,0.001956229,0.00203203,0.001428818,0.000254416,-0.001162706,-0.002352725,-0.002855329,-0.002398213,-0.001034812,0.000826282,0.002534119,0.003426801,0.003100114,0.001601459,-0.000545667,-0.002518774,-0.003519823,-0.003117472,-0.001456438,0.000773372,0.002615464,0.003265194,0.002442514,0.000538218,-0.001552384,-0.002846088,-0.002745488,-0.001334383,0.000662866,0.002247933,0.002658098,0.001752329,6.71E-05,-0.001489141,-0.002132795,-0.001618483,-0.000339048,0.000934067,0.001509141,0.001157649,0.000202434,-0.000725004,-0.001091038,-0.000769784,-7.05E-05,0.000513385,0.000647283,0.000355723,-4.66E-05,-0.000223186,-7.63E-05,0.00019657,0.000285142,4.20E-05,-0.000372724,-0.000602795,-0.000387836,0.00019142,0.000724834,0.000762552,0.000180024,-0.000668646,-0.001159977,-0.000853394,0.000140175,0.00117199,0.001485712,0.000778239,-0.000525322,-0.001521667,-0.001463138,-0.000328676,0.001106392,0.001794002,0.001178807,-0.000356109,-0.001721034,-0.001896281,-0.000698574,0.001042493,0.002061777,0.001589276,-5.52E-05,-0.001667752,-0.002041853,-0.000878637,0.000965492,0.002103395,0.001661004,-4.72E-05,-0.001738288,-0.002126629,-0.000907536,0.000998705,0.002142302,0.001654431,-8.23E-05,-0.001726838,-0.002017119,-0.000747599,0.001074574,0.002019846,0.001355542,-0.00038392,-0.001823446,-0.001832718,-0.000412557,0.001316173,0.002007149,0.001150855,-0.000538435,-0.001711052,-0.001464511,-5.09E-05,0.001350664,0.001598903,0.000506861,-0.001026133,-0.00175862,-0.001111783,0.000380295,0.001526082,0.001449,0.000278629,-0.000990968,-0.001336554,-0.000535643,0.000684643,0.001279245,0.000756154,-0.000435133,-0.001300847,-0.001134778,-8.73E-05,0.00098629,0.001247561,0.000551986,-0.000471943,-0.000979617,-0.000614418,0.000229989,0.000784356,0.00057201,-0.000201758,-0.000851809,-0.000810074,-9.91E-05,0.000707976,0.00098215,0.000552747,-0.000187152,-0.000644925,-0.000527159,-4.73E-05,0.00030927,0.000228797,-0.00017168,-0.000479051,-0.00036907
-0.001451674,-0.000775987,-0.000659679,-0.000621853,-0.000570617,-0.000484589,-0.000372808,-0.000252985,-0.00013317,-6.89E-06,0.000136194,0.000294236,0.000445616,0.000556297,0.0005963,0.000552778,0.000431278,0.000247282,1.78E-05,-0.000238538,-0.000494214,-0.000706539,-0.000822521,-0.000795519,-0.000605704,-0.000272737,0.000145558,0.000566171,0.000898192,0.001059114,0.000990224,0.000673633,0.000149507,-0.00047521,-0.001038378,-0.001360782,-0.00130386,-0.000827439,-2.33E-05,0.000892654,0.001633313,0.001925346,0.001603691,0.000685996,-0.000600949,-0.001862677,-0.002648449,-0.002608176,-0.001643875,8.46E-06,0.001817482,0.003124258,0.003390767,0.002434078,0.00054103,-0.001603468,-0.003166721,-0.003506685,-0.002458123,-0.000433383,0.00172472,0.003092732,0.0030755,0.001688471,-0.00042912,-0.002295123,-0.003041768,-0.002334266,-0.000539843,0.001449582,0.002662841,0.002539889,0.001210445,-0.000589813,-0.001922648,-0.002149971,-0.001259245,0.000165961,0.001304233,0.001568914,0.000918585,-0.00016736,-0.001015307,-0.001172436,-0.000651835,0.000131053,0.000667066,0.000688838,0.000310638,-0.000105441,-0.000242251,-5.86E-05,0.000208309,0.000259869,-1.63E-06,-0.000377419,-0.00052609,-0.000253575,0.000292303,0.000694708,0.000578223,-6.99E-05,-0.000829002,-0.001114364,-0.000616712,0.000415703,0.001293037,0.001355689,0.000477628,-0.000782225,-0.001533033,-0.001189208,6.61E-05,0.001357895,0.001723295,0.000825484,-0.000752773,-0.001887561,-0.001722019,-0.000320216,0.00133588,0.002039223,0.001251309,-0.000470532,-0.001855767,-0.001855695,-0.000441344,0.001347909,0.002166125,0.001375792,-0.000452516,-0.001952195,-0.001989068,-0.000530066,0.001319372,0.00215178,0.001335504,-0.000496452,-0.001931027,-0.001866474,-0.000365672,0.001394206,0.002040578,0.001076896,-0.000732478,-0.001966112,-0.00166264,-7.07E-05,0.001557528,0.001961078,0.000860912,-0.000837266,-0.001780961,-0.001251473,0.00027741,0.001541537,0.001513705,0.000223748,-0.001283289,-0.001802721,-0.000937559,0.000602578,0.001597345,0.001305584,4.12E-05,-0.00111937,-0.001236705,-0.000266759,0.000934907,0.001344164,0.000615613,-0.000651094,-0.001426479,-0.001102357,2.87E-05,0.001044823,0.001167644,0.00038295,-0.00059231,-0.000940437,-0.00042335,0.00045251,0.000899548,0.000526097,-0.00034734,-0.000981266,-0.00084869,-6.36E-05,0.00074029,0.000952097,0.00047496,-0.000237584,-0.000600105,-0.000388584,0.000109639,0.00039021,0.000188828,-0.000300784,-0.000619306,-0.000454871
-0.002753773,-0.00152158,-0.001242146,-0.001085195,-0.000909521,-0.000690495,-0.000445595,-0.000204282,1.51E-05,0.000212141,0.000393866,0.000556846,0.000679277,0.000729342,0.000683603,0.000541006,0.00032283,6.10E-05,-0.000214038,-0.000475537,-0.000694019,-0.000831131,-0.000844546,-0.00070477,-0.000414551,-1.80E-05,0.000406782,0.000767766,0.000981197,0.000988804,0.000769058,0.000346023,-0.000203882,-0.000753823,-0.001146829,-0.001237957,-0.000948537,-0.000311128,0.000517868,0.001290097,0.001736322,0.001655806,0.000995505,-0.000108201,-0.001344338,-0.002304566,-0.002610527,-0.00205744,-0.000722899,0.001012204,0.002560967,0.003331083,0.0029623,0.001503157,-0.00056142,-0.002465521,-0.003455949,-0.003109673,-0.001536631,0.00063393,0.002497175,0.003255644,0.002578282,0.000767879,-0.001355297,-0.002818153,-0.002948444,-0.001701314,0.00030976,0.002107592,0.002834645,0.002182272,0.000540039,-0.001218873,-0.002205161,-0.001980979,-0.000772124,0.000689181,0.001594493,0.001510803,0.000594126,-0.000548012,-0.001246279,-0.001165071,-0.000464602,0.000352938,0.000793458,0.000678838,0.000216305,-0.000196691,-0.000276824,-4.59E-05,0.000222374,0.000246549,-2.22E-05,-0.000354667,-0.000432464,-0.000126017,0.000364291,0.000633581,0.000388755,-0.000283626,-0.000923947,-0.001011194,-0.000369701,0.000640583,0.001327655,0.001154418,0.000164585,-0.000987311,-0.00146707,-0.000870054,0.000437868,0.001531031,0.00157354,0.000451643,-0.001090481,-0.001949934,-0.001465614,6.49E-05,0.001559319,0.00192194,0.000862024,-0.000858601,-0.001961096,-0.00159585,2.79E-06,0.00166202,0.0021331,0.001035942,-0.000832621,-0.002080618,-0.001768825,-0.00013222,0.001585984,0.002075937,0.000964959,-0.000890864,-0.002061144,-0.001644742,3.15E-05,0.001664919,0.001989711,0.000762094,-0.00105217,-0.002036212,-0.001431395,0.000274628,0.001741822,0.001838711,0.000527884,-0.001122231,-0.001800895,-0.000998404,0.00060256,0.001691817,0.001389241,-5.77E-05,-0.001489701,-0.001777191,-0.000720157,0.000815305,0.001617411,0.001106853,-0.000221762,-0.00123811,-0.001115214,6.32E-06,0.001162248,0.001377223,0.000464667,-0.000839213,-0.001497568,-0.001020659,0.000159935,0.00107952,0.001044868,0.00018027,-0.000721814,-0.000892008,-0.000222759,0.000672569,0.001004644,0.000478532,-0.000473895,-0.001075258,-0.000855108,-2.05E-05,0.000748241,0.000877444,0.000354696,-0.000310309,-0.000553482,-0.0002328,0.00028764,0.000490762,0.000168764,-0.000407094,-0.000737432,-0.000529552
-0.003632888,-0.00203173,-0.001638199,-0.00139222,-0.001120922,-0.000799748,-0.00045476,-0.000126125,0.000158955,0.00039519,0.000587966,0.000734527,0.000815113,0.00080208,0.000679671,0.000458494,0.000173929,-0.000128836,-0.000410202,-0.000640688,-0.000794565,-0.000843067,-0.000758343,-0.000529257,-0.000178833,0.000230454,0.000609613,0.000868462,0.000940739,0.00079951,0.000461993,-1.12E-05,-0.000519647,-0.000933794,-0.001119893,-0.00098106,-0.000502939,0.000217332,0.000979226,0.001530167,0.001646939,0.001219618,0.000307583,-0.000854689,-0.001909984,-0.002480649,-0.002296874,-0.001312479,0.000237195,0.001872988,0.003014098,0.003189857,0.002244374,0.000442662,-0.001586679,-0.003072106,-0.003407493,-0.002420746,-0.000478408,0.001636768,0.003040835,0.003129801,0.001859226,-0.00021362,-0.002161334,-0.003101452,-0.002609198,-0.000928317,0.001134515,0.002595336,0.00277605,0.001641404,-0.000189596,-0.001771316,-0.002328752,-0.00165738,-0.000208076,0.001186915,0.001787585,0.001347239,0.000214605,-0.000909627,-0.001402852,-0.001072608,-0.000224159,0.000577622,0.000882273,0.000617127,8.01E-05,-0.000310015,-0.000317552,-3.18E-05,0.000241138,0.000242452,-2.81E-05,-0.00031687,-0.000333697,-1.02E-05,0.000412844,0.00055551,0.000209027,-0.000454761,-0.000960445,-0.000866739,-0.000126945,0.000812973,0.00129,0.000904355,-0.000144445,-0.001141639,-0.001342828,-0.000531207,0.000770865,0.001629331,0.001364233,7.83E-05,-0.001361948,-0.001919839,-0.001148982,0.000441301,0.001716029,0.001731141,0.000446869,-0.001206727,-0.001992099,-0.001285282,0.000432376,0.001902212,0.002016517,0.000660329,-0.001177553,-0.002130763,-0.001484997,0.000269662,0.001797887,0.001931292,0.000565474,-0.001251934,-0.002121008,-0.001368758,0.000427175,0.001881937,0.001876023,0.00042443,-0.001337279,-0.002041082,-0.001154025,0.000612477,0.00187126,0.001654613,0.000168844,-0.001385135,-0.001776058,-0.000718732,0.000913169,0.001799382,0.001231738,-0.000330402,-0.001644792,-0.001688999,-0.000468037,0.001016625,0.001594498,0.000866967,-0.000498935,-0.001345477,-0.000980341,0.000271249,0.001357485,0.001375721,0.000304927,-0.000998245,-0.001515768,-0.000892267,0.000307639,0.001098318,0.000892164,-4.41E-05,-0.000855852,-0.00083946,-2.47E-05,0.000876959,0.00109016,0.000425059,-0.00058186,-0.001132252,-0.000826047,3.65E-05,0.000741857,0.000770163,0.000201546,-0.000402733,-0.000511469,-7.32E-05,0.000471458,0.000599158,0.00016363,-0.000488519,-0.000826086,-0.000582898
-0.00397896,-0.002242438,-0.001798671,-0.001505457,-0.001179501,-0.000799564,-0.000399583,-2.84E-05,0.000280608,0.00051949,0.000694525,0.000805767,0.000837341,0.000766892,0.000586286,0.000316206,2.95E-06,-0.000299506,-0.000547847,-0.000715412,-0.000785452,-0.000742777,-0.000575855,-0.000290738,7.39E-05,0.000445285,0.000733387,0.000860139,0.000784713,0.000514962,0.000104208,-0.000359508,-0.00076621,-0.001000302,-0.000966007,-0.00062246,-1.70E-05,0.000703056,0.001316968,0.001595118,0.00138228,0.000667647,-0.000387646,-0.001480269,-0.002247472,-0.002381928,-0.001746555,-0.000451378,0.001142573,0.002511857,0.003140426,0.002720992,0.00130905,-0.000647824,-0.002442659,-0.00337174,-0.003028844,-0.001502427,0.000624125,0.002489284,0.00330948,0.002724676,0.000976116,-0.001177116,-0.00278196,-0.003120343,-0.002047521,-7.26E-05,0.001871769,0.002873863,0.002487758,0.000953984,-0.0009259,-0.002204498,-0.002279337,-0.001196871,0.000395581,0.001622156,0.001863841,0.001082044,-0.000198841,-0.001227263,-0.001469118,-0.000893999,5.85E-05,0.000790149,0.000922882,0.000501568,-9.23E-05,-0.000436246,-0.000355817,-1.09E-05,0.000265988,0.000244956,-2.54E-05,-0.000272364,-0.000237769,8.96E-05,0.00044011,0.000468574,4.90E-05,-0.000577366,-0.000940572,-0.000690213,0.000101178,0.000928888,0.001186492,0.000619516,-0.000436295,-0.001241678,-0.001169527,-0.000189539,0.00105083,0.001649962,0.001105095,-0.000279523,-0.001557753,-0.001800071,-0.000784909,0.00079575,0.001802767,0.001476874,2.31E-05,-0.00150179,-0.001948538,-0.000936546,0.000830823,0.002058918,0.001819364,0.000260735,-0.001476673,-0.002101682,-0.001147125,0.000663004,0.00194948,0.00172423,0.000151681,-0.001566519,-0.002107547,-0.001046835,0.000808326,0.002036684,0.001700533,7.19E-05,-0.00158047,-0.001980669,-0.000838035,0.000933897,0.001943019,0.001415203,-0.00020435,-0.001616534,-0.00170547,-0.000419915,0.001199037,0.001858073,0.00104193,-0.000589432,-0.001744934,-0.001539318,-0.000185857,0.001203292,0.001531073,0.000594115,-0.000780962,-0.001436857,-0.000835124,0.000519286,0.00151128,0.00133424,0.000135935,-0.001126037,-0.001479369,-0.000716859,0.000472522,0.001104975,0.000716918,-0.000281861,-0.000989421,-0.000784437,0.000162731,0.001054653,0.001146702,0.000360866,-0.000671269,-0.001149171,-0.000756992,0.000112846,0.000727754,0.000637662,2.18E-05,-0.000512534,-0.000477786,8.09E-05,0.000649196,0.000705326,0.000168649,-0.000543453,-0.000878619,-0.000605818
-0.003664435,-0.002079326,-0.001666458,-0.001381583,-0.001056367,-0.000675985,-0.000280443,7.62E-05,0.000357891,0.000557567,0.000685119,0.000745555,0.000728199,0.000616098,0.000407216,0.000128928,-0.000166612,-0.000422828,-0.000599151,-0.000677656,-0.000655111,-0.000532248,-0.000313264,-1.73E-05,0.000308859,0.00059206,0.000752351,0.000732898,0.000523334,0.000165234,-0.000259832,-0.000650145,-0.00090319,-0.000933616,-0.000694334,-0.000201368,0.000447481,0.001077111,0.001474833,0.001460195,0.000960739,6.10E-05,-0.001000682,-0.001892384,-0.002290682,-0.001992876,-0.00100449,0.000430109,0.001874534,0.002825419,0.002887817,0.001944054,0.000243799,-0.001641312,-0.003006803,-0.003290039,-0.002320599,-0.00042918,0.001651961,0.003074331,0.003232779,0.002041938,-2.22E-06,-0.002019025,-0.003124382,-0.002831518,-0.001284721,0.000794045,0.002435391,0.002882799,0.001960935,0.000162918,-0.001598103,-0.002454804,-0.002029126,-0.000616613,0.000989788,0.001940634,0.001789601,0.000714556,-0.000619315,-0.001464489,-0.001418756,-0.000624059,0.000369004,0.000968126,0.000897803,0.0003274,-0.000293429,-0.00056129,-0.000378432,2.44E-05,0.000298067,0.000249988,-2.17E-05,-0.000230655,-0.000154066,0.000167313,0.000446316,0.000380346,-7.95E-05,-0.00064185,-0.000863196,-0.000490462,0.000301062,0.000979388,0.001020413,0.000315409,-0.000691842,-0.001276963,-0.000953161,0.000134967,0.001255639,0.001582374,0.000803462,-0.000602305,-0.001660035,-0.001587157,-0.000386673,0.001108109,0.001807703,0.001165401,-0.00038784,-0.001721249,-0.001821958,-0.000561039,0.001174718,0.002112569,0.001538479,-0.00014915,-0.001711068,-0.001984099,-0.000762578,0.001029745,0.002026333,0.001455834,-0.000259359,-0.001812938,-0.002009299,-0.000685206,0.001156094,0.002111273,0.001458098,-0.000286215,-0.001767478,-0.001847885,-0.000489249,0.001225248,0.001947331,0.001123566,-0.000576574,-0.00179932,-0.001581769,-0.000109035,0.00144411,0.001853984,0.000816357,-0.000828095,-0.001780985,-0.001324896,0.000121601,0.001367966,0.001425494,0.000296328,-0.00105401,-0.001501637,-0.000679611,0.000739329,0.001608196,0.001241711,-4.45E-05,-0.001217815,-0.001382493,-0.000491764,0.000654597,0.001101098,0.000525819,-0.00052226,-0.001113614,-0.000726083,0.000330156,0.001189809,0.001159277,0.00027797,-0.000741494,-0.001119579,-0.000639852,0.000215958,0.00071292,0.00048749,-0.00017719,-0.000635791,-0.000455547,0.000218236,0.000804803,0.000794546,0.000176314,-0.000569735,-0.00088503,-0.000584945
-0.002804766,-0.001605506,-0.001292044,-0.001064387,-0.000789406,-0.000460484,-0.000121413,0.000172063,0.000384727,0.000513407,0.000573758,0.000577034,0.000518077,0.000384436,0.000177775,-7.18E-05,-0.000311365,-0.000487414,-0.000567348,-0.000546023,-0.000435918,-0.000253562,-1.61E-05,0.000249679,0.00049664,0.000659929,0.000677488,0.000518767,0.000204198,-0.000196115,-0.000582641,-0.000853519,-0.000927417,-0.000759422,-0.000354188,0.000221788,0.000836207,0.001308624,0.001457598,0.00116817,0.000453366,-0.000521457,-0.001470494,-0.002071164,-0.002073238,-0.001396195,-0.00018057,0.001228798,0.00237195,0.002818905,0.002331214,0.000982897,-0.000818007,-0.00243975,-0.003250333,-0.00287727,-0.001392988,0.000670214,0.002505765,0.003357618,0.002850351,0.00117384,-0.000972988,-0.002670588,-0.003181698,-0.002289239,-0.000408281,0.001592633,0.002790491,0.002645328,0.001263446,-0.000652127,-0.002150506,-0.002512213,-0.0016124,2.64E-05,0.00152409,0.002120339,0.001576032,0.000276679,-0.001015036,-0.001607031,-0.001260486,-0.000287167,0.000681699,0.001096956,0.00080865,0.000109068,-0.00050384,-0.000668545,-0.000375393,7.74E-05,0.000335244,0.000251771,-2.49E-05,-0.000199559,-8.74E-05,0.000223471,0.00043695,0.000297021,-0.000175732,-0.000656772,-0.000744283,-0.000282905,0.000467527,0.000974539,0.000813216,1.36E-05,-0.00090126,-0.001254055,-0.000710615,0.000428065,0.001384705,0.001440793,0.000478407,-0.000880542,-0.001677605,-0.001304618,2.14E-05,0.001368213,0.00174039,0.00081834,-0.000767783,-0.00186254,-0.001625914,-0.000176971,0.001456004,0.002072437,0.001194685,-0.000551447,-0.001878371,-0.001792595,-0.000352213,0.001357613,0.002032946,0.001143118,-0.000651294,-0.001987632,-0.001837692,-0.000301347,0.001459875,0.002108973,0.001161883,-0.00063848,-0.001898242,-0.001654797,-0.000122798,0.001480113,0.001892072,0.00079726,-0.000931651,-0.001927885,-0.001410797,0.000203762,0.001642787,0.001789413,0.000560731,-0.001045481,-0.001761694,-0.001061289,0.000440736,0.001507312,0.001286587,-1.10E-05,-0.001304606,-0.001533746,-0.000514317,0.000929346,0.001648926,0.001101183,-0.000235301,-0.001279107,-0.001237117,-0.00023022,0.000846368,0.001088891,0.000329078,-0.00075301,-0.001219895,-0.00066198,0.00047559,0.001279273,0.001125238,0.000173333,-0.000797764,-0.001050936,-0.000481428,0.000344016,0.000703217,0.000331983,-0.00038142,-0.000762489,-0.000442285,0.000333856,0.000928565,0.000855812,0.000176696,-0.000575044,-0.000849875,-0.00052046
-0.001537172,-0.000897082,-0.000735677,-0.000604615,-0.000420487,-0.000185514,5.52E-05,0.00024762,0.000360549,0.000397038,0.000379978,0.000327385,0.000239161,0.000105787,-7.02E-05,-0.00026004,-0.000414864,-0.000488908,-0.000461452,-0.000342386,-0.000160116,5.51E-05,0.000277308,0.000478254,0.000617579,0.000645768,0.000523689,0.000248525,-0.000131758,-0.000526528,-0.000829752,-0.000951892,-0.000843087,-0.000503747,1.27E-05,0.00060074,0.001112149,0.001382356,0.001279011,0.000760603,-8.09E-05,-0.001021064,-0.001758932,-0.002014943,-0.001635845,-0.000667181,0.00063597,0.00186952,0.002600116,0.002513318,0.001544789,-5.63E-05,-0.001771832,-0.002975187,-0.003165248,-0.002187901,-0.000342824,0.001692372,0.003113455,0.00332348,0.002205238,0.000200805,-0.001854196,-0.003083217,-0.002957828,-0.001545323,0.00050769,0.002261213,0.00291484,0.002187209,0.000455264,-0.001425298,-0.002540275,-0.002372928,-0.001061117,0.00068366,0.001957879,0.002145753,0.00123524,-0.000203358,-0.001359517,-0.001644417,-0.001003736,9.43E-05,0.000973803,0.001164423,0.000657796,-0.000139798,-0.000706088,-0.000743611,-0.000338869,0.00014953,0.000374627,0.000245284,-4.05E-05,-0.000183751,-4.00E-05,0.00025909,0.000415629,0.000221828,-0.00024083,-0.000630038,-0.000596648,-7.93E-05,0.000596951,0.000922332,0.000581487,-0.000269132,-0.001056527,-0.001177141,-0.000453838,0.000679681,0.001438078,0.001236306,0.00014457,-0.001107012,-0.001617444,-0.000971126,0.000419601,0.001566778,0.001606848,0.00045168,-0.001102426,-0.001922822,-0.001369948,0.000202079,0.001668454,0.001945653,0.000804582,-0.000931126,-0.001975299,-0.001537585,6.75E-05,0.001635641,0.001971008,0.00079812,-0.001011467,-0.002087066,-0.001600895,9.11E-05,0.001710541,0.002031367,0.000821978,-0.000974889,-0.001971181,-0.001409737,0.00024939,0.001692256,0.001781985,0.000449468,-0.00125619,-0.001996333,-0.001195887,0.00051076,0.001789967,0.001665277,0.000279269,-0.001240382,-0.001693319,-0.000760895,0.000759515,0.001616705,0.001119727,-0.0003158,-0.00152088,-0.001526405,-0.000337908,0.001088659,0.001634302,0.000915265,-0.000435407,-0.001313844,-0.001052963,5.59E-05,0.001039528,0.001067697,0.000133405,-0.000964153,-0.001300026,-0.000588277,0.000599086,0.001321578,0.001043097,4.50E-05,-0.000844045,-0.000949567,-0.000288394,0.000493609,0.000701342,0.000179861,-0.000579421,-0.000883109,-0.000433951,0.000425548,0.001013758,0.000880502,0.000161365,-0.000566469,-0.000778101,-0.000414058
-2.35E-05,-4.41E-05,-6.84E-05,-6.17E-05,1.97E-06,0.000112034,0.000224842,0.000291081,0.000286348,0.000221554,0.000127432,2.84E-05,-7.18E-05,-0.00018205,-0.000302051,-0.000408328,-0.000460457,-0.000424169,-0.000292916,-9.19E-05,0.000136397,0.000351967,0.000525853,0.000634735,0.000651598,0.000547334,0.000307763,-4.45E-05,-0.000440862,-0.000781083,-0.000965156,-0.000927072,-0.000655039,-0.000194118,0.000362583,0.000887434,0.001237131,0.00128289,0.000953761,0.000280959,-0.000580781,-0.001376994,-0.00182651,-0.001722325,-0.001021423,0.000114897,0.00135095,0.002272455,0.002521443,0.001929801,0.000606434,-0.001060439,-0.002504817,-0.003172237,-0.002739505,-0.001277471,0.000726745,0.002524039,0.003392791,0.002949444,0.001339664,-0.000791126,-0.002553916,-0.003198032,-0.002450351,-0.000651927,0.001382183,0.00272745,0.002776962,0.001530354,-0.00040031,-0.002081786,-0.00271419,-0.002026148,-0.000406709,0.001300895,0.002241581,0.001993822,0.000776763,-0.000694185,-0.001619714,-0.00156008,-0.00065558,0.000495707,0.001217344,0.001153301,0.000445503,-0.000404051,-0.000878936,-0.000768461,-0.000259343,0.000241604,0.000411762,0.000224372,-7.41E-05,-0.000187216,-1.40E-05,0.000274595,0.000384775,0.000157217,-0.000275588,-0.000568248,-0.000432138,0.000108029,0.000683325,0.000828003,0.00034076,-0.000514182,-0.001145466,-0.001046456,-0.000193613,0.000877263,0.001411375,0.0009768,-0.000182906,-0.001270436,-0.001481763,-0.000603495,0.000785209,0.001688521,0.001407845,8.05E-05,-0.001373401,-0.001893027,-0.001059634,0.000561468,0.001800674,0.00173405,0.000383471,-0.001269248,-0.001992148,-0.001225199,0.000479009,0.00184722,0.001836016,0.000430585,-0.001324089,-0.002101675,-0.001302791,0.000477701,0.00189384,0.001874415,0.000446598,-0.001282261,-0.001978966,-0.001117195,0.000614424,0.001850548,0.00161687,9.23E-05,-0.00153316,-0.00199311,-0.000936881,0.000803148,0.001875996,0.001478144,-2.47E-05,-0.001408728,-0.001578216,-0.000434665,0.001063454,0.001686922,0.000927067,-0.000605592,-0.00168684,-0.001468209,-0.000147044,0.001215058,0.001561881,0.000684456,-0.000642917,-0.001323437,-0.0008379,0.00035384,0.001222581,0.001033526,-5.55E-05,-0.001143673,-0.001342172,-0.000498514,0.000700755,0.001313233,0.000909188,-0.000109724,-0.00088321,-0.000820351,-6.72E-05,0.000659932,0.000708092,3.91E-05,-0.000758444,-0.000985562,-0.000424349,0.000491447,0.001052092,0.000857724,0.000120355,-0.00055127,-0.000673932,-0.000266784
0.001497129,0.000818622,0.000604136,0.000478515,0.000411166,0.000385362,0.000361153,0.00029622,0.000174413,1.50E-05,-0.000143998,-0.000273026,-0.00036638,-0.000434423,-0.000482127,-0.000494381,-0.000441984,-0.000303993,-8.81E-05,0.000167009,0.000408884,0.000592913,0.000693016,0.000696604,0.000594365,0.000379502,6.11E-05,-0.000318607,-0.00068017,-0.000925344,-0.000971414,-0.00078349,-0.000389088,0.000128669,0.000651098,0.001047437,0.00119898,0.001027187,0.000526449,-0.000209247,-0.000985768,-0.001550382,-0.001672569,-0.001237359,-0.000311322,0.000852329,0.00187957,0.002394389,0.002152378,0.001144376,-0.000368424,-0.001909885,-0.002931809,-0.003009195,-0.002022642,-0.000249447,0.001695386,0.003071468,0.003309886,0.002271431,0.000341805,-0.001699538,-0.00299829,-0.002999386,-0.001705973,0.000304613,0.002128344,0.002941866,0.002384683,0.000733628,-0.001221853,-0.002554254,-0.002646568,-0.001494289,0.000296343,0.001820586,0.00234166,0.001667159,0.000232371,-0.001155437,-0.001768937,-0.001353593,-0.00023959,0.000883443,0.001385804,0.001055246,0.000182298,-0.000662362,-0.001001261,-0.000730118,-0.000133907,0.000349571,0.000440356,0.000184116,-0.000127768,-0.000209498,-6.69E-06,0.000273786,0.000347749,0.000103306,-0.000285855,-0.000483598,-0.000265735,0.000267924,0.000725667,0.000702282,0.000108505,-0.000706546,-0.00116343,-0.000868895,5.83E-05,0.001014476,0.00131049,0.000678458,-0.000487615,-0.001365889,-0.001282334,-0.000224841,0.001096649,0.001725295,0.00115171,-0.000278281,-0.001568259,-0.001774198,-0.00070799,0.000887097,0.001849749,0.001450444,-4.69E-05,-0.001548566,-0.001926914,-0.000869061,0.000863184,0.001980785,0.00163084,5.37E-05,-0.001577197,-0.002030853,-0.000955271,0.000842646,0.002001495,0.001643317,5.02E-05,-0.001547768,-0.001919891,-0.000787517,0.000957989,0.001947584,0.001401837,-0.000260257,-0.001749131,-0.001913654,-0.000638989,0.001072384,0.001897141,0.001232233,-0.000343406,-0.001547342,-0.00142339,-9.80E-05,0.001336792,0.001710438,0.000712564,-0.000868713,-0.001790562,-0.001352183,6.05E-05,0.001310231,0.001436535,0.000416121,-0.000852993,-0.001310979,-0.000604192,0.00064674,0.001381473,0.000980983,-0.000233692,-0.001282418,-0.001337196,-0.000386417,0.000784577,0.001257943,0.000727483,-0.000288603,-0.000918061,-0.000672178,0.000169839,0.000832694,0.000720256,-8.48E-05,-0.00090713,-0.001057641,-0.000404843,0.000534826,0.001042145,0.000782858,4.68E-05,-0.000538265,-0.000547223,-8.72E-05
0.002809966,0.001568676,0.001186784,0.000940134,0.000750883,0.000598599,0.000448581,0.000266454,4.45E-05,-0.000190478,-0.000394476,-0.000534689,-0.0006053,-0.000620111,-0.000591032,-0.000512927,-0.000368733,-0.000150577,0.000121407,0.000398745,0.000623496,0.000751778,0.000765187,0.000665462,0.000462543,0.00017071,-0.000182169,-0.000541869,-0.000827768,-0.000953643,-0.000861672,-0.000550902,-8.45E-05,0.00042648,0.000853101,0.001078348,0.001022279,0.000663385,5.74E-05,-0.000654659,-0.001263816,-0.001546269,-0.001343261,-0.000638627,0.000403911,0.001469701,0.002187046,0.002256167,0.001567442,0.000265091,-0.001271406,-0.002531599,-0.003040791,-0.00254056,-0.001117709,0.000780637,0.002476515,0.003308192,0.002906911,0.001382264,-0.000682578,-0.002448062,-0.003169921,-0.002533458,-0.000812402,0.001233865,0.00269145,0.002906715,0.001792544,-0.000123598,-0.001941896,-0.002815861,-0.002359172,-0.000832641,0.000988518,0.002207394,0.002260916,0.001200773,-0.000351647,-0.001553555,-0.001801213,-0.001045989,0.000209891,0.001227974,0.001467204,0.000877815,-0.000112514,-0.000895306,-0.001062268,-0.000628619,3.02E-05,0.000464835,0.000454894,0.000123595,-0.000198632,-0.000245089,-1.14E-05,0.000263044,0.000308017,5.78E-05,-0.000280863,-0.000389903,-0.000109982,0.000395639,0.000729942,0.000558597,-0.000102594,-0.000842437,-0.001117968,-0.000657786,0.000293127,0.001095389,0.001152205,0.000361614,-0.000758315,-0.001398877,-0.001038577,0.000143322,0.001343278,0.001682596,0.000854052,-0.000611893,-0.001687666,-0.001580784,-0.000332958,0.001171173,0.001825154,0.001116811,-0.000465463,-0.001761901,-0.001789374,-0.000487471,0.001206796,0.002037014,0.001367835,-0.000319653,-0.001768817,-0.001886441,-0.000576195,0.001174697,0.002036995,0.001353764,-0.00035028,-0.00176487,-0.001801133,-0.000434993,0.001269918,0.001984576,0.001147552,-0.000597049,-0.001901419,-0.001765307,-0.000312984,0.001313685,0.00185935,0.000940531,-0.000666081,-0.001655712,-0.001239239,0.000234449,0.001569406,0.001686132,0.000481648,-0.001099644,-0.001831163,-0.001181199,0.000283486,0.001379719,0.001270519,0.000123477,-0.001059039,-0.001280571,-0.000364479,0.000919962,0.001505917,0.000906282,-0.000400665,-0.001378998,-0.001284169,-0.000249664,0.000857052,0.001166762,0.000510059,-0.00048428,-0.000950078,-0.000515161,0.000408535,0.00099966,0.000731585,-0.00019171,-0.001021001,-0.001092988,-0.000368315,0.000563445,0.000991699,0.000661556,-5.89E-05,-0.000533963,-0.000410352,0.000110771
0.003737203,0.002104513,0.001600664,0.001260737,0.000975139,0.000722827,0.000475162,0.000205583,-8.62E-05,-0.000367482,-0.000590631,-0.00072175,-0.00075679,-0.000714353,-0.000614129,-0.000461168,-0.000249864,1.66E-05,0.000308981,0.000573791,0.000752964,0.000808338,0.000732955,0.000544621,0.000271663,-5.44E-05,-0.000393456,-0.000688323,-0.000866835,-0.000863108,-0.00064875,-0.000255589,0.000225089,0.000667593,0.000948491,0.000979498,0.000728927,0.000232689,-0.000402697,-0.001009323,-0.001388888,-0.001369756,-0.000877857,7.90E-06,0.001048732,0.001904417,0.002244862,0.001875733,0.000829372,-0.000617298,-0.002011381,-0.002863924,-0.002821232,-0.001811939,-0.000111889,0.001713995,0.002994719,0.003209152,0.002217523,0.000360323,-0.001641624,-0.002967571,-0.003048945,-0.001835601,0.000156716,0.002056238,0.003019588,0.002618105,0.001043272,-0.000973671,-0.002499226,-0.00283821,-0.001866039,-8.72E-05,0.001616297,0.002425916,0.001996728,0.000622404,-0.000933948,-0.001855112,-0.001706249,-0.000652237,0.000663049,0.001500789,0.001447379,0.000625099,-0.0004222,-0.00108407,-0.001050282,-0.000462955,0.000225884,0.000578024,0.00044894,4.16E-05,-0.000283283,-0.0002881,-2.18E-05,0.000247504,0.000267995,1.89E-05,-0.000267299,-0.000297358,2.52E-05,0.000486221,0.000699028,0.00040631,-0.000282146,-0.000916932,-0.001012839,-0.000422867,0.000502555,0.001120306,0.000947455,4.25E-05,-0.000983241,-0.001369841,-0.000763533,0.000482963,0.001512844,0.001560664,0.000525688,-0.000908105,-0.001727823,-0.001320862,5.11E-05,0.00140388,0.001729828,0.000748455,-0.000853652,-0.001898689,-0.001582992,-9.43E-05,0.001495841,0.002011318,0.001053756,-0.000678108,-0.001893006,-0.001673629,-0.00017889,0.001461829,0.001998449,0.001015654,-0.000740025,-0.001923721,-0.001624102,-7.02E-05,0.00153886,0.001957635,0.000859628,-0.000908257,-0.001984031,-0.00155041,3.30E-05,0.001520336,0.001763609,0.000611902,-0.00098211,-0.001729248,-0.001030934,0.000550734,0.001749829,0.001609162,0.000236991,-0.001292426,-0.001804736,-0.000955391,0.000520484,0.001425419,0.001071422,-0.000182757,-0.001253218,-0.001232464,-0.000127761,0.001160082,0.001584322,0.000803787,-0.000556162,-0.001430308,-0.001179943,-8.54E-05,0.000922567,0.001047094,0.000266148,-0.000689625,-0.000978476,-0.000356361,0.000636557,0.001148486,0.000734578,-0.000282356,-0.001095365,-0.001084418,-0.000307455,0.000583841,0.000906362,0.000497775,-0.000196007,-0.000542855,-0.000272847,0.000315122
0.004072962,0.002308236,0.001754446,0.001368456,0.001031671,0.000726002,0.000428803,0.000119921,-0.00019584,-0.000482829,-0.000692942,-0.00079385,-0.000785,-0.000690425,-0.000537156,-0.000338961,-9.91E-05,0.0001722,0.000442004,0.000657603,0.000766792,0.000741702,0.000589098,0.000342182,4.38E-05,-0.000263907,-0.000538032,-0.000728272,-0.000780248,-0.000654425,-0.000352453,6.71E-05,0.000497146,0.000813512,0.00091478,0.000753366,0.000349302,-0.000211622,-0.000790351,-0.001217535,-0.001331344,-0.001030306,-0.000327639,0.00061929,0.001530281,0.002081559,0.002021596,0.001279508,1.92E-05,-0.001388806,-0.002476173,-0.002833407,-0.002264621,-0.00088504,0.000882038,0.002424933,0.003155513,0.002744877,0.001287483,-0.000691498,-0.002415371,-0.003167565,-0.002608696,-0.00095113,0.001105452,0.002666861,0.003042937,0.002068628,0.000191164,-0.001728111,-0.002812225,-0.002582028,-0.001184286,0.00068131,0.002106959,0.002426356,0.00154329,-3.15E-05,-0.001457467,-0.002011908,-0.001466724,-0.000190441,0.001079563,0.001661609,0.00130509,0.000301603,-0.000723601,-0.001201815,-0.000948584,-0.000232307,0.000441601,0.000674102,0.000412357,-6.34E-05,-0.000375856,-0.000329302,-2.90E-05,0.000233405,0.00023026,-1.53E-05,-0.000252163,-0.000217062,0.000128066,0.000532559,0.000634495,0.000255409,-0.00041727,-0.000922297,-0.000850816,-0.000175889,0.000674126,0.001086096,0.000707147,-0.000258638,-0.001144469,-0.001274862,-0.000470698,0.000770812,0.001586356,0.001355937,0.000179088,-0.001148842,-0.001679207,-0.001001222,0.000425559,0.001568368,0.00156209,0.000362091,-0.001185893,-0.001940516,-0.001307747,0.000293258,0.00170876,0.001892573,0.000694344,-0.001005421,-0.00193707,-0.001394289,0.000220537,0.001685186,0.001878306,0.000638859,-0.00109809,-0.002006627,-0.001385975,0.000294031,0.0017466,0.001856467,0.000542163,-0.001180122,-0.001985231,-0.001268537,0.000388213,0.00168007,0.001606876,0.000256268,-0.001275074,-0.001756869,-0.000801084,0.00083579,0.001860148,0.001469457,-1.95E-05,-0.001437756,-0.001703289,-0.000673568,0.000767792,0.001445913,0.000845933,-0.000488739,-0.001422254,-0.001162953,9.65E-05,0.001348854,0.001598988,0.000664105,-0.000699717,-0.001430334,-0.00101858,0.000110022,0.000984728,0.000906074,6.90E-06,-0.00089381,-0.000999383,-0.000202896,0.000837731,0.00126105,0.000717097,-0.000358765,-0.001123525,-0.001021281,-0.000212094,0.000603988,0.000792395,0.000296369,-0.000362749,-0.000568755,-0.000145499,0.000510487
0.003853149,0.002197792,0.001663224,0.001278485,0.000936649,0.000625188,0.000326619,2.52E-05,-0.000271897,-0.000529063,-0.000700515,-0.000757579,-0.000704108,-0.000569209,-0.00038576,-0.000173748,5.82E-05,0.000296879,0.000510701,0.000652779,0.000680872,0.000579822,0.00037009,9.76E-05,-0.000185467,-0.000433474,-0.000608301,-0.000674124,-0.00059964,-0.000373282,-2.35E-05,0.000372854,0.000704817,0.000862937,0.000778515,0.000449472,-5.59E-05,-0.000614087,-0.001072241,-0.001280397,-0.001129965,-0.000596141,0.000228516,0.001130726,0.001821085,0.002024755,0.001590238,0.000571108,-0.000760133,-0.001981948,-0.002659658,-0.002502464,-0.00148583,0.000108478,0.001759487,0.002872432,0.002996556,0.002018669,0.00024836,-0.001661434,-0.002952073,-0.00307268,-0.001936056,9.51E-06,0.001946665,0.003036994,0.002799675,0.00134231,-0.000674355,-0.002333164,-0.002885857,-0.002106203,-0.00039754,0.001403225,0.002434855,0.0022344,0.000960846,-0.000696966,-0.001883798,-0.002024192,-0.001114354,0.000297722,0.001430954,0.001707941,0.001061168,-6.30E-05,-0.000995129,-0.001245268,-0.000771641,4.01E-05,0.000656523,0.000741932,0.000344824,-0.000184189,-0.000466448,-0.00035912,-2.53E-05,0.000225801,0.000196076,-4.79E-05,-0.000241287,-0.000153738,0.000199488,0.000542695,0.000548081,0.000113728,-0.000511186,-0.000874158,-0.00065326,6.75E-05,0.000807176,0.001007499,0.000452107,-0.000528225,-0.001244413,-0.001129829,-0.000177287,0.00100193,0.001576491,0.001091501,-0.000167494,-0.001333465,-0.001559966,-0.000647145,0.000774552,0.001668301,0.001341455,-2.15E-05,-0.00145523,-0.001898956,-0.000984815,0.000660382,0.001848019,0.001698735,0.000309611,-0.001294546,-0.001912403,-0.001070145,0.000605739,0.001845551,0.001693826,0.00024488,-0.001413276,-0.002018844,-0.00110221,0.000645308,0.001893537,0.00169304,0.000207702,-0.001411502,-0.001918787,-0.00094051,0.000738365,0.001793975,0.001404189,-0.00010791,-0.001534336,-0.001739578,-0.000556807,0.00108578,0.001904932,0.001276561,-0.000282385,-0.001541473,-0.001543119,-0.000353791,0.001015951,0.001445038,0.000607314,-0.000780737,-0.001559184,-0.001072635,0.000304955,0.001485759,0.001553137,0.000490017,-0.000834399,-0.001389448,-0.000813203,0.000328487,0.001045916,0.000755897,-0.000251961,-0.001085107,-0.001009127,-5.81E-05,0.001005557,0.001330811,0.000672827,-0.000428494,-0.001114588,-0.000911534,-8.44E-05,0.000630841,0.000664917,7.52E-05,-0.000545568,-0.000607385,-3.38E-05,0.000685082
0.003110765,0.001790101,0.001341065,0.001004474,0.0007039,0.000434259,0.000181882,-6.70E-05,-0.000305574,-0.000501444,-0.000613698,-0.000618949,-0.000525748,-0.000367179,-0.000179671,1.38E-05,0.000203011,0.000376451,0.00050834,0.000561837,0.000507573,0.000343926,0.000103348,-0.000159754,-0.000389808,-0.000544871,-0.000598556,-0.00053489,-0.000348155,-5.32E-05,0.000300854,0.000628633,0.000827536,0.000813715,0.000557847,0.000103001,-0.000442777,-0.0009338,-0.001222685,-0.001196608,-0.00081065,-0.000115021,0.00073397,0.001494213,0.00189874,0.001747828,0.001000675,-0.000175874,-0.001433295,-0.002344476,-0.002552473,-0.001911517,-0.000565377,0.001072367,0.002439953,0.003019411,0.002537665,0.001100748,-0.000804109,-0.002462663,-0.003204789,-0.002691229,-0.001088208,0.000965773,0.002610446,0.003135541,0.002308084,0.000495643,-0.001485988,-0.002741723,-0.002713786,-0.001446416,0.000434358,0.002022463,0.002572099,0.001860396,0.00028981,-0.001324737,-0.002177443,-0.00188401,-0.000667562,0.000781129,0.001691257,0.001631534,0.000726675,-0.000446973,-0.001217389,-0.001207376,-0.000527115,0.000337128,0.000852693,0.000770104,0.00024422,-0.000315565,-0.000546315,-0.000369107,-4.53E-06,0.000228049,0.0001661,-8.05E-05,-0.000237835,-0.000110107,0.000239518,0.000520719,0.000446527,-1.34E-05,-0.000564522,-0.00078107,-0.000433865,0.000295248,0.000897833,0.000891294,0.000195723,-0.00075457,-0.001280247,-0.00094204,0.000105113,0.001169539,0.001487285,0.000780652,-0.000499924,-0.001456688,-0.001377809,-0.000274807,0.001083795,0.001700349,0.001077134,-0.000387633,-0.001652084,-0.001776238,-0.000626264,0.000994218,0.001909511,0.001437357,-8.70E-05,-0.001536201,-0.001820995,-0.000713215,0.000963315,0.0019379,0.001452156,-0.000151755,-0.001673382,-0.001958016,-0.000780363,0.000973087,0.001974451,0.001470729,-0.000135866,-0.001598012,-0.001789342,-0.00057856,0.001071111,0.001857817,0.001162235,-0.00046731,-0.001747989,-0.0016728,-0.00030079,0.001295891,0.00188274,0.001033673,-0.00054767,-0.001604357,-0.001332203,-8.13E-06,0.001255507,0.001421502,0.000362935,-0.001047398,-0.00165501,-0.000958498,0.000495664,0.001567577,0.001445396,0.000281806,-0.000961085,-0.00131211,-0.000571152,0.000563734,0.001105481,0.000603229,-0.000499055,-0.001252774,-0.001002345,7.64E-05,0.001133709,0.001350015,0.000594949,-0.000497025,-0.001073224,-0.000758756,7.49E-05,0.000668634,0.000533543,-0.000153226,-0.000733725,-0.000654148,5.91E-05,0.000829435
0.001902928,0.001115297,0.000812618,0.000569196,0.000355026,0.000173366,1.25E-05,-0.000142124,-0.00028713,-0.000396185,-0.000435602,-0.000388368,-0.000267238,-0.000107246,5.49E-05,0.000197007,0.000312003,0.000394297,0.000428127,0.000389831,0.000264245,6.22E-05,-0.00017573,-0.000392445,-0.000536278,-0.000575972,-0.00050253,-0.000322695,-5.54E-05,0.000263545,0.00057369,0.000793198,0.000839537,0.000662821,0.000274807,-0.000242955,-0.000757306,-0.001120143,-0.001209448,-0.000963593,-0.00040412,0.000355285,0.001119504,0.001650394,0.001734632,0.001266364,0.000313152,-0.000871042,-0.001906248,-0.002409687,-0.002140294,-0.001108353,0.000397538,0.001885352,0.002819231,0.002814308,0.001798721,7.66E-05,-0.001748493,-0.002980866,-0.003106885,-0.002026567,-0.000133579,0.001814434,0.003002011,0.002914403,0.001583981,-0.000402373,-0.002154975,-0.0028861,-0.002279256,-0.000642637,0.001234772,0.002461444,0.002474444,0.001310521,-0.000420189,-0.001847792,-0.002285552,-0.001574064,-0.000146711,0.001217923,0.001821536,0.001415873,0.000312841,-0.000821137,-0.001361129,-0.001074496,-0.000222642,0.00063556,0.001003804,0.000740803,0.00010652,-0.000449791,-0.000602447,-0.000347224,4.11E-05,0.000243535,0.000140647,-0.00011479,-0.000244419,-8.86E-05,0.000247754,0.000470019,0.000336631,-0.000119209,-0.000575993,-0.000650874,-0.000208322,0.000490508,0.00093722,0.000741876,-4.66E-05,-0.00092036,-0.001243399,-0.000716605,0.000362127,0.001261134,0.001318416,0.000437278,-0.000798361,-0.001506002,-0.001136753,9.69E-05,0.001331248,0.001653481,0.000775837,-0.000717243,-0.001758888,-0.001568728,-0.000244686,0.001275366,0.001881278,0.001112616,-0.000478266,-0.001713135,-0.001658356,-0.000335321,0.001273651,0.001949233,0.001156736,-0.000533024,-0.001857862,-0.001814474,-0.000426784,0.001261386,0.001976307,0.001188483,-0.000478818,-0.001729289,-0.001596756,-0.000195668,0.00136795,0.001860179,0.000884997,-0.000804544,-0.001895879,-0.001545017,-3.43E-05,0.001457201,0.00178649,0.000741423,-0.000809266,-0.00162293,-0.001076493,0.000348552,0.001470753,0.001368672,0.000119697,-0.001272481,-0.001693789,-0.000813082,0.000666132,0.001587036,0.001270393,3.88E-05,-0.001078602,-0.001200343,-0.000299776,0.000806528,0.001159138,0.000453689,-0.000719962,-0.0013805,-0.000969097,0.00020006,0.001212516,0.001305879,0.000472961,-0.000570726,-0.001003028,-0.00056545,0.000265047,0.000721002,0.000408471,-0.000373592,-0.000912217,-0.000701094,0.000129985,0.000930768
0.000454069,0.000299422,0.000176712,5.36E-05,-4.62E-05,-0.000111695,-0.000154298,-0.000191279,-0.000224911,-0.000236776,-0.000201641,-0.000109037,2.52E-05,0.000166382,0.0002805,0.000349851,0.000373426,0.00035469,0.000290062,0.00017007,-6.95E-06,-0.000220483,-0.000426158,-0.000570148,-0.000610412,-0.000531038,-0.000342815,-7.45E-05,0.000234519,0.00053469,0.000764059,0.000854277,0.000750653,0.000440177,-2.81E-05,-0.000545053,-0.000968389,-0.001165158,-0.00105281,-0.000626741,3.08E-05,0.000760329,0.00135422,0.001606305,0.001377743,0.000661947,-0.000379757,-0.001439176,-0.002147447,-0.002204725,-0.001506056,-0.000209859,0.00128722,0.002470257,0.002885095,0.00231511,0.0008888,-0.000931462,-0.002492052,-0.003185181,-0.002698087,-0.001170473,0.000822624,0.002479969,0.003105336,0.002421206,0.000715661,-0.001262594,-0.002630342,-0.002774593,-0.001644151,0.000218693,0.001931099,0.002691356,0.002165193,0.000644462,-0.001103799,-0.002225163,-0.002206695,-0.001126857,0.000403266,0.001575801,0.001817786,0.001084652,-0.000143613,-0.001155332,-0.001416712,-0.000859617,0.000115095,0.000908638,0.001093652,0.000651585,-6.08E-05,-0.000576477,-0.000627101,-0.000290346,0.000111235,0.000270353,0.00011794,-0.000151313,-0.000259341,-8.40E-05,0.000233648,0.000402059,0.000227062,-0.000203324,-0.000555862,-0.00050142,5.91E-06,0.00064475,0.000929252,0.000571497,-0.000263731,-0.001024582,-0.001144413,-0.000468352,0.000586262,0.001284492,0.001091116,8.49E-05,-0.001050467,-0.001487067,-0.000855804,0.000448581,0.001509806,0.001536062,0.000453263,-0.001000855,-0.001781394,-0.001295138,0.00014042,0.001496965,0.001774076,0.000745719,-0.000846895,-0.001822883,-0.001437198,4.62E-05,0.001528264,0.001886294,0.00082445,-0.000884361,-0.001964821,-0.001599564,-5.67E-05,0.001503096,0.001905478,0.000860884,-0.000810233,-0.00180754,-0.001356357,0.00018909,0.001617803,0.00180364,0.000584754,-0.001107406,-0.001973578,-0.001359482,0.000238792,0.001573093,0.00162834,0.000414327,-0.001060146,-0.001603597,-0.000793448,0.000696719,0.001649316,0.001284749,-0.000117226,-0.001450408,-0.001673375,-0.000636018,0.000819848,0.001553797,0.001041592,-0.000228679,-0.001186113,-0.00106424,-1.51E-05,0.001042932,0.00120089,0.000309709,-0.000907798,-0.001461618,-0.000904884,0.000316237,0.001246344,0.001203286,0.000309123,-0.000653573,-0.000914984,-0.000345983,0.000474602,0.00078497,0.000296425,-0.000572738,-0.001066958,-0.000737785,0.000183875,0.000988998
-0.001030077,-0.000541415,-0.000475879,-0.000468621,-0.00044303,-0.00038148,-0.000296717,-0.00020996,-0.000130144,-4.76E-05,5.40E-05,0.000179382,0.000310963,0.000416753,0.00046813,0.00045429,0.000382516,0.000266652,0.00011575,-6.62E-05,-0.000269651,-0.000467954,-0.000617834,-0.000673642,-0.000607204,-0.000420258,-0.000142995,0.000177198,0.000486758,0.000730746,0.000854539,0.000810896,0.000576946,0.000175073,-0.000316192,-0.000773137,-0.001060287,-0.001074176,-0.00078019,-0.000229731,0.000446104,0.00106306,0.001426186,0.001383397,0.000881556,8.01E-06,-0.001005104,-0.001830964,-0.002149641,-0.0017712,-0.000731652,0.000684554,0.002017265,0.002782029,0.002649812,0.001588401,-9.33E-05,-0.001826345,-0.002973573,-0.003071132,-0.002030283,-0.000209232,0.001694841,0.002911745,0.002924026,0.00171024,-0.000216628,-0.002013925,-0.002880332,-0.002427011,-0.00086924,0.001063844,0.00246885,0.002698674,0.001673748,-8.29E-05,-0.001708065,-0.00242957,-0.0019484,-0.000576174,0.00094272,0.001830264,0.001681777,0.000662622,-0.000609419,-0.001424825,-0.001378719,-0.000576622,0.000462046,0.001134308,0.001110804,0.000503244,-0.000249309,-0.000686115,-0.000614688,-0.000198027,0.000202836,0.000304876,9.57E-05,-0.000190072,-0.00027975,-9.01E-05,0.000205951,0.000326229,0.00012411,-0.000266314,-0.000512851,-0.000346611,0.000196028,0.000752453,0.000877726,0.000389434,-0.000448612,-0.001068387,-0.000993121,-0.000209357,0.000772441,0.001247238,0.000823448,-0.000257357,-0.001246787,-0.001404928,-0.000550183,0.000765563,0.001614788,0.001355429,0.000121741,-0.001232012,-0.00172573,-0.000971647,0.000513068,0.001653991,0.001597422,0.000354481,-0.001178444,-0.001863349,-0.00116764,0.000417815,0.001720769,0.00175481,0.000468747,-0.001194729,-0.001993792,-0.001323468,0.000317025,0.001692428,0.001767599,0.000500538,-0.001120361,-0.00183373,-0.001079959,0.000560569,0.00181167,0.001689927,0.000270792,-0.001366896,-0.001978479,-0.001119716,0.000514914,0.001646338,0.001418846,6.54E-05,-0.001293096,-0.001550254,-0.000496539,0.001020421,0.00178032,0.001166998,-0.000345028,-0.001577924,-0.00159299,-0.000427502,0.000959814,0.001476683,0.000771657,-0.000509947,-0.00128103,-0.000910963,0.000269629,0.001260193,0.001223675,0.000170948,-0.001058853,-0.001491797,-0.000806189,0.000428662,0.001240484,0.001048589,0.0001078,-0.000746823,-0.00081727,-0.000112849,0.000692152,0.000855235,0.000200183,-0.000741692,-0.001186866,-0.000754776,0.000226733,0.0010065
-0.002333389,-0.001285115,-0.001049726,-0.000920264,-0.000775931,-0.000595132,-0.000392762,-0.000194334,-1.55E-05,0.000144973,0.000295323,0.000435332,0.000547912,0.000605921,0.000588293,0.000492725,0.000335527,0.000140637,-7.16E-05,-0.000286435,-0.000486458,-0.000643676,-0.000720722,-0.000684342,-0.000522723,-0.000255109,7.21E-05,0.000399078,0.000666263,0.00082245,0.000828424,0.000663097,0.000335554,-0.000102328,-0.000554147,-0.000897044,-0.001017742,-0.000853386,-0.000420039,0.000182781,0.000793095,0.001226121,0.001323638,0.001003766,0.000300617,-0.000620642,-0.00148844,-0.001995766,-0.001904827,-0.001150962,9.95E-05,0.00147278,0.002497903,0.002772522,0.002123969,0.00070142,-0.001045419,-0.002505858,-0.003126165,-0.002630162,-0.001154651,0.000767481,0.00239083,0.003051437,0.002455942,0.000834461,-0.001128757,-0.002577534,-0.002864721,-0.001857574,-1.50E-05,0.001813856,0.002785216,0.0024623,0.001026193,-0.000814278,-0.002173218,-0.002425956,-0.001513307,4.39E-05,0.00142686,0.001949661,0.001409845,0.000173458,-0.001047794,-0.001598973,-0.001236694,-0.000237741,0.000791997,0.001286246,0.001040096,0.00029535,-0.000448893,-0.000766359,-0.00055743,-6.95E-05,0.000311655,0.000341702,7.06E-05,-0.000230764,-0.000301901,-0.000100501,0.00017308,0.000251225,3.40E-05,-0.000307673,-0.000453892,-0.000199187,0.00034861,0.000805697,0.000783695,0.000203813,-0.000592552,-0.001049683,-0.000796571,4.85E-05,0.000912717,0.001152913,0.000531103,-0.000569127,-0.00137344,-0.001259934,-0.000233403,0.001030449,0.001636281,0.001114687,-0.000206636,-0.001400309,-0.001592755,-0.000611747,0.000855283,0.001736068,0.001355982,-4.40E-05,-0.001454455,-0.001826399,-0.000856091,0.00076453,0.001839482,0.001555103,0.000101513,-0.001449752,-0.001938672,-0.000992747,0.000680308,0.001818603,0.001563292,0.000118871,-0.001395865,-0.001803161,-0.000775894,0.000902324,0.001935494,0.001515766,-4.89E-05,-0.001570828,-0.001902981,-0.000826341,0.000789098,0.001675446,0.001164944,-0.000292218,-0.001497166,-0.001462239,-0.000197421,0.001301344,0.001848097,0.001008976,-0.000560974,-0.001648518,-0.001448066,-0.000186342,0.001087227,0.00136139,0.000471686,-0.000792959,-0.001357316,-0.000745042,0.0005408,0.001442309,0.001216641,3.54E-05,-0.001168001,-0.001463584,-0.000667131,0.000541055,0.001198389,0.000846366,-0.000126672,-0.00084999,-0.000716134,0.000121752,0.000904425,0.000923786,0.000120935,-0.000870798,-0.001258452,-0.000740242,0.000265315,0.000984613
-0.003245333,-0.00181173,-0.001451598,-0.001227134,-0.000989802,-0.000717202,-0.000426593,-0.000146933,0.000100755,0.000310428,0.00048391,0.00061797,0.000697759,0.000702804,0.00062079,0.000458134,0.000239208,-4.08E-06,-0.00024334,-0.000456765,-0.000623986,-0.000720159,-0.000717931,-0.000598984,-0.000367978,-5.88E-05,0.000271684,0.000559175,0.000747149,0.000796328,0.000688535,0.00043017,5.81E-05,-0.000355863,-0.000711411,-0.000901566,-0.000847578,-0.00053274,-1.97E-05,0.000557968,0.001029037,0.001231817,0.001063429,0.000518952,-0.000289654,-0.001144696,-0.001770598,-0.001915295,-0.001445689,-0.000422354,0.000884282,0.002057732,0.002669659,0.002441024,0.001368092,-0.000242586,-0.001855946,-0.002888393,-0.002926987,-0.001905911,-0.000164371,0.001652728,0.002830934,0.002876769,0.001743156,-0.000118771,-0.001925217,-0.002889302,-0.002575951,-0.001115618,0.000836211,0.002390705,0.002839593,0.001993767,0.000276647,-0.001481085,-0.00244875,-0.002203388,-0.000931134,0.000681254,0.00180859,0.001914181,0.001016344,-0.000344748,-0.0014177,-0.0016535,-0.00099212,0.000134546,0.001075604,0.001343183,0.000876421,3.74E-05,-0.000644033,-0.000805166,-0.000452289,8.97E-05,0.000428029,0.000372287,3.86E-05,-0.000272393,-0.00032049,-0.000106857,0.000144712,0.000185799,-3.85E-05,-0.000329158,-0.000387445,-7.09E-05,0.000454335,0.000802534,0.000653152,2.38E-05,-0.000690831,-0.000973341,-0.000567955,0.000291355,0.001002364,0.001010795,0.000233743,-0.000830895,-0.001421966,-0.0010587,7.85E-05,0.00122931,0.001571981,0.000823906,-0.000518004,-0.001499916,-0.001391123,-0.000234665,0.001149185,0.001738414,0.00106137,-0.000429366,-0.001658837,-0.001709906,-0.000513846,0.001071569,0.001877862,0.001293853,-0.00026272,-0.001638525,-0.001801054,-0.000621014,0.001017069,0.001874607,0.001299686,-0.000267975,-0.00162307,-0.001714056,-0.000455004,0.001198984,0.001979906,0.001282954,-0.000364915,-0.001711176,-0.001747269,-0.000487101,0.001053641,0.001661186,0.000878319,-0.000641787,-0.001660451,-0.001339733,9.22E-05,0.001523548,0.001841004,0.000807077,-0.000763349,-0.001660863,-0.001240885,8.38E-05,0.001202791,0.001217134,0.000157795,-0.001061822,-0.001407404,-0.000570935,0.000784858,0.001573828,0.001168937,-0.00010107,-0.001234854,-0.001375405,-0.000486041,0.000656995,0.001127837,0.000608156,-0.000383256,-0.00095842,-0.000616834,0.00034416,0.001095293,0.000978902,5.54E-05,-0.000955346,-0.001272483,-0.000684171,0.000308364,0.000930313
-0.003678504,-0.002069972,-0.001642413,-0.001360133,-0.001065914,-0.000739509,-0.000400028,-7.82E-05,0.000201682,0.000428416,0.000599235,0.000709701,0.00074867,0.000703259,0.000569957,0.000362826,0.000112073,-0.000145669,-0.00037782,-0.000559923,-0.000672693,-0.000698065,-0.000621056,-0.000438741,-0.000170285,0.000140244,0.00043223,0.000644485,0.000730863,0.000669482,0.000465326,0.000150061,-0.000218405,-0.000559174,-0.000780201,-0.000801698,-0.000586122,-0.000162307,0.000369497,0.00085798,0.001142185,0.001101118,0.000696802,-1.67E-06,-0.000821208,-0.001518993,-0.00184622,-0.001630006,-0.000850123,0.000321041,0.001542628,0.00240055,0.002550802,0.001860618,0.000488594,-0.001138416,-0.002456919,-0.002967731,-0.002434681,-0.001001466,0.000830217,0.002369143,0.002998452,0.002435744,0.000876996,-0.001052939,-0.002543335,-0.002944011,-0.002064722,-0.000282348,0.001610322,0.00275976,0.002650198,0.001352832,-0.000503207,-0.002033079,-0.002527297,-0.001797551,-0.00026085,0.001282571,0.002063654,0.001735999,0.000539088,-0.000850224,-0.001694017,-0.001589337,-0.000666923,0.000512242,0.001294484,0.001304579,0.000634789,-0.000249948,-0.000819227,-0.000798532,-0.000306266,0.000266769,0.000539634,0.00038861,-3.25E-06,-0.000313495,-0.000331009,-0.000102744,0.00012766,0.000134725,-9.32E-05,-0.000335654,-0.000321017,3.31E-05,0.000515081,0.000752371,0.000498193,-0.000143859,-0.000747668,-0.000854073,-0.000324803,0.00050935,0.001045337,0.000836449,-5.14E-05,-0.001034832,-0.001398753,-0.000816761,0.000372428,0.001361631,0.00143514,0.000501245,-0.000802285,-0.001536784,-0.001139867,0.000139611,0.001386834,0.001669968,0.000732732,-0.000785524,-0.0017892,-0.001525304,-0.00015628,0.001332064,0.001843209,0.000987147,-0.000611495,-0.001762418,-0.00159644,-0.000227954,0.001316471,0.001865219,0.000993042,-0.000643873,-0.001796368,-0.001573057,-0.00012862,0.001444951,0.001950009,0.00100297,-0.000669527,-0.001791725,-0.001525972,-0.000118481,0.001300919,0.001609492,0.000574022,-0.000969024,-0.001777444,-0.001186617,0.000365098,0.001683832,0.001761995,0.000566072,-0.000952486,-0.001623739,-0.0009851,0.000372705,0.001306798,0.001055386,-0.000153511,-0.001303531,-0.001427006,-0.000392233,0.000995252,0.001649614,0.001077356,-0.000242559,-0.001266946,-0.001237044,-0.000269915,0.00077777,0.00104007,0.000351191,-0.000646187,-0.001064298,-0.00052147,0.000545186,0.001253361,0.001010635,-3.94E-06,-0.001000762,-0.001232124,-0.000585741,0.000362616,0.00085602
-0.003576581,-0.002026389,-0.001596858,-0.0013009,-0.000993248,-0.000658503,-0.000316496,2.70E-06,0.000274014,0.000483788,0.000626762,0.00069897,0.000694027,0.000606859,0.000441886,0.000218735,-2.98E-05,-0.000266304,-0.000458548,-0.000583708,-0.000627326,-0.000580713,-0.000442187,-0.000222985,4.68E-05,0.000318709,0.00053537,0.000646013,0.00062072,0.000458096,0.000185527,-0.000145085,-0.000463657,-0.00069124,-0.000755213,-0.000610892,-0.000264005,0.000216593,0.000705948,0.001052619,0.001123853,0.000851841,0.000265714,-0.000502099,-0.001239784,-0.001708287,-0.00171242,-0.001173843,-0.000181821,0.001003503,0.002010467,0.002470892,0.002157528,0.001092031,-0.000426752,-0.001899328,-0.002792053,-0.002738228,-0.001697216,-2.17E-06,0.0017366,0.002850242,0.00287644,0.001765464,-6.79E-05,-0.001886626,-0.002927587,-0.002732913,-0.001369644,0.00057578,0.002243628,0.002888171,0.002228012,0.000587057,-0.001252655,-0.002424583,-0.00239795,-0.001234899,0.000448445,0.001800035,0.002166739,0.00142089,8.01E-06,-0.001306388,-0.001851899,-0.001403455,-0.000277664,0.00087098,0.00143051,0.00116732,0.000326853,-0.000547967,-0.000958869,-0.000740763,-0.000124449,0.000450135,0.000634318,0.000382492,-5.76E-05,-0.000352402,-0.00032925,-8.31E-05,0.000126681,0.000101145,-0.000129623,-0.000330082,-0.000259361,0.000109326,0.000531833,0.000661585,0.000327838,-0.000292784,-0.000764463,-0.000701674,-8.07E-05,0.00069271,0.001041656,0.000639761,-0.000310685,-0.001172431,-0.001305714,-0.000544725,0.000636967,0.001423755,0.001233173,0.000160525,-0.001048876,-0.001511465,-0.000851203,0.000494755,0.00155839,0.001533709,0.000383554,-0.001097815,-0.001839348,-0.001278175,0.000204516,0.001537162,0.001736837,0.000645432,-0.000933466,-0.001818476,-0.001333646,0.000171006,0.001566581,0.001789822,0.000654109,-0.000994223,-0.001906736,-0.001381298,0.000195132,0.001633046,0.001845837,0.00068278,-0.000955293,-0.00181202,-0.001248032,0.000265923,0.001521287,0.001520926,0.000262317,-0.001260613,-0.0018396,-0.001002626,0.000615999,0.001777133,0.001610405,0.000288775,-0.001126881,-0.001541204,-0.000690038,0.000670968,0.001396236,0.000882521,-0.000449253,-0.001505197,-0.001409398,-0.000210143,0.001165701,0.001662833,0.000937112,-0.000392486,-0.001268576,-0.001054445,-2.40E-05,0.000902947,0.000942157,8.87E-05,-0.000901345,-0.001158721,-0.000429819,0.000717283,0.001367432,0.001008574,-6.42E-05,-0.001010855,-0.001138498,-0.00044337,0.0004332,0.000770706
-0.002883781,-0.001647347,-0.001289683,-0.001031729,-0.000762198,-0.000472807,-0.000182213,8.33E-05,0.000301415,0.0004589,0.00055041,0.000573959,0.000528435,0.000415896,0.000246688,4.27E-05,-0.000165054,-0.000343501,-0.000465561,-0.000514418,-0.000483497,-0.000374775,-0.00019896,2.19E-05,0.00025227,0.000446519,0.000558167,0.000553394,0.000422419,0.00018437,-0.000115376,-0.000413208,-0.000638154,-0.000724945,-0.00062962,-0.000346385,7.95E-05,0.000550979,0.000936038,0.001102685,0.000962046,0.000505675,-0.000177251,-0.000911442,-0.001476103,-0.001666875,-0.001364293,-0.000588867,0.000478619,0.001528037,0.00220449,0.002227845,0.001508578,0.000212238,-0.001264227,-0.002410685,-0.002784345,-0.002188104,-0.000773873,0.000980975,0.002430645,0.003002823,0.002435564,0.000909292,-0.000994437,-0.002508927,-0.00299732,-0.002236215,-0.000536215,0.00137118,0.00264676,0.002724231,0.001580195,-0.000243484,-0.001888243,-0.002587557,-0.002037962,-0.000545565,0.00113079,0.00216412,0.00207603,0.000970313,-0.000538393,-0.001660742,-0.001851745,-0.001086258,0.000155336,0.001175713,0.001454572,0.00092303,-3.30E-05,-0.000829459,-0.001038051,-0.000620932,8.72E-05,0.000622667,0.000693305,0.000341243,-0.000128312,-0.000386002,-0.000308912,-4.13E-05,0.00014691,8.83E-05,-0.000147118,-0.00031472,-0.000207135,0.000153488,0.000504345,0.000536341,0.000152968,-0.000413277,-0.000739521,-0.000525726,0.000147073,0.000825654,0.000986457,0.000430094,-0.000526227,-0.00122852,-0.001140343,-0.000254173,0.000854803,0.001405342,0.000970867,-0.000180766,-0.001239428,-0.001417992,-0.000536822,0.000808262,0.001645167,0.001327226,2.93E-05,-0.001343476,-0.001794406,-0.000970794,0.000552237,0.001669505,0.001553538,0.000279308,-0.001210801,-0.001796071,-0.001018774,0.000555707,0.00174637,0.001640823,0.000293919,-0.001296872,-0.001935468,-0.00113458,0.000506021,0.001748939,0.001661123,0.000328691,-0.001209749,-0.001765484,-0.00092075,0.000647561,0.001696638,0.00139009,-4.56E-05,-0.001495922,-0.001829669,-0.000783101,0.000837365,0.001792332,0.00138074,-2.21E-05,-0.001281115,-0.001413543,-0.000365378,0.000964263,0.001462163,0.000702753,-0.000712626,-0.001646243,-0.001341252,-2.44E-05,0.001285839,0.001600365,0.000739147,-0.000554609,-0.001241926,-0.000832147,0.000245223,0.001029362,0.000840011,-0.000163363,-0.001128378,-0.001226528,-0.000339226,0.00084999,0.001419866,0.000956088,-0.000135674,-0.000988879,-0.00099046,-0.000253681,0.000525904,0.000683949
-0.001793759,-0.001040882,-0.000806065,-0.000623416,-0.000429787,-0.000224934,-2.45E-05,0.000151762,0.000286818,0.000370202,0.000398012,0.00037096,0.000292982,0.000172037,2.22E-05,-0.000135647,-0.000275805,-0.000373406,-0.000410004,-0.000377269,-0.000277658,-0.000123315,6.49E-05,0.00025809,0.000420566,0.000515008,0.000510915,0.000394679,0.000177126,-0.000104978,-0.000394383,-0.000624205,-0.000731694,-0.000672874,-0.000436321,-5.35E-05,0.000398673,0.000807703,0.001050103,0.001026975,0.000700841,0.000120438,-0.000578041,-0.001198219,-0.001535449,-0.001441009,-0.000880289,3.51E-05,0.001057618,0.001863416,0.002151203,0.001753629,0.000721045,-0.000661356,-0.001943707,-0.002657313,-0.002490721,-0.001428997,0.000206085,0.001845266,0.002871311,0.002860039,0.001767772,-1.98E-05,-0.001813994,-0.002889872,-0.002790931,-0.001541417,0.000338659,0.002040332,0.002816795,0.002325547,0.000798174,-0.001054243,-0.002368211,-0.002538132,-0.001509804,0.000193001,0.001729094,0.002360584,0.001820215,0.000435534,-0.001055199,-0.001897025,-0.001711179,-0.000676488,0.000594566,0.001409623,0.001377516,0.000602695,-0.000409806,-0.001071157,-0.0010523,-0.000450325,0.000311154,0.000769821,0.000709841,0.000264972,-0.00021248,-0.000412253,-0.000270424,1.97E-05,0.000184016,9.06E-05,-0.000152064,-0.000294499,-0.000164177,0.000173801,0.00044842,0.000394672,-1.43E-05,-0.000505259,-0.000684648,-0.000342616,0.00034783,0.000909701,0.000891401,0.000219475,-0.000696625,-0.001216697,-0.000924951,3.72E-05,0.001024634,0.001323223,0.000673249,-0.000504751,-0.001373632,-0.001271955,-0.000215612,0.001072543,0.001657039,0.001071072,-0.000313834,-0.001522678,-0.001671634,-0.000625804,0.000874534,0.001735374,0.001313139,-9.27E-05,-0.001440114,-0.001709845,-0.000674456,0.000911004,0.001857813,0.001434381,-7.00E-05,-0.001545537,-0.001890547,-0.000846437,0.000798363,0.001802325,0.001416492,-4.11E-05,-0.001429795,-0.001666753,-0.000567593,0.001007852,0.001821896,0.001223464,-0.000341352,-0.001673623,-0.00175411,-0.000534541,0.001032263,0.001745222,0.001094912,-0.000350582,-0.001414282,-0.001254588,-3.07E-05,0.001238141,0.001500601,0.000519725,-0.000939554,-0.001726996,-0.001225813,0.000164706,0.001363139,0.001475756,0.000495539,-0.000726556,-0.001197098,-0.000587768,0.000522042,0.001150755,0.000738181,-0.000394174,-0.001316531,-0.001260314,-0.000244884,0.000947809,0.001415106,0.000854496,-0.00022415,-0.000948932,-0.000806229,-3.13E-05,0.000636486,0.000603724
-0.000452757,-0.000288626,-0.000210317,-0.00012932,-3.89E-05,5.32E-05,0.000136343,0.000199311,0.000232659,0.000230261,0.000190609,0.000117241,1.84E-05,-9.37E-05,-0.000203647,-0.000294333,-0.000348808,-0.000353266,-0.000300197,-0.000190929,-3.67E-05,0.000141924,0.000317289,0.000457841,0.000532701,0.00051744,0.000400677,0.000189929,-8.54E-05,-0.000375867,-0.000619766,-0.000755348,-0.000735691,-0.00054285,-0.000198013,0.000235623,0.000660155,0.000961781,0.001039356,0.000836843,0.00037,-0.000263392,-0.000897581,-0.001338135,-0.001418829,-0.001060782,-0.000314334,0.00063419,0.001500768,0.001983525,0.001864825,0.001102974,-0.00012306,-0.001443061,-0.002402738,-0.00262117,-0.001945063,-0.00053692,0.001149204,0.00251122,0.003020002,0.002436401,0.000933242,-0.000940479,-0.002456477,-0.002997734,-0.002325991,-0.00070575,0.001184133,0.00253,0.002740979,0.001724579,-5.55E-05,-0.001780394,-0.002653201,-0.002277698,-0.00085212,0.000924579,0.002195441,0.002369529,0.001412235,-0.000148711,-0.00150604,-0.001995815,-0.001435696,-0.000198994,0.001010742,0.001554752,0.001201218,0.00022581,-0.00077706,-0.001251831,-0.000993697,-0.000234687,0.000533803,0.000878202,0.000676071,0.000152349,-0.000307494,-0.000428273,-0.000213058,9.82E-05,0.000234228,0.000103356,-0.000148698,-0.000272118,-0.000129968,0.000175479,0.000373898,0.000248429,-0.000164619,-0.000566353,-0.000605513,-0.000162814,0.000512428,0.000942309,0.000761336,1.56E-05,-0.000818407,-0.001142326,-0.000672311,0.000316471,0.001141539,0.001184504,0.00035586,-0.000796535,-0.001445917,-0.001079533,1.00E-04,0.001278464,0.001595125,0.000775991,-0.000633127,-0.001630321,-0.001477569,-0.000257218,0.001159501,0.001733126,0.001025082,-0.000457192,-0.001614115,-0.001564288,-0.000314266,0.001223298,0.00189617,0.001177051,-0.000425144,-0.001730917,-0.001771448,-0.000523427,0.001065978,0.001794609,0.001122103,-0.000413875,-0.001608915,-0.001521004,-0.000203273,0.001330619,0.001887665,0.001021322,-0.000618758,-0.001788227,-0.001612196,-0.000259372,0.00120061,0.001642452,0.000765422,-0.000684522,-0.001521749,-0.001070391,0.000300461,0.001478941,0.001504084,0.000333693,-0.001125426,-0.001743301,-0.001061663,0.00035753,0.001399991,0.001294922,0.000213271,-0.000905139,-0.001138266,-0.000332049,0.000794247,0.001259721,0.000637537,-0.000595758,-0.001455149,-0.001251289,-0.000141889,0.001012413,0.001353032,0.000702115,-0.000334137,-0.000899353,-0.000596836,0.000213819,0.000760805,0.000534281
0.000947658,0.000502293,0.000413282,0.000380903,0.00035488,0.000320885,0.000274734,0.000215749,0.0001433,5.65E-05,-4.37E-05,-0.000151538,-0.000255762,-0.000341888,-0.000395738,-0.00040661,-0.000368666,-0.00028102,-0.000147925,2.01E-05,0.000205022,0.000381185,0.000518388,0.000587325,0.000566225,0.000446657,0.00023723,-3.54E-05,-0.000328191,-0.000586597,-0.000753154,-0.00077956,-0.000640415,-0.000344994,5.74E-05,0.000481946,0.00082397,0.000983482,0.000893733,0.000546479,5.72E-06,-0.000596946,-0.001088956,-0.001302301,-0.001127994,-0.000563096,0.000267868,0.001130787,0.001741734,0.001856324,0.001362421,0.000342584,-0.000923138,-0.002026973,-0.002563115,-0.00227818,-0.001187507,0.000394876,0.001938882,0.002877688,0.002825161,0.001746617,5.35E-06,-0.001750269,-0.002830431,-0.002787419,-0.001619785,0.000200916,0.001909218,0.002767817,0.002396568,0.000957162,-0.000903072,-0.002336676,-0.002687046,-0.001801567,-0.000110417,0.001576755,0.002464006,0.002159404,0.000864263,-0.000738361,-0.001840641,-0.001926496,-0.00102767,0.000315548,0.00136357,0.00158308,0.000923639,-0.000184266,-0.001098968,-0.001340682,-0.000848916,1.96E-05,0.000736537,0.000928194,0.000580153,1.64E-06,-0.000408557,-0.00042863,-0.000135092,0.000191101,0.000291637,0.000120301,-0.000142041,-0.000250111,-0.000103479,0.000164279,0.000291524,0.000111311,-0.000285999,-0.000591377,-0.000506582,1.75E-06,0.000628089,0.000917116,0.00059945,-0.000172372,-0.000884637,-0.001008191,-0.000395966,0.000566156,0.001195223,0.000993561,3.65E-05,-0.001034923,-0.001444077,-0.00084411,0.000394753,0.001410663,0.001455341,0.000452343,-0.000911246,-0.001654811,-0.001215369,0.000118511,0.001388452,0.001654687,0.000697297,-0.00079633,-0.001718296,-0.001359249,4.68E-05,0.001472335,0.001849527,0.000872758,-0.000755512,-0.001836459,-0.001572052,-0.00017191,0.001297971,0.001721822,0.00078676,-0.00077253,-0.001733875,-0.001329295,0.000155498,0.001592404,0.001876577,0.000780234,-0.000869257,-0.001828387,-0.001398487,4.04E-05,0.001339131,0.001487625,0.000405486,-0.001006792,-0.001592961,-0.00086453,0.000611439,0.001665894,0.001458593,0.000142784,-0.001262766,-0.001686009,-0.000844127,0.000553975,0.001396238,0.001062115,-9.94E-05,-0.001083684,-0.001066948,-7.66E-05,0.001045047,0.001343374,0.000536248,-0.000758225,-0.001528359,-0.001185459,-2.30E-05,0.001044401,0.001230878,0.000495372,-0.000470375,-0.000848173,-0.000374207,0.000469101,0.000891572,0.000478665
0.002185787,0.001206085,0.000966628,0.000828479,0.000692005,0.000538454,0.000371259,0.000200656,3.50E-05,-0.000121703,-0.000266614,-0.000392929,-0.000488079,-0.000537023,-0.000528482,-0.000459653,-0.000336644,-0.000171527,2.07E-05,0.000222293,0.000411495,0.00056142,0.000643385,0.000633968,0.000522986,0.000318603,4.76E-05,-0.000248423,-0.00051934,-0.000713067,-0.000783877,-0.000702441,-0.000466846,-0.000110816,0.000295957,0.000658738,0.000879325,0.000883181,0.000644426,0.000201159,-0.000344724,-0.000845633,-0.001143308,-0.001114717,-0.000717735,-2.14E-05,0.000794024,0.001476178,0.001773449,0.001523442,0.000726589,-0.000425806,-0.001588568,-0.00236288,-0.002433219,-0.001695087,-0.00032309,0.001257268,0.00249885,0.002927631,0.002334558,0.000885135,-0.000910485,-0.002372759,-0.002917178,-0.002303767,-0.000761043,0.001083089,0.002450925,0.002748238,0.001835655,0.00010883,-0.001663128,-0.002679962,-0.002480631,-0.001165728,0.000642583,0.002093921,0.002519691,0.001758328,0.000229795,-0.001282896,-0.002035868,-0.001702241,-0.000526958,0.000822355,0.001625324,0.001495266,0.000570074,-0.000592705,-0.001348552,-0.001329232,-0.000627631,0.000294032,0.000903418,0.000914126,0.000427107,-0.000176758,-0.000506759,-0.000410428,-4.03E-05,0.000290331,0.000346671,0.000132783,-0.000138101,-0.000230366,-8.12E-05,0.000149247,0.000213505,-5.92E-06,-0.000373856,-0.000583822,-0.000396488,0.000143733,0.000694646,0.000842205,0.000416788,-0.00033908,-0.00090198,-0.000831891,-0.000115821,0.000775252,0.001189956,0.000767139,-0.00026628,-0.001210787,-0.001373004,-0.000579124,0.000658302,0.001471109,0.001252247,0.000117842,-0.001139922,-0.001604088,-0.000905026,0.000481818,0.00155447,0.001509277,0.000347569,-0.001096839,-0.001753101,-0.001107748,0.000393348,0.00165219,0.001725616,0.000536754,-0.001050121,-0.001864044,-0.001305801,0.000193316,0.001489791,0.001594086,0.000429261,-0.001101648,-0.00180194,-0.00110193,0.000493646,0.001783497,0.001788632,0.000505741,-0.001090392,-0.001800294,-0.001125389,0.000355118,0.001449689,0.00129587,3.66E-05,-0.001300468,-0.00162312,-0.000643976,0.000890345,0.001789733,0.001360133,-5.49E-05,-0.001356272,-0.001564129,-0.000582331,0.000751806,0.00136077,0.000794925,-0.000424207,-0.001252126,-0.00098501,0.000167558,0.001261357,0.00139226,0.000430037,-0.000882808,-0.001536823,-0.001062796,0.000115043,0.001052603,0.001061655,0.00024615,-0.000628504,-0.000801823,-0.000153326,0.000717554,0.001016842,0.000433707
0.003100226,0.001730583,0.001378115,0.001156663,0.000930721,0.000679742,0.000415114,0.000157494,-7.67E-05,-0.000279666,-0.000448118,-0.000575675,-0.000649879,-0.000656508,-0.000588111,-0.000450062,-0.000259885,-4.12E-05,0.000182483,0.000389468,0.000557687,0.000662795,0.000681012,0.000597134,0.000413224,0.000152599,-0.000143423,-0.000424122,-0.00063896,-0.000745299,-0.000714711,-0.000539596,-0.000240337,0.000130492,0.000492268,0.00075195,0.000828988,0.00068192,0.000327128,-0.000157259,-0.00064497,-0.000990376,-0.001067274,-0.000809593,-0.000243494,0.000501389,0.001212068,0.001646315,0.001610551,0.001037877,3.60E-05,-0.001120202,-0.002059683,-0.002434015,-0.002047096,-0.000948077,0.000553456,0.001968244,0.002788035,0.002675653,0.00161359,-5.54E-05,-0.001728371,-0.00276054,-0.002724914,-0.001606055,0.000164442,0.001863265,0.002770783,0.002485775,0.001117245,-0.00074384,-0.002274831,-0.002790133,-0.002060486,-0.000428329,0.001345398,0.002439234,0.002365077,0.001203792,-0.000439255,-0.001741656,-0.002080545,-0.001343949,2.64E-05,0.00128318,0.001777266,0.001298337,0.000166309,-0.000970086,-0.001507358,-0.001216763,-0.00034358,0.000570299,0.001022219,0.000835042,0.00022571,-0.000370524,-0.000592903,-0.000371265,6.72E-05,0.0003879,0.000390709,0.000133722,-0.000141217,-0.000213692,-5.98E-05,0.000137177,0.000148105,-9.70E-05,-0.000426969,-0.000547975,-0.000281911,0.000259268,0.000714984,0.000726671,0.000223247,-0.000481081,-0.000877609,-0.00062897,0.000152217,0.000936472,0.001131136,0.000519536,-0.000538558,-0.001319467,-0.001239315,-0.000296431,0.000883474,0.00146407,0.000999937,-0.000212721,-0.001314106,-0.00148718,-0.000564562,0.000816891,0.00165362,0.001306326,-8.87E-06,-0.001348731,-0.001720409,-0.000821113,0.000714097,0.001760615,0.001533399,0.000182592,-0.001301202,-0.001818025,-0.00098666,0.000558323,0.001637367,0.001420127,6.52E-05,-0.001388949,-0.001811352,-0.000846928,0.000800798,0.001899123,0.001626957,0.000204027,-0.001280687,-0.001711342,-0.000805982,0.000674534,0.001532536,0.001079144,-0.000323795,-0.001551743,-0.00160799,-0.000413297,0.001129549,0.001845349,0.001207229,-0.000260604,-0.001411471,-0.001387873,-0.000286537,0.000947502,0.001300695,0.000508869,-0.000744531,-0.001400168,-0.00089196,0.000393426,0.001433687,0.001398755,0.00031396,-0.000973493,-0.001484875,-0.00088668,0.000273224,0.001044666,0.000858467,-3.22E-05,-0.000801252,-0.000762731,5.50E-05,0.000945106,0.001125159,0.000393967
0.003537396,0.001987931,0.001579549,0.001311582,0.00103165,0.000720418,0.000396845,9.05E-05,-0.000176074,-0.000393328,-0.000559352,-0.000669958,-0.000714223,-0.000679631,-0.000562657,-0.000375974,-0.00014662,9.31E-05,0.000314685,0.000496406,0.000620026,0.000667299,0.000621953,0.000477973,0.000248541,-3.13E-05,-0.000311248,-0.00053822,-0.000668503,-0.000674952,-0.000550056,-0.000307933,1.30E-05,0.000349601,0.000621331,0.00074829,0.000676551,0.000401373,-2.22E-05,-0.000487009,-0.000858954,-0.00101239,-0.000867509,-0.000420737,0.000240063,0.000943466,0.001470654,0.00161735,0.001267228,0.000451652,-0.000631784,-0.001659416,-0.002276954,-0.002223041,-0.001437859,-0.000112672,0.001347168,0.002444386,0.002763107,0.002134136,0.000726661,-0.000981162,-0.002358921,-0.00286129,-0.002257232,-0.000751229,0.001069668,0.002459251,0.002823752,0.001989078,0.000297657,-0.001522563,-0.002671949,-0.002640425,-0.001448332,0.000353168,0.001932756,0.002569436,0.001996901,0.000530974,-0.001088523,-0.002067924,-0.001956806,-0.000868475,0.000592076,0.001655278,0.001794604,0.000994843,-0.000262689,-0.001284203,-0.001552511,-0.00099919,-1.00E-05,0.000827898,0.001077148,0.000687429,-1.54E-05,-0.000565306,-0.000654963,-0.000306781,0.000183528,0.000474805,0.000413919,0.00011558,-0.000155347,-0.000200395,-3.64E-05,0.000133834,0.000102401,-0.00015597,-0.000443204,-0.000486546,-0.000168559,0.000343883,0.000689962,0.00057759,2.84E-05,-0.000592891,-0.000815348,-0.000412484,0.000392025,0.001039515,0.00102027,0.000262982,-0.000765189,-0.001352353,-0.001045794,-7.00E-06,0.001060225,0.001389001,0.000709139,-0.000524013,-0.001424576,-0.001308235,-0.000209961,0.001105546,0.001676805,0.001051027,-0.000356926,-0.001537851,-0.001616502,-0.000507611,0.000996002,0.001790336,0.001277175,-0.000177026,-0.001497458,-0.001697611,-0.000625851,0.000907287,0.001731345,0.001203834,-0.000290525,-0.001618402,-0.001754779,-0.000568956,0.001065439,0.001930048,0.001390536,-0.000119288,-0.001435274,-0.001564312,-0.000451227,0.000986264,0.001583094,0.000845491,-0.000658281,-0.001743097,-0.001538729,-0.000175024,0.001319509,0.001823472,0.000995332,-0.000475471,-0.001430622,-0.001164022,3.38E-05,0.001135119,0.001219529,0.000217679,-0.001042086,-0.001513776,-0.000784229,0.000593947,0.001549703,0.001351673,0.000181413,-0.001033062,-0.00137411,-0.000658618,0.000451956,0.001025991,0.000632482,-0.000326148,-0.000979097,-0.000730721,0.000240707,0.001136171,0.001202335,0.000352137
0.003406792,0.001925315,0.001530371,0.001262487,0.000974317,0.000650619,0.000316777,8.79E-06,-0.00024735,-0.000442962,-0.000579755,-0.000657419,-0.000667643,-0.000599845,-0.000453571,-0.000246754,-1.28E-05,0.000211237,0.00039628,0.000524822,0.000586284,0.000571331,0.000472486,0.000292217,5.19E-05,-0.000206933,-0.000431429,-0.000573321,-0.000601969,-0.000509828,-0.00031111,-3.85E-05,0.000258487,0.000516175,0.000665069,0.000647826,0.000442222,7.88E-05,-0.000357291,-0.000744607,-0.00095848,-0.000908617,-0.000569926,1.22E-06,0.000669849,0.001246924,0.001535473,0.001391849,0.000786204,-0.000161522,-0.001192341,-0.001974319,-0.002210286,-0.001751992,-0.000676493,0.000711195,0.00196057,0.002623375,0.002419332,0.001359336,-0.000227034,-0.001784004,-0.002723031,-0.002652874,-0.001555851,0.000172356,0.001854565,0.002798149,0.002591294,0.00129841,-0.000543936,-0.002144709,-0.002803936,-0.002232601,-0.000694679,0.001104529,0.00234123,0.002459942,0.00143843,-0.000202276,-0.001653836,-0.002220424,-0.001662711,-0.000310043,0.001119256,0.001896851,0.001662638,0.000600099,-0.000683744,-0.001503425,-0.001469935,-0.000684865,0.000349653,0.001042418,0.001055532,0.00047528,-0.000279795,-0.000741538,-0.000679459,-0.000213893,0.000302691,0.000540922,0.000406844,7.23E-05,-0.000182755,-0.000189703,-7.98E-06,0.000143368,8.03E-05,-0.000181188,-0.00042472,-0.000405094,-6.23E-05,0.000396001,0.000625186,0.00040643,-0.000156211,-0.000670015,-0.000721674,-0.000197349,0.000588366,0.001077708,0.00086307,1.15E-05,-0.000933367,-0.001306552,-0.000801225,0.000275349,0.00118031,0.001250332,0.000395213,-0.000799604,-0.001465229,-0.001076459,0.000139435,0.001330351,0.00161927,0.000753452,-0.000679515,-0.001652131,-0.001442024,-0.00017855,0.001227097,0.001739061,0.000967144,-0.000526404,-0.001629489,-0.001507639,-0.000240564,0.00122124,0.001762836,0.00095128,-0.00062219,-0.001775491,-0.001627801,-0.000274069,0.001278569,0.001873332,0.001085649,-0.00045394,-0.001549416,-0.001366208,-7.76E-05,0.001273927,0.001595271,0.000602805,-0.000950142,-0.001858936,-0.001408556,6.83E-05,0.001453961,0.001720612,0.000725483,-0.000697959,-0.001417678,-0.000904055,0.000364143,0.001305688,0.001120403,-6.36E-05,-0.001297073,-0.0015777,-0.000656851,0.00076448,0.001600331,0.001242563,2.60E-05,-0.001067609,-0.001212232,-0.000386627,0.000647469,0.001001618,0.00039804,-0.00061714,-0.001147401,-0.000701584,0.000396601,0.001276362,0.001233661,0.00029826
0.002786562,0.001585137,0.001264496,0.001038978,0.000784698,0.000492479,0.000192579,-7.52E-05,-0.000284108,-0.000428758,-0.000516286,-0.000551466,-0.00052907,-0.000440039,-0.000285544,-8.63E-05,0.000121429,0.000299584,0.000422412,0.000480044,0.000472099,0.000399481,0.000263287,7.25E-05,-0.000147251,-0.000352776,-0.00049479,-0.000535104,-0.000459947,-0.000282602,-3.71E-05,0.000230257,0.000466648,0.000616459,0.000629356,0.000475713,0.000165326,-0.00024145,-0.000640351,-0.000909515,-0.000947391,-0.000708066,-0.000222059,0.00040332,0.001003907,0.001395851,0.001425299,0.001021778,0.000240029,-0.000729638,-0.001597959,-0.002060221,-0.001904655,-0.001106312,0.000134842,0.001436303,0.002350682,0.002522902,0.001831781,0.000460449,-0.001140186,-0.002394798,-0.002812933,-0.00218982,-0.000715462,0.001066882,0.002455687,0.002873867,0.00212382,0.000496522,-0.001329524,-0.002571005,-0.002686496,-0.001629009,0.000120206,0.001763412,0.002553081,0.002143397,0.000755808,-0.000927082,-0.002093312,-0.002199283,-0.001234777,0.000280314,0.001568616,0.001997571,0.001400935,0.000149188,-0.001067007,-0.001618995,-0.001275314,-0.000304404,0.000705852,0.001198974,0.000961793,0.000217174,-0.000545258,-0.000883321,-0.000660967,-9.58E-05,0.000418102,0.00058099,0.00036763,4.81E-06,-0.000221337,-0.000179649,2.65E-05,0.00016523,7.84E-05,-0.000179865,-0.0003815,-0.00031276,3.36E-05,0.000421207,0.000533918,0.000228052,-0.000321869,-0.000714512,-0.00060741,4.64E-06,0.000737153,0.00105824,0.000673555,-0.000223917,-0.001043849,-0.00119566,-0.000524232,0.000538834,0.001246663,0.001063919,7.63E-05,-0.001031367,-0.001443549,-0.000809794,0.000467583,0.001488053,0.00149232,0.00043094,-0.000965821,-0.001694703,-0.001210881,0.00015285,0.001406125,0.001620154,0.000623094,-0.000852696,-0.001700458,-0.001265634,0.000148324,0.001488338,0.001734109,0.000673598,-0.000920617,-0.001860838,-0.00143947,2.95E-05,0.001442462,0.001744055,0.000732725,-0.000786316,-0.001624573,-0.001132189,0.000295751,0.001525243,0.001568187,0.000357544,-0.001193914,-0.001900219,-0.001223051,0.000313472,0.001538451,0.001550386,0.00041179,-0.000922795,-0.001380422,-0.000624738,0.000688323,0.001451978,0.001007092,-0.000324989,-0.001500079,-0.001587011,-0.000508033,0.000907627,0.001590877,0.001076697,-0.00015252,-0.001086941,-0.001016568,-8.82E-05,0.000850512,0.00097483,0.000168696,-0.000888166,-0.001292543,-0.000668247,0.000524005,0.001363671,0.001214857,0.000225067
0.001757557,0.001011715,0.000817123,0.000671193,0.000488458,0.00026697,4.00E-05,-0.000151336,-0.000282464,-0.000353186,-0.000377573,-0.000366213,-0.000316948,-0.000221368,-8.04E-05,8.53E-05,0.000239867,0.000348155,0.000390995,0.00036872,0.00029259,0.000173858,2.08E-05,-0.000154052,-0.000324909,-0.000452308,-0.000495372,-0.000429905,-0.000260734,-2.09E-05,0.000239641,0.000467588,0.000614446,0.000640438,0.000519972,0.000252864,-0.000122466,-0.000524475,-0.000842131,-0.000966559,-0.000829799,-0.000434328,0.000138614,0.000744683,0.001210792,0.001379733,0.001156829,0.000549333,-0.00031391,-0.001196859,-0.001812865,-0.001915729,-0.001397779,-0.000355127,0.000914605,0.001993719,0.002484194,0.002158079,0.001061228,-0.000474565,-0.001926231,-0.002757275,-0.002621313,-0.001514964,0.000188136,0.001852877,0.002820033,0.002678963,0.001459812,-0.000350595,-0.001994982,-0.002766988,-0.002329147,-0.000877977,0.000931249,0.002276852,0.002550106,0.001642874,1.42E-06,-0.001585949,-0.002369134,-0.002000352,-0.000700024,0.000860928,0.00190535,0.001945169,0.001022542,-0.000329774,-0.001386122,-0.001620555,-0.000978932,0.000117599,0.001032607,0.001282418,0.000797136,-7.23E-05,-0.000792434,-0.000975431,-0.000593286,4.53E-05,0.000523589,0.000589628,0.000294302,-8.56E-05,-0.000268415,-0.000168028,6.78E-05,0.000198012,9.30E-05,-0.000158029,-0.000321061,-0.000216302,0.000116186,0.000422898,0.000425391,5.38E-05,-0.000460665,-0.000725813,-0.000479012,0.000184799,0.000833887,0.000984486,0.000461145,-0.000434349,-0.001095076,-0.001027926,-0.000228655,0.000772462,0.001258229,0.000839412,-0.000233555,-0.001210406,-0.00136178,-0.000520107,0.000761101,0.001572859,0.001301494,9.62E-05,-0.001205089,-0.001664095,-0.000931184,0.00047586,0.001528867,0.001440395,0.000259159,-0.00114382,-0.00170889,-0.000982408,0.000524069,0.00169573,0.001642631,0.000377446,-0.001177143,-0.001871162,-0.00119373,0.00033549,0.001556277,0.001550867,0.000346823,-0.001103435,-0.001657841,-0.00087129,0.000653302,0.001727004,0.001496992,0.000112834,-0.001383997,-0.001864538,-0.000984272,0.0005579,0.001574831,0.001321049,6.52E-05,-0.001143315,-0.001321562,-0.000337515,0.000992322,0.001564987,0.000879614,-0.000558985,-0.001641627,-0.001534956,-0.000334917,0.001024515,0.001523246,0.000856623,-0.000354183,-0.001096796,-0.000798977,0.000222773,0.001051762,0.000945687,-4.60E-05,-0.001124629,-0.001401166,-0.000622969,0.000624298,0.00139505,0.001140681,0.000126041
0.000431185,0.000266204,0.00023672,0.000200452,0.000120604,2.55E-06,-0.000119538,-0.000206304,-0.00023748,-0.000219969,-0.000175634,-0.000120976,-5.63E-05,2.77E-05,0.000132563,0.000240913,0.000320924,0.000343682,0.000299297,0.000199731,6.79E-05,-7.61E-05,-0.000219782,-0.000351091,-0.00044912,-0.000483082,-0.000424573,-0.000265357,-2.79E-05,0.000238952,0.000476294,0.000631949,0.000670099,0.000573113,0.00034266,5.33E-06,-0.000380069,-0.000723618,-0.000922223,-0.000892798,-0.000607761,-0.000115607,0.000464186,0.000970848,0.001246252,0.001180196,0.000747044,2.62E-05,-0.000801311,-0.001487428,-0.001784456,-0.001531711,-0.000732599,0.000414128,0.001554084,0.002286195,0.002307341,0.001538747,0.000181257,-0.001329861,-0.002464031,-0.002785105,-0.002125519,-0.000675883,0.001056016,0.002417841,0.00286398,0.002189236,0.000640902,-0.001155821,-0.002446337,-0.002672466,-0.001730801,-3.68E-05,0.001649036,0.002563033,0.002293534,0.000978106,-0.000757359,-0.002095165,-0.002417972,-0.001605739,-8.86E-05,0.001373141,0.002073011,0.001711762,0.000537714,-0.00079879,-0.001598709,-0.001484683,-0.000587779,0.000548927,0.00129005,0.001264982,0.000557586,-0.000374541,-0.000991863,-0.000992165,-0.000464214,0.000207232,0.00060868,0.000556585,0.000182371,-0.000197149,-0.000319147,-0.00015089,0.000116536,0.000239105,0.000118788,-0.000122913,-0.000251963,-0.00012398,0.00018059,0.000402916,0.000309376,-0.000101646,-0.000559302,-0.000698792,-0.00034201,0.000330933,0.0008682,0.000855534,0.000235699,-0.000605653,-0.001079038,-0.000808635,6.85E-05,0.000957377,0.001206469,0.000584558,-0.00051513,-0.00131864,-0.00121536,-0.000219727,0.00099891,0.00156917,0.001047183,-0.000235035,-0.001377251,-0.001549819,-0.000608525,0.000774345,0.00158217,0.001201152,-0.000107954,-0.001378648,-0.00164436,-0.000666784,0.000862819,0.001818643,0.001476836,6.89E-05,-0.001375583,-0.001793557,-0.000889745,0.000634926,0.001612184,0.001297907,-5.44E-05,-0.001383606,-0.001637691,-0.000590652,0.000972653,0.001854512,0.0013681,-0.000128951,-0.001508124,-0.001741012,-0.000690162,0.000796454,0.001559366,0.001037694,-0.000300834,-0.001346343,-0.001238801,-5.50E-05,0.00125458,0.001626622,0.000733588,-0.000754901,-0.001703519,-0.001406399,-0.000131494,0.001113543,0.001394206,0.000581732,-0.000578346,-0.001100901,-0.000571539,0.000528235,0.001235627,0.000910505,-0.000234038,-0.001304017,-0.001450626,-0.0005525,0.000698056,0.001361872,0.000999594,-8.95E-06
-0.000950985,-0.00051488,-0.000370065,-0.000287014,-0.000252723,-0.000255493,-0.000261971,-0.000236095,-0.0001633,-5.81E-05,4.99E-05,0.000138805,0.000206984,0.00026575,0.000321078,0.000360876,0.000359548,0.000296114,0.000170789,6.85E-06,-0.000162617,-0.000311045,-0.00042468,-0.000495661,-0.00051135,-0.000452424,-0.000304346,-7.41E-05,0.000201156,0.000462337,0.0006479,0.000713531,0.000641267,0.000437996,0.000131173,-0.000231564,-0.000580481,-0.000828737,-0.00089202,-0.000720064,-0.000326125,0.000202738,0.000723376,0.001077139,0.001138405,0.00085498,0.000270219,-0.000477284,-0.001178048,-0.001600784,-0.001561586,-0.00099728,-1.53E-05,0.001109278,0.002004799,0.002326874,0.00189383,0.000777835,-0.000691745,-0.002024113,-0.002734951,-0.002528467,-0.00142592,0.000214172,0.001804431,0.00273872,0.002632679,0.001498523,-0.000229352,-0.001848443,-0.00267424,-0.002341989,-0.000985544,0.000801511,0.00222028,0.0026288,0.001843703,0.000233269,-0.001450854,-0.002428763,-0.002264641,-0.001074083,0.000538514,0.001783498,0.002079739,0.001339579,-9.54E-07,-0.001221789,-0.001701676,-0.001240052,-0.000145785,0.000952289,0.001463251,0.001156628,0.000268056,-0.000664998,-0.001131181,-0.000936237,-0.000285726,0.000378217,0.000669323,0.000487123,4.29E-05,-0.000318326,-0.000365764,-0.000125766,0.00017025,0.000281701,0.000145505,-8.68E-05,-0.000185409,-4.19E-05,0.000228735,0.00037034,0.000197122,-0.000231422,-0.000619478,-0.000641639,-0.000203785,0.000444439,0.000853022,0.000690429,1.14E-05,-0.00073815,-0.001011972,-0.000561426,0.000349525,0.001091782,0.001104668,0.000316996,-0.000759809,-0.001363157,-0.001022066,7.62E-05,0.001180539,0.001493245,0.000752414,-0.000548115,-0.001486005,-0.001371062,-0.000264023,0.001040112,0.001576432,0.000923948,-0.0004607,-0.001555464,-0.001521187,-0.000337932,0.001154512,0.001862366,0.001251324,-0.000241527,-0.001520323,-0.001646416,-0.000547984,0.000919831,0.001621411,0.001009616,-0.000447382,-0.001616707,-0.001569434,-0.000302667,0.00124571,0.001909164,0.001187638,-0.000367243,-0.0015781,-0.001550783,-0.00035964,0.001024472,0.001505439,0.000724556,-0.000664252,-0.001522072,-0.001135391,0.000213558,0.001468571,0.001635868,0.000569421,-0.0009173,-0.001697353,-0.001214749,9.62E-05,0.001182177,0.001222606,0.000272664,-0.000813432,-0.001101875,-0.000347816,0.000812093,0.001390919,0.000865032,-0.000395657,-0.001425751,-0.001439938,-0.000452399,0.000756008,0.001279756,0.000805725,-0.000175078
-0.002211605,-0.001231308,-0.000924998,-0.000728013,-0.000583084,-0.000474002,-0.000369486,-0.00023772,-7.02E-05,0.000111131,0.00026986,0.000379897,0.000439208,0.000462524,0.000461485,0.000430678,0.000351861,0.000212482,2.24E-05,-0.000185474,-0.000370271,-0.000502057,-0.000569128,-0.000570719,-0.000504899,-0.000365052,-0.000150024,0.000120506,0.000399615,0.000623848,0.000735712,0.000704204,0.000532272,0.000250929,-9.09E-05,-0.000432506,-0.000703583,-0.000831085,-0.000757753,-0.000469229,-1.57E-05,0.000488512,0.000892749,0.001057946,0.000904402,0.000442561,-0.000222255,-0.000910608,-0.001410268,-0.001532467,-0.00117447,-0.000372333,0.000679437,0.001662469,0.002226967,0.002118235,0.001289912,-4.75E-05,-0.001473572,-0.002493479,-0.002716898,-0.002014395,-0.000588706,0.001074158,0.002367437,0.002789004,0.002148224,0.000667671,-0.001076503,-0.002370821,-0.002661082,-0.001804385,-0.000155648,0.001567853,0.002598086,0.002467812,0.001235155,-0.000533531,-0.002023982,-0.002558156,-0.001916948,-0.000442121,0.00113586,0.002060506,0.00192204,0.000852439,-0.000556305,-0.001567702,-0.001684916,-0.000900912,0.000317142,0.001297407,0.001535163,0.000958954,-5.55E-05,-0.000923833,-0.001196913,-0.00080542,-6.48E-05,0.000548544,0.000699703,0.000382578,-0.000116665,-0.000439816,-0.000401079,-8.99E-05,0.000226974,0.00032025,0.000165397,-5.82E-05,-0.00012892,2.56E-05,0.00026083,0.000330059,9.59E-05,-0.000329733,-0.000639859,-0.000557639,-6.89E-05,0.000524421,0.000794099,0.000500037,-0.000201578,-0.000828912,-0.000901248,-0.000300855,0.000600572,0.001169869,0.000957694,4.79E-05,-0.000958505,-0.001343541,-0.000790341,0.000356693,0.001301207,0.001350891,0.00043057,-0.000830746,-0.001528376,-0.001136233,8.84E-05,0.001263416,0.001512975,0.000620338,-0.00078519,-0.001667384,-0.001343711,-7.74E-06,0.001388304,0.001824161,0.000971837,-0.000546112,-0.001609423,-0.001437076,-0.000180897,0.001181536,0.001586277,0.000699537,-0.000814508,-0.001790211,-0.00145123,-1.44E-05,0.001463199,0.001885807,0.000955655,-0.00060113,-0.001597712,-0.001303916,-4.63E-06,0.001235776,0.001417869,0.000396273,-0.00100772,-0.001658822,-0.001009644,0.0004619,0.001625653,0.001586856,0.000384903,-0.001047573,-0.001626755,-0.000965699,0.000344256,0.001232804,0.001018323,-5.71E-05,-0.00104925,-0.001098384,-0.000135952,0.001061195,0.001505897,0.000803325,-0.000530597,-0.001485996,-0.00136427,-0.000317521,0.000804495,0.001156562,0.000566475,-0.000369251
-0.003137266,-0.001762309,-0.001333939,-0.001046754,-0.000812701,-0.000613764,-0.000421539,-0.000208478,2.85E-05,0.000261552,0.000449002,0.000562261,0.000600387,0.000582488,0.000526568,0.000434281,0.000294618,0.000102474,-0.000124782,-0.000347503,-0.000520946,-0.000615523,-0.000624853,-0.000557605,-0.000423579,-0.000228206,1.90E-05,0.000290372,0.000535677,0.000694278,0.000719023,0.000596203,0.000350103,3.22E-05,-0.000294882,-0.000567605,-0.000726474,-0.000721819,-0.000528538,-0.000166576,0.000286192,0.000703301,0.000945042,0.000907743,0.000565997,-1.01E-05,-0.000668555,-0.001213714,-0.001458291,-0.001278202,-0.000660268,0.000270739,0.001262199,0.001992602,0.002173453,0.001664079,0.000552123,-0.00084333,-0.002061815,-0.002660168,-0.002382833,-0.001275939,0.000304664,0.001803537,0.002662118,0.002533794,0.001435999,-0.00022867,-0.001806965,-0.002648152,-0.002380692,-0.001091816,0.000682879,0.00217485,0.002720086,0.002067505,0.000507756,-0.001250048,-0.002405182,-0.002443263,-0.001380999,0.000245118,0.001644143,0.002160012,0.001590869,0.000277968,-0.001080398,-0.001793299,-0.001530729,-0.000481833,0.000763628,0.001543596,0.001480673,0.00067143,-0.000393211,-0.001123978,-0.001169337,-0.000595338,0.000189027,0.000703615,0.000689857,0.000243162,-0.000286968,-0.000548427,-0.000414564,-3.94E-05,0.000283917,0.000347255,0.000168859,-4.68E-05,-9.08E-05,7.31E-05,0.000276299,0.000286614,1.36E-05,-0.000389068,-0.00061726,-0.000449245,5.74E-05,0.000568139,0.000695891,0.000295959,-0.000390095,-0.000871561,-0.000752642,-4.33E-05,0.0008029,0.001180872,0.000768239,-0.000209616,-0.00109729,-0.001254985,-0.000527722,0.000607794,0.001351221,0.001144973,9.65E-05,-0.001065463,-0.00149607,-0.000852091,0.000431267,0.001428156,0.0013882,0.000301872,-0.001062533,-0.001700942,-0.001112647,0.000310148,0.001547685,0.001695889,0.000642813,-0.000833514,-0.001635764,-0.001170309,0.000196656,0.001405492,0.001504097,0.000381073,-0.001132635,-0.001884011,-0.001276249,0.000266346,0.001610753,0.001773617,0.000669835,-0.000827864,-0.001567277,-0.001009182,0.000360199,0.001419066,0.001297974,6.88E-05,-0.001307824,-0.001737666,-0.000855859,0.000682209,0.001711921,0.00146844,0.000175756,-0.001145647,-0.001492807,-0.000664236,0.000606745,0.001264982,0.000790626,-0.000390906,-0.001270185,-0.001084861,5.60E-05,0.00125804,0.001562778,0.00071534,-0.000638785,-0.001477914,-0.001215281,-0.000140967,0.000849612,0.000999482,0.000289839,-0.000586395
-0.003606358,-0.002037773,-0.001542766,-0.001201233,-0.000911931,-0.00065788,-0.00041364,-0.000155044,0.000117198,0.000371271,0.000562591,0.000661852,0.000670363,0.000612023,0.000510992,0.00037525,0.000199648,-1.57E-05,-0.000248819,-0.000457304,-0.000596274,-0.000639883,-0.000589368,-0.000463717,-0.000283747,-6.45E-05,0.000177835,0.000413442,0.000594907,0.000670474,0.000607569,0.000411038,0.000124069,-0.000187538,-0.000455929,-0.000624924,-0.000654629,-0.000524398,-0.00024167,0.000145267,0.000542627,0.000827287,0.000885243,0.000658073,0.000175443,-0.000442914,-0.001017666,-0.001361181,-0.001333029,-0.000885998,-9.33E-05,0.000851861,0.001671663,0.002078282,0.001872879,0.001037581,-0.000222585,-0.001519377,-0.002402995,-0.002526999,-0.001792797,-0.000411244,0.001151305,0.00233071,0.002673542,0.002019631,0.000585848,-0.001091928,-0.00235107,-0.002665412,-0.001876164,-0.000285371,0.001446077,0.002570806,0.002586991,0.001477804,-0.000263902,-0.001851388,-0.002567755,-0.002105515,-0.000713961,0.000922761,0.002020692,0.002079286,0.001121424,-0.000330202,-0.001527545,-0.001880919,-0.001254133,-1.89E-05,0.001156848,0.001671458,0.001304826,0.000317238,-0.000718411,-0.001249891,-0.001050707,-0.000322672,0.000454996,0.000829085,0.000637677,7.78E-05,-0.000454022,-0.000631873,-0.000399605,2.64E-05,0.000337511,0.000357377,0.000150423,-5.72E-05,-7.35E-05,0.000101123,0.000278396,0.000244445,-4.74E-05,-0.000411867,-0.000558963,-0.00032483,0.000171292,0.000580848,0.000571668,9.31E-05,-0.000545969,-0.000869836,-0.000579991,0.000195438,0.000948333,0.001128667,0.00054854,-0.000444399,-0.0011749,-0.001107709,-0.000248953,0.000821168,0.001335956,0.000892604,-0.000231249,-0.001244124,-0.001396657,-0.000536912,0.000747594,0.00152907,0.001210685,-1.67E-05,-0.001283212,-0.001658731,-0.000839925,0.000604668,0.001632268,0.001489771,0.0002813,-0.001093904,-0.001604377,-0.000863655,0.000565391,0.001582281,0.001379815,6.83E-05,-0.001388988,-0.00189436,-0.00104933,0.00053377,0.00168925,0.001581893,0.000341462,-0.001043918,-0.00149651,-0.000686181,0.00071569,0.001566003,0.001151775,-0.000242448,-0.001549299,-0.001750286,-0.000672912,0.000873398,0.00172892,0.001284764,-5.64E-05,-0.001218038,-0.001311021,-0.000328901,0.000871554,0.001279776,0.000553317,-0.000709436,-0.001460415,-0.001054441,0.000226365,0.001396978,0.001555668,0.000595518,-0.000727304,-0.001411101,-0.0010026,7.29E-05,0.000896649,0.000823207,-5.91E-06,-0.000812992
-0.00358417,-0.002036567,-0.00153565,-0.001180514,-0.000875175,-0.000606207,-0.000350675,-8.63E-05,0.000184389,0.000428139,0.00059968,0.000670724,0.000645617,0.000552887,0.000421911,0.00026543,8.20E-05,-0.000125801,-0.000335111,-0.000504254,-0.000591791,-0.000578183,-0.000473453,-0.000306466,-0.00010702,0.000103682,0.000307621,0.000478052,0.000575926,0.000562622,0.000422153,0.000176805,-0.000115764,-0.00038252,-0.00055906,-0.000604553,-0.000504562,-0.000269193,6.50E-05,0.000430178,0.000729014,0.000855151,0.000730727,0.000346278,-0.000218851,-0.000809695,-0.001240009,-0.00135101,-0.001063837,-0.000410885,0.000460482,0.001313803,0.001878868,0.00193113,0.001377673,0.000318656,-0.000950588,-0.00201537,-0.002481519,-0.00213055,-0.001025561,0.000483848,0.001870412,0.002617664,0.00241946,0.001312856,-0.000312429,-0.001842619,-0.002669011,-0.002435789,-0.001205595,0.00053799,0.002071144,0.002733059,0.002224235,0.000759051,-0.001012646,-0.002293736,-0.002509965,-0.001584461,2.26E-05,0.001535483,0.002240188,0.001831637,0.000556038,-0.000922764,-0.001864586,-0.00182659,-0.000877933,0.000453353,0.001469867,0.001674582,0.001022741,-7.72E-05,-0.001008338,-0.00129384,-0.000850821,-8.19E-06,0.000712301,0.000913351,0.000543845,-0.000103786,-0.000605535,-0.000681077,-0.00035275,0.000106342,0.000384517,0.000347574,0.000108288,-8.96E-05,-7.61E-05,0.000112221,0.000270675,0.000206135,-8.78E-05,-0.000403695,-0.000473946,-0.000192591,0.000270483,0.00056839,0.000433322,-9.68E-05,-0.00066468,-0.000829144,-0.000395251,0.000404657,0.001034429,0.001020689,0.000310568,-0.000648739,-0.001193974,-0.0009136,3.28E-05,0.000992029,0.001263399,0.000610376,-0.000537776,-0.001363112,-0.001240088,-0.000207637,0.001024323,0.001564678,0.000989701,-0.0003236,-0.001442729,-0.001547006,-0.000537439,0.000868342,0.001646469,0.001221192,-9.54E-05,-0.001319055,-0.001521368,-0.000533478,0.00090903,0.001704961,0.001217739,-0.000229243,-0.00157764,-0.001823425,-0.000777638,0.000783641,0.001703726,0.001324013,-1.57E-05,-0.00124447,-0.001393668,-0.000351965,0.001045672,0.00166972,0.000983494,-0.000527402,-0.001723497,-0.001693499,-0.000461206,0.001036586,0.001682408,0.001043961,-0.000307391,-0.001270329,-0.001096608,2.20E-05,0.001126289,0.001276606,0.000316843,-0.000997463,-0.001607077,-0.001000199,0.000377229,0.001478032,0.001484073,0.000441296,-0.000803454,-0.001297933,-0.000739831,0.000315672,0.000947526,0.000639918,-0.00030376,-0.00103493
-0.003051625,-0.001746395,-0.001303716,-0.000979343,-0.000701198,-0.000461542,-0.00023902,-1.14E-05,0.00021967,0.000421921,0.000551871,0.000583808,0.000525524,0.000409426,0.00026845,0.000117796,-4.31E-05,-0.000212594,-0.000370503,-0.000479724,-0.000505263,-0.000435639,-0.000289696,-0.000104443,8.46E-05,0.000254518,0.000390484,0.000474062,0.000478945,0.000382248,0.000184424,-7.82E-05,-0.00033967,-0.000527925,-0.000590158,-0.000507238,-0.000292932,1.39E-05,0.0003548,0.000653264,0.000821666,0.000781787,0.000498062,7.91E-06,-0.000570879,-0.001066684,-0.001307635,-0.001181495,-0.000678781,9.47E-05,0.000938073,0.001602207,0.001856415,0.001562502,0.000738323,-0.000415605,-0.001550806,-0.00227227,-0.002281172,-0.001505263,-0.000157285,0.001315226,0.002380979,0.002624021,0.001913885,0.000476279,-0.001170654,-0.002399947,-0.002716961,-0.001967239,-0.000422859,0.001302584,0.002492907,0.002633901,0.001651827,-3.16E-05,-0.001670711,-0.002529076,-0.002224291,-0.000915138,0.000768115,0.002024713,0.002271417,0.001424687,-6.57E-05,-0.001448912,-0.002053529,-0.00162072,-0.000421369,0.00090051,0.001672377,0.001542035,0.000646467,-0.000485457,-0.001237325,-0.001244161,-0.000576778,0.00032739,0.000937749,0.000941472,0.000406668,-0.000292184,-0.000727842,-0.000685109,-0.000269493,0.000198931,0.000420782,0.000314177,4.10E-05,-0.000143542,-9.63E-05,0.000109219,0.000255942,0.000173446,-0.000108494,-0.000369091,-0.000369858,-6.03E-05,0.000351226,0.000534108,0.000290532,-0.000262589,-0.000739736,-0.000751776,-0.000208231,0.00057319,0.001055977,0.000861152,6.50E-05,-0.000813022,-0.001153176,-0.000681152,0.000304871,0.001112478,0.001136991,0.000312046,-0.000807267,-0.001414722,-0.001031985,0.00012018,0.001245712,0.001528505,0.00073075,-0.0006071,-0.001532559,-0.001367041,-0.00021475,0.001091717,0.001589946,0.000901633,-0.000469992,-0.001496686,-0.001387603,-0.000193551,0.001209307,0.001761438,0.001017558,-0.000502925,-0.001689351,-0.001668651,-0.000465926,0.001010012,0.001654686,0.00100964,-0.000387621,-0.001420708,-0.001261995,-2.12E-05,0.001332058,0.001718735,0.00079358,-0.000776053,-0.00181844,-0.001560096,-0.000219675,0.001170646,0.001573996,0.000751385,-0.000572481,-0.001304455,-0.00086112,0.000370878,0.001356025,0.001251073,8.96E-05,-0.00123853,-0.001693811,-0.000912247,0.000510694,0.001498612,0.001344304,0.000248884,-0.000872915,-0.001147759,-0.000438653,0.000578337,0.00100145,0.000459289,-0.000587046,-0.001236085
-0.00206925,-0.001199759,-0.000873149,-0.000621024,-0.000411001,-0.000242368,-9.41E-05,5.82E-05,0.00021602,0.000350813,0.000422994,0.000410609,0.00032477,0.000200406,7.18E-05,-4.63E-05,-0.000156598,-0.000261698,-0.000347605,-0.000384846,-0.000346974,-0.000231101,-6.36E-05,0.000113383,0.000262795,0.00036477,0.000412478,0.000399837,0.000315866,0.0001537,-7.24E-05,-0.000317316,-0.000514702,-0.000601262,-0.00054249,-0.000344317,-4.76E-05,0.000286309,0.000586961,0.000781986,0.000805145,0.000614117,0.000216106,-0.000312984,-0.000833417,-0.001177829,-0.001208338,-0.000871069,-0.000224868,0.000566825,0.001277048,0.001676748,0.001602163,0.001013989,3.20E-05,-0.001073261,-0.00194444,-0.002250712,-0.001817528,-0.000720005,0.000709541,0.001978924,0.002611609,0.002334804,0.001202816,-0.000400252,-0.00188817,-0.002689235,-0.002472671,-0.001295647,0.000395365,0.001924282,0.002655339,0.002268317,0.000916423,-0.000817531,-0.0021656,-0.002520834,-0.001725322,-0.000155661,0.001447341,0.002330968,0.002094637,0.000883286,-0.000689714,-0.00185274,-0.002061959,-0.001266064,8.41E-05,0.001282288,0.001737516,0.001273524,0.000200593,-0.000872399,-0.001378237,-0.001094613,-0.000244582,0.000655357,0.001104209,0.000899119,0.000227774,-0.000474794,-0.000806262,-0.00063466,-0.000148419,0.000300123,0.000441359,0.000255099,-4.97E-05,-0.00021407,-0.000128312,9.74E-05,0.000237743,0.00014709,-0.000112799,-0.000315751,-0.000257153,6.26E-05,0.00040973,0.00048217,0.000153579,-0.000393572,-0.000766514,-0.000642106,-2.94E-05,0.000691716,0.001011812,0.000658794,-0.000174553,-0.000928033,-0.001054284,-0.000422638,0.000552327,0.001175472,0.000963105,1.41E-05,-0.001023415,-0.001393571,-0.000781627,0.000428417,0.001396208,0.001416682,0.000442248,-0.000854534,-0.001546493,-0.00112426,0.000115321,0.001265336,0.001465994,0.000548012,-0.000820757,-0.001613002,-0.001205218,0.000140121,0.00144672,0.001739924,0.000779573,-0.000745141,-0.001718661,-0.00143297,-0.000123565,0.001205747,0.001545697,0.000654321,-0.000754562,-0.001560071,-0.001103812,0.000290556,0.00155578,0.001701089,0.000581853,-0.000980391,-0.001825905,-0.001347319,4.98E-05,0.001274751,0.001409056,0.000417894,-0.000842187,-0.001320572,-0.00061743,0.0006972,0.001542634,0.001196554,-0.000121373,-0.001416966,-0.001704724,-0.000780261,0.000631081,0.0014602,0.001137508,1.80E-05,-0.000941002,-0.000973237,-0.000116478,0.000845953,0.001053769,0.00029011,-0.000837371,-0.001397102
-0.000830063,-0.000504828,-0.000328745,-0.000175116,-5.95E-05,1.15E-05,5.98E-05,0.000113508,0.000178858,0.000232888,0.000241198,0.000186089,8.14E-05,-3.69E-05,-0.000135498,-0.000202161,-0.000244363,-0.000271267,-0.000277137,-0.000241762,-0.000147885,-4.99E-07,0.000168651,0.000315502,0.000405306,0.000424958,0.000378628,0.000274437,0.000116921,-8.66E-05,-0.000312034,-0.000511535,-0.000624498,-0.000602326,-0.000432114,-0.000144566,0.000196841,0.000515925,0.000740778,0.000813155,0.000695716,0.000384288,-7.59E-05,-0.000582028,-0.000989106,-0.001151272,-0.00097735,-0.000475166,0.000236776,0.000957207,0.001459581,0.001560188,0.001178151,0.000372816,-0.000652824,-0.001591626,-0.002116065,-0.001990582,-0.001176384,0.000118678,0.001481033,0.002424243,0.002571441,0.00181512,0.000383521,-0.001222888,-0.002408809,-0.002711772,-0.001992238,-0.00050763,0.001168283,0.00236169,0.002573334,0.001700563,0.000103919,-0.001527669,-0.002470751,-0.002296648,-0.001081097,0.000616111,0.002005813,0.002443951,0.001743411,0.000264786,-0.001264126,-0.002111601,-0.001904142,-0.000802612,0.000595892,0.001575971,0.001673394,0.000902632,-0.000273401,-0.001208596,-0.001425843,-0.000863387,0.000115839,0.000949272,0.001199327,0.00078948,1.92E-05,-0.000640323,-0.000837064,-0.000534438,1.54E-06,0.0004026,0.000444523,0.000174804,-0.000154927,-0.000291051,-0.0001627,8.40E-05,0.000219763,0.000125577,-0.000107923,-0.000254963,-0.000147096,0.00016975,0.000446952,0.000419202,2.92E-05,-0.000488683,-0.000751718,-0.000510765,0.000134367,0.000763719,0.000916071,0.0004315,-0.000396847,-0.000995802,-0.000911365,-0.000154951,0.000766642,0.001186367,0.000757082,-0.000268908,-0.001183102,-0.001310364,-0.000506363,0.00070496,0.001477008,0.001242093,0.000138455,-0.00106186,-0.001495055,-0.000837376,0.000438788,0.001390372,0.001291517,0.000183233,-0.001132014,-0.001667142,-0.000985295,0.000454973,0.001616963,0.00164597,0.000511658,-0.000956207,-0.001678959,-0.001137618,0.000232604,0.001369168,0.001391949,0.000281562,-0.001097396,-0.001656178,-0.000924333,0.000574811,0.001713101,0.001619481,0.000351783,-0.001143752,-0.0017585,-0.001071425,0.000337361,0.001352994,0.00120431,6.36E-05,-0.001104078,-0.00131958,-0.000376917,0.000987378,0.00167768,0.0011113,-0.000314848,-0.001533237,-0.00164243,-0.000604807,0.000744973,0.001377374,0.000880702,-0.000240867,-0.00101052,-0.000789955,0.000205613,0.001101476,0.001097559,0.00013553,-0.001045971,-0.001508356
0.000504512,0.000247798,0.000258491,0.000300252,0.000307489,0.000267201,0.000203122,0.000147798,0.00011358,8.39E-05,3.04E-05,-6.05E-05,-0.00017305,-0.000272098,-0.000327056,-0.000330419,-0.000296005,-0.000240975,-0.000168901,-6.93E-05,6.65E-05,0.000227099,0.000378241,0.000477351,0.000495372,0.000428706,0.000294092,0.000113918,-9.34E-05,-0.000309912,-0.000506586,-0.000638738,-0.00065723,-0.000531959,-0.000272357,6.92E-05,0.000413343,0.000678525,0.000801179,0.00074543,0.000506885,0.00011758,-0.000347701,-0.00077354,-0.00102588,-0.000994772,-0.000643091,-3.72E-05,0.000659092,0.001229574,0.001473309,0.001271674,0.00063364,-0.000292805,-0.001247568,-0.001922597,-0.002054471,-0.001523625,-0.000425059,0.000927374,0.002083567,0.002611085,0.002267043,0.001115529,-0.00046765,-0.001917077,-0.00268676,-0.002466548,-0.001318239,0.000328891,0.001830794,0.002579291,0.002255322,0.000979007,-0.000718078,-0.002103725,-0.002561258,-0.001874427,-0.000343258,0.001337921,0.002397157,0.002351166,0.001240963,-0.000386107,-0.001745501,-0.002203499,-0.001587604,-0.000260494,0.001078697,0.001759911,0.001482531,0.000453839,-0.000741965,-0.001467715,-0.001372357,-0.000562559,0.000480709,0.001186024,0.001210483,0.00061322,-0.000209438,-0.000778231,-0.000815324,-0.000387111,0.000172897,0.000499152,0.000427515,7.63E-05,-0.000267369,-0.000365404,-0.00019119,7.49E-05,0.000204434,0.000107471,-9.92E-05,-0.000194788,-4.80E-05,0.00025562,0.000462282,0.000348898,-7.77E-05,-0.000546216,-0.000698791,-0.000364609,0.000277755,0.000790282,0.000777675,0.000192246,-0.00059185,-0.001015227,-0.000732876,0.000109262,0.000939135,0.001146021,0.000528476,-0.000525671,-0.001281159,-0.001170078,-0.00021812,0.00093899,0.001485627,0.00101177,-0.000169886,-0.00122331,-0.001382697,-0.000518834,0.00074362,0.001464054,0.001076077,-0.000175746,-0.001388982,-0.001654172,-0.000733512,0.000740815,0.001713328,0.001480135,0.000218547,-0.001134467,-0.001577082,-0.000796767,0.000588623,0.001495406,0.001201599,-9.13E-05,-0.001398692,-0.00169969,-0.000724515,0.000824649,0.001797969,0.001472478,0.000104791,-0.001267003,-0.001622947,-0.000743301,0.000634421,0.001405313,0.000969953,-0.000295937,-0.001345656,-0.001298436,-0.000146465,0.001229718,0.001751348,0.000991099,-0.000490367,-0.001585639,-0.001506293,-0.000385263,0.000856177,0.001259003,0.000585657,-0.000518859,-0.001081107,-0.000607828,0.000511312,0.001329472,0.001124622,-3.35E-06,-0.001205006,-0.001559864
0.001718861,0.000937138,0.000793644,0.000727274,0.000628888,0.000480926,0.00030963,0.000152321,2.74E-05,-7.49E-05,-0.000177459,-0.000290057,-0.000396633,-0.000464505,-0.000467829,-0.000405193,-0.000297554,-0.000170239,-3.57E-05,0.000107886,0.000262355,0.000413124,0.000526776,0.000565938,0.000510176,0.000366889,0.000165031,-6.10E-05,-0.000283122,-0.000478032,-0.000618357,-0.000668639,-0.000595791,-0.000389702,-7.95E-05,0.000267483,0.000566154,0.000740823,0.000746142,0.000574458,0.000254042,-0.000154224,-0.000559789,-0.00085196,-0.000924547,-0.000714442,-0.000239272,0.000387639,0.000979553,0.001332712,0.001296399,0.000830235,2.87E-05,-0.000894581,-0.001659164,-0.001996069,-0.001735959,-0.000883412,0.000352237,0.00159481,0.002412729,0.002475284,0.001695662,0.000295443,-0.001250045,-0.002376804,-0.002648695,-0.001938891,-0.000498331,0.001124387,0.002288338,0.002516123,0.001698667,0.00015989,-0.001458393,-0.002457979,-0.002389357,-0.001265388,0.000424414,0.001922007,0.0025473,0.002022051,0.000609234,-0.001009838,-0.002067354,-0.002086352,-0.001111868,0.000323365,0.001480363,0.001794746,0.001158105,-4.49E-05,-0.001157638,-0.001606483,-0.0011985,-0.000203292,0.000817137,0.001328789,0.001113774,0.000366989,-0.000444974,-0.000870308,-0.000729531,-0.000193385,0.000355286,0.000577456,0.000383785,-3.75E-05,-0.000376483,-0.000423549,-0.000201834,7.77E-05,0.000194401,9.08E-05,-9.27E-05,-0.000144784,2.92E-05,0.000311393,0.000452276,0.000274242,-0.000160514,-0.000560791,-0.000608363,-0.000210718,0.000391988,0.000768274,0.000603909,-4.30E-05,-0.000743049,-0.000979024,-0.000525634,0.000352932,0.001053159,0.001048942,0.000286483,-0.000738607,-0.001303887,-0.000972608,6.91E-05,0.001111663,0.001410966,0.000729378,-0.000468017,-0.0013249,-0.00120773,-0.000181853,0.001010368,0.001474912,0.00082597,-0.000506592,-0.001565657,-0.00155909,-0.000452947,0.000981339,0.001718887,0.001235696,-9.51E-05,-0.001272519,-0.001414214,-0.000424668,0.0009238,0.001570896,0.000979021,-0.000441986,-0.001629556,-0.001670234,-0.000501407,0.001028177,0.001794647,0.001251151,-0.000158561,-0.001346274,-0.001420884,-0.000373415,0.000927309,0.001425589,0.000714613,-0.00063982,-0.001545077,-0.001247128,6.65E-05,0.001404595,0.001743547,0.000825562,-0.000646332,-0.001566033,-0.001289087,-0.000118424,0.000966925,0.00111165,0.000264748,-0.000803015,-0.001148304,-0.000436949,0.000778149,0.001505121,0.001119663,-0.000125877,-0.001300255,-0.001532529
0.00265037,0.001470158,0.001204695,0.001049271,0.000863314,0.000627036,0.000369216,0.0001312,-6.34E-05,-0.000218592,-0.000352101,-0.000471295,-0.000560912,-0.000592118,-0.000544731,-0.000423694,-0.000256591,-7.57E-05,9.91E-05,0.000263327,0.000414375,0.000537207,0.000602262,0.000579727,0.000459023,0.000258172,1.62E-05,-0.000224032,-0.000429416,-0.000576723,-0.000645098,-0.000612189,-0.000462641,-0.000204969,0.000116673,0.000427845,0.000646586,0.00071166,0.00060169,0.000338423,-2.15E-05,-0.000398042,-0.000697862,-0.000828668,-0.000722476,-0.000366367,0.000173244,0.000751135,0.001178498,0.001285019,0.000984311,0.000315793,-0.000554044,-0.001372325,-0.001870539,-0.00184701,-0.001240388,-0.000172181,0.001062614,0.00206829,0.002475162,0.002082615,0.000961414,-0.000537834,-0.001890641,-0.00258939,-0.00234675,-0.001226197,0.00036158,0.001804494,0.002525752,0.002220344,0.000993643,-0.000662235,-0.00205687,-0.002587911,-0.002008292,-0.000552846,0.00114627,0.002333148,0.002474746,0.001517326,-7.89E-05,-0.001555522,-0.002222775,-0.001797508,-0.000538166,0.000893996,0.001777062,0.00169585,0.000743381,-0.000546055,-0.001491418,-0.001625724,-0.000929965,0.000180616,0.001101803,0.001375317,0.000926147,7.52E-05,-0.000669488,-0.000913818,-0.000591701,2.77E-05,0.000532345,0.00063023,0.00031586,-0.000158117,-0.000472267,-0.000457432,-0.000189547,9.47E-05,0.000189481,7.28E-05,-9.32E-05,-0.000109307,8.31E-05,0.000339845,0.000422407,0.000198953,-0.000221844,-0.000542764,-0.00049428,-5.85E-05,0.000478862,0.000711556,0.000414051,-0.000260148,-0.00084944,-0.000899106,-0.000305991,0.000566545,0.001112403,0.000908873,4.42E-05,-0.000906066,-0.001264023,-0.000737532,0.000342149,0.001225986,0.001271409,0.000417341,-0.00074386,-0.001372505,-0.000989571,0.000153891,0.001231882,0.001431714,0.000557831,-0.000798027,-0.00166454,-0.00139546,-0.000156443,0.001176351,0.001648896,0.000934391,-0.000415639,-0.001375024,-0.001211389,-4.63E-05,0.00122336,0.001597491,0.00073762,-0.000757208,-0.00178579,-0.001572267,-0.000259428,0.001190216,0.001718678,0.000973364,-0.000430712,-0.001391795,-0.001176805,1.21E-05,0.001201406,0.001416137,0.000452495,-0.000952538,-0.001693481,-0.001163683,0.000263043,0.001517302,0.001663218,0.000620274,-0.000788139,-0.001492201,-0.001013681,0.000179656,0.001076701,0.000950171,-6.04E-05,-0.0010759,-0.001205349,-0.000280308,0.00099896,0.001621905,0.001077383,-0.00023872,-0.001341365,-0.001436245
0.003183073,0.001780464,0.001440217,0.001225779,0.000981345,0.000687468,0.000374988,8.78E-05,-0.000146861,-0.000328722,-0.000471665,-0.00058175,-0.000645718,-0.000639491,-0.000548837,-0.000384469,-0.000179121,3.00E-05,0.000218592,0.000378046,0.000504466,0.00058509,0.0005966,0.000518208,0.000349203,0.00011651,-0.000134053,-0.000355965,-0.000516034,-0.000596037,-0.00058563,-0.000477745,-0.000274381,7.03E-07,0.000294627,0.000533908,0.00064823,0.000597319,0.000386555,6.49E-05,-0.000289911,-0.000589624,-0.000751015,-0.000711058,-0.000445756,9.68E-06,0.000550765,0.001017994,0.00124058,0.001098129,0.00057539,-0.000215135,-0.001055129,-0.001681494,-0.001867204,-0.001498047,-0.000623265,0.000537006,0.001637798,0.00230671,0.00227164,0.00147705,0.000137973,-0.001305355,-0.002332384,-0.002539808,-0.001813281,-0.000396262,0.001183495,0.002310158,0.002524726,0.001720174,0.000202371,-0.001417273,-0.00246397,-0.002483797,-0.001450164,0.000205048,0.001764458,0.002538932,0.002185357,0.000876347,-0.000770333,-0.001980983,-0.002199191,-0.0013579,9.09E-05,0.001408188,0.00194482,0.001467721,0.00026636,-0.001013614,-0.001717235,-0.001520157,-0.00058173,0.00056441,0.001314186,0.0013193,0.000656805,-0.00024431,-0.000867171,-0.000903035,-0.000408051,0.000262383,0.000690158,0.000649523,0.000223868,-0.000279157,-0.000546268,-0.000459895,-0.000150103,0.000127283,0.000188942,5.14E-05,-0.000103178,-9.09E-05,0.000112509,0.000342114,0.000375462,0.000125255,-0.00026278,-0.000497759,-0.000364965,8.51E-05,0.000537797,0.000627475,0.000220434,-0.000448209,-0.000907385,-0.000780929,-8.46E-05,0.000741313,0.001115656,0.000732468,-0.000189295,-0.001023884,-0.001166428,-0.0004763,0.000590577,0.001280221,0.001076102,9.05E-05,-0.000986084,-0.001365573,-0.00073868,0.000473849,0.001398827,0.001335619,0.000281122,-0.001040039,-0.001682505,-0.001168646,0.000147489,0.001322337,0.00150946,0.000589204,-0.00073183,-0.001440652,-0.000979501,0.000320749,0.001472988,0.001571256,0.000484044,-0.001025955,-0.001859535,-0.001404335,-6.23E-07,0.0013112,0.001576519,0.000649182,-0.000705045,-0.001406912,-0.000904802,0.000394403,0.001442743,0.001374234,0.000191933,-0.001220748,-0.001779762,-0.00104285,0.0004439,0.001568272,0.001512501,0.000377235,-0.000918173,-0.001373469,-0.000694066,0.000496888,0.001182158,0.000782426,-0.000374392,-0.001322249,-0.001243783,-0.000138416,0.001166941,0.001671391,0.000990909,-0.000346886,-0.001332652,-0.001274791
0.003194668,0.001797834,0.001445855,0.001214225,0.000952371,0.000643971,0.000320811,2.70E-05,-0.000209072,-0.00038493,-0.000512379,-0.000597512,-0.000630091,-0.00059123,-0.000472187,-0.000287872,-7.36E-05,0.000131955,0.000303121,0.000431035,0.000513463,0.000542548,0.000502944,0.000383257,0.000191248,-4.05E-05,-0.000264221,-0.000435119,-0.000525501,-0.000526541,-0.000441042,-0.000277389,-5.22E-05,0.000201144,0.000428924,0.000567272,0.000564955,0.000406791,0.000124194,-0.000212679,-0.000515554,-0.000700783,-0.000707126,-0.000508543,-0.000125456,0.000367069,0.000842591,0.001147744,0.001148779,0.0007864,0.000114781,-0.00069675,-0.001405884,-0.001771322,-0.001633707,-0.000977021,4.94E-05,0.001158094,0.001997814,0.002262385,0.001804043,0.000711647,-0.000686222,-0.001912112,-0.002506018,-0.002208865,-0.001086172,0.000469546,0.001872336,0.002567665,0.002259873,0.001046754,-0.000601432,-0.002019517,-0.002616738,-0.002129977,-0.000750805,0.000938598,0.002206916,0.002496314,0.001682604,0.000145294,-0.001398798,-0.002230864,-0.001976461,-0.000789717,0.000723449,0.001810008,0.001949318,0.001111356,-0.000240627,-0.001402351,-0.001799605,-0.001279627,-0.000170379,0.000916778,0.001426208,0.001150003,0.000315805,-0.000568538,-0.001015545,-0.000827756,-0.000184581,0.000493235,0.000809583,0.000623385,0.000106842,-0.000392741,-0.000587225,-0.000421631,-7.87E-05,0.000176029,0.00019098,2.42E-05,-0.000125289,-9.15E-05,0.000116631,0.000319157,0.00031402,5.56E-05,-0.000283652,-0.000430824,-0.000229271,0.000211797,0.000566096,0.000522288,3.64E-05,-0.000593199,-0.000909942,-0.000628483,0.000126208,0.000864664,0.001058022,0.000525219,-0.000402721,-0.001083983,-0.001013118,-0.000200758,0.000800473,0.001268524,0.000832666,-0.000233503,-0.001177911,-0.001298779,-0.000464704,0.000759581,0.001495676,0.001183265,5.22E-06,-0.001218616,-0.001611526,-0.00088188,0.000448249,0.001411334,0.00130364,0.000214316,-0.001027197,-0.001462472,-0.00072742,0.000655839,0.001651663,0.001482444,0.000223653,-0.001233535,-0.001837243,-0.001161343,0.000272414,0.001388061,0.001371652,0.000289108,-0.00097118,-0.001390923,-0.000618286,0.000750902,0.001630724,0.001292173,-5.88E-05,-0.001426272,-0.001786307,-0.000875205,0.000609881,0.001554815,0.001290581,9.80E-05,-0.001036957,-0.001217552,-0.000345385,0.000817077,0.001275383,0.000614644,-0.000658968,-0.001520733,-0.001249615,-1.00E-05,0.001272695,0.001640431,0.000849748,-0.000456078,-0.00127686,-0.001050294
0.00270866,0.001533924,0.001231483,0.00102462,0.000787028,0.000507691,0.000217841,-4.08E-05,-0.000241369,-0.000381365,-0.000472164,-0.000521001,-0.000521223,-0.000458999,-0.00032998,-0.000151113,4.28E-05,0.000214944,0.000342052,0.00041797,0.000444652,0.000420806,0.000339613,0.000198219,1.04E-05,-0.000189601,-0.000356867,-0.000453419,-0.000461263,-0.000383603,-0.000236861,-4.29E-05,0.000171454,0.000369634,0.000504407,0.000528308,0.000413586,0.000170616,-0.000147376,-0.000457529,-0.000672053,-0.000722997,-0.00057907,-0.000253406,0.000194402,0.000661967,0.001018338,0.001134226,0.000925799,0.00039761,-0.000336862,-0.001073402,-0.001574242,-0.001646644,-0.001214778,-0.000358896,0.000693212,0.001623052,0.00211436,0.001958953,0.001143881,-0.000114593,-0.001415563,-0.002297172,-0.002405897,-0.001648196,-0.000256211,0.001273562,0.002358336,0.002559304,0.001769663,0.000277084,-0.001334699,-0.002413947,-0.002509936,-0.00157136,1.57E-05,0.001577673,0.002438205,0.002219513,0.001023224,-0.000602174,-0.001905902,-0.00228604,-0.001580262,-0.000148752,0.001300643,0.002063603,0.001790802,0.000657978,-0.00073475,-0.001680795,-0.001733334,-0.000925353,0.000269876,0.001209471,0.001429922,0.000882646,-6.74E-05,-0.000868742,-0.001099387,-0.000690749,6.27E-05,0.000700978,0.000877379,0.000548659,-3.03E-05,-0.000491462,-0.00059038,-0.000342692,2.08E-05,0.000236046,0.00019197,-1.02E-05,-0.000158143,-0.000107338,0.000101537,0.000278206,0.000244103,-8.12E-06,-0.000288861,-0.00035149,-9.75E-05,0.000316012,0.000566669,0.000405908,-0.000126913,-0.000690061,-0.000861505,-0.000452953,0.000316002,0.000934008,0.000946857,0.000299336,-0.000588063,-0.001089262,-0.000817338,7.36E-05,0.00096468,0.001197871,0.000559083,-0.000536108,-0.001310679,-0.001177538,-0.000181976,0.000998309,0.001519419,0.000981534,-0.00026092,-0.001332434,-0.001461927,-0.000551934,0.000733785,0.001445316,0.001048096,-0.000167742,-0.001285806,-0.001438979,-0.000466372,0.000944255,0.001751023,0.001332261,-3.77E-05,-0.001377839,-0.001725251,-0.000854827,0.000551968,0.001424806,0.001120164,-8.69E-05,-0.001216812,-0.001346246,-0.000332454,0.001062791,0.001752928,0.00116803,-0.000294366,-0.0015632,-0.001710797,-0.000660448,0.000764537,0.001487285,0.001012156,-0.000206176,-0.001144995,-0.001038926,9.64E-06,0.001119726,0.001346948,0.000450669,-0.000901643,-0.001657567,-0.001212671,0.000111058,0.001320636,0.001532825,0.000655099,-0.000571289,-0.00118656,-0.000779356
0.001828675,0.001045955,0.000842419,0.000695259,0.000517096,0.00030354,8.37E-05,-0.000105628,-0.000241485,-0.000323148,-0.000362869,-0.000369714,-0.000340736,-0.00026658,-0.00014588,4.67E-06,0.000153677,0.000269447,0.000333957,0.000346122,0.000313615,0.000242299,0.000133398,-9.12E-06,-0.000168402,-0.00031237,-0.000403281,-0.000413701,-0.000337878,-0.000191748,-3.96E-06,0.000193589,0.00036897,0.000488432,0.000517057,0.00042799,0.0002182,-7.90E-05,-0.000395035,-0.000643572,-0.000747211,-0.000661686,-0.000389202,2.06E-05,0.000477937,0.000867438,0.00106962,0.00099264,0.000608661,-1.84E-05,-0.000731308,-0.001314464,-0.00155977,-0.001341809,-0.000673507,0.000280626,0.001241925,0.001896963,0.001997452,0.001451736,0.00037736,-0.000910177,-0.001982099,-0.002438361,-0.002063046,-0.000931271,0.000586468,0.001940812,0.00260784,0.002303235,0.001114653,-0.000511669,-0.001935597,-0.002579216,-0.002170691,-0.000871042,0.000777969,0.002073477,0.00245296,0.001748393,0.000274574,-0.001300265,-0.002254663,-0.002151725,-0.001052157,0.00050852,0.001777375,0.002153924,0.001487098,0.000145137,-0.00118023,-0.001833571,-0.001530181,-0.000488589,0.000705326,0.001423453,0.001329551,0.000541226,-0.000461663,-0.001121032,-0.001111009,-0.000500333,0.000317104,0.00087066,0.000886938,0.000427674,-0.000180824,-0.000569929,-0.000555576,-0.000228253,0.000140615,0.000300404,0.00018808,-5.18E-05,-0.000198422,-0.000132261,7.52E-05,0.000227425,0.000171588,-6.50E-05,-0.000283053,-0.000268112,2.27E-05,0.000395292,0.000543723,0.000286403,-0.000263498,-0.000739593,-0.000770423,-0.000265499,0.000478036,0.000951972,0.000792925,6.67E-05,-0.000740664,-0.001046274,-0.000593293,0.000334123,0.001080751,0.001078534,0.000272606,-0.000803238,-0.00138138,-0.001010065,9.74E-05,0.001183306,0.001473238,0.000739799,-0.000510954,-0.001386004,-0.001249329,-0.000197395,0.000993851,0.001429145,0.000760362,-0.000536736,-0.001495396,-0.001370225,-0.000204482,0.00117861,0.001770697,0.00112635,-0.000295521,-0.001462956,-0.00153732,-0.000501464,0.000828744,0.001426056,0.00083856,-0.000459853,-0.001430846,-0.001274344,-5.78E-05,0.001318813,0.001803885,0.001002589,-0.000512538,-0.001632989,-0.001558829,-0.000403268,0.000910643,0.00137825,0.000694884,-0.000521973,-0.001241006,-0.000849689,0.000351639,0.001387503,0.001388131,0.000291015,-0.001096716,-0.001726337,-0.001127211,0.000231603,0.001320336,0.001359419,0.000414018,-0.000694643,-0.001074421,-0.000480541
0.000666256,0.000395734,0.000327469,0.00026706,0.000176136,5.74E-05,-6.40E-05,-0.000158145,-0.000208251,-0.000216875,-0.000197962,-0.000162656,-0.000111406,-3.84E-05,5.64E-05,0.000158776,0.000243652,0.000287142,0.000278774,0.000224036,0.000136881,2.99E-05,-8.91E-05,-0.000211735,-0.000321374,-0.000391848,-0.000396097,-0.000319793,-0.000170316,2.48E-05,0.000227777,0.00040145,0.000514405,0.000541256,0.000463675,0.000277182,1.78E-06,-0.0003117,-0.000587847,-0.000746677,-0.000729933,-0.000522121,-0.000158362,0.000282129,0.000692299,0.000959119,0.000989299,0.000737555,0.00023187,-0.000415583,-0.001024286,-0.001392164,-0.001362763,-0.00088937,-6.91E-05,0.000870674,0.001633616,0.001946906,0.001656151,0.000792393,-0.000414411,-0.001588262,-0.002320285,-0.002312702,-0.001504789,-0.000126481,0.001356032,0.002397978,0.002585449,0.001813201,0.000350289,-0.001245786,-0.002342395,-0.002490545,-0.001620625,-8.71E-05,0.001466773,0.002375402,0.002240733,0.001116779,-0.000500135,-0.00188347,-0.002404405,-0.001827308,-0.00042864,0.001127458,0.002106352,0.002060964,0.001050979,-0.000392119,-0.001540028,-0.001841093,-0.001197092,2.24E-06,0.001101702,0.001536213,0.001124944,0.000146835,-0.000835842,-0.001298998,-0.001039292,-0.000262459,0.000562253,0.000985573,0.000829325,0.000261374,-0.000337567,-0.000621295,-0.000481138,-8.29E-05,0.000272506,0.000361064,0.00017472,-0.00010074,-0.000242253,-0.00015988,4.51E-05,0.000174127,0.00010181,-0.000113349,-0.00026935,-0.000187403,0.000124183,0.000445976,0.000499188,0.000169981,-0.000367211,-0.00074062,-0.000642332,-7.58E-05,0.00060458,0.000918143,0.000603952,-0.000161564,-0.000853641,-0.00095763,-0.000352188,0.000567928,0.001142981,0.000916545,-1.18E-05,-0.001019498,-0.001382937,-0.000800691,0.000362025,0.001304974,0.001355736,0.000464486,-0.000737629,-0.001379599,-0.000984795,0.000164711,0.001215552,0.001362671,0.000454164,-0.000872309,-0.001639795,-0.00125146,5.23E-05,0.001349509,0.001705756,0.000866759,-0.000545253,-0.001489137,-0.001282584,-0.000116038,0.001091081,0.001391486,0.000539423,-0.000810811,-0.001598494,-0.001172056,0.000197334,0.001505897,0.001774026,0.000793621,-0.000710597,-0.001633469,-0.001332115,-0.000107313,0.001048239,0.001235764,0.000353464,-0.000835222,-0.001320012,-0.000658148,0.000662355,0.001600889,0.001386766,0.000134395,-0.001237185,-0.001717347,-0.000984979,0.000358028,0.001278272,0.00112758,0.000132337,-0.000826367,-0.000949619,-0.000169974
-0.00060376,-0.00031904,-0.00023661,-0.000196639,-0.000185358,-0.000193646,-0.000201745,-0.000188631,-0.000144894,-7.72E-05,-1.50E-06,6.94E-05,0.000132494,0.000191084,0.000245572,0.000286467,0.000296948,0.000262949,0.000182779,6.88E-05,-5.95E-05,-0.000184343,-0.000293694,-0.000377726,-0.000423272,-0.000413151,-0.000333245,-0.0001831,1.79E-05,0.000233866,0.000422649,0.000547454,0.000582955,0.00051643,0.000348095,9.46E-05,-0.000206039,-0.00049348,-0.000695369,-0.000747531,-0.000617258,-0.000318964,8.46E-05,0.000496242,0.000806658,0.000920924,0.000783309,0.000398285,-0.000157761,-0.00074202,-0.001174761,-0.001291364,-0.001003056,-0.00034343,0.000521822,0.001332442,0.001811057,0.001756847,0.001124204,5.80E-05,-0.001132016,-0.002056665,-0.002374134,-0.001918729,-0.00078487,0.000675339,0.001955841,0.002576195,0.002273645,0.001127526,-0.000445925,-0.001840237,-0.002496885,-0.00213983,-0.000904422,0.000702281,0.002003277,0.00243722,0.001807051,0.000379031,-0.001221209,-0.002280309,-0.002320632,-0.00132681,0.000237859,0.001643427,0.002240304,0.001773979,0.000508705,-0.000907712,-0.001773644,-0.001689143,-0.000752261,0.000507046,0.001417906,0.001525758,0.000822687,-0.000270349,-0.001151831,-0.0013741,-0.000875821,1.18E-05,0.000777504,0.001028071,0.000698159,5.50E-05,-0.000489852,-0.000637731,-0.000367502,8.46E-05,0.000403706,0.000406961,0.000146372,-0.000156,-0.000283749,-0.000181564,2.07E-05,0.000126816,4.07E-05,-0.000151565,-0.000250929,-0.000116027,0.000200241,0.000465051,0.000435535,6.27E-05,-0.000433334,-0.00069446,-0.000485656,0.000104578,0.00068798,0.000834182,0.000390726,-0.000371958,-0.000919537,-0.000827361,-0.000107541,0.000760646,0.001145896,0.000719777,-0.000276949,-0.001168645,-0.001309318,-0.000555893,0.000599199,0.001354233,0.001168125,0.000165206,-0.000932069,-0.001314831,-0.000683339,0.000512712,0.001382958,0.001245547,0.000145396,-0.001151275,-0.00170095,-0.001077396,0.000298158,0.001448775,0.001554039,0.000558826,-0.000780526,-0.001458117,-0.000974941,0.000280435,0.001322317,0.001318963,0.000236899,-0.00111738,-0.001701534,-0.001033962,0.000425818,0.001612178,0.001655442,0.000540422,-0.000885792,-0.001564971,-0.001037044,0.000218788,0.001174494,0.001068575,6.47E-06,-0.001126699,-0.001373081,-0.000471158,0.000922598,0.001738225,0.001328438,-2.25E-05,-0.001318022,-0.001623027,-0.000779435,0.00049659,0.00120326,0.000849278,-0.000178907,-0.000963187,-0.000821202,0.00013292
-0.001782194,-0.000985612,-0.000761798,-0.000624903,-0.000513381,-0.000413142,-0.000310869,-0.000195095,-6.42E-05,7.12E-05,0.000193752,0.000289685,0.000354165,0.00038928,0.000396823,0.000373073,0.000310555,0.00020551,6.49E-05,-9.31E-05,-0.000244931,-0.000369925,-0.000454214,-0.000488993,-0.00046673,-0.000380741,-0.000230242,-2.76E-05,0.000198656,0.000408047,0.000559083,0.000620061,0.00057547,0.000427084,0.000192904,-9.30E-05,-0.000380763,-0.000608706,-0.000715642,-0.000659432,-0.000435284,-8.47E-05,0.000309961,0.000645262,0.000823029,0.000777202,0.000494705,2.67E-05,-0.0005138,-0.000971543,-0.001187775,-0.001051328,-0.000547051,0.000218859,0.001033051,0.001631635,0.00178494,0.00138271,0.000488659,-0.000658605,-0.001705528,-0.002291583,-0.002174868,-0.001333309,-2.99E-07,0.001390391,0.002344783,0.002491582,0.001739417,0.000338562,-0.001191643,-0.002254349,-0.002415473,-0.001593356,-0.000111117,0.001421255,0.002355219,0.002281803,0.001218404,-0.000384205,-0.001828183,-0.002474641,-0.00203515,-0.00071222,0.00088543,0.002022963,0.002187638,0.00133619,-8.48E-05,-0.001362372,-0.001875589,-0.001406795,-0.000243494,0.000982886,0.001635092,0.001403271,0.000454953,-0.000675101,-0.001388246,-0.001346284,-0.000637381,0.000301411,0.000950149,0.001000127,0.000507387,-0.000174285,-0.000627033,-0.000619892,-0.000225316,0.00025924,0.000521098,0.000430611,0.000101639,-0.000214563,-0.000317345,-0.000190605,8.78E-06,9.11E-05,-9.05E-06,-0.000180447,-0.000231038,-5.67E-05,0.000251762,0.000457666,0.00035918,-3.31E-05,-0.000467505,-0.000614232,-0.000315124,0.000267461,0.000731774,0.00071381,0.000169169,-0.000555953,-0.000942196,-0.0006685,0.000127789,0.000908835,0.001098132,0.000502994,-0.00051256,-0.001252347,-0.001173268,-0.000290273,0.00080359,0.00134017,0.000928832,-0.000142391,-0.001092433,-0.001205959,-0.000367191,0.000829419,0.001492957,0.001087943,-0.000151877,-0.001366267,-0.001682004,-0.000856042,0.000530699,0.001486355,0.001335042,0.000220351,-0.000997309,-0.001383964,-0.000639862,0.000664425,0.001511979,0.00121307,-5.66E-05,-0.001369474,-0.001737369,-0.00086195,0.000628954,0.001647144,0.001463034,0.00025395,-0.001040233,-0.001444333,-0.000697315,0.000557071,0.001286291,0.000888387,-0.000327937,-0.001382148,-0.00139527,-0.000291144,0.001128525,0.001798292,0.001213221,-0.00018314,-0.001349777,-0.001458201,-0.000521627,0.000648134,0.001110104,0.000547091,-0.000500286,-0.001097791,-0.000695817,0.000412942
-0.002715284,-0.001516859,-0.001180141,-0.000963105,-0.000766522,-0.000573401,-0.000377393,-0.000176527,2.36E-05,0.000208979,0.000362209,0.000469529,0.000525415,0.000531459,0.000491536,0.000408088,0.000282991,0.000122241,-5.98E-05,-0.000240909,-0.000395927,-0.000503798,-0.000551282,-0.000532602,-0.000447165,-0.000299054,-9.98E-05,0.000128025,0.000350238,0.00052677,0.0006214,0.000611527,0.000493747,0.000284243,1.60E-05,-0.000264909,-0.000503999,-0.00064617,-0.000648119,-0.000493481,-0.000204667,0.00015538,0.000494838,0.000716157,0.000743587,0.000547168,0.000156783,-0.000337555,-0.000801001,-0.001084571,-0.001067596,-0.000702312,-4.55E-05,0.00073871,0.001414306,0.001742252,0.001563532,0.000867252,-0.00018389,-0.001286017,-0.002080974,-0.002274137,-0.001745813,-0.000615196,0.000773896,0.001952839,0.002489123,0.002154409,0.001033093,-0.000482156,-0.001821113,-0.002453098,-0.002106997,-0.000899782,0.000690581,0.002008714,0.00249319,0.001922277,0.000523471,-0.001110249,-0.002271035,-0.002449235,-0.001568532,-3.01E-05,0.001464193,0.002235741,0.001950124,0.00077836,-0.000686368,-0.001721838,-0.001836497,-0.00101268,0.000292983,0.001393935,0.001734193,0.001173363,4.50E-05,-0.00103876,-0.001525169,-0.001212183,-0.000335515,0.000588834,0.001067586,0.000900516,0.000266635,-0.000412525,-0.000738563,-0.000566028,-6.18E-05,0.000428864,0.00061304,0.000424897,3.90E-05,-0.000273582,-0.000338006,-0.000181523,1.43E-05,7.06E-05,-4.54E-05,-0.000200135,-0.000211367,-1.10E-05,0.000278956,0.000426605,0.000274033,-0.000115523,-0.000472814,-0.000508313,-0.000141138,0.000405818,0.000736629,0.000565546,-4.89E-05,-0.000705337,-0.000921702,-0.000488898,0.000343794,0.001007339,0.001003018,0.000275667,-0.000709763,-0.001268845,-0.000981551,-1.43E-05,0.000969035,0.001266248,0.000649669,-0.000445589,-0.001213853,-0.001060044,-5.19E-05,0.001099687,0.001538985,0.000894139,-0.000427298,-0.001508765,-0.001581356,-0.000591355,0.000746847,0.001466266,0.001060514,-0.000135297,-0.001189553,-0.001273433,-0.000294812,0.00101633,0.001647879,0.001073519,-0.000332355,-0.00155654,-0.001699756,-0.000654856,0.000806952,0.00161475,0.001205091,-5.79E-05,-0.001173072,-0.001281118,-0.000329658,0.000891984,0.00137746,0.000701202,-0.00063574,-0.001587497,-0.001378906,-0.000118131,0.001275807,0.001776818,0.001038525,-0.000350419,-0.001338125,-0.001231523,-0.000219265,0.000811532,0.001007353,0.000236844,-0.00081582,-0.001221741,-0.00057624,0.000658381
-0.003202519,-0.001799135,-0.00140305,-0.001140084,-0.000890886,-0.000638406,-0.000383188,-0.000131687,0.000104758,0.000310812,0.000470501,0.000571786,0.000609561,0.000585516,0.000505627,0.000377916,0.000212378,2.28E-05,-0.000171592,-0.00034762,-0.000481892,-0.000555969,-0.00055967,-0.000491691,-0.000358537,-0.000173741,4.18E-05,0.000259286,0.000444505,0.000563084,0.000588855,0.000511326,0.000339648,0.000101865,-0.000159509,-0.000394014,-0.000551224,-0.0005903,-0.00049087,-0.00026296,4.85E-05,0.000368637,0.000608809,0.000690221,0.000568851,0.000253527,-0.000188742,-0.000643066,-0.000972114,-0.001052674,-0.000815912,-0.000279993,0.000437791,0.001139499,0.001597258,0.001625395,0.001151764,0.000261456,-0.000808467,-0.001729193,-0.002182165,-0.001971865,-0.001110158,0.000162818,0.001438497,0.00227022,0.002335066,0.001568561,0.000214818,-0.001240326,-0.002241031,-0.002379325,-0.001571976,-0.000116529,0.001409469,0.002376112,0.002366354,0.001364812,-0.000218966,-0.001713746,-0.002474186,-0.002169178,-0.000938701,0.000660117,0.001902366,0.002230684,0.001519275,0.000135666,-0.001236422,-0.001932003,-0.001633227,-0.000524074,0.000809789,0.001686644,0.001680635,0.000834528,-0.000378424,-0.001319443,-0.001528792,-0.000960648,1.70E-05,0.000848403,0.001107367,0.000722192,-1.36E-05,-0.000639216,-0.000806258,-0.000469874,0.000114929,0.000576118,0.000661437,0.000378145,-4.40E-05,-0.00032838,-0.000337754,-0.000146433,4.35E-05,6.98E-05,-6.58E-05,-0.000209991,-0.000193247,1.87E-05,0.000280593,0.000373388,0.000184032,-0.000181136,-0.000450486,-0.000384735,2.36E-05,0.000508321,0.000699442,0.000397423,-0.000248061,-0.000805635,-0.000853159,-0.000296,0.000525797,0.001044155,0.000859376,4.82E-05,-0.000853886,-0.001209649,-0.000738,0.000258785,0.001082719,0.001130568,0.000342658,-0.000725557,-0.001283536,-0.00088023,0.000243667,0.001299008,0.001504946,0.000664697,-0.000666275,-0.001561201,-0.001389683,-0.0002856,0.000939222,0.001386748,0.000740441,-0.000490375,-0.001343733,-0.00112873,3.98E-05,0.001306798,0.001706777,0.000894454,-0.000578359,-0.001658578,-0.001573039,-0.00040773,0.000957181,0.001513329,0.000886882,-0.000385028,-0.001278433,-0.001082055,4.61E-05,0.001199884,0.001433929,0.000511057,-0.000896987,-0.001718261,-0.001307864,4.94E-05,0.00135464,0.00166144,0.00079645,-0.000527158,-0.001285517,-0.000949197,0.000119008,0.000982451,0.000901897,-6.26E-05,-0.001102374,-0.00131957,-0.000463325,0.00085239
-0.003228205,-0.001822012,-0.001422974,-0.001151544,-0.000885976,-0.000611608,-0.000335243,-7.01E-05,0.000168613,0.000366297,0.000510233,0.000591443,0.000606018,0.00055583,0.000448342,0.000295848,0.000114515,-7.65E-05,-0.000256186,-0.000403334,-0.000499153,-0.00053016,-0.000490666,-0.000384108,-0.000223069,-2.82E-05,0.000173602,0.000351948,0.000476812,0.000523707,0.000479328,0.000346147,0.000144332,-9.01E-05,-0.000311091,-0.00047048,-0.000528381,-0.000462796,-0.000277655,-6.71E-06,0.000289188,0.000532941,0.000649263,0.000586539,0.000336212,-5.69E-05,-0.000498057,-0.000862207,-0.001025601,-0.000903737,-0.000484761,0.000152868,0.000847874,0.001392399,0.001591525,0.001330555,0.000627701,-0.000349895,-0.001319957,-0.001965296,-0.00203934,-0.001462232,-0.000370565,0.000904859,0.001935964,0.002343314,0.001942326,0.00083272,-0.000611918,-0.001863889,-0.002435586,-0.002077199,-0.000895497,0.00066499,0.001984204,0.002515658,0.002021441,0.000688827,-0.000932037,-0.002153826,-0.002449963,-0.001693626,-0.000224865,0.001294126,0.002177768,0.002035402,0.000957709,-0.000523803,-0.001691447,-0.001990481,-0.001300843,7.33E-06,0.001265274,0.001848523,0.001493873,0.000424633,-0.000780783,-0.001503871,-0.001412776,-0.000623634,0.000386972,0.001061904,0.001073136,0.000486096,-0.000307158,-0.00083581,-0.000825597,-0.000339268,0.000292058,0.000690933,0.00066325,0.000293603,-0.000141931,-0.000374833,-0.000315832,-8.75E-05,9.25E-05,8.44E-05,-7.42E-05,-0.00021278,-0.000176801,3.64E-05,0.000264566,0.000307014,9.45E-05,-0.000232227,-0.000410582,-0.000256659,0.000170089,0.000575984,0.000630952,0.00022357,-0.000419393,-0.000858765,-0.000747258,-0.000101103,0.000670774,0.001027665,0.000681623,-0.00016961,-0.000948498,-0.001091905,-0.0004642,0.000515756,0.001148224,0.000951264,2.94E-05,-0.000969873,-0.001303842,-0.000678827,0.000508405,0.001426943,0.001401028,0.000411303,-0.000867128,-0.001536852,-0.001129227,4.34E-05,0.001106231,0.00126422,0.000399751,-0.00082583,-0.001456262,-0.00096059,0.000349077,0.001527321,0.001690338,0.000682096,-0.000793395,-0.001684415,-0.001371853,-0.000129994,0.001085005,0.001363504,0.000534354,-0.000710326,-0.001356955,-0.000863926,0.000407542,0.001464264,0.00145033,0.00032047,-0.001108431,-0.001774616,-0.001183259,0.000215951,0.00137912,0.001472435,0.000503404,-0.000711018,-0.001206748,-0.000636412,0.000470097,0.00115034,0.000798157,-0.000337653,-0.001345783,-0.001382204,-0.000353054,0.00099718
-0.002796708,-0.001586735,-0.001241341,-0.001000046,-0.00075593,-0.00049878,-0.000240641,3.92E-07,0.000207707,0.000369292,0.000477505,0.000527604,0.00051736,0.000448538,0.000329012,0.000173554,2.10E-06,-0.000163696,-0.000303907,-0.000402339,-0.000447208,-0.000431677,-0.000355177,-0.000225296,-5.88E-05,0.000119434,0.000280514,0.000396444,0.000445427,0.000415747,0.00030828,0.000137706,-6.77E-05,-0.000269027,-0.000422269,-0.000487904,-0.000441213,-0.000281176,-3.47E-05,0.000245758,0.000491441,0.00063231,0.000614953,0.000419927,7.37E-05,-0.000349463,-0.000739461,-0.000975649,-0.000961526,-0.000659253,-0.000112816,0.000550542,0.001145573,0.001478095,0.001406272,0.00089594,4.99E-05,-0.000904271,-0.001671257,-0.00197908,-0.001676735,-0.000804297,0.000395601,0.00153902,0.002223223,0.002172695,0.001355653,2.11E-05,-0.001368729,-0.002297353,-0.002391018,-0.001578083,-0.000140469,0.001375731,0.002366904,0.002418878,0.001491178,-4.71E-05,-0.001557159,-0.002397356,-0.002204718,-0.001065097,0.000513281,0.001821108,0.002269936,0.001667216,0.000311089,-0.001147438,-0.002014973,-0.001891078,-0.000862639,0.00054306,0.001625826,0.001866518,0.001185479,-2.88E-05,-0.001134433,-0.001579028,-0.001184735,-0.000224459,0.000747897,0.001212464,0.000964651,0.00020671,-0.000593639,-0.000985897,-0.000790638,-0.000178769,0.000459589,0.000764457,0.000614995,0.000173442,-0.00024963,-0.000408732,-0.000271069,-6.86E-06,0.0001575,0.000110421,-7.38E-05,-0.000210323,-0.000161708,4.50E-05,0.000236208,0.000233524,9.45E-06,-0.000269602,-0.000359126,-0.000132754,0.000291807,0.000608241,0.000537439,5.37E-05,-0.000555595,-0.000864066,-0.000609979,8.78E-05,0.000774873,0.000961438,0.000478533,-0.000370392,-0.000994115,-0.00092579,-0.000175181,0.000745418,0.001165051,0.000739167,-0.000274285,-0.001166592,-0.00127258,-0.000462338,0.000733898,0.001480283,0.001231535,0.000141387,-0.001027006,-0.001442487,-0.000814481,0.000381666,0.001243191,0.00110709,5.56E-05,-0.00112539,-0.001520226,-0.000773469,0.000622183,0.001668945,0.001596194,0.000439252,-0.000975278,-0.001637369,-0.00110449,0.00017116,0.001191501,0.001177158,0.000165493,-0.001019097,-0.001405341,-0.000636376,0.000737706,0.001669693,0.00141887,0.000129582,-0.001266238,-0.001753385,-0.001003301,0.000384878,0.001357492,0.001222428,0.000171114,-0.000898243,-0.001109872,-0.00031043,0.000815502,0.001304052,0.000696503,-0.000578545,-0.001533298,-0.001399774,-0.000240737,0.001093561
-0.001931,-0.001104871,-0.00086772,-0.00069494,-0.000510427,-0.000309948,-0.000109368,7.07E-05,0.000214435,0.000314751,0.000370612,0.000382439,0.00034981,0.000273667,0.000160749,2.60E-05,-0.000109661,-0.000225226,-0.000304887,-0.000340076,-0.000327937,-0.000269189,-0.000168106,-3.49E-05,0.000112284,0.000248098,0.000345576,0.000383114,0.00035018,0.00024937,9.53E-05,-8.76E-05,-0.000267722,-0.000408561,-0.000474652,-0.000439883,-0.000297404,-6.65E-05,0.000207313,0.000460433,0.000625602,0.000648864,0.000504868,0.000207506,-0.000186785,-0.00058546,-0.000877666,-0.000962284,-0.000780662,-0.00034394,0.000256269,0.000861936,0.001287689,0.001376105,0.001053247,0.000365931,-0.000514761,-0.001330655,-0.001809308,-0.001754044,-0.001123022,-6.66E-05,0.001098739,0.0019818,0.002249773,0.00175819,0.000626274,-0.00078011,-0.001963475,-0.002474063,-0.002088667,-0.000916276,0.000620612,0.00193405,0.002498857,0.002072371,0.000811117,-0.000774943,-0.002023872,-0.002401823,-0.001742,-0.000331248,0.001204985,0.002177871,0.002149915,0.001142414,-0.000368172,-0.001671154,-0.002159375,-0.001621474,-0.000343058,0.001037409,0.00184846,0.001720763,0.000765908,-0.000493361,-0.001404107,-0.001525521,-0.000850561,0.000209795,0.001065944,0.001276216,0.000778271,-1.00E-04,-0.000847288,-0.001067144,-0.000691694,7.27E-06,0.000604936,0.000784504,0.00051127,2.02E-05,-0.000360055,-0.000423667,-0.000201384,9.28E-05,0.000232827,0.000141809,-6.90E-05,-0.000204426,-0.000147246,4.78E-05,0.000200924,0.00015922,-6.65E-05,-0.000292906,-0.000301333,-2.20E-05,0.00038052,0.000602613,0.000424249,-0.000101627,-0.000646726,-0.000818172,-0.000446263,0.000261303,0.000831189,0.000846424,0.000258535,-0.000544549,-0.000988189,-0.000720045,0.000112281,0.000932271,0.001128552,0.000503968,-0.000549426,-0.001298175,-0.001182671,-0.000235926,0.000909029,0.00145141,0.000997919,-0.000136957,-0.001139715,-0.00128187,-0.000460211,0.000710874,0.0013399,0.000920623,-0.000273266,-0.00136705,-0.001522445,-0.000568912,0.000846476,0.001717609,0.001417539,0.000167912,-0.001118981,-0.001517016,-0.000777907,0.000486239,0.001273659,0.000963824,-0.000199933,-0.001291409,-0.001415019,-0.000407514,0.001016139,0.001794242,0.001326356,-6.27E-05,-0.001363504,-0.00164681,-0.000763427,0.000559202,0.001295913,0.00092306,-0.000186901,-0.001081471,-0.001000472,1.03E-05,0.001131795,0.001426604,0.000594229,-0.000774012,-0.001647116,-0.001357258,-0.000119524,0.001140816
-0.000777286,-0.000457834,-0.000366082,-0.000289246,-0.000192194,-7.72E-05,3.75E-05,0.000130683,0.000189512,0.000213179,0.000208324,0.00018091,0.000132045,6.09E-05,-2.86E-05,-0.000123455,-0.000204374,-0.000253442,-0.000261227,-0.000228407,-0.000161851,-6.97E-05,4.02E-05,0.000157178,0.000264505,0.000339881,0.000361574,0.000316916,0.000207952,5.12E-05,-0.000127028,-0.000296663,-0.000427244,-0.000490373,-0.000463388,-0.000336237,-0.000119726,0.000150041,0.000415443,0.000610113,0.00067676,0.000583908,0.000336528,-2.14E-05,-0.000412116,-0.000737745,-0.000900761,-0.000830971,-0.000512496,-1.26E-06,0.000577127,0.001054311,0.00126685,0.001111019,0.000586385,-0.000188532,-0.000997706,-0.001584248,-0.001729285,-0.001330777,-0.00045578,0.000657216,0.001656852,0.002188557,0.002023224,0.001157911,-0.000155932,-0.001479269,-0.002333661,-0.002381445,-0.001568486,-0.000167365,0.001306778,0.002285609,0.002373491,0.001519023,5.50E-05,-0.001421467,-0.002290286,-0.002174493,-0.00111515,0.000430968,0.001781703,0.002331911,0.001832608,0.000513934,-0.00101427,-0.002045309,-0.002110758,-0.001205258,0.000212618,0.001448103,0.001915085,0.001424922,0.000271704,-0.000929653,-0.001567561,-0.001349011,-0.000440141,0.000640079,0.001310962,0.001243831,0.000526141,-0.000409826,-0.001045503,-0.001068548,-0.000531459,0.000208048,0.000718078,0.000748636,0.000358514,-0.000154649,-0.000463135,-0.000415579,-0.000109935,0.000203186,0.000308399,0.000169772,-6.56E-05,-0.000197529,-0.000132184,4.94E-05,0.000165499,9.06E-05,-0.000130019,-0.000303783,-0.000242802,6.97E-05,0.000434513,0.000563705,0.000300334,-0.000234344,-0.000691158,-0.000727353,-0.000266457,0.000412054,0.000841044,0.000692584,3.39E-05,-0.000686326,-0.000937007,-0.000491088,0.000380225,0.001066772,0.001042522,0.000259522,-0.000781219,-0.001357356,-0.001036533,-6.19E-06,0.00103176,0.001347911,0.000714423,-0.000412349,-0.001206301,-0.00107108,-9.07E-05,0.001010751,0.001389903,0.000713565,-0.000570293,-0.00153718,-0.001458492,-0.000349978,0.001018805,0.00167654,0.001163875,-0.00012314,-0.001225017,-0.001336355,-0.000412091,0.000799433,0.001329319,0.000736383,-0.000541585,-0.001510841,-0.001381209,-0.00018392,0.001231644,0.001829429,0.001169534,-0.000257523,-0.001404376,-0.001463192,-0.000471462,0.000739092,0.001206962,0.000596251,-0.000549065,-0.001250094,-0.000883886,0.000307895,0.001398038,0.001502879,0.00048578,-0.000922156,-0.001682384,-0.001249496,1.67E-05,0.001147963
0.000483952,0.000252959,0.000184229,0.000152351,0.00014823,0.000163469,0.000178745,0.000173728,0.000139507,8.25E-05,1.72E-05,-4.49E-05,-0.000101828,-0.000157181,-0.000211137,-0.00025442,-0.000271079,-0.000247917,-0.000182981,-8.66E-05,2.48E-05,0.000136885,0.000239774,0.000324734,0.0003791,0.000386037,0.000331091,0.000211518,4.15E-05,-0.000150233,-0.000329268,-0.000463756,-0.000529091,-0.000508708,-0.000395202,-0.000194738,6.68E-05,0.000341775,0.000567557,0.000682676,0.000646097,0.000451943,0.000134116,-0.000239523,-0.000580489,-0.000797582,-0.0008178,-0.000608476,-0.000195888,0.000328153,0.00081991,0.001119893,0.001103586,0.000730071,6.95E-05,-0.000703842,-0.001354473,-0.001655011,-0.001461969,-0.00077515,0.000241283,0.001289887,0.002022954,0.002158036,0.001589243,0.000450063,-0.000906054,-0.002013442,-0.00245972,-0.002049277,-0.000897486,0.000590514,0.001859165,0.002413749,0.002022621,0.00082598,-0.000702101,-0.0019344,-0.002348193,-0.001754151,-0.000393447,0.001150606,0.002199532,0.002282641,0.001357883,-0.000157968,-0.001574233,-0.002246708,-0.001883019,-0.000682989,0.000759464,0.001748736,0.001830225,0.001010949,-0.000254563,-0.001305584,-0.001618131,-0.001069941,1.02E-05,0.00103182,0.001464892,0.001118784,0.00022727,-0.000700819,-0.001174925,-0.000990396,-0.000320501,0.000411312,0.000793461,0.000661564,0.000169235,-0.000337229,-0.00054963,-0.000383106,-2.45E-06,0.000314684,0.0003744,0.000186501,-6.87E-05,-0.000191476,-0.000115333,5.36E-05,0.000135069,3.19E-05,-0.000179812,-0.000304384,-0.000187223,0.000140768,0.000456826,0.00049905,0.000173899,-0.000340901,-0.000693118,-0.000602048,-8.12E-05,0.000536134,0.000810312,0.000512362,-0.00018426,-0.000793734,-0.000849903,-0.000254629,0.000615663,0.001145933,0.000914575,1.77E-05,-0.000962174,-0.001345726,-0.000842037,0.000221059,0.001106001,0.001184419,0.000399202,-0.000674142,-0.001231136,-0.000828282,0.00027135,0.001265558,0.00139043,0.000493554,-0.000825876,-0.001631701,-0.001330858,-0.00011988,0.001142801,0.001558857,0.000852496,-0.000422664,-0.001296252,-0.001112269,-2.93E-05,0.001094894,0.001356294,0.000504878,-0.000845417,-0.001668044,-0.001302509,3.13E-05,0.001382681,0.00177827,0.000953023,-0.000455209,-0.001398158,-0.001218486,-0.000141506,0.000921483,0.001102064,0.000263,-0.000895117,-0.001393808,-0.000762593,0.000571353,0.001601592,0.001523567,0.000365415,-0.001027691,-0.001644147,-0.001079647,0.000171168,0.001126759
0.001681754,0.000931356,0.000708061,0.000568716,0.000463269,0.000378502,0.00029499,0.000194052,7.12E-05,-5.99E-05,-0.000177193,-0.000264538,-0.000319736,-0.000350146,-0.000361191,-0.000348445,-0.000300355,-0.000209115,-8.03E-05,6.66E-05,0.000207247,0.000322635,0.000403174,0.000444301,0.000439622,0.000379459,0.00025743,8.02E-05,-0.00012766,-0.000328863,-0.000484703,-0.000566175,-0.000558408,-0.000459234,-0.000277006,-3.20E-05,0.000239378,0.000484758,0.000644188,0.000667931,0.000535469,0.000266674,-8.03E-05,-0.00042265,-0.000672778,-0.00075786,-0.000637746,-0.000319544,0.000133861,0.00060778,0.000958178,0.001052339,0.000817093,0.000276402,-0.000439607,-0.001122517,-0.001544987,-0.001534062,-0.001035404,-0.000147014,0.000892012,0.001760829,0.002153696,0.001888345,0.000988845,-0.000294085,-0.001545792,-0.002323505,-0.002321695,-0.001503052,-0.000136431,0.001284653,0.00222106,0.002299615,0.001472378,5.37E-05,-0.001389936,-0.002262047,-0.002185356,-0.001172667,0.000360624,0.001760427,0.002413652,0.002024558,0.000759186,-0.000817844,-0.001996056,-0.002249036,-0.001484681,-9.05E-05,0.001254029,0.001910364,0.001593181,0.000505601,-0.000772858,-0.00158778,-0.001544787,-0.000703693,0.000467417,0.001350476,0.001506945,0.000900933,-0.000101683,-0.000950813,-0.001220014,-0.000830269,-6.79E-05,0.000604268,0.000823356,0.000525542,-4.55E-05,-0.00051331,-0.000609002,-0.000323499,0.000116029,0.000417645,0.000420613,0.000184171,-8.24E-05,-0.000187437,-9.54E-05,6.36E-05,0.00011371,-1.31E-05,-0.000214118,-0.000295544,-0.000137059,0.000189397,0.00044904,0.000413995,5.17E-05,-0.000417242,-0.000654578,-0.00045011,1.00E-04,0.000628205,0.000741749,0.000315478,-0.000385252,-0.000862217,-0.000732293,-2.37E-05,0.000805262,0.0011636,0.000748576,-0.000211225,-0.001083137,-0.001261113,-0.000604052,0.000439789,0.001132055,0.000970848,6.78E-05,-0.000910243,-0.001213992,-0.000566966,0.000605026,0.001457245,0.00133439,0.000265245,-0.001029756,-0.001642784,-0.001138091,0.00011912,0.00121906,0.001372651,0.000497226,-0.000718809,-0.001331263,-0.000856726,0.000350394,0.001354697,0.001347904,0.000275897,-0.00109728,-0.001750296,-0.001173673,0.000236221,0.001465297,0.001639645,0.000678915,-0.00065471,-0.001349847,-0.000924355,0.0002135,0.001100507,0.000987936,-5.90E-05,-0.001204594,-0.001499255,-0.000635893,0.000790268,0.001727733,0.001476471,0.000226423,-0.001093216,-0.001533627,-0.000848214,0.000346225,0.001085367
0.00261328,0.001462876,0.001116108,0.000887679,0.000697435,0.000529554,0.000365132,0.000187138,-4.93E-06,-0.000191245,-0.000343277,-0.000441365,-0.000484186,-0.000483634,-0.000450986,-0.000387068,-0.000284785,-0.000141224,3.17E-05,0.000207395,0.000355756,0.000455874,0.000500862,0.000492395,0.000431787,0.000317027,0.000149068,-5.81E-05,-0.000273452,-0.000455297,-0.000565747,-0.000582892,-0.000504466,-0.000343429,-0.000122049,0.000129676,0.000371764,0.000554771,0.000628991,0.000561761,0.000354529,4.95E-05,-0.000278898,-0.000544552,-0.000672707,-0.000618761,-0.000379796,4.06E-07,0.000433263,0.000798018,0.000968946,0.000855054,0.000440485,-0.000192364,-0.000872174,-0.001383451,-0.001534535,-0.001226076,-0.000495982,0.000475853,0.001408278,0.001997533,0.002015034,0.001395786,0.000284778,-0.000984803,-0.001987712,-0.002353708,-0.00191457,-0.000789882,0.000632934,0.00182917,0.002334818,0.001935703,0.000768081,-0.000717695,-0.001925233,-0.002351109,-0.001799343,-0.000478655,0.001067981,0.002183522,0.002380176,0.001562793,8.53E-05,-0.001397063,-0.002222371,-0.00203049,-0.000936301,0.000522247,0.001643168,0.001902631,0.001210228,-5.27E-05,-0.001232217,-0.001737458,-0.00133841,-0.000273128,0.000889518,0.001555642,0.001415939,0.000594683,-0.000437539,-0.001132859,-0.001164591,-0.00058936,0.000211598,0.000769314,0.000798499,0.000345064,-0.000269836,-0.000664033,-0.000628032,-0.000234065,0.000238304,0.000499654,0.000434833,0.000154309,-0.000110869,-0.000185866,-7.06E-05,8.22E-05,0.000104918,-4.14E-05,-0.000231399,-0.000277875,-9.41E-05,0.000214964,0.00041396,0.00031509,-5.87E-05,-0.000459579,-0.000578981,-0.000281699,0.000265276,0.000681885,0.000638838,0.000113822,-0.000555838,-0.000885747,-0.000589789,0.000187314,0.000934161,0.001113171,0.000549264,-0.000415725,-0.001134585,-0.001102813,-0.000330294,0.000641391,0.001109753,0.000719558,-0.000259678,-0.001104305,-0.001152737,-0.000301873,0.000885907,0.001564247,0.001212768,3.32E-05,-0.001171006,-0.001562698,-0.000880126,0.000363096,0.001248089,0.001128751,0.000116968,-0.000994543,-0.001326047,-0.00058318,0.00070193,0.001555197,0.001293465,5.50E-05,-0.001281779,-0.001742999,-0.000988241,0.000429547,0.001476605,0.00141492,0.000352832,-0.000852225,-0.001264452,-0.000596058,0.000574732,0.001264915,0.000869047,-0.000350267,-0.001452578,-0.001548417,-0.000500264,0.000954745,0.001760775,0.001348229,6.12E-05,-0.001122487,-0.001354153,-0.000558595,0.000542049,0.001031933
0.003178637,0.001789975,0.001363939,0.001074694,0.000826242,0.00060249,0.000385118,0.000158031,-7.65E-05,-0.00029396,-0.00046095,-0.000555573,-0.000578232,-0.0005457,-0.000475034,-0.000371863,-0.000232678,-5.80E-05,0.000135777,0.00031754,0.000454013,0.000524771,0.000527511,0.000471285,0.000365375,0.000214676,2.56E-05,-0.000183688,-0.000379281,-0.000519689,-0.000571626,-0.000523013,-0.000385123,-0.000184835,4.50E-05,0.000270061,0.000452843,0.000553342,0.000537002,0.000390408,0.000135379,-0.000169043,-0.00044095,-0.000600603,-0.000594908,-0.000412413,-8.67E-05,0.000308637,0.000671775,0.000890731,0.000871487,0.000572274,3.27E-05,-0.000618507,-0.001189295,-0.001480361,-0.001354747,-0.000794528,7.78E-05,0.001023234,0.001750984,0.002006742,0.001660427,0.000765989,-0.000431446,-0.001554564,-0.002211546,-0.002139096,-0.001317786,-6.68E-06,0.001329994,0.00218818,0.002221552,0.001391188,-1.18E-07,-0.001411917,-0.002274675,-0.002222599,-0.00125473,0.000248139,0.001667715,0.002402963,0.002131765,0.000963544,-0.000594357,-0.001853741,-0.00225644,-0.001636264,-0.00030308,0.001100133,0.001905537,0.00174522,0.000729956,-0.000610885,-0.001599927,-0.001754983,-0.001028286,0.000181292,0.001246281,0.001641349,0.001210435,0.000230773,-0.00075481,-0.001239733,-0.001021979,-0.000293043,0.000494233,0.00089567,0.000724421,0.000136919,-0.000485398,-0.000777619,-0.000604941,-0.000120745,0.000355951,0.000554426,0.000414726,9.76E-05,-0.000152335,-0.000185544,-4.06E-05,0.000109171,0.000107347,-5.56E-05,-0.000235085,-0.000253913,-5.75E-05,0.000223521,0.000361514,0.000211712,-0.000154048,-0.000473808,-0.000479487,-0.000110639,0.000407808,0.000701054,0.000513476,-8.05E-05,-0.000691404,-0.000869671,-0.00043295,0.000371284,0.001005271,0.001006693,0.000329692,-0.000591845,-0.001126578,-0.000890543,-3.88E-05,0.000820664,0.001050179,0.000451312,-0.000565168,-0.001250552,-0.001054871,-4.59E-05,0.001106269,0.001589053,0.001034223,-0.00019757,-0.00125635,-0.00140897,-0.000575358,0.000605346,0.001241236,0.000851898,-0.000263115,-0.001237148,-0.00128496,-0.000307283,0.001009519,0.001688618,0.001193208,-0.000156486,-0.001403166,-0.001656406,-0.000755189,0.00061305,0.001433027,0.001129289,-3.99E-06,-0.001041981,-0.001154442,-0.000256762,0.000920852,0.001404531,0.000747368,-0.000602809,-0.001632185,-0.001538064,-0.000353013,0.001071502,0.001711956,0.00114904,-0.000129232,-0.001127804,-0.00112741,-0.000231181,0.000750473,0.000974733
0.003308743,0.001872727,0.001420814,0.001106057,0.00083316,0.000588114,0.000352857,0.000111009,-0.00013412,-0.000355174,-0.000515816,-0.000593269,-0.000590347,-0.000528678,-0.000430482,-0.000305103,-0.000151071,2.96E-05,0.000218928,0.000383759,0.000490529,0.000521519,0.0004804,0.000383995,0.000248907,8.53E-05,-9.78E-05,-0.000281479,-0.000433182,-0.000515505,-0.000502904,-0.000394635,-0.000214974,-2.06E-06,0.000205254,0.000373732,0.000474592,0.000482268,0.000380328,0.000174411,-9.71E-05,-0.0003656,-0.000550494,-0.000587247,-0.000450448,-0.000163102,0.00020909,0.000572889,0.000826279,0.00087957,0.000679962,0.000236853,-0.000362237,-0.000958877,-0.001361722,-0.001408298,-0.001029036,-0.000286812,0.000626982,0.001442015,0.001890054,0.001792725,0.001129544,6.35E-05,-0.00108984,-0.001950506,-0.002199581,-0.001704018,-0.000590455,0.000772317,0.001890891,0.00233041,0.001893206,0.000715996,-0.000763722,-0.001968209,-0.002408142,-0.001887532,-0.000597478,0.000947056,0.002110279,0.002400806,0.001688598,0.000275063,-0.001225406,-0.00215149,-0.00209526,-0.001096891,0.000365685,0.001597598,0.002019161,0.001447781,0.000186892,-0.0011273,-0.001846503,-0.001635296,-0.000633236,0.000628812,0.001511569,0.001598648,0.000901323,-0.00016779,-0.001031581,-0.001262033,-0.000799233,4.00E-05,0.000759978,0.000971737,0.000602436,-8.71E-05,-0.000676903,-0.000842788,-0.00053641,1.25E-05,0.000461726,0.000575768,0.000357579,1.47E-05,-0.000204687,-0.000184673,-4.93E-06,0.00014368,0.000119467,-5.77E-05,-0.000227305,-0.000224999,-2.64E-05,0.000218883,0.000298037,0.000110242,-0.000231437,-0.000462972,-0.000364589,5.29E-05,0.000521085,0.000686398,0.000372974,-0.000258012,-0.000786234,-0.000815053,-0.000267963,0.000522291,0.001018142,0.000850406,9.87E-05,-0.00073503,-0.001063646,-0.000636936,0.000256465,0.000970625,0.000957948,0.000179958,-0.00083343,-0.001340643,-0.000922241,0.000192475,0.001257948,0.001529527,0.000802509,-0.000423009,-0.001287574,-0.001191199,-0.000236476,0.000838592,0.001203027,0.00055791,-0.000623489,-0.001433354,-0.00120711,-3.92E-05,0.001259066,0.001744636,0.001043718,-0.000357629,-0.0014615,-0.00149416,-0.000479277,0.000786683,0.001343481,0.000799105,-0.00037516,-0.001216454,-0.001025722,7.71E-05,0.001233316,0.001507437,0.000621411,-0.000810145,-0.001734776,-0.001461873,-0.000190596,0.001143833,0.001586268,0.000884169,-0.000343629,-0.001115718,-0.000867051,0.000119129,0.000963263,0.000917177
0.002920559,0.001663009,0.001249799,0.000953482,0.000698677,0.000475833,0.000266354,5.18E-05,-0.000165865,-0.000358876,-0.000490168,-0.000537578,-0.0005068,-0.000423781,-0.000314581,-0.000190371,-4.94E-05,0.000107855,0.000264675,0.00038947,0.000451209,0.000436869,0.00035684,0.000235135,9.39E-05,-5.44E-05,-0.000201628,-0.000332462,-0.000420071,-0.000434718,-0.000360703,-0.000208565,-1.32E-05,0.000180642,0.000333815,0.000420627,0.000426383,0.000343531,0.00017426,-5.99E-05,-0.000310919,-0.000509435,-0.000586015,-0.000498584,-0.000252174,9.90E-05,0.000466644,0.000751278,0.000865685,0.000754238,0.000410139,-0.000111035,-0.000688908,-0.001157467,-0.001349746,-0.001157717,-0.000584196,0.000238409,0.001076072,0.001661831,0.001782803,0.001356241,0.000469641,-0.000629745,-0.001598165,-0.002099312,-0.001922188,-0.001073839,0.000194042,0.001449578,0.002226966,0.002206731,0.001357083,-2.97E-05,-0.001432812,-0.00230116,-0.002276904,-0.001351282,0.000117259,0.001537463,0.002323783,0.002143716,0.001068771,-0.000442511,-0.001733015,-0.002233877,-0.001725056,-0.000446032,0.001005268,0.001948464,0.001945459,0.001014596,-0.000376741,-0.001543576,-0.001925161,-0.001363249,-0.000173248,0.00102788,0.001644994,0.001408287,0.000497974,-0.000570723,-0.00123438,-0.001180912,-0.000500888,0.000385893,0.000979037,0.000976981,0.00043015,-0.000312356,-0.000822048,-0.000841032,-0.00041527,0.000161067,0.000544472,0.0005532,0.000258365,-9.36E-05,-0.000263888,-0.000179653,3.76E-05,0.000184456,0.000138773,-5.02E-05,-0.000210082,-0.000192218,-1.63E-07,0.000204589,0.000230071,1.83E-05,-0.000285918,-0.000428605,-0.000243315,0.000195839,0.000594205,0.000635361,0.00022479,-0.000405553,-0.000829051,-0.000719007,-0.000101044,0.000630592,0.000967554,0.000648308,-0.00013296,-0.000836017,-0.000946611,-0.000355289,0.000535982,0.001077145,0.000833656,-7.84E-05,-0.001041505,-0.001357493,-0.000752205,0.000402212,0.001325657,0.00137653,0.000518983,-0.000635868,-0.001261213,-0.000916367,0.000121172,0.001049321,0.001133108,0.000263625,-0.000937093,-0.001559986,-0.001085501,0.000209138,0.001427955,0.001702896,0.000835926,-0.000546403,-0.001451105,-0.001254706,-0.000164362,0.000947336,0.001213787,0.000441745,-0.000738378,-0.001360881,-0.000881076,0.000384775,0.0014838,0.001551994,0.000485803,-0.000961911,-0.001743127,-0.001305926,-7.05E-06,0.001172265,0.001384345,0.00055687,-0.000579374,-0.001090356,-0.000586865,0.000473331,0.001166453,0.0008598
0.002136817,0.0012288,0.000904492,0.000661829,0.00045956,0.000294024,0.000145187,-9.14E-06,-0.000170123,-0.000311841,-0.000398188,-0.00040864,-0.000351823,-0.000257137,-0.000152953,-5.03E-05,5.50E-05,0.00016642,0.000271272,0.000341924,0.000351845,0.000293691,0.000184362,5.37E-05,-7.29E-05,-0.000183374,-0.000273787,-0.00033576,-0.000350941,-0.000299151,-0.000174842,1.75E-06,0.000188566,0.00033862,0.00041776,0.000412185,0.000324208,0.000164923,-4.70E-05,-0.000279112,-0.000480556,-0.000589293,-0.000553381,-0.000356497,-3.26E-05,0.00033955,0.00065949,0.000834099,0.000801648,0.000546444,0.000106083,-0.000427602,-0.00091814,-0.001211602,-0.001182327,-0.000785064,-9.07E-05,0.000716589,0.001387055,0.001686066,0.001477512,0.000780104,-0.000224263,-0.001234733,-0.001918316,-0.002017232,-0.001446209,-0.000345322,0.000940364,0.001962647,0.002328998,0.001862647,0.000695013,-0.000759474,-0.001949645,-0.002403396,-0.001925478,-0.00069078,0.000812836,0.001975512,0.002315919,0.001687957,0.000353661,-0.001116584,-0.00208308,-0.002118058,-0.001204873,0.00024218,0.00155828,0.002134559,0.001708934,0.000496777,-0.000910197,-0.001833822,-0.001845316,-0.000975777,0.000308282,0.001351733,0.001649927,0.00110151,4.36E-05,-0.000943546,-0.001352363,-0.001011436,-0.000157716,0.000714302,0.001134966,0.00091305,0.00022168,-0.000523243,-0.000913186,-0.000775935,-0.000252562,0.000313889,0.000599704,0.000490829,0.000127216,-0.000215959,-0.000321781,-0.000167262,8.57E-05,0.000227244,0.000159424,-3.94E-05,-0.000188545,-0.000157756,2.34E-05,0.000186739,0.000164765,-6.02E-05,-0.000320033,-0.000379305,-0.000125953,0.000312046,0.000629161,0.000556583,7.83E-05,-0.000519678,-0.000824961,-0.000591311,6.15E-05,0.000700382,0.000868667,0.000419265,-0.000353637,-0.000898151,-0.000792956,-6.81E-05,0.00078392,0.001137778,0.000685966,-0.000313073,-0.001185718,-0.001306509,-0.000552864,0.000582579,0.001321684,0.001151712,0.000203046,-0.000831047,-0.001190668,-0.000609531,0.000474516,0.001228059,0.001037947,-1.61E-05,-0.001191968,-0.001614696,-0.000925237,0.000433559,0.001519906,0.001574496,0.000579926,-0.000723705,-0.001387419,-0.000961389,0.000171482,0.001093349,0.001060363,8.29E-05,-0.001072049,-0.001466937,-0.000725536,0.000655226,0.001662974,0.001533255,0.000336364,-0.001066626,-0.00167064,-0.001082319,0.000195979,0.001170602,0.001131476,0.000192304,-0.000823814,-0.001057054,-0.000305732,0.000809901,0.001345994,0.000799713
0.001074078,0.000634957,0.000435936,0.000273505,0.000150057,6.85E-05,6.33E-06,-6.36E-05,-0.000147228,-0.000222113,-0.000254451,-0.000225991,-0.000148016,-5.23E-05,3.22E-05,9.62E-05,0.000148596,0.000198536,0.000239487,0.000249515,0.000207731,0.000112632,-1.33E-05,-0.000136261,-0.000230051,-0.000285889,-0.000306591,-0.000292994,-0.000236883,-0.000128113,2.98E-05,0.000209459,0.0003657,0.00045389,0.000448884,0.000351655,0.000182359,-3.08E-05,-0.000256797,-0.000458123,-0.000588208,-0.000598662,-0.000459099,-0.000179029,0.000183271,0.000533382,0.000770018,0.000817214,0.000646178,0.000282392,-0.000198426,-0.000681443,-0.001031577,-0.001124145,-0.000886244,-0.000336569,0.000397194,0.001100628,0.001535446,0.001523039,0.001016414,0.000131058,-0.000878939,-0.001693326,-0.002025687,-0.001721926,-0.000827087,0.000405376,0.001576101,0.002266531,0.00219387,0.00133665,-2.82E-05,-0.001407113,-0.002271801,-0.002272167,-0.00139087,3.31E-05,0.001430061,0.002228582,0.002094509,0.001078818,-0.000392601,-0.001690549,-0.002249392,-0.001817868,-0.00058112,0.000909647,0.001979656,0.002141345,0.00132839,-6.59E-05,-0.001373654,-0.001977397,-0.001613959,-0.000501765,0.000776866,0.001578508,0.001528173,0.000702569,-0.000427219,-0.00125776,-0.001375373,-0.000764307,0.000206213,0.001000537,0.001213453,0.000780097,-1.22E-05,-0.000707035,-0.000943614,-0.000649985,-5.74E-05,0.000461376,0.000622941,0.000391588,-2.73E-05,-0.000342224,-0.000370695,-0.000144328,0.000138211,0.00026811,0.000176354,-3.01E-05,-0.000166387,-0.000123116,4.57E-05,0.000169201,0.000106715,-0.000122579,-0.000335298,-0.000320671,-1.95E-05,0.000397126,0.00062683,0.000455724,-5.99E-05,-0.000597359,-0.000776793,-0.000438494,0.000215009,0.000733941,0.000731831,0.00017717,-0.00055366,-0.000922148,-0.000614317,0.000207797,0.000986753,0.001148146,0.000519337,-0.000516562,-0.001262189,-0.001190048,-0.000329315,0.000732658,0.001254167,0.000870789,-0.000129707,-0.001002256,-0.001083468,-0.000288594,0.000804679,0.001364363,0.000919125,-0.000271565,-0.001378256,-0.001593507,-0.000728327,0.000631131,0.00153661,0.001366679,0.000283575,-0.000888364,-0.001279819,-0.000630907,0.000513196,0.001220354,0.000892706,-0.000258952,-0.001358064,-0.001525164,-0.000560434,0.000880326,0.001762134,0.001445343,0.000168922,-0.001130131,-0.001526181,-0.000799753,0.000416101,0.001147262,0.000845536,-0.000189676,-0.00106462,-0.001016775,-3.65E-05,0.001111431,0.001488393,0.000732015
-0.000125933,-3.95E-05,-9.37E-05,-0.000159984,-0.000188491,-0.000170128,-0.000130423,-0.000102617,-9.86E-05,-0.000100303,-7.72E-05,-1.36E-05,7.74E-05,0.00016285,0.000214781,0.000227728,0.00021649,0.000197471,0.000171453,0.00012313,3.75E-05,-8.19E-05,-0.000208625,-0.000307415,-0.000353938,-0.00034508,-0.000292425,-0.000207185,-9.15E-05,5.59E-05,0.00022469,0.000384469,0.000491207,0.000507032,0.000418877,0.000243496,1.74E-05,-0.000218198,-0.000425633,-0.000569663,-0.000614731,-0.000530959,-0.000310799,1.38E-05,0.000368189,0.000653554,0.00077965,0.000696903,0.000413112,-8.87E-06,-0.000466529,-0.000838783,-0.001010091,-0.000899343,-0.000491847,0.000136381,0.000819362,0.001338946,0.00149482,0.001182599,0.000446807,-0.000516529,-0.001412817,-0.00194063,-0.001892483,-0.00123263,-0.000126418,0.00109296,0.002019358,0.00230931,0.00181633,0.000670652,-0.000739787,-0.001896736,-0.002348928,-0.001901413,-0.000712697,0.000751835,0.001900046,0.002256091,0.001664425,0.000365009,-0.001097266,-0.002097334,-0.002197601,-0.001344622,9.57E-05,0.001489291,0.002214295,0.001947404,0.000821631,-0.000628677,-0.001719043,-0.001946162,-0.001234881,2.75E-05,0.001191384,0.001679031,0.001277299,0.000236709,-0.000874241,-0.001477309,-0.001287485,-0.000448864,0.000563507,0.001213894,0.001194658,0.000575782,-0.000259665,-0.000847393,-0.000903058,-0.000464256,0.000159887,0.000590878,0.000606946,0.000257564,-0.000195028,-0.00045947,-0.000400342,-0.000106465,0.000193664,0.000301813,0.000183268,-2.78E-05,-0.000147332,-8.98E-05,6.76E-05,0.000155351,6.04E-05,-0.000165818,-0.000332233,-0.00025758,6.87E-05,0.000445254,0.000586377,0.000337613,-0.000182261,-0.000633506,-0.000685369,-0.000266553,0.0003533,0.000731268,0.000566049,-6.31E-05,-0.000720227,-0.000905336,-0.000421045,0.000453529,0.00112639,0.001099367,0.000336376,-0.000679629,-0.001263216,-0.001007283,-8.62E-05,0.000849268,0.001128481,0.00054893,-0.000460885,-0.001138527,-0.00094374,2.80E-05,0.001088172,0.001441698,0.000774332,-0.000492527,-0.001481812,-0.001487553,-0.000494576,0.000797355,0.001476143,0.001084212,-4.45E-05,-0.001035783,-0.001134466,-0.000279852,0.000842091,0.001318923,0.000717478,-0.000563435,-0.001572863,-0.001520325,-0.000384649,0.001049765,0.00176751,0.001277993,-2.18E-05,-0.001156213,-0.00131586,-0.000466158,0.000649051,0.001107986,0.000543755,-0.000566438,-0.001284621,-0.000966827,0.000207683,0.001356181,0.001574455,0.000648362
-0.001270571,-0.000686211,-0.000599647,-0.000569679,-0.000502547,-0.000384157,-0.000243645,-0.000120394,-3.24E-05,3.36E-05,0.000104698,0.00019451,0.000288616,0.000354576,0.000366706,0.000324284,0.000248779,0.000164193,7.87E-05,-1.66E-05,-0.000131747,-0.000259436,-0.000371708,-0.000434148,-0.000426546,-0.000353003,-0.0002345,-9.23E-05,6.26E-05,0.000224869,0.000381069,0.000501601,0.000547811,0.00049162,0.000333228,0.000103925,-0.000147134,-0.000371253,-0.000531011,-0.000599837,-0.000558233,-0.000396906,-0.000129195,0.000196749,0.000499813,0.000687856,0.000691481,0.000492851,0.000135139,-0.000289787,-0.000666762,-0.000885153,-0.000863713,-0.000572969,-5.43E-05,0.000572583,0.001125601,0.001408289,0.001278827,0.000715144,-0.000155565,-0.001081862,-0.001763658,-0.001952531,-0.001541496,-0.000613269,0.00057016,0.001637411,0.002221996,0.002090673,0.001243414,-5.83E-05,-0.001361325,-0.002177653,-0.002177184,-0.001335384,3.42E-05,0.001389568,0.002176114,0.00205923,0.001074141,-0.000377397,-0.001687339,-0.002295877,-0.001933565,-0.000746117,0.000758122,0.001923609,0.002238112,0.001569404,0.000234637,-0.00114044,-0.001915121,-0.001742969,-0.00074211,0.000564529,0.001514712,0.001644008,0.000919341,-0.000254213,-0.001255771,-0.001578903,-0.001091644,-8.89E-05,0.000883964,0.001333185,0.001074818,0.000311807,-0.000503346,-0.000933135,-0.000793143,-0.000232014,0.000381825,0.000690045,0.000550144,9.79E-05,-0.000361245,-0.000553639,-0.000402074,-5.16E-05,0.000249144,0.000323214,0.000174906,-3.69E-05,-0.000134279,-5.89E-05,9.00E-05,0.00014721,2.74E-05,-0.000190279,-0.000314242,-0.000195143,0.000135041,0.000457179,0.000513638,0.000210278,-0.000283678,-0.000629854,-0.000559148,-8.57E-05,0.000471544,0.000697551,0.000385352,-0.000285597,-0.000844143,-0.000850247,-0.000225506,0.00065437,0.001193764,0.00099119,0.000142046,-0.0007995,-0.00119354,-0.000769178,0.000166896,0.000933304,0.00095957,0.000210092,-0.000768787,-0.001231105,-0.000779149,0.000321856,0.001306492,0.001450069,0.000603366,-0.000675058,-0.001501833,-0.00130179,-0.000230425,0.000932105,0.001349464,0.000746173,-0.000386894,-0.001160691,-0.000962214,7.03E-05,0.001137704,0.001380027,0.00054,-0.000816393,-0.001702572,-0.00144515,-0.000197381,0.001162662,0.001680692,0.001034525,-0.000236083,-0.001153962,-0.001057361,-0.000100577,0.000884815,0.001058593,0.00024618,-0.00091311,-0.001465661,-0.0009027,0.000418632,0.001530004,0.001591362,0.000540651
-0.002203046,-0.001216182,-0.001012664,-0.000900156,-0.000750298,-0.000545827,-0.00031949,-0.00011621,4.06E-05,0.000159648,0.000265236,0.00036935,0.000457391,0.000498299,0.000469593,0.000375579,0.00024413,0.000106156,-2.37E-05,-0.000149215,-0.000276636,-0.00039712,-0.000483133,-0.0005032,-0.000442606,-0.000313091,-0.000144385,3.39E-05,0.000204226,0.000357797,0.000481665,0.000550605,0.000534191,0.000415568,0.000207545,-4.70E-05,-0.000291024,-0.000474418,-0.000565913,-0.00055243,-0.000433047,-0.000218377,6.16E-05,0.000350212,0.000569101,0.000641995,0.000526486,0.000237525,-0.000151449,-0.000530212,-0.000784842,-0.0008287,-0.000623971,-0.000194122,0.000371726,0.000926658,0.001294242,0.001319554,0.000930901,0.000186663,-0.000720088,-0.001510678,-0.001911104,-0.001750642,-0.001031376,5.78E-05,0.001189401,0.001994861,0.002184788,0.001656395,0.000550436,-0.000771901,-0.001839372,-0.00224096,-0.001795419,-0.000645975,0.000772132,0.001892706,0.002248898,0.001675557,0.000392156,-0.001077106,-0.002117378,-0.002283802,-0.001496646,-8.45E-05,0.001349206,0.002185272,0.002063752,0.001051862,-0.000378424,-0.001563037,-0.001956922,-0.001396988,-0.00018395,0.001065229,0.001726709,0.001484946,0.000489707,-0.000729149,-0.001544304,-0.00155931,-0.000806694,0.000287312,0.001145823,0.00135349,0.000866122,8.54E-06,-0.000727174,-0.000961366,-0.000625301,2.74E-05,0.000591095,0.00075117,0.000456502,-7.56E-05,-0.000512355,-0.000615036,-0.000372186,1.91E-05,0.000301398,0.000329149,0.000149054,-5.88E-05,-0.000128119,-3.09E-05,0.000113007,0.000144826,6.75E-06,-0.000199183,-0.000285867,-0.000136765,0.000180141,0.000438992,0.000418078,8.17E-05,-0.000362694,-0.000593299,-0.000410198,9.36E-05,0.000567304,0.000640212,0.000202859,-0.000479194,-0.000922501,-0.000762863,-3.73E-05,0.000804576,0.001191088,0.000831369,-5.78E-05,-0.000879452,-0.001066772,-0.000493256,0.000419072,0.00098806,0.000764684,-0.000123003,-0.001036564,-0.001276105,-0.000597544,0.000581168,0.001452204,0.001389066,0.000408492,-0.000821523,-0.001449063,-0.001051585,5.36E-05,0.001038291,0.001174245,0.000377209,-0.000724375,-0.001258531,-0.000773698,0.000401574,0.001385209,0.001398049,0.000362486,-0.001013984,-0.001746806,-0.001302295,1.01E-06,0.001226153,0.001516018,0.000729456,-0.00046877,-0.001132889,-0.000771617,0.000274963,0.00111139,0.001002227,-3.23E-05,-0.00121198,-0.00159531,-0.000820024,0.000595258,0.001630462,0.001536761,0.000404498
-0.002789396,-0.001553367,-0.001273541,-0.00110404,-0.000896145,-0.000631719,-0.000346659,-9.01E-05,0.000110367,0.00026028,0.000381769,0.000486165,0.000559643,0.00057336,0.000508388,0.000373673,0.000202367,3.07E-05,-0.000122162,-0.000256505,-0.00037713,-0.00047561,-0.000526955,-0.000504214,-0.000398811,-0.000229546,-3.31E-05,0.000155231,0.000314747,0.000436854,0.00051251,0.000523902,0.00045065,0.000287102,5.64E-05,-0.000191187,-0.000396778,-0.000514775,-0.000525338,-0.000432074,-0.000252934,-1.54E-05,0.000240255,0.000457056,0.000568652,0.000521703,0.000303774,-4.01E-05,-0.000414649,-0.000703875,-0.000808654,-0.000677031,-0.000318821,0.000194152,0.000738367,0.001159414,0.001306952,0.001082834,0.000489407,-0.000345002,-0.001185092,-0.001755783,-0.001837752,-0.00135441,-0.000414145,0.000711149,0.001666195,0.002125961,0.00190783,0.001046705,-0.000195485,-0.00139914,-0.002124355,-0.002076246,-0.001236158,0.000103491,0.001430939,0.002210547,0.00210626,0.001135327,-0.000321809,-0.001669399,-0.002343632,-0.002055028,-0.000919024,0.000585256,0.001815902,0.002245981,0.001698696,0.000432725,-0.000967943,-0.001858533,-0.001835218,-0.000930808,0.000396918,0.001487244,0.001804664,0.001207738,1.80E-05,-0.001150241,-0.001711738,-0.00141175,-0.000447287,0.00065411,0.00132682,0.001267047,0.000577469,-0.000315374,-0.000914183,-0.000926286,-0.000407637,0.000296885,0.000770321,0.000764837,0.000327824,-0.000252119,-0.000635041,-0.000633432,-0.000306481,0.000104428,0.000346534,0.000315861,0.00010348,-9.42E-05,-0.000129005,-5.85E-06,0.000136352,0.000147686,-2.90E-06,-0.000194825,-0.000250164,-8.48E-05,0.000204408,0.000395032,0.000306979,-4.13E-05,-0.000417,-0.000528297,-0.000248167,0.000261573,0.000636272,0.000563315,2.90E-05,-0.000633015,-0.00095,-0.000645766,0.000136078,0.000897607,0.001117585,0.000624799,-0.000257781,-0.000919849,-0.000892027,-0.000193938,0.000658791,0.001012775,0.000555966,-0.00043061,-0.001246557,-0.00126604,-0.000403281,0.000794907,0.001515388,0.001254701,0.000190402,-0.000932131,-0.001329407,-0.000747978,0.000347642,0.001115323,0.000962648,-1.94E-06,-0.001037581,-0.00132105,-0.000575234,0.000697801,0.001567924,0.001363674,0.000184765,-0.001151393,-0.001701536,-0.001091008,0.000210433,0.001243918,0.00128292,0.000374451,-0.000713358,-0.001097777,-0.000474633,0.00064038,0.001314806,0.000938046,-0.000279812,-0.001445266,-0.001658777,-0.000712318,0.000736113,0.001652257,0.001405197,0.000234897
-0.002894767,-0.001620876,-0.001322499,-0.001133844,-0.000904965,-0.000619516,-0.00031552,-4.42E-05,0.000164997,0.000316019,0.000430257,0.000519453,0.000571473,0.000560215,0.000470075,0.000313416,0.000126556,-5.16E-05,-0.000200082,-0.000318433,-0.000412382,-0.000476213,-0.000489305,-0.00043021,-0.000296173,-0.000111273,8.39E-05,0.000252236,0.000373981,0.000444594,0.00046216,0.000418358,0.000303249,0.000120632,-1.00E-04,-0.000306859,-0.000445586,-0.000481068,-0.000408776,-0.00024997,-3.90E-05,0.00018536,0.000380739,0.000499059,0.000493709,0.000338659,5.04E-05,-0.000303017,-0.000616522,-0.000782422,-0.000728734,-0.000444754,1.41E-05,0.000539138,0.000991239,0.001230287,0.001150419,0.000718849,6.34E-06,-0.000809221,-0.001481009,-0.001769944,-0.001534878,-0.000798875,0.000239824,0.001261594,0.001927324,0.001993781,0.001403869,0.000321123,-0.000907203,-0.001854733,-0.002162424,-0.001680245,-0.000547842,0.000830707,0.001924964,0.002286047,0.001740595,0.000481933,-0.000991844,-0.002076974,-0.002318448,-0.001609702,-0.000246434,0.00119324,0.002095076,0.002076559,0.001159114,-0.000235533,-0.001470081,-0.001980907,-0.001541879,-0.000376278,0.000944878,0.001777466,0.001721652,0.000821781,-0.000457342,-0.001470472,-0.001724932,-0.001130735,-3.46E-05,0.000977719,0.001399432,0.001066205,0.000223017,-0.000633666,-0.001041231,-0.000820168,-0.000151055,0.000553405,0.000896624,0.000718848,0.000166665,-0.000418081,-0.000712452,-0.000596651,-0.000201091,0.000201254,0.000378584,0.000278592,3.64E-05,-0.000142583,-0.000135828,1.67E-05,0.000159367,0.000154293,-3.66E-06,-0.000180039,-0.000210267,-4.13E-05,0.000208908,0.000330773,0.000189151,-0.000150295,-0.000443548,-0.000439997,-8.49E-05,0.000405318,0.000671665,0.000470117,-0.0001248,-0.000734016,-0.000919494,-0.000500999,0.000286347,0.000926235,0.000973059,0.000378598,-0.000449488,-0.000919631,-0.000679902,0.00011007,0.000869355,0.001003291,0.000345779,-0.000689377,-0.001376245,-0.001189964,-0.000200134,0.000950276,0.001484024,0.001042347,-4.91E-05,-0.001005824,-0.001149348,-0.000405247,0.000637396,0.001159507,0.000727657,-0.000365491,-0.001300204,-0.001334673,-0.000372027,0.000939591,0.001663951,0.001263301,4.96E-06,-0.00122343,-0.00156212,-0.000811101,0.000429389,0.001219224,0.000993169,-1.38E-05,-0.000957808,-0.001050591,-0.000184287,0.000969745,0.001474384,0.000861157,-0.00048396,-0.001591378,-0.001636732,-0.000570325,0.000840058,0.001589061,0.001190464,2.70E-05
-0.002567832,-0.001444796,-0.001180562,-0.001008269,-0.000793565,-0.000523948,-0.000238319,1.23E-05,0.000198612,0.000324876,0.000412893,0.000475672,0.000503322,0.000472568,0.000370463,0.000211236,3.21E-05,-0.000128245,-0.000249348,-0.000332579,-0.000386491,-0.000409626,-0.000386696,-0.000301828,-0.000157011,2.07E-05,0.000189865,0.000315252,0.000381308,0.000390271,0.000349094,0.000259428,0.000120728,-5.65E-05,-0.000240489,-0.000383278,-0.000439717,-0.000388811,-0.00024263,-3.86E-05,0.000176517,0.000359142,0.000471599,0.00048122,0.000365259,0.000125251,-0.000197816,-0.000521582,-0.000742363,-0.000771537,-0.000571238,-0.000172528,0.000330766,0.000806828,0.001118593,0.001156634,0.000869699,0.000289976,-0.00045591,-0.001163129,-0.001600311,-0.001587388,-0.001072269,-0.000171207,0.000851429,0.001663086,0.001975932,0.001651817,0.000761436,-0.000424405,-0.001512382,-0.002113649,-0.001983461,-0.00112599,0.000180658,0.00146394,0.002225803,0.002143312,0.001216945,-0.000206488,-0.001559615,-0.002285731,-0.002077734,-0.001018371,0.00044596,0.001691488,0.002185959,0.001722967,0.00051731,-0.000885284,-0.001849614,-0.001939604,-0.001122967,0.000207671,0.001415826,0.001925177,0.001501572,0.000370029,-0.000898112,-0.00167585,-0.001600318,-0.000753455,0.000393122,0.001237683,0.001370106,0.000779503,-0.000161688,-0.000920679,-0.001102668,-0.000656467,0.000121908,0.00077814,0.000963352,0.000619323,-1.44E-05,-0.000563018,-0.000742083,-0.000510408,-6.57E-05,0.000301558,0.000394794,0.000220016,-4.65E-05,-0.000198246,-0.000144648,3.81E-05,0.000181183,0.000161539,-5.17E-07,-0.000160391,-0.000169793,-5.18E-06,0.000200689,0.000257164,7.46E-05,-0.000241689,-0.000447342,-0.000339635,6.82E-05,0.000519419,0.000675826,0.000367065,-0.000254646,-0.000785852,-0.000841033,-0.000338015,0.000413179,0.000903111,0.000778928,0.000112351,-0.000625844,-0.000888046,-0.000450529,0.00039912,0.001041518,0.00096298,0.000143852,-0.000892817,-0.001427907,-0.001056173,6.49E-06,0.001052819,0.001374984,0.000771501,-0.00030051,-0.001050562,-0.000931633,-4.89E-05,0.000908359,0.001174119,0.000486262,-0.000694024,-0.001500755,-0.001298593,-0.00016852,0.001125217,0.001677532,0.001102597,-0.000178591,-0.001244489,-0.001352148,-0.000483728,0.000651702,0.001165857,0.000674254,-0.000407694,-0.001187225,-0.00099313,8.64E-05,0.001248632,0.001581049,0.000767801,-0.000647862,-0.001656206,-0.001535898,-0.000395196,0.000916798,0.00146,0.000912121,-0.000210758
-0.001854031,-0.001049734,-0.000867369,-0.000744416,-0.000576908,-0.000357732,-0.000125232,7.20E-05,0.00020715,0.000286255,0.000332637,0.000361201,0.000364584,0.00032213,0.000222609,8.03E-05,-6.91E-05,-0.000189698,-0.000264294,-0.000297964,-0.00030364,-0.000285094,-0.000232683,-0.000135544,1.20E-06,0.000150088,0.00027225,0.00033737,0.000336929,0.000281702,0.000188102,6.70E-05,-7.47E-05,-0.000223274,-0.00034916,-0.000412447,-0.000381081,-0.00024997,-4.71E-05,0.000177213,0.000369327,0.000487084,0.000503894,0.000406934,0.000198656,-9.46E-05,-0.000414233,-0.000673524,-0.000780805,-0.000674824,-0.000354917,0.00011005,0.000598741,0.000972022,0.001111404,0.000950767,0.000497592,-0.000157941,-0.000851024,-0.001374367,-0.001536423,-0.001232444,-0.000501077,0.000463646,0.001360587,0.001879152,0.001811762,0.001137792,4.57E-05,-0.001117184,-0.001954007,-0.002153002,-0.001605743,-0.000465639,0.000882638,0.001946442,0.002307202,0.001795277,0.000580775,-0.000871405,-0.001978059,-0.002279706,-0.001643218,-0.000331215,0.001100739,0.002039557,0.002081953,0.001214791,-0.000173964,-0.001463088,-0.002074333,-0.001735404,-0.000609059,0.000776685,0.001772567,0.001916282,0.00115727,-0.000117026,-0.001273269,-0.00175097,-0.001345329,-0.000305481,0.000805653,0.001414489,0.001238997,0.000425638,-0.000549389,-0.001153751,-0.001089946,-0.000442336,0.000394564,0.000954662,0.00096226,0.0004685,-0.000206283,-0.000677552,-0.000719827,-0.00037752,9.25E-05,0.000398011,0.00039149,0.000141246,-0.000140689,-0.000255934,-0.000151708,5.99E-05,0.00020083,0.000166754,2.89E-06,-0.000139491,-0.000130931,2.44E-05,0.000184254,0.000181466,-2.96E-05,-0.000311867,-0.000430549,-0.0002344,0.000202456,0.000597997,0.000648039,0.000257424,-0.000357249,-0.000788969,-0.000719508,-0.000162719,0.000515169,0.000835053,0.000549031,-0.000159235,-0.000778995,-0.000828598,-0.000217073,0.00065738,0.001164717,0.000890527,-4.40E-05,-0.001034183,-0.001399304,-0.000867634,0.000212833,0.00110385,0.001197067,0.000454775,-0.000555117,-0.00106853,-0.000689911,0.000302488,0.001146748,0.00115738,0.000248776,-0.0009717,-0.001626434,-0.001208044,3.31E-05,0.001250721,0.001607245,0.000882523,-0.000366877,-0.001222007,-0.001085517,-0.000123418,0.000870706,0.00109049,0.000344508,-0.000785696,-0.001386708,-0.000923127,0.000328407,0.001463336,0.001623548,0.000652362,-0.000772982,-0.001640358,-0.001357386,-0.000186552,0.000971456,0.001275697,0.000582428,-0.00047121
-0.000821045,-0.000472595,-0.000412193,-0.000367404,-0.000276547,-0.000138772,9.83E-06,0.000125448,0.000185936,0.000200498,0.00019477,0.000185861,0.000168883,0.000125267,4.43E-05,-6.18E-05,-0.000161486,-0.000224163,-0.000238336,-0.000214334,-0.00017035,-0.000115596,-4.56E-05,4.68E-05,0.000155718,0.000256184,0.000315167,0.000310239,0.000241772,0.000129618,-1.23E-06,-0.000132794,-0.000254351,-0.000352869,-0.000405467,-0.000384172,-0.000272156,-7.99E-05,0.000151985,0.000365789,0.000507986,0.000544741,0.000465687,0.000279846,1.27E-05,-0.000290968,-0.000565138,-0.000730189,-0.000716528,-0.00049564,-0.000102297,0.000366386,0.000777335,0.001002334,0.000957101,0.000626768,7.42E-05,-0.000567563,-0.001120009,-0.00140045,-0.001278747,-0.000733659,0.000115226,0.00102301,0.001688836,0.00185977,0.001430372,0.000496573,-0.000661049,-0.001662479,-0.002154665,-0.001937631,-0.001047425,0.000236578,0.001471305,0.002200433,0.002128447,0.001252131,-0.000112701,-0.001436107,-0.002180912,-0.002030596,-0.001036324,0.000389595,0.001641092,0.002178271,0.001766283,0.000584356,-0.000847401,-0.001895236,-0.002094502,-0.001361442,-3.56E-05,0.001271819,0.001960631,0.001724564,0.000699652,-0.000600685,-0.001538311,-0.001668801,-0.000963497,0.000182091,0.001161085,0.001476704,0.00100025,2.60E-05,-0.000903111,-0.001298529,-0.000986511,-0.000183943,0.000644663,0.001058103,0.000878438,0.00026679,-0.000396775,-0.000746913,-0.000637329,-0.000200014,0.00026335,0.000479074,0.000361804,4.28E-05,-0.000239944,-0.000307643,-0.000151152,8.38E-05,0.000216568,0.000166087,2.10E-06,-0.000121294,-9.60E-05,4.80E-05,0.000164243,0.00011189,-0.000114239,-0.00035481,-0.000393835,-0.000132192,0.000306099,0.000630923,0.000584389,0.000143977,-0.000427064,-0.000740668,-0.000558123,1.80E-05,0.000588181,0.000727028,0.000298656,-0.000416436,-0.000894949,-0.000741337,5.42E-06,0.000862268,0.001220308,0.000779675,-0.000211321,-0.001101471,-0.001282266,-0.000624652,0.00041327,0.001100574,0.000956663,0.000106669,-0.000799081,-0.001057144,-0.000437714,0.000624481,0.001330204,0.001101418,2.60E-05,-0.001175557,-0.00165492,-0.001051931,0.000230644,0.001306701,0.001445252,0.000600899,-0.0005597,-0.001160501,-0.000775422,0.000251927,0.001074261,0.000996705,2.51E-05,-0.001117656,-0.001531763,-0.000833283,0.000530062,0.001591682,0.001581527,0.000504653,-0.000859161,-0.001539166,-0.001097788,5.69E-05,0.001007155,0.001044986,0.00021471,-0.000743788
0.000339126,0.000178848,0.000100517,5.37E-05,5.34E-05,9.44E-05,0.000144134,0.000165263,0.000141496,8.60E-05,2.68E-05,-1.70E-05,-4.81E-05,-8.36E-05,-0.000134777,-0.00019282,-0.000232322,-0.000229691,-0.000180208,-0.000100016,-1.24E-05,6.85E-05,0.000143311,0.000216932,0.00028458,0.00032634,0.00031706,0.000243653,0.000115709,-3.88E-05,-0.000188296,-0.000310698,-0.000394665,-0.000431419,-0.00040762,-0.00030896,-0.000133697,9.46E-05,0.000327045,0.000504683,0.000580073,0.000532483,0.000369989,0.000122278,-0.000166865,-0.000442365,-0.000640078,-0.000696626,-0.000570428,-0.000266276,0.000151543,0.000569433,0.000857622,0.00091313,0.000695076,0.000240395,-0.000342088,-0.000894916,-0.001248037,-0.001263759,-0.000884652,-0.000170278,0.000696675,0.001449536,0.001819689,0.001636097,0.000902719,-0.000182052,-0.001278248,-0.0020146,-0.002118396,-0.001519283,-0.000389169,0.000900447,0.001896356,0.002224053,0.001736386,0.000590866,-0.000786905,-0.00185512,-0.00217237,-0.001591029,-0.000337336,0.001068075,0.002025333,0.002115845,0.001291885,-9.41E-05,-0.00143887,-0.002153176,-0.001925902,-0.000866599,0.000540605,0.001655844,0.001978654,0.00138292,0.000177782,-0.001040916,-0.001682088,-0.001452195,-0.000500251,0.000662868,0.001432857,0.001427608,0.000682238,-0.000381838,-0.001194284,-0.001346695,-0.000803841,9.79E-05,0.000855714,0.001085593,0.000723035,3.17E-05,-0.00057255,-0.000769415,-0.000505246,4.71E-06,0.00043095,0.000536288,0.000306428,-6.82E-05,-0.000335123,-0.000345985,-0.000138855,0.000110998,0.000227486,0.000157309,-5.81E-06,-0.000108354,-6.57E-05,6.81E-05,0.000145695,5.38E-05,-0.000176714,-0.000372823,-0.000343342,-3.92E-05,0.000377207,0.000622068,0.000491599,3.03E-05,-0.00046869,-0.00065396,-0.000372474,0.000194838,0.000635864,0.000595335,4.93E-05,-0.000642723,-0.000968999,-0.00063273,0.000206426,0.001007339,0.001209138,0.000634513,-0.000358785,-0.001105745,-0.001096052,-0.000345086,0.000602532,0.001055494,0.000679157,-0.000246999,-0.001018598,-0.001019476,-0.000189869,0.000901385,0.001450975,0.001007624,-0.000177567,-0.001305758,-0.001593252,-0.000838882,0.000422742,0.001304454,0.001211846,0.000275817,-0.000752922,-0.001074061,-0.000447702,0.00061806,0.00125155,0.000890463,-0.000267281,-0.001386476,-0.001611909,-0.000719807,0.000693314,0.001637693,0.001459687,0.00032395,-0.000917955,-0.001373947,-0.000779362,0.000323829,0.001030537,0.000789911,-0.00016476,-0.001010914
0.00146548,0.000813978,0.000599874,0.00046131,0.000368293,0.000310405,0.000259811,0.000186522,8.07E-05,-4.07E-05,-0.000147464,-0.000219033,-0.000256623,-0.000276425,-0.000291055,-0.000296093,-0.000273229,-0.000206785,-9.91E-05,2.84E-05,0.000148092,0.000242484,0.000309387,0.000353336,0.000372369,0.000353103,0.000279441,0.000147874,-2.37E-05,-0.000201169,-0.000349354,-0.000445167,-0.000479816,-0.000451364,-0.00035756,-0.000197794,1.65E-05,0.000252375,0.000458205,0.000579466,0.000579837,0.000454574,0.000230034,-4.70E-05,-0.000320953,-0.000534897,-0.000635314,-0.000581671,-0.000362909,-1.41E-05,0.000379827,0.00070147,0.000838094,0.000722543,0.000361159,-0.00016241,-0.000707169,-0.001110518,-0.001230871,-0.000989596,-0.000404924,0.000393628,0.001183373,0.001705269,0.001749559,0.001241517,0.000290268,-0.000826858,-0.001747148,-0.002146279,-0.001858289,-0.000946684,0.000301924,0.001464582,0.002124463,0.002024271,0.001175492,-0.000123691,-0.001381879,-0.002096955,-0.001962011,-0.00100806,0.000387738,0.001645313,0.002224594,0.00186387,0.000704481,-0.000760968,-0.001899777,-0.002218603,-0.001585605,-0.000292611,0.001074401,0.001901383,0.001829111,0.000920884,-0.000367352,-0.001405787,-0.001697148,-0.001121346,6.63E-06,0.001099295,0.001600237,0.001270832,0.000308527,-0.000767584,-0.001400556,-0.001292638,-0.000552258,0.000385697,0.001014465,0.001035522,0.000506172,-0.000221388,-0.000722059,-0.000743548,-0.000332679,0.000221698,0.000581416,0.00056228,0.000225945,-0.000185512,-0.000418265,-0.000364657,-0.000111578,0.000142043,0.000232549,0.000138735,-2.26E-05,-0.000101981,-4.01E-05,8.62E-05,0.000131641,1.04E-05,-0.000215927,-0.000367848,-0.000283291,4.08E-05,0.000415141,0.00057492,0.000375041,-8.07E-05,-0.000485603,-0.000538861,-0.000174867,0.000359938,0.000659868,0.0004514,-0.000182881,-0.000825003,-0.000996348,-0.000506276,0.000379013,0.001088187,0.001131832,0.000457906,-0.000487255,-0.001055863,-0.000856168,-4.39E-05,0.000774917,0.000976856,0.00038379,-0.000585153,-0.001200638,-0.000955249,4.40E-05,0.001121404,0.00150206,0.000875439,-0.000360083,-0.001363377,-0.001447507,-0.000576287,0.000607556,0.001252153,0.000923192,-7.69E-05,-0.000940533,-0.000971017,-0.000121296,0.000955178,0.001391598,0.000773514,-0.000521608,-0.001579129,-0.001618042,-0.000578482,0.000820543,0.001604932,0.001262116,0.00011048,-0.000957406,-0.001160933,-0.00042037,0.000603124,0.001044282,0.000526244,-0.000534886,-0.001256435
0.002382417,0.00133388,0.001008601,0.000792677,0.000619556,0.000475444,0.00033784,0.000184385,1.13E-05,-0.000160988,-0.000301562,-0.000389301,-0.000424605,-0.000423277,-0.000399653,-0.000354171,-0.000275845,-0.000156769,-5.49E-06,0.000152437,0.000287131,0.000379472,0.000426468,0.000433715,0.000403389,0.000329445,0.000204867,3.47E-05,-0.000157121,-0.000333507,-0.000459269,-0.000513876,-0.000493858,-0.000405726,-0.000258386,-6.32E-05,0.000158957,0.000371093,0.000524769,0.000575594,0.000502162,0.000316542,6.07E-05,-0.000207538,-0.000429193,-0.000554323,-0.000547657,-0.000395555,-0.00011635,0.000231577,0.000554061,0.000743967,0.000717687,0.000450469,-6.02E-06,-0.000532478,-0.000973903,-0.001183221,-0.001064382,-0.000605327,0.000105955,0.000889463,0.00151121,0.001749547,0.001474583,0.000711892,-0.000340738,-0.001360744,-0.002003742,-0.002027204,-0.00138775,-0.000272375,0.000952445,0.001860712,0.002117093,0.001606379,0.000492851,-0.000820516,-0.001829923,-0.002123554,-0.001556477,-0.000330644,0.001066736,0.002054257,0.002203003,0.00143082,5.18E-05,-0.001350134,-0.002173586,-0.002066978,-0.001088787,0.000315619,0.001513724,0.001973886,0.001510152,0.000368496,-0.000889708,-0.001656182,-0.001570141,-0.000694616,0.000516318,0.001447426,0.001635868,0.001006269,-9.66E-05,-0.001096391,-0.001493741,-0.001126599,-0.000241514,0.000659203,0.001103245,0.000902909,0.000237424,-0.000474879,-0.000830016,-0.000664887,-0.000128218,0.000433975,0.00069763,0.00054697,0.000120083,-0.000301679,-0.000479296,-0.000355547,-6.54E-05,0.000177049,0.000229877,0.000108173,-4.99E-05,-0.000103145,-1.94E-05,0.00010351,0.00012448,-1.57E-05,-0.000230284,-0.000340864,-0.000217138,0.000103832,0.000418305,0.000491829,0.000239733,-0.000185326,-0.000479669,-0.000404307,2.18E-05,0.000503081,0.000659048,0.000305206,-0.000380832,-0.00094682,-0.00096846,-0.000363564,0.000515262,0.001097299,0.000985994,0.0002518,-0.00059598,-0.000958088,-0.000576897,0.000262221,0.000921089,0.00086968,8.95E-05,-0.000883291,-0.001326826,-0.000860137,0.000254509,0.001269142,0.001471452,0.000701121,-0.000519146,-0.001346298,-0.00122058,-0.000270901,0.000780899,0.001154729,0.000594178,-0.000439113,-0.001112107,-0.000856163,0.000184745,0.0012394,0.001477877,0.000644221,-0.000725827,-0.001678034,-0.001536046,-0.000402848,0.000912561,0.001493302,0.000990169,-0.000135398,-0.000983149,-0.000914172,-3.94E-05,0.000880726,0.001047604,0.000268769,-0.000871797,-0.001459168
0.00294163,0.001654353,0.001261136,0.000995354,0.00076778,0.000563536,0.000365642,0.000158813,-5.56E-05,-0.000255585,-0.000410631,-0.000500469,-0.000525448,-0.000501237,-0.000443789,-0.000358035,-0.000239639,-8.73E-05,8.58E-05,0.000252474,0.00038275,0.000458156,0.000476646,0.000446034,0.000373141,0.00025901,0.000104541,-7.89E-05,-0.000264458,-0.000415876,-0.000501659,-0.000506854,-0.000435079,-0.000301471,-0.000124508,7.59E-05,0.00027397,0.000434567,0.000517998,0.000494193,0.000358332,0.000137682,-0.000115163,-0.000338589,-0.000478778,-0.000500383,-0.000391123,-0.000164604,0.000136299,0.000439438,0.000653945,0.000694889,0.000515863,0.000135375,-0.000357326,-0.000822607,-0.00111073,-0.001107981,-0.000774393,-0.000163292,0.000581944,0.001255786,0.001641992,0.001580528,0.001032076,0.00011431,-0.000913015,-0.00172033,-0.00201945,-0.001673967,-0.000764141,0.000424034,0.001487435,0.00204463,0.001876647,0.001018788,-0.000234521,-0.001422204,-0.002081858,-0.001932036,-0.00099953,0.000368494,0.001626814,0.00225037,0.001960831,0.000859651,-0.000600147,-0.001801242,-0.002230782,-0.001710713,-0.000482119,0.000899711,0.001815463,0.001864629,0.001050229,-0.000222942,-0.0013394,-0.001766245,-0.001309763,-0.00020934,0.000981547,0.001671984,0.001530986,0.00065241,-0.000499589,-0.001337912,-0.001461108,-0.000857359,0.000105747,0.000896027,0.001112612,0.000695883,-6.26E-05,-0.000706957,-0.000884477,-0.000536449,9.29E-05,0.000622266,0.000765075,0.000485565,-6.77E-06,-0.000407698,-0.000509819,-0.000314086,2.49E-07,0.000214546,0.000218036,6.53E-05,-8.73E-05,-0.00011091,-2.57E-06,0.000120816,0.000124626,-2.53E-05,-0.00022259,-0.000296344,-0.00014906,0.000148893,0.000390966,0.000381488,9.48E-05,-0.000279559,-0.000455429,-0.000262459,0.000203366,0.000615174,0.000634017,0.000166162,-0.000532094,-0.00099958,-0.000883914,-0.00020811,0.00061261,0.001037909,0.00078026,2.42E-05,-0.000685553,-0.000825472,-0.000280064,0.000552766,0.001032124,0.000741373,-0.000184028,-0.001119871,-0.001383497,-0.000731969,0.000436189,0.001338851,0.001357951,0.000486646,-0.000655663,-0.00126356,-0.000928806,6.14E-05,0.00093737,0.001022671,0.00024755,-0.00078706,-0.001254652,-0.000733018,0.000454129,0.001451654,0.001497968,0.000500106,-0.00087596,-0.001678751,-0.0013641,-0.000191585,0.000974894,0.001314614,0.000658003,-0.000405634,-0.001000525,-0.000652732,0.000338767,0.001138378,0.001037752,3.08E-05,-0.001153865,-0.001599966
0.003094214,0.001746792,0.001335466,0.001052632,0.000801861,0.000569427,0.000343594,0.000115064,-0.000111269,-0.000313401,-0.000463053,-0.000541993,-0.000551122,-0.00050593,-0.000423424,-0.000312086,-0.000172922,-9.55E-06,0.000162595,0.000316781,0.00042557,0.000473043,0.000459391,0.000395155,0.000291511,0.000155494,-6.00E-06,-0.000178005,-0.000334007,-0.000442046,-0.000477286,-0.000432276,-0.000318216,-0.000157742,2.37E-05,0.000201646,0.000350207,0.000440709,0.000446227,0.000353107,0.000172604,-5.62E-05,-0.000275801,-0.000427987,-0.000470762,-0.000388179,-0.000192295,7.89E-05,0.000365077,0.000590137,0.000677004,0.00057103,0.000265839,-0.000181011,-0.000653865,-0.001008583,-0.00111701,-0.000910561,-0.000408176,0.000279835,0.000973407,0.001466092,0.001582898,0.00124003,0.000488468,-0.000479047,-0.001370944,-0.001885226,-0.001817538,-0.001148036,-6.87E-05,0.001067537,0.001862912,0.002018291,0.001450279,0.000337147,-0.000929532,-0.001877833,-0.002130729,-0.001560445,-0.000357927,0.001021184,0.002025778,0.00223382,0.001539242,0.000214046,-0.00119289,-0.002086091,-0.002085136,-0.001198912,0.000171822,0.001410842,0.001965028,0.001598037,0.000500211,-0.000799768,-0.001683517,-0.001736478,-0.000946444,0.000291166,0.001367782,0.001762816,0.001302205,0.000241599,-0.000870443,-0.00147978,-0.001313215,-0.000511528,0.000461434,0.001080824,0.001046631,0.000434304,-0.000369317,-0.000900436,-0.000882626,-0.000368759,0.000314117,0.00077295,0.000778715,0.000381769,-0.000146443,-0.000496416,-0.0005071,-0.000241978,8.17E-05,0.000251797,0.000196738,1.19E-05,-0.000131753,-0.000122674,1.20E-05,0.000138357,0.00013028,-2.25E-05,-0.000199293,-0.000240878,-8.25E-05,0.000178539,0.000342077,0.000256158,-4.98E-05,-0.000360536,-0.000418563,-0.000124157,0.000359895,0.000692333,0.000587499,3.95E-05,-0.000634621,-0.000987411,-0.000750564,-4.49E-05,0.000675148,0.000924039,0.00053255,-0.000213038,-0.000757471,-0.000673219,1.30E-05,0.00081111,0.001103599,0.000599407,-0.000424519,-0.001285932,-0.001368809,-0.000572954,0.000589499,0.001337999,0.001173677,0.000240547,-0.000773133,-0.001132785,-0.00059708,0.000400678,0.00107236,0.000868532,-9.44E-05,-0.00110034,-0.001358263,-0.000602932,0.000680041,0.00158647,0.001450098,0.000339776,-0.000978178,-0.001593647,-0.001115725,4.95E-05,0.001015612,0.001089239,0.000288686,-0.00068654,-0.001012278,-0.000393554,0.00069276,0.001361005,0.001011433,-0.000181159,-0.001371095,-0.001670622
0.00281067,0.001593628,0.001218205,0.000954717,0.000715878,0.000491199,0.000273574,5.82E-05,-0.000148336,-0.000326026,-0.000450562,-0.000506947,-0.000497064,-0.000435894,-0.000340553,-0.00022166,-8.38E-05,6.68E-05,0.000214654,0.000336331,0.000409091,0.000421311,0.000376273,0.000287159,0.000168532,3.17E-05,-0.000113079,-0.000250143,-0.00035671,-0.000408153,-0.000388573,-0.000298983,-0.000157521,7.88E-06,0.000168401,0.000299085,0.000378682,0.000388866,0.000317932,0.000168915,-3.32E-05,-0.000242337,-0.000402538,-0.000465589,-0.000406559,-0.000231204,2.57E-05,0.000307285,0.000544503,0.000667437,0.00062148,0.000386909,-4.18E-06,-0.00046362,-0.000863321,-0.001070793,-0.000993165,-0.000613572,-6.16E-06,0.000676196,0.001238991,0.001499056,0.001341369,0.000764845,-9.88E-05,-0.001006169,-0.001666984,-0.001838261,-0.001418415,-0.000502802,0.00062801,0.001592444,0.002039597,0.001781982,0.000877692,-0.000373322,-0.001524494,-0.002141229,-0.001967855,-0.001039416,0.000311566,0.00156766,0.002224812,0.002001846,0.000971643,-0.000451335,-0.001674167,-0.002177188,-0.001745441,-0.000572455,0.00081801,0.001803554,0.001945509,0.001191757,-9.70E-05,-0.001313682,-0.001889546,-0.001562918,-0.00050374,0.000769391,0.001642512,0.001707385,0.000961037,-0.00019869,-0.001181091,-0.001507905,-0.001056357,-0.000111423,0.00079939,0.001196872,0.000905574,0.000133931,-0.000660467,-0.001037788,-0.000819219,-0.000169421,0.000520782,0.000872526,0.000732371,0.000237991,-0.000291292,-0.000560177,-0.000467434,-0.000140282,0.000175268,0.000285321,0.0001649,-5.04E-05,-0.000180425,-0.000135711,2.58E-05,0.00015582,0.000139306,-1.15E-05,-0.000165526,-0.000179492,-2.03E-05,0.000194545,0.000278511,0.00012588,-0.000184936,-0.000424257,-0.000372149,2.18E-06,0.000482175,0.000729105,0.000519585,-7.12E-05,-0.000685855,-0.000911936,-0.000573619,0.000121727,0.000704571,0.000765514,0.000257403,-0.00044802,-0.000809878,-0.000511518,0.000284693,0.001020908,0.001128171,0.000447548,-0.000621326,-0.001371228,-0.001277939,-0.00038341,0.000713617,0.001269912,0.000926382,-3.01E-05,-0.000872126,-0.000965837,-0.000245191,0.000728488,0.001178359,0.000699939,-0.000412908,-0.001358638,-0.001410236,-0.000464337,0.000856088,0.001635874,0.001329168,0.000160694,-0.001036131,-0.001430215,-0.000800516,0.000314481,0.00103865,0.00083179,-9.84E-05,-0.000963893,-0.001017128,-0.000149066,0.00100319,0.001532285,0.000962585,-0.000362202,-0.001512542,-0.001660457
0.002083823,0.001189598,0.000905711,0.000700042,0.000510724,0.000332284,0.000161248,-4.52E-06,-0.000158885,-0.000285955,-0.000367164,-0.000391824,-0.000362985,-0.000294431,-0.000201991,-9.65E-05,1.61E-05,0.000129433,0.00023088,0.000302712,0.000329045,0.000303824,0.000233649,0.00013352,1.96E-05,-9.51E-05,-0.000199624,-0.000281286,-0.000324024,-0.000313007,-0.000242537,-0.000121766,2.62E-05,0.000171678,0.000286701,0.000350558,0.000350503,0.000281224,0.000146772,-3.51E-05,-0.000230336,-0.000392079,-0.000472925,-0.000440503,-0.000290005,-4.80E-05,0.000233014,0.000486322,0.000644464,0.000653532,0.000487647,0.000162269,-0.000258946,-0.000670569,-0.000949011,-0.000989445,-0.000744315,-0.000248461,0.000380377,0.000968165,0.001331847,0.001334455,0.000933177,0.000205816,-0.000655885,-0.001390984,-0.001746119,-0.001564108,-0.000853776,0.000190403,0.001235694,0.001917717,0.001971792,0.001340512,0.00021253,-0.001028728,-0.001934652,-0.002156517,-0.001585349,-0.000410154,0.000936192,0.00193315,0.002177067,0.001553868,0.000302956,-0.001065684,-0.001977614,-0.002040897,-0.001225024,0.000114251,0.001384325,0.002018594,0.001734929,0.000668762,-0.000685424,-0.001701597,-0.001914693,-0.001239789,-1.18E-05,0.001176807,0.001763468,0.001489424,0.00052282,-0.000631871,-0.001393936,-0.00140311,-0.00069874,0.000312745,0.001083506,0.00122017,0.000688263,-0.00018498,-0.000906125,-0.001094646,-0.00068615,5.21E-05,0.000693419,0.000902822,0.000617869,5.81E-05,-0.000430064,-0.000587839,-0.000385641,-1.11E-05,0.000274467,0.000309194,0.000120443,-0.000119293,-0.000228732,-0.000145875,4.06E-05,0.000172231,0.0001483,2.75E-06,-0.000127515,-0.000118034,3.45E-05,0.000198787,0.000208277,3.03E-06,-0.000298322,-0.000464072,-0.000318217,0.000107017,0.00055827,0.000717141,0.000428632,-0.000162676,-0.000682581,-0.000774701,-0.000359641,0.000285087,0.000701146,0.000573335,-2.64E-05,-0.000663366,-0.00083667,-0.000350156,0.000513486,0.001159785,0.001093536,0.00028814,-0.000761559,-0.001361657,-0.001103415,-0.000163666,0.000805886,0.001136613,0.000624981,-0.000314645,-0.000949988,-0.00077455,0.000102661,0.00101917,0.001241858,0.00052328,-0.000684744,-0.001533828,-0.001390908,-0.000312849,0.000974101,0.001587846,0.001126876,-4.05E-05,-0.001052819,-0.001196184,-0.00043071,0.000593561,0.001045204,0.000558283,-0.000478143,-0.001215988,-0.001008946,6.76E-05,0.001244841,0.001628466,0.000880399,-0.000507229,-0.001563114,-0.001553851
0.001079931,0.000627624,0.000470766,0.000348394,0.000233874,0.000127531,2.86E-05,-6.39E-05,-0.000145667,-0.000206531,-0.000234743,-0.00022448,-0.000179828,-0.000112594,-3.60E-05,4.04E-05,0.000111313,0.000171974,0.000214481,0.000228469,0.000205982,0.000146912,6.07E-05,-3.70E-05,-0.000130287,-0.000206653,-0.000257065,-0.000273652,-0.00024897,-0.000178936,-6.79E-05,6.83E-05,0.000204143,0.000311378,0.000366597,0.00035635,0.000278384,0.000140812,-3.81E-05,-0.000229247,-0.000394268,-0.000491236,-0.000486067,-0.000365159,-0.000143741,0.000134314,0.000405581,0.000601692,0.000665321,0.000564543,0.000303867,-7.00E-05,-0.000471222,-0.00079022,-0.000921498,-0.000798009,-0.000420516,0.000130602,0.000708873,0.00113931,0.001270355,0.001024744,0.000433652,-0.000358332,-0.001123319,-0.001612027,-0.001633637,-0.001129571,-0.000213323,0.000845812,0.00169918,0.002036123,0.001702007,0.000770983,-0.000460834,-0.001567483,-0.002143048,-0.001956656,-0.001052405,0.000249703,0.001461198,0.002108285,0.001923036,0.000964539,-0.00038778,-0.001577367,-0.002099679,-0.001722688,-0.000599247,0.000786897,0.001826969,0.002058091,0.001376496,9.11E-05,-0.001213243,-0.001944192,-0.001778035,-0.000811895,0.000483281,0.001489609,0.00174106,0.001148085,3.61E-05,-0.001023354,-0.001503952,-0.00119076,-0.00028263,0.000722036,0.001294748,0.001156791,0.00041836,-0.000496169,-0.001091342,-0.00107316,-0.000498329,0.00027898,0.000823815,0.00086889,0.000450332,-0.000141154,-0.000552467,-0.000579654,-0.000270733,0.000133409,0.000369829,0.000319712,6.52E-05,-0.000190109,-0.000271658,-0.000149619,5.78E-05,0.000186569,0.000153595,1.41E-05,-9.22E-05,-6.17E-05,8.13E-05,0.000196455,0.000140488,-0.000103436,-0.000385159,-0.000480388,-0.000259821,0.000189254,0.000592039,0.000663831,0.00031981,-0.000238473,-0.000639669,-0.000597497,-0.00012768,0.000438486,0.000674158,0.000367981,-0.000297724,-0.000846703,-0.000837424,-0.000195914,0.000693792,0.001228777,0.001005656,0.000124514,-0.000851883,-0.001274615,-0.000865548,7.51E-05,0.000872398,0.00095989,0.000295764,-0.000596501,-0.001007863,-0.000575506,0.00042529,0.001258613,0.001260849,0.000344852,-0.000903574,-0.001625001,-0.001302963,-0.00014741,0.001045053,0.001461933,0.000861648,-0.000258708,-0.001042835,-0.000920956,-3.67E-05,0.000869739,0.001038384,0.000287318,-0.000828044,-0.001427289,-0.000982571,0.000255061,0.001415904,0.001649586,0.00076358,-0.000623855,-0.001537656,-0.001366834
-7.15E-05,-1.99E-05,-2.99E-05,-5.37E-05,-7.78E-05,-9.61E-05,-0.000107538,-0.00011289,-0.000111106,-9.84E-05,-7.05E-05,-2.66E-05,2.84E-05,8.56E-05,0.000135606,0.000171584,0.000190226,0.000189797,0.000168267,0.000123513,5.59E-05,-2.92E-05,-0.000120163,-0.000202532,-0.000262387,-0.000289717,-0.000279164,-0.00022918,-0.000141615,-2.30E-05,0.000113599,0.000247691,0.000354442,0.000410238,0.000399043,0.000316653,0.000171807,-1.52E-05,-0.000214786,-0.000391119,-0.000506566,-0.000528943,-0.000440882,-0.000248344,1.58E-05,0.000295939,0.000525365,0.00064243,0.000606739,0.000411647,9.04E-05,-0.000286075,-0.000620984,-0.000813593,-0.000787786,-0.000520212,-5.79E-05,0.000484019,0.000947589,0.001176477,0.001066585,0.000607151,-0.000102506,-0.000869321,-0.001455712,-0.001650995,-0.001345401,-0.000581767,0.000437397,0.001398741,0.001974464,0.001938087,0.001257796,0.000128334,-0.001079338,-0.001940617,-0.002132016,-0.001561002,-0.000417226,0.00088238,0.001842362,0.002080373,0.001487124,0.00028607,-0.001041193,-0.001943576,-0.002031235,-0.001250543,7.85E-05,0.001388386,0.002107794,0.001916711,0.000897139,-0.000496233,-0.001638496,-0.002020815,-0.001487493,-0.000309218,0.000945949,0.001685277,0.001576935,0.000708167,-0.000463612,-0.001343898,-0.001501819,-0.000884967,0.000162077,0.00108516,0.001414135,0.001006515,0.000111209,-0.000778922,-0.0012013,-0.000970876,-0.000264615,0.000498074,0.000903144,0.000771372,0.000239287,-0.00034663,-0.000648746,-0.00053348,-0.000128195,0.000283775,0.00045278,0.000312608,-2.79E-07,-0.000258877,-0.000304582,-0.00014366,7.85E-05,0.000197649,0.00015212,1.81E-05,-6.45E-05,-1.41E-05,0.000119306,0.000190488,8.12E-05,-0.000186686,-0.000440527,-0.000471691,-0.000198068,0.000247674,0.000584486,0.000572468,0.000195903,-0.000300418,-0.000565949,-0.000394538,0.000108287,0.000574972,0.000627619,0.000162938,-0.000539799,-0.000985656,-0.000808289,-5.23E-05,0.000819804,0.001224834,0.000865496,-4.16E-05,-0.000894825,-0.001119137,-0.000576842,0.000323852,0.000914397,0.000752378,-4.29E-05,-0.000861016,-0.001042601,-0.000378201,0.000706377,0.001432552,0.001229433,0.000167457,-0.001062588,-0.001626754,-0.001144267,3.35E-05,0.001074083,0.001268172,0.00054445,-0.000489382,-0.00101354,-0.000623127,0.000359194,0.001127654,0.001016774,3.11E-05,-0.001129524,-0.001581942,-0.000930644,0.000412405,0.001511413,0.001590867,0.00060853,-0.000716425,-0.001443014,-0.001107314
-0.001201632,-0.000658404,-0.000522271,-0.000445415,-0.0003762,-0.000303627,-0.000225549,-0.000143127,-5.89E-05,2.42E-05,0.00010294,0.000173272,0.000230461,0.000269292,0.000285119,0.000275024,0.000238529,0.000177642,9.65E-05,1.13E-06,-0.000100461,-0.000198217,-0.00028047,-0.000335404,-0.000353135,-0.000327752,-0.000258659,-0.000150963,-1.52E-05,0.00013304,0.000274339,0.000386946,0.000449982,0.000447582,0.000373121,0.000232136,4.30E-05,-0.000165095,-0.000356106,-0.000492977,-0.000544358,-0.000491798,-0.000336127,-0.000101039,0.000168223,0.000412207,0.00057005,0.000594914,0.00046823,0.000208582,-0.000127829,-0.000456525,-0.00068337,-0.000729387,-0.000556289,-0.00018521,0.000298947,0.000762471,0.001056609,0.001062533,0.000734687,0.000127364,-0.000607274,-0.001253843,-0.00159503,-0.001483128,-0.000899397,2.15E-05,0.001016112,0.001766422,0.002003473,0.001608376,0.000671377,-0.000518928,-0.00156188,-0.00208275,-0.001874787,-0.000990337,0.0002606,0.00141302,0.002019207,0.001827659,0.000895605,-0.000416992,-0.001579727,-0.002104549,-0.001754184,-0.000655118,0.000741337,0.00184295,0.002172096,0.001581182,0.000327253,-0.001035504,-0.001903143,-0.001898573,-0.00104774,0.000231691,0.001328192,0.001729107,0.001267048,0.000198003,-0.000929629,-0.001551284,-0.001369486,-0.000499434,0.000597611,0.001358656,0.00141201,0.000764625,-0.000214828,-0.00100443,-0.001212675,-0.000780749,5.04E-06,0.000690962,0.000916613,0.000607883,-4.24E-06,-0.000540417,-0.000703675,-0.000444119,3.58E-05,0.000426864,0.000510367,0.000280805,-7.54E-05,-0.00031977,-0.000320428,-0.000123109,0.000103998,0.000203454,0.000139681,9.47E-06,-4.98E-05,2.03E-05,0.000146781,0.000183436,3.71E-05,-0.000237873,-0.00045679,-0.000434242,-0.000133396,0.000280051,0.000534878,0.000445266,6.00E-05,-0.000349198,-0.000469944,-0.000182028,0.000329982,0.000682846,0.000563175,-2.63E-05,-0.000730059,-0.00106067,-0.000740602,7.73E-05,0.000881868,0.001139901,0.000671089,-0.000208078,-0.000890332,-0.000902594,-0.000251293,0.000569579,0.0009291,0.000526351,-0.000367949,-0.001086097,-0.001045167,-0.000191718,0.000923928,0.001518162,0.001135267,-6.91E-06,-0.001150312,-0.001527059,-0.000908323,0.000231568,0.001063679,0.001014577,0.000187301,-0.000724408,-0.000969661,-0.000322945,0.000728355,0.001343704,0.000974033,-0.000196452,-0.001356049,-0.001654545,-0.000840006,0.000537954,0.001520635,0.001441028,0.00040838,-0.000788367,-0.001283172,-0.000781597
-0.002142373,-0.001192831,-0.000932289,-0.000767411,-0.000616268,-0.000464623,-0.000309557,-0.000152514,8.37E-07,0.00014128,0.000258645,0.000344975,0.000396188,0.000411492,0.000391615,0.000337764,0.00025235,0.000140801,1.27E-05,-0.000118699,-0.000239195,-0.000335743,-0.00039804,-0.000418652,-0.000392914,-0.000319699,-0.00020313,-5.41E-05,0.000109831,0.000266589,0.000393257,0.000469815,0.00048206,0.000423688,0.000297974,0.000119067,-8.78E-05,-0.00028882,-0.000446378,-0.00052716,-0.000509947,-0.00039184,-0.000190953,5.51E-05,0.00029514,0.00047347,0.000542446,0.00047521,0.000276348,-1.37E-05,-0.000323814,-0.000566792,-0.000662469,-0.000562159,-0.00026822,0.000158357,0.000606612,0.000940924,0.001038574,0.000830265,0.000331482,-0.000347675,-0.001021995,-0.001479259,-0.001546073,-0.001151535,-0.000366049,0.000602759,0.001462381,0.001925041,0.001807642,0.001107564,2.28E-05,-0.001098264,-0.001868717,-0.002001287,-0.001423702,-0.000323315,0.000904771,0.001795941,0.001993786,0.001399061,0.000225415,-0.001069386,-0.001958653,-0.002062551,-0.001315181,-6.99E-06,0.001324563,0.002117788,0.002030866,0.001098796,-0.000272581,-0.001480799,-0.001996235,-0.001605112,-0.00051081,0.000759432,0.001603179,0.001630614,0.000851802,-0.000330563,-0.001322399,-0.001634754,-0.001127092,-7.28E-05,0.000986735,0.001523663,0.001293964,0.000454319,-0.00053397,-0.001158983,-0.001130484,-0.000522401,0.000288177,0.000844857,0.000867661,0.000395797,-0.000258026,-0.000705908,-0.000712709,-0.000318889,0.000207569,0.000550011,0.000535741,0.000224051,-0.000156265,-0.000368364,-0.000316449,-8.73E-05,0.000133704,0.000203183,0.000115441,-1.27E-05,-4.90E-05,4.14E-05,0.000164949,0.000177232,9.21E-06,-0.000258459,-0.000438106,-0.000372584,-6.68E-05,0.000291991,0.000454968,0.000295376,-8.03E-05,-0.000388023,-0.000365581,2.12E-05,0.000522229,0.000756763,0.00048565,-0.000190147,-0.00086084,-0.001069667,-0.000635595,0.000194511,0.000889093,0.000989466,0.000436689,-0.000371465,-0.000851042,-0.000649969,8.49E-05,0.000797141,0.000918705,0.000297959,-0.000659548,-0.001258337,-0.001012582,-1.98E-05,0.001074763,0.001517191,0.00098287,-0.000177807,-0.001175931,-0.001343375,-0.000612054,0.00044143,0.001025739,0.000725957,-0.000184448,-0.000950926,-0.000916662,-3.98E-05,0.001048617,0.001503339,0.000906804,-0.000391073,-0.001502211,-0.001641698,-0.000707213,0.000639632,0.00145737,0.001214904,0.00016998,-0.000847786,-0.001080246,-0.00041609
-0.002777304,-0.001556975,-0.001208552,-0.000978705,-0.000767358,-0.000559045,-0.000350036,-0.000141345,5.92E-05,0.000237271,0.000376874,0.000466973,0.000504884,0.000494645,0.000442421,0.000353256,0.000231765,8.57E-05,-7.12E-05,-0.000220371,-0.000343081,-0.000425138,-0.000459177,-0.000443308,-0.000378687,-0.000268843,-0.000121694,4.78E-05,0.000217615,0.000361917,0.000457408,0.000488435,0.000449345,0.000344087,0.000185065,-7.27E-06,-0.000204589,-0.000372763,-0.000477563,-0.000493287,-0.000411149,-0.00024375,-2.38E-05,0.00020237,0.000384045,0.000476388,0.000450341,0.000301498,5.60E-05,-0.000229554,-0.000477982,-0.0006098,-0.000567451,-0.000337018,4.03E-05,0.000471998,0.000834891,0.001006977,0.000904494,0.000513476,-9.39E-05,-0.000766241,-0.001307321,-0.001531241,-0.001325692,-0.000701272,0.00019343,0.001102829,0.00173756,0.001869794,0.001418841,0.000494959,-0.000620021,-0.001555913,-0.001978745,-0.00171554,-0.000832165,0.00037123,0.00145561,0.002002183,0.001778219,0.000842765,-0.000457894,-0.001613456,-0.002150123,-0.001829345,-0.000759362,0.000634977,0.001780305,0.002195525,0.001703089,0.000514969,-0.000851657,-0.001798944,-0.001916451,-0.001170562,7.63E-05,0.00123191,0.001752533,0.001402448,0.000367769,-0.000834663,-0.001612182,-0.001589735,-0.000794675,0.000362374,0.001300962,0.001568885,0.001069033,9.75E-05,-0.00082469,-0.001233269,-0.000961929,-0.000214699,0.000564979,0.000949474,0.000760372,0.00015076,-0.0005031,-0.000829731,-0.000673098,-0.00016491,0.0003754,0.000642901,0.000523996,0.000143103,-0.000239126,-0.000400857,-0.000290813,-3.63E-05,0.000166675,0.000196159,7.95E-05,-4.79E-05,-6.13E-05,5.02E-05,0.000174833,0.000172467,-3.20E-06,-0.000251558,-0.000389397,-0.000291236,8.00E-07,0.000288429,0.000354919,0.000134232,-0.000217872,-0.000418152,-0.000262505,0.000201597,0.000673719,0.000792273,0.000397561,-0.000322948,-0.000928458,-0.00101289,-0.00049507,0.000300969,0.000850137,0.000787747,0.000175465,-0.000527759,-0.000786354,-0.000381259,0.000410052,0.000993042,0.000883146,7.83E-05,-0.000902948,-0.001367113,-0.00094132,0.000136785,0.001158906,0.00143329,0.000777138,-0.000344952,-0.001148204,-0.001092136,-0.000271943,0.000656111,0.000968018,0.000421867,-0.000549183,-0.001156017,-0.000855737,0.000213726,0.001303905,0.001594989,0.000811038,-0.000551724,-0.001566172,-0.001542708,-0.000530577,0.000723917,0.001333974,0.000926499,-9.89E-05,-0.000899512,-0.000851628,-3.32E-05
-0.002992913,-0.00168621,-0.001300919,-0.001039485,-0.000799898,-0.000567802,-0.000338253,-0.000110531,0.000107021,0.000296592,0.000437953,0.000518126,0.000536483,0.000501996,0.000425845,0.00031598,0.000177832,1.97E-05,-0.00014278,-0.000288039,-0.000395014,-0.00045037,-0.0004511,-0.000401592,-0.000308733,-0.000179764,-2.46E-05,0.000140498,0.000291885,0.000403511,0.000454633,0.000436174,0.000352028,0.00021591,4.73E-05,-0.000130547,-0.000290618,-0.000403459,-0.000442401,-0.000392276,-0.000257386,-6.39E-05,0.000145524,0.00032192,0.000422147,0.000418016,0.000302492,9.33E-05,-0.000166307,-0.000411854,-0.000569985,-0.000578305,-0.000407923,-8.00E-05,0.000331835,0.000716163,0.000952866,0.000948132,0.000665948,0.000147102,-0.000490722,-0.001075266,-0.001423066,-0.001395482,-0.000951794,-0.000179412,0.00071523,0.001459827,0.001801224,0.001595542,0.000870409,-0.00016696,-0.001185104,-0.001833928,-0.001867942,-0.001244195,-0.000155674,0.00102006,0.00184794,0.001997899,0.001381979,0.000207525,-0.001085116,-0.001986074,-0.002121011,-0.001413634,-0.000132238,0.001208232,0.002055246,0.002053836,0.001205528,-0.000123281,-0.00135439,-0.001950635,-0.001657773,-0.000623933,0.000663531,0.001601045,0.001751559,0.001053401,-0.000148232,-0.001267321,-0.001763301,-0.001406723,-0.000390618,0.000771122,0.00150707,0.001478308,0.000743985,-0.000282561,-0.001061501,-0.001213493,-0.000711576,0.000122981,0.000812397,0.000990429,0.000596054,-0.000111693,-0.000718132,-0.000895166,-0.000579663,1.10E-05,0.00052572,0.000692646,0.000468315,3.84E-05,-0.00031897,-0.000411814,-0.00024056,2.98E-05,0.000201336,0.000181111,3.17E-05,-9.50E-05,-8.52E-05,4.77E-05,0.000176923,0.000168881,-1.62E-06,-0.000220258,-0.000315181,-0.000194515,6.80E-05,0.000273361,0.000244221,-2.63E-05,-0.000343847,-0.000438521,-0.000168833,0.000345068,0.000770892,0.00078201,0.000299592,-0.000418853,-0.00092704,-0.000888129,-0.000319853,0.000397162,0.000771297,0.000547324,-9.88E-05,-0.000670254,-0.000702691,-0.000115456,0.000700356,0.00113963,0.000818672,-0.000122134,-0.001080641,-0.001397177,-0.000824293,0.000277518,0.001173656,0.001266473,0.000521103,-0.000506962,-0.001072992,-0.000787647,9.49E-05,0.000865312,0.000894634,0.000120739,-0.000882701,-0.001321912,-0.000784142,0.000425193,0.001474655,0.001602147,0.000679626,-0.000676609,-0.001542378,-0.001353016,-0.000307115,0.000795404,0.001159564,0.000587975,-0.000389431,-0.000945469,-0.000612513,0.000343894
-0.002750274,-0.00155755,-0.001191923,-0.000936874,-0.000705771,-0.0004876,-0.000275466,-6.53E-05,0.000136105,0.000309397,0.000431818,0.000489632,0.000484728,0.000430762,0.00034302,0.00023092,9.88E-05,-4.67E-05,-0.000190708,-0.000311022,-0.000386685,-0.000406914,-0.000374022,-0.000298743,-0.000192875,-6.57E-05,7.34E-05,0.000209649,0.000321318,0.000385072,0.000385155,0.000320309,0.000203783,5.73E-05,-9.55E-05,-0.000232798,-0.000333311,-0.000376437,-0.00034609,-0.000238741,-7.05E-05,0.000122798,0.000293824,0.000397717,0.000404603,0.000306677,0.000119378,-0.000120843,-0.000360519,-0.000536394,-0.000588313,-0.000477691,-0.000206188,0.000174378,0.00056836,0.000859805,0.000946492,0.000773382,0.000354817,-0.000221157,-0.000808335,-0.001236056,-0.001355817,-0.001090691,-0.000472765,0.000347993,0.00113442,0.001630158,0.001646288,0.001136388,0.000229339,-0.000797853,-0.001603755,-0.001897662,-0.001547541,-0.000641077,0.000527297,0.001546819,0.002033783,0.001779633,0.000846012,-0.000437911,-0.001586637,-0.002143674,-0.001870095,-0.000855661,0.000502209,0.001652353,0.002118045,0.001703457,0.000585993,-0.000751859,-0.001727912,-0.001916497,-0.001241693,-1.71E-05,0.001191861,0.001826126,0.001594017,0.00061171,-0.000648877,-0.001585069,-0.00175558,-0.001095843,5.26E-05,0.001116804,0.001582942,0.001254486,0.00034302,-0.000653895,-0.001221362,-0.001096848,-0.000397096,0.000462562,0.001006437,0.000959032,0.000383912,-0.000370918,-0.000882283,-0.000890962,-0.000434349,0.000197162,0.000644643,0.000690237,0.000367558,-8.52E-05,-0.000389318,-0.000397359,-0.000165916,0.000108121,0.000234784,0.000157411,-2.55E-05,-0.00014992,-0.000116374,3.74E-05,0.000172618,0.000165163,9.37E-06,-0.000172258,-0.000224681,-9.00E-05,0.000132671,0.000251996,0.000134471,-0.00017264,-0.000448435,-0.000447105,-9.02E-05,0.000442481,0.000806355,0.000723405,0.000192856,-0.00047729,-0.00086029,-0.000703183,-0.00011699,0.000483411,0.000663835,0.000287537,-0.000367453,-0.000790598,-0.000607105,0.000128043,0.000933536,0.001221965,0.000722797,-0.000295848,-0.001182062,-0.001341392,-0.000658998,0.000404284,0.001125248,0.0010282,0.0002261,-0.000661148,-0.000961805,-0.000453285,0.000463189,0.001054484,0.000808871,-0.000158592,-0.001160823,-0.001430804,-0.00069683,0.000588609,0.001550743,0.001517032,0.0005087,-0.000768743,-0.001436521,-0.001080526,-4.17E-05,0.000858623,0.000949809,0.000220379,-0.00068611,-0.000985121,-0.00037915,0.000689783
-0.002130438,-0.001215645,-0.000916879,-0.000700698,-0.000509766,-0.000337976,-0.00017567,-1.38E-05,0.000143939,0.00027866,0.000366462,0.000393739,0.000365079,0.000298288,0.000211658,0.000114544,8.37E-06,-0.000104102,-0.000210748,-0.000291037,-0.000325819,-0.000307973,-0.000245433,-0.000154751,-5.14E-05,5.54E-05,0.000158819,0.000248427,0.000306935,0.00031585,0.000265674,0.000163061,2.94E-05,-0.000107809,-0.000224348,-0.000303009,-0.00033183,-0.000301603,-0.000207985,-5.84E-05,0.000122074,0.000292068,0.000405172,0.000425463,0.00033987,0.000161887,-7.28E-05,-0.000314279,-0.000506315,-0.000594827,-0.000539357,-0.000328043,9.02E-06,0.000396821,0.000729274,0.000898788,0.000831745,0.000516757,1.52E-05,-0.000549472,-0.001020536,-0.001248579,-0.001135462,-0.000671696,4.49E-05,0.00082133,0.001416613,0.001617044,0.001315386,0.000564,-0.000423873,-0.001332546,-0.001846459,-0.001762719,-0.001073064,1.71E-05,0.001144885,0.001909013,0.002013935,0.001389517,0.000236391,-0.001029953,-0.001926671,-0.002092493,-0.001442924,-0.000221508,0.001084744,0.001939741,0.001984599,0.001197658,-8.65E-05,-0.001313904,-0.00194997,-0.001716289,-0.000719532,0.000590274,0.001618902,0.001898285,0.001304836,0.000121016,-0.001094458,-0.001771302,-0.001602246,-0.00069183,0.000497385,0.001378125,0.001534035,0.000926441,-9.58E-05,-0.000987495,-0.00129695,-0.000898915,-4.72E-05,0.000777179,0.00113433,0.000860308,0.000141073,-0.000608669,-0.000986068,-0.00082015,-0.000249214,0.00038028,0.000724945,0.000637359,0.000229914,-0.000218436,-0.000445002,-0.000358276,-7.20E-05,0.000192787,0.00026381,0.00012583,-8.80E-05,-0.00020659,-0.000148677,2.40E-05,0.000164145,0.000159613,2.34E-05,-0.000117852,-0.000129365,1.37E-05,0.000192331,0.000229057,3.49E-05,-0.000295472,-0.000525981,-0.000442554,-2.68E-05,0.000495677,0.000785609,0.000623076,7.96E-05,-0.000505122,-0.000744147,-0.000477091,0.000100543,0.000559841,0.000541376,2.87E-05,-0.000613688,-0.000883089,-0.000505428,0.000337882,0.001100614,0.001237666,0.000597726,-0.000441936,-0.001212153,-0.001209171,-0.000452299,0.000520643,0.001030134,0.000741822,-8.94E-05,-0.000804354,-0.000829482,-0.000114802,0.00080887,0.001211329,0.000712865,-0.000404959,-0.001371707,-0.001475281,-0.000589879,0.000708967,0.001541044,0.00134968,0.000302307,-0.000836265,-0.001268454,-0.000748314,0.000251536,0.000916354,0.000723282,-0.000151965,-0.000971557,-0.001015832,-0.000162546,0.000987738
-0.001214797,-0.000705517,-0.000511335,-0.000360779,-0.00023636,-0.000137828,-5.19E-05,3.67E-05,0.000129168,0.000208407,0.000250654,0.000243076,0.000192887,0.000121289,4.83E-05,-1.82E-05,-8.16E-05,-0.000144802,-0.000200315,-0.000230946,-0.000220629,-0.000166456,-8.17E-05,1.22E-05,9.80E-05,0.000167968,0.000220692,0.000251954,0.000250859,0.000205068,0.000111647,-1.57E-05,-0.000149446,-0.000259287,-0.000323427,-0.000332584,-0.000286404,-0.000188278,-4.52E-05,0.000126675,0.000296971,0.00042386,0.000466632,0.000402091,0.000235483,1.88E-07,-0.00025227,-0.000465226,-0.000587427,-0.000580856,-0.000428883,-0.000146112,0.0002143,0.000563988,0.000798773,0.000830993,0.000622925,0.000206982,-0.00031658,-0.000804089,-0.001107096,-0.001114466,-0.000788259,-0.000184957,0.000545852,0.001191457,0.001534052,0.001424163,0.000844905,-6.13E-05,-0.001021698,-0.001716385,-0.001888317,-0.001441859,-0.000490739,0.000665929,0.001636399,0.002070031,0.001787789,0.000861763,-0.000391918,-0.001514722,-0.00207375,-0.001835953,-0.000876338,0.000433595,0.001564435,0.002044925,0.001665795,0.000579701,-0.000753537,-0.00175941,-0.00199849,-0.001363476,-0.000132888,0.001147343,0.001906132,0.001806358,0.000902086,-0.000382766,-0.001449976,-0.001808931,-0.001311408,-0.000222553,0.000911001,0.001534325,0.001361773,0.000516798,-0.000539899,-0.001256269,-0.001278598,-0.000630256,0.000314322,0.001042381,0.001182342,0.000695945,-0.000118913,-0.000808551,-0.001019396,-0.000683449,-3.39E-05,0.000548185,0.000758761,0.000533999,6.20E-05,-0.000352591,-0.000480147,-0.00029408,3.72E-05,0.000278272,0.000284756,8.65E-05,-0.000152203,-0.00025937,-0.000176396,1.17E-05,0.000153031,0.000150436,3.51E-05,-6.53E-05,-3.85E-05,0.000109099,0.000244102,0.000207278,-4.73E-05,-0.000386549,-0.000570272,-0.000422017,2.20E-05,0.000505849,0.000711978,0.000485386,-3.84E-05,-0.000506917,-0.000590382,-0.000225161,0.00032075,0.000624045,0.000412893,-0.000213116,-0.000821968,-0.00093994,-0.000399969,0.000505074,0.001192302,0.001181997,0.000443588,-0.000559129,-0.001172675,-0.001005976,-0.000209339,0.000627801,0.000899158,0.000424972,-0.000409163,-0.000931114,-0.000685351,0.000207336,0.001109815,0.001321951,0.00060548,-0.000609256,-0.001502857,-0.001445572,-0.000457949,0.000789667,0.001450149,0.001105867,6.34E-05,-0.000883863,-0.001051859,-0.000374296,0.000559266,0.000967751,0.000492864,-0.000508821,-0.001228667,-0.001032008,2.98E-05,0.001222524
-0.000122716,-9.34E-05,-2.75E-05,3.93E-05,7.90E-05,8.59E-05,7.77E-05,7.71E-05,9.11E-05,0.000105659,9.81E-05,5.65E-05,-9.52E-06,-7.65E-05,-0.00012394,-0.000147262,-0.000155809,-0.000159627,-0.000157345,-0.00013615,-8.36E-05,-9.09E-07,9.44E-05,0.000177655,0.000231536,0.000252413,0.000245701,0.000215185,0.000157344,6.62E-05,-5.57E-05,-0.000189432,-0.000304485,-0.0003711,-0.000373105,-0.000311479,-0.000198487,-4.95E-05,0.000119497,0.000287656,0.000424461,0.000492907,0.000462344,0.000324401,0.000101617,-0.000157095,-0.000391455,-0.000546522,-0.000583977,-0.0004873,-0.000264784,4.67E-05,0.000380384,0.000647233,0.000758134,0.000655112,0.000339285,-0.000118943,-0.000594552,-0.000943057,-0.001043755,-0.000837435,-0.000349084,0.000309412,0.000959023,0.001396034,0.001452099,0.001057209,0.000282367,-0.000661281,-0.001476981,-0.001878825,-0.001697093,-0.000951446,0.000139684,0.00122204,0.001922517,0.001981346,0.001353445,0.000240144,-0.000967235,-0.001820846,-0.001984893,-0.00137649,-0.000217264,0.001037085,0.001872595,0.001931442,0.00117293,-9.52E-05,-0.001337921,-0.002019801,-0.001840482,-0.000872353,0.000464827,0.001585669,0.001999304,0.001531602,0.000406942,-0.000852275,-0.001666623,-0.001671469,-0.000890558,0.000275988,0.001248204,0.001554006,0.001064194,5.37E-05,-0.000944889,-0.001420746,-0.001149365,-0.000302236,0.000655872,0.001223194,0.001128749,0.000465631,-0.000378422,-0.000947033,-0.00096622,-0.000479922,0.000198847,0.000683049,0.000733372,0.000378647,-0.00012719,-0.000474551,-0.000485,-0.00020292,0.000155959,0.00035605,0.000291468,3.89E-05,-0.000212877,-0.00030005,-0.000191489,6.01E-06,0.000140869,0.000135039,3.78E-05,-2.48E-05,3.61E-05,0.000186092,0.000282889,0.000188676,-0.000103826,-0.00043455,-0.000571533,-0.000380056,5.78E-05,0.000473686,0.000588188,0.000315065,-0.000158218,-0.000486519,-0.000412221,3.31E-05,0.000525978,0.000669332,0.000287091,-0.00041712,-0.00096961,-0.000947202,-0.000290961,0.000617923,0.001193934,0.001045661,0.000259246,-0.000644223,-0.001062624,-0.000736389,6.29E-05,0.000724097,0.000742431,9.87E-05,-0.0007107,-0.001030041,-0.000537589,0.000487379,0.001334436,0.001363653,0.000482085,-0.000759146,-0.001534343,-0.001324835,-0.000292494,0.000833144,0.0012801,0.000790313,-0.000203459,-0.000914148,-0.000800769,1.93E-05,0.000861709,0.001007261,0.000272267,-0.000823215,-0.001431256,-0.001022013,0.000189692,0.001372061
0.000956317,0.000513898,0.000451143,0.000431914,0.000384218,0.000297141,0.000193167,0.000102514,3.86E-05,-9.36E-06,-6.29E-05,-0.000132735,-0.000207868,-0.00026322,-0.000278959,-0.000254386,-0.000205601,-0.00015019,-9.31E-05,-2.61E-05,6.00E-05,0.000160773,0.00025551,0.000318136,0.00033272,0.000300869,0.000235765,0.000149489,4.56E-05,-7.65E-05,-0.00021021,-0.000334308,-0.000417698,-0.000433819,-0.00037398,-0.000250093,-8.63E-05,9.20E-05,0.000263394,0.000406298,0.000494472,0.000499436,0.000402709,0.000210445,-4.06E-05,-0.000291314,-0.000479673,-0.000559232,-0.000509717,-0.000338021,-7.52E-05,0.000226072,0.000494678,0.000651729,0.000631995,0.000411497,2.79E-05,-0.000419586,-0.000795595,-0.000970739,-0.000864829,-0.000475791,0.0001135,0.000750918,0.0012499,0.001438326,0.001213358,0.000587804,-0.000291566,-0.001170405,-0.001759643,-0.001835498,-0.001329708,-0.000371355,0.000742077,0.001639193,0.0020033,0.001689479,0.000787215,-0.000397258,-0.001438986,-0.001944766,-0.00170554,-0.000791771,0.000453823,0.00153643,0.002004545,0.001643484,0.000580729,-0.00075202,-0.001793753,-0.002095004,-0.001518577,-0.000307237,0.001016998,0.001880925,0.001915358,0.00112199,-0.000125817,-0.001252552,-0.001745829,-0.001395743,-0.000394327,0.000756769,0.001490549,0.001454166,0.000683926,-0.000415387,-0.00127991,-0.001478064,-0.000931354,5.28E-05,0.000952778,0.001314348,0.000987769,0.000192628,-0.000619584,-0.001021961,-0.000841111,-0.000232786,0.000429254,0.000777883,0.000656645,0.000188572,-0.00032022,-0.000574322,-0.000459729,-9.24E-05,0.000274769,0.000419387,0.000282104,-1.49E-05,-0.000266004,-0.000324496,-0.00019045,9.58E-06,0.000129291,0.000113166,2.88E-05,-7.65E-07,8.98E-05,0.000241465,0.000307579,0.000172833,-0.000136682,-0.000444198,-0.000535291,-0.000318477,8.70E-05,0.000414811,0.000434579,0.000128681,-0.000275019,-0.00045395,-0.000230038,0.000276203,0.000702646,0.000693301,0.000169257,-0.000577454,-0.001055137,-0.000907011,-0.000178227,0.000684955,0.001122875,0.000847803,5.46E-05,-0.000704294,-0.000904824,-0.000428367,0.000345311,0.000808721,0.000576176,-0.000214101,-0.000976755,-0.001096651,-0.000392412,0.000716373,0.001478042,0.001336633,0.000342183,-0.00086211,-0.001481127,-0.001128051,-9.74E-05,0.000853451,0.001059377,0.000432905,-0.000482256,-0.000932812,-0.000538886,0.000403702,0.001138791,0.001030101,6.90E-05,-0.001083693,-0.001570705,-0.000980873,0.000322296,0.001444664
0.00188108,0.001036763,0.000862484,0.000766757,0.000640478,0.000468938,0.000279497,0.000109582,-2.15E-05,-0.000121489,-0.000210883,-0.000299945,-0.000376647,-0.000415273,-0.000397267,-0.000326181,-0.000224778,-0.000117831,-1.62E-05,8.48E-05,0.000191561,0.000297905,0.000381559,0.000416409,0.000389279,0.000307623,0.000192388,6.33E-05,-7.01E-05,-0.000204902,-0.000332848,-0.000432772,-0.000475773,-0.000440428,-0.000326399,-0.000155988,3.67E-05,0.000219696,0.000369754,0.000469054,0.000499364,0.000443275,0.000294991,7.32E-05,-0.000175636,-0.000388681,-0.000508716,-0.000503558,-0.000374039,-0.000149875,0.000119705,0.000374011,0.000547464,0.00058033,0.000437216,0.000128585,-0.000277391,-0.000664532,-0.000901841,-0.000888691,-0.000593509,-7.06E-05,0.000550074,0.001094766,0.001391352,0.001317947,0.000846096,6.63E-05,-0.000818241,-0.001538885,-0.00184423,-0.001593644,-0.000824272,0.000241509,0.001259517,0.00187977,0.001873557,0.001223627,0.000142332,-0.000992516,-0.001766038,-0.001877789,-0.00126314,-0.00013543,0.00107722,0.001888487,0.001950016,0.001207138,-5.92E-05,-0.00133427,-0.002081925,-0.001977689,-0.001058063,0.000286783,0.001479364,0.002008948,0.001659667,0.000608118,-0.000656074,-0.001553537,-0.001681883,-0.001002902,0.000139402,0.001182833,0.001618707,0.001241045,0.000248661,-0.000855035,-0.001517785,-0.001420213,-0.000636513,0.000411685,0.001183758,0.001306908,0.000765615,-0.000107266,-0.000827201,-0.001027716,-0.000651093,4.23E-05,0.000641392,0.000824443,0.000531429,-2.47E-05,-0.000503184,-0.000642212,-0.000402309,3.25E-05,0.00038569,0.000461633,0.00025388,-7.34E-05,-0.00030798,-0.000328652,-0.000170006,2.45E-05,0.000119239,8.45E-05,6.40E-06,3.63E-06,0.000118938,0.000272083,0.000316189,0.000158654,-0.000147089,-0.000417602,-0.000463928,-0.000237727,0.000113807,0.000338993,0.000264479,-6.19E-05,-0.000383927,-0.000414314,-5.74E-05,0.00048776,0.000838087,0.000691181,6.20E-05,-0.000688214,-0.001073859,-0.00081753,-6.07E-05,0.00071031,0.000988054,0.000599534,-0.000163068,-0.000741839,-0.000712571,-0.00010079,0.000622657,0.000877614,0.000409446,-0.000496405,-0.00119145,-0.001123376,-0.000252144,0.000886144,0.001532593,0.001236437,0.000183886,-0.000921077,-0.001349334,-0.000862375,0.000124916,0.00085783,0.000804911,5.37E-05,-0.000759607,-0.000940585,-0.000281153,0.000757077,0.001372227,0.001029044,-0.000112239,-0.00127886,-0.001635686,-0.000901373,0.000430913,0.001442196
0.002479385,0.00137807,0.001130574,0.000982301,0.000800462,0.00056873,0.000318944,9.45E-05,-8.05E-05,-0.000211868,-0.000319808,-0.00041483,-0.000484781,-0.000504015,-0.000455552,-0.000346868,-0.000206439,-6.49E-05,6.26E-05,0.000178354,0.000288097,0.000385384,0.000448246,0.000452024,0.000387093,0.000266621,0.000118279,-3.23E-05,-0.000172055,-0.000297117,-0.000400533,-0.000464083,-0.000463392,-0.000383408,-0.000231805,-3.92E-05,0.00015381,0.000313133,0.00041855,0.000460158,0.000430808,0.000325254,0.000148966,-7.10E-05,-0.00028454,-0.000432466,-0.000469012,-0.000380424,-0.000189172,5.59E-05,0.000294738,0.000468491,0.000526899,0.000436702,0.000194637,-0.000158633,-0.000535087,-0.000816439,-0.000891323,-0.000698736,-0.00025812,0.000328004,0.000900067,0.001285954,0.001349941,0.001034239,0.000384925,-0.000445329,-0.0012251,-0.001704781,-0.00169858,-0.001161625,-0.000227858,0.000815946,0.001619871,0.001895003,0.001524853,0.000618984,-0.00051455,-0.001471352,-0.001893675,-0.001605317,-0.000689217,0.000526153,0.001576339,0.002035291,0.001691514,0.000651564,-0.000683026,-0.001769142,-0.00214916,-0.00165409,-0.000487828,0.000852868,0.001793043,0.001934457,0.001234706,2.69E-05,-0.001131341,-0.001712564,-0.001462091,-0.000515925,0.000663012,0.001504138,0.001602924,0.000917797,-0.000208526,-0.001218659,-0.001619915,-0.00123257,-0.000277554,0.000744272,0.001318372,0.001185388,0.000467562,-0.000413723,-0.0009791,-0.000953342,-0.000402391,0.000325687,0.000812944,0.000809215,0.000359131,-0.000246732,-0.0006568,-0.000663537,-0.00030851,0.000165857,0.000477327,0.000472527,0.000202055,-0.000135439,-0.000333499,-0.000306559,-0.000125724,5.33E-05,0.000111515,4.87E-05,-3.10E-05,-1.46E-05,0.000119343,0.000273607,0.000305289,0.000144001,-0.000136537,-0.000356568,-0.00035952,-0.000138306,0.000142131,0.000256672,9.34E-05,-0.000241112,-0.000476601,-0.000371371,9.00E-05,0.000646201,0.000913659,0.000654112,-3.24E-05,-0.000740457,-0.001016773,-0.000673887,6.33E-05,0.00069683,0.000797463,0.000313099,-0.00038366,-0.000756664,-0.000499436,0.000223154,0.000872884,0.000921395,0.000250666,-0.000726457,-0.001331117,-0.001096247,-0.000117536,0.000984872,0.001483912,0.001053855,4.29E-06,-0.000936828,-0.00114252,-0.000534525,0.000369917,0.000851408,0.000534295,-0.000322664,-0.001015856,-0.000934132,-4.40E-05,0.001050597,0.00153481,0.000991039,-0.000266378,-0.001391214,-0.001607077,-0.000771316,0.000518932,0.001362997
0.002683263,0.001498603,0.001225151,0.00105506,0.0008476,0.000587061,0.000308975,6.11E-05,-0.000129687,-0.000268268,-0.000375757,-0.000463711,-0.000520562,-0.00052115,-0.000449925,-0.000317387,-0.000156162,-7.79E-07,0.000131259,0.000241802,0.000337693,0.00041399,0.000450483,0.000424922,0.000331331,0.000187699,2.66E-05,-0.000122788,-0.000246541,-0.000342606,-0.000407902,-0.000429302,-0.000388291,-0.000276255,-0.000107418,8.22E-05,0.000249534,0.000362591,0.000408136,0.000387039,0.0003045,0.000166706,-1.25E-05,-0.000202538,-0.000355853,-0.000422602,-0.000372832,-0.000212577,1.63E-05,0.000251449,0.000430077,0.000503547,0.00044382,0.000247226,-5.95E-05,-0.000413092,-0.000717695,-0.000866286,-0.000778076,-0.000436345,9.26E-05,0.000670952,0.001128915,0.001316222,0.001148829,0.000637745,-0.000105207,-0.000886456,-0.001474945,-0.001667604,-0.001361526,-0.000607723,0.000381898,0.001289334,0.001796231,0.001703432,0.001015963,-4.45E-05,-0.001109236,-0.001790623,-0.001824409,-0.001173773,-5.63E-05,0.001121735,0.001907909,0.001977143,0.001271255,4.26E-05,-0.00122895,-0.002024228,-0.002005412,-0.001171407,0.000128557,0.001338692,0.001939347,0.001679884,0.0006935,-0.000561698,-0.001510691,-0.001724567,-0.001117564,1.36E-05,0.001128479,0.001697102,0.001452385,0.000518963,-0.000646415,-0.001478668,-0.001584346,-0.00093721,0.000112888,0.001025119,0.001351149,0.000965907,0.000121706,-0.000701829,-0.001066084,-0.00080904,-0.000118251,0.000593399,0.000930649,0.000734599,0.000154538,-0.000459123,-0.000768004,-0.000635291,-0.000184204,0.000298052,0.000542139,0.000449439,0.000128201,-0.000198049,-0.000341308,-0.000259498,-6.04E-05,9.35E-05,0.000105794,7.76E-06,-7.96E-05,-5.04E-05,9.62E-05,0.000250399,0.000276759,0.000126324,-0.000112993,-0.000273132,-0.000234145,-2.70E-05,0.000174263,0.000179054,-6.30E-05,-0.000395727,-0.000547202,-0.00032771,0.000204783,0.00074466,0.00092625,0.000581635,-0.000116046,-0.000741481,-0.00089561,-0.000486341,0.000192763,0.000657107,0.000574245,1.24E-05,-0.000593763,-0.000752355,-0.000283655,0.000520118,0.001078409,0.000934161,0.000103943,-0.000896777,-0.001390851,-0.001013758,1.37E-05,0.001020586,0.00134595,0.000802519,-0.000192559,-0.000920665,-0.000884508,-0.000169901,0.000623681,0.000838944,0.00026805,-0.000671131,-0.001233721,-0.000910457,0.000163589,0.00127096,0.001616167,0.000910693,-0.000396605,-0.001425118,-0.001489917,-0.000591533,0.00059507,0.001225685
0.002483667,0.001392375,0.001141877,0.000982526,0.000781481,0.00052567,0.000253274,1.44E-05,-0.000163064,-0.000284772,-0.000373692,-0.000443212,-0.000482886,-0.000468202,-0.000384566,-0.000244253,-8.21E-05,6.56E-05,0.00018124,0.000268251,0.000336174,0.000383051,0.000391516,0.000342167,0.000232231,8.31E-05,-7.00E-05,-0.000196946,-0.000285609,-0.000338171,-0.000357419,-0.000336669,-0.000263667,-0.000135398,2.96E-05,0.00019308,0.000313628,0.000364903,0.000343524,0.000262564,0.000139286,-1.08E-05,-0.000169288,-0.000306919,-0.000383967,-0.000364212,-0.000235521,-2.27E-05,0.000217344,0.000415337,0.000513364,0.000479729,0.000312416,3.69E-05,-0.000295519,-0.00060862,-0.000810464,-0.000816306,-0.000582511,-0.000136002,0.000418887,0.000924933,0.001220666,0.001194031,0.000821206,0.000179042,-0.00056992,-0.001215141,-0.001552257,-0.001445246,-0.000881406,2.14E-06,0.000940879,0.001619364,0.00178207,0.001337171,0.000407797,-0.000697002,-0.001585972,-0.001927305,-0.001575068,-0.000632665,0.000572463,0.001598518,0.002049215,0.001729267,0.000735176,-0.000562627,-0.001652492,-0.00208633,-0.001674198,-0.000579903,0.000735305,0.001706409,0.001914046,0.001275816,8.78E-05,-0.001106988,-0.001765629,-0.001593803,-0.000681103,0.000540925,0.001499763,0.001749825,0.001182435,7.72E-05,-0.001032433,-0.001618715,-0.001417985,-0.000559314,0.000505175,0.001235377,0.00128296,0.000667554,-0.000245167,-0.00095075,-0.001082951,-0.000606389,0.000180206,0.00082597,0.000985838,0.000605427,-6.83E-05,-0.000646714,-0.000827836,-0.000557561,-3.63E-05,0.000420592,0.0005747,0.000391792,3.51E-05,-0.000258412,-0.000331047,-0.000190133,2.19E-05,0.000141828,0.000101189,-3.61E-05,-0.000134636,-9.77E-05,5.61E-05,0.000208029,0.000233269,0.000103652,-8.37E-05,-0.000178464,-9.93E-05,8.88E-05,0.000210176,0.000113268,-0.000193892,-0.000516095,-0.000590938,-0.000283602,0.000284437,0.000781776,0.000876921,0.000475087,-0.000191325,-0.000699891,-0.000723394,-0.000266222,0.000325136,0.000601081,0.000337847,-0.000281956,-0.000781344,-0.000730472,-7.84E-05,0.000772794,0.001225908,0.00091055,-2.98E-05,-0.001005038,-0.001370335,-0.000876646,0.00014438,0.001003183,0.001134777,0.000497871,-0.000400809,-0.000881517,-0.000596399,0.000207937,0.000871581,0.000821187,2.03E-05,-0.000972837,-0.0013992,-0.000865288,0.000337705,0.001411578,0.001611284,0.000784838,-0.000507067,-0.001387775,-0.001292514,-0.000365702,0.000665754,0.001047137
0.001884713,0.001060794,0.000882138,0.000766803,0.000605275,0.000388879,0.0001571,-3.98E-05,-0.000175066,-0.00025665,-0.000310395,-0.000352159,-0.000372978,-0.000348924,-0.000265601,-0.000135488,6.53E-06,0.000125035,0.000204511,0.000251876,0.000280896,0.00029373,0.000276504,0.000212621,0.000101521,-3.40E-05,-0.000158419,-0.000243784,-0.000282138,-0.00028195,-0.000253207,-0.00019617,-0.000104324,2.15E-05,0.000161151,0.000278175,0.000336207,0.000317769,0.00023096,0.00010098,-4.47E-05,-0.000184677,-0.00030053,-0.000369333,-0.000363458,-0.000262876,-7.30E-05,0.000166064,0.00038843,0.00052575,0.000532125,0.000397583,0.000146876,-0.000169526,-0.000484147,-0.000719444,-0.000799082,-0.000669095,-0.000325215,0.000167885,0.000681478,0.001057202,0.001160139,0.00092871,0.000401119,-0.000290539,-0.000954275,-0.001389158,-0.001441593,-0.001056136,-0.000307633,0.000600446,0.001383016,0.001761778,0.001569437,0.000827962,-0.000237725,-0.001266129,-0.001885824,-0.001855242,-0.00116038,-3.12E-05,0.001132261,0.001900507,0.001973961,0.001304273,0.000128653,-0.001105115,-0.001905657,-0.001938434,-0.001176648,6.99E-05,0.001273565,0.001913407,0.001708392,0.000750558,-0.000529458,-0.001554169,-0.001862105,-0.001319893,-0.000183751,0.00101935,0.001736387,0.001645461,0.000805278,-0.00037467,-0.001330908,-0.001618026,-0.001124323,-0.000123447,0.000867156,0.001351837,0.00111071,0.000307871,-0.000604668,-0.001135806,-0.001020433,-0.00035472,0.000471313,0.001001156,0.000966515,0.000424504,-0.000295051,-0.000792191,-0.000824644,-0.000428752,0.000128233,0.000523283,0.000567487,0.000297685,-7.46E-05,-0.000312677,-0.000301244,-0.000100697,0.00011636,0.000193898,9.62E-05,-8.06E-05,-0.000190525,-0.000149184,6.39E-06,0.000152096,0.000177294,7.40E-05,-5.57E-05,-8.34E-05,3.33E-05,0.000200608,0.000248073,6.51E-05,-0.000288491,-0.000591143,-0.000600785,-0.000237641,0.000326525,0.000754773,0.000764878,0.000334936,-0.000259775,-0.000622296,-0.000511505,-2.50E-05,0.00045591,0.000535951,0.000106237,-0.00054858,-0.000931268,-0.000689357,0.000104273,0.000961958,0.001298215,0.000841866,-0.000150424,-0.001046588,-0.001265582,-0.000683167,0.000276734,0.000939976,0.000863762,0.000154769,-0.000612459,-0.000825007,-0.000297398,0.000574207,0.001095178,0.000794997,-0.000196098,-0.001206579,-0.001493879,-0.000790904,0.000474666,0.001462674,0.001510958,0.000608076,-0.000600722,-0.001282843,-0.001019965,-9.69E-05,0.000735165,0.000841158
0.000969824,0.000549886,0.00048221,0.000438339,0.000344133,0.000196405,3.45E-05,-9.33E-05,-0.00016339,-0.000187201,-0.000194196,-0.000203045,-0.000206371,-0.000180558,-0.000110519,-7.30E-06,9.64E-05,0.000168267,0.000196938,0.000194296,0.000179278,0.000158685,0.000122216,5.55E-05,-4.12E-05,-0.000145704,-0.000225109,-0.000255761,-0.000235979,-0.00018164,-0.000110226,-2.84E-05,6.61E-05,0.000170826,0.000267443,0.00032435,0.000313342,0.000227485,8.64E-05,-7.45E-05,-0.000220727,-0.000329356,-0.000386567,-0.000379855,-0.000296273,-0.000132166,9.22E-05,0.000327241,0.000505349,0.00056658,0.00048262,0.000267057,-3.15E-05,-0.000344843,-0.000600319,-0.0007306,-0.000684578,-0.000443459,-3.93E-05,0.000436173,0.000846651,0.001050964,0.000955356,0.000554498,-5.74E-05,-0.000710661,-0.00120863,-0.001385353,-0.001155721,-0.000548363,0.000287853,0.001111107,0.001650394,0.001694754,0.001179947,0.000234581,-0.000843184,-0.001680867,-0.001967242,-0.001575465,-0.000622059,0.000564734,0.001558303,0.001988728,0.001683652,0.000742937,-0.000485102,-0.001525214,-0.001957143,-0.001591103,-0.000561695,0.000709939,0.0016834,0.001931733,0.001336986,0.000154192,-0.001094294,-0.001851694,-0.001781045,-0.000921251,0.000330137,0.001400814,0.001808853,0.001385262,0.000349756,-0.000796514,-0.0015112,-0.001470803,-0.000724849,0.000332674,0.001163461,0.001358149,0.000843759,-8.41E-05,-0.000923075,-0.00123462,-0.000876605,-7.08E-05,0.000730218,0.001099445,0.000867568,0.000201748,-0.000507886,-0.000879915,-0.000752512,-0.000253962,0.0002979,0.000595547,0.000516135,0.000169803,-0.000194562,-0.000356005,-0.000252087,3.34E-06,0.000215075,0.000243079,8.85E-05,-0.000122842,-0.000240016,-0.000194998,-4.28E-05,9.12E-05,0.000113594,3.66E-05,-3.61E-05,-1.07E-07,0.000150173,0.000297955,0.000283648,3.68E-05,-0.000340303,-0.000613996,-0.000572062,-0.000187158,0.000334076,0.000669225,0.000597694,0.000166869,-0.000322711,-0.000519633,-0.000277818,0.000220219,0.000577348,0.000468212,-0.000102263,-0.000765878,-0.001028783,-0.000626904,0.000255049,0.001073583,0.001283881,0.000722485,-0.000259703,-0.001023938,-0.00108191,-0.000438566,0.000411988,0.000843392,0.000555076,-0.000203559,-0.000814805,-0.000756499,-9.42E-06,0.000900613,0.001272891,0.000754086,-0.000372332,-0.001356102,-0.001503374,-0.000679968,0.000575727,0.001423774,0.001315869,0.00038082,-0.000681667,-0.001121417,-0.000687294,0.000204041,0.000805177,0.000624581
-9.78E-05,-4.89E-05,1.38E-05,5.58E-05,4.42E-05,-1.85E-05,-9.45E-05,-0.000138917,-0.000132411,-9.08E-05,-4.73E-05,-2.32E-05,-1.28E-05,7.79E-06,5.49E-05,0.000120261,0.000174906,0.000191218,0.000163173,0.000108255,5.07E-05,1.90E-06,-4.54E-05,-0.00010424,-0.000174782,-0.000237403,-0.000263489,-0.000235373,-0.000158469,-5.61E-05,4.75E-05,0.000140649,0.000223106,0.000293302,0.00033701,0.000329893,0.000253323,0.000111002,-6.75E-05,-0.000239173,-0.000366599,-0.000429175,-0.000421154,-0.00034269,-0.000195899,8.43E-06,0.000239599,0.00044426,0.000560061,0.000540803,0.000378436,0.00010886,-0.000200678,-0.000473078,-0.000640162,-0.000653849,-0.000493608,-0.000175518,0.000238778,0.000643219,0.00090893,0.00092588,0.000649388,0.000128984,-0.000496733,-0.001039599,-0.001320606,-0.001226723,-0.000749092,5.83E-06,0.000835026,0.001486873,0.001733085,0.001449081,0.000675589,-0.000369738,-0.001348184,-0.001913731,-0.001844506,-0.00113812,-2.71E-05,0.001096641,0.001823203,0.00187791,0.001230037,0.000114359,-0.001046545,-0.001796598,-0.001824762,-0.001099871,9.88E-05,0.001279813,0.001938695,0.001778154,0.000850432,-0.000451373,-0.00155956,-0.001985548,-0.001544384,-0.000442436,0.000816209,0.0016627,0.001726533,0.001005122,-0.000139836,-0.001157401,-0.00157071,-0.001203887,-0.000263088,0.000768858,0.001374664,0.00126233,0.000511023,-0.000474155,-0.001177279,-0.001244219,-0.000666592,0.000222946,0.000940632,0.001118995,0.00070128,-4.44E-05,-0.000692768,-0.000907447,-0.000620879,-4.85E-05,0.000460008,0.000633262,0.000425834,1.84E-05,-0.000315648,-0.000385212,-0.000187383,0.000113581,0.000308958,0.000282992,7.60E-05,-0.000160651,-0.000277538,-0.000227147,-8.21E-05,3.41E-05,4.84E-05,-7.17E-06,-2.85E-05,6.41E-05,0.000242736,0.000373718,0.000312027,2.47E-05,-0.000353835,-0.000590015,-0.000508497,-0.000130144,0.000317708,0.000543103,0.000394663,-1.68E-05,-0.000380877,-0.000405728,-4.28E-05,0.000451789,0.000682002,0.000401596,-0.000277748,-0.000924946,-0.001070333,-0.000543866,0.000373655,0.001111844,0.001190685,0.00055789,-0.000361379,-0.000952287,-0.000840624,-0.000159324,0.000548603,0.000729632,0.000235862,-0.000551746,-0.000995544,-0.000680377,0.000251631,0.001169357,0.001392517,0.000693198,-0.000510508,-0.001424458,-0.001431614,-0.000532596,0.000649802,0.001313114,0.001046656,0.000115155,-0.00075444,-0.000923957,-0.000320902,0.000518544,0.000874168,0.000412411
-0.001178279,-0.000657088,-0.000461825,-0.000330593,-0.000255139,-0.000227817,-0.000213036,-0.000170713,-8.64E-05,1.98E-05,0.000111052,0.000163699,0.000182538,0.000191542,0.0002092,0.000230727,0.000232057,0.00019118,0.000107881,5.16E-06,-8.79E-05,-0.00015624,-0.000204772,-0.00024611,-0.000282291,-0.000297574,-0.000268981,-0.000185564,-5.98E-05,7.86E-05,0.000199978,0.00028966,0.000347133,0.000373756,0.000361408,0.000294334,0.000163715,-1.73E-05,-0.000211868,-0.000373229,-0.000464902,-0.000472303,-0.000400181,-0.00026206,-7.37E-05,0.000143133,0.000352751,0.000504528,0.000547078,0.000451787,0.000231205,-6.01E-05,-0.000343557,-0.000542249,-0.000601796,-0.000499914,-0.00024856,0.000105321,0.000480289,0.00076939,0.00086529,0.000699181,0.000277969,-0.000301016,-0.000870519,-0.001244665,-0.001281518,-0.000933086,-0.000266535,0.000547822,0.001277643,0.001690301,0.001623938,0.001050423,0.000107002,-0.000925513,-0.00170381,-0.001942541,-0.001529339,-0.00058413,0.000569518,0.00151635,0.001903855,0.001579224,0.000654795,-0.000524936,-0.001506072,-0.001896079,-0.001521216,-0.000508839,0.000746134,0.001728793,0.002015769,0.001463966,0.00028864,-0.00101534,-0.001884926,-0.001941632,-0.00116778,8.09E-05,0.001237129,0.001784038,0.001494405,0.000532839,-0.000626873,-0.001429809,-0.001504278,-0.000836886,0.000225828,0.001150556,0.001481844,0.001068039,0.000134804,-0.000833521,-0.001345909,-0.00115936,-0.00040107,0.000508161,0.0010874,0.001055967,0.000476188,-0.000298801,-0.000836718,-0.000870847,-0.000436241,0.000175048,0.000602792,0.000631357,0.000299811,-0.000147887,-0.000429267,-0.000396285,-0.000109417,0.000223009,0.000389757,0.00030748,5.64E-05,-0.000192237,-0.000298188,-0.000238846,-0.000104085,-1.21E-05,-1.34E-05,-5.54E-05,-3.50E-05,0.000103679,0.000304022,0.000421316,0.000328103,2.48E-05,-0.000332722,-0.000522844,-0.000412368,-6.48E-05,0.000285347,0.000390027,0.000171106,-0.000205218,-0.000433005,-0.000290012,0.000177485,0.00065414,0.000761288,0.000336871,-0.000412801,-0.001017209,-0.001050674,-0.000439106,0.000459858,0.00107849,0.001023001,0.000351853,-0.000457246,-0.00084167,-0.000557348,0.000140828,0.000682989,0.000609033,-7.32E-05,-0.000867975,-0.001141646,-0.000597369,0.000473543,0.00136405,0.001440938,0.000605796,-0.000612132,-0.001411722,-0.001279015,-0.000347767,0.000702842,0.0011429,0.000718231,-0.000178705,-0.000820326,-0.000704506,5.85E-05,0.000829613,0.000937696,0.000214673
-0.002084977,-0.001169927,-0.000862678,-0.000654257,-0.000501882,-0.000394277,-0.000299033,-0.00018116,-3.11E-05,0.000127302,0.000254821,0.00032625,0.00034585,0.000338205,0.000324032,0.000302511,0.00025486,0.000164819,3.75E-05,-9.96E-05,-0.000214158,-0.000288718,-0.000327265,-0.000343222,-0.000341531,-0.000311325,-0.000235795,-0.000110439,4.65E-05,0.000200948,0.000320737,0.000390718,0.000412561,0.000392498,0.00032971,0.000217139,5.45E-05,-0.000138674,-0.000322237,-0.000450639,-0.000492773,-0.000443169,-0.000318158,-0.000143346,5.54E-05,0.000251343,0.000410313,0.000491248,0.000458725,0.000303364,5.57E-05,-0.000217987,-0.00043735,-0.000536106,-0.000481861,-0.000281775,2.22E-05,0.000361066,0.000647197,0.000787965,0.000710095,0.000391528,-0.000113632,-0.000674763,-0.001117506,-0.001281005,-0.001077156,-0.000527613,0.000235026,0.001000862,0.001540012,0.001668694,0.001309366,0.000529034,-0.000460627,-0.001353061,-0.001841608,-0.001732597,-0.00103217,3.52E-05,0.001094603,0.001755747,0.001763112,0.001101074,9.41E-06,-0.001099468,-0.00179302,-0.001785375,-0.001056083,0.000127521,0.001301524,0.001983841,0.00187502,0.000996976,-0.000298481,-0.001467841,-0.002009951,-0.001692937,-0.000666104,0.000602405,0.001538733,0.001729103,0.001111607,1.77E-06,-0.001060731,-0.001570697,-0.001297238,-0.0003905,0.000695595,0.001427227,0.001452687,0.000774078,-0.00025722,-0.001121004,-0.001394447,-0.000967093,-9.14E-05,0.000758623,0.001145439,0.000899852,0.000200638,-0.000540498,-0.000918715,-0.000760442,-0.000204606,0.000399362,0.000707767,0.000579713,0.000140419,-0.000317259,-0.000521727,-0.000381384,-1.99E-05,0.000321871,0.000444869,0.000306703,2.60E-05,-0.000214874,-0.00029463,-0.000220499,-9.87E-05,-3.84E-05,-6.48E-05,-0.00010516,-5.79E-05,0.000111688,0.00032396,0.000430433,0.000323685,3.17E-05,-0.000280446,-0.000415194,-0.000285218,1.08E-05,0.000245534,0.00022576,-5.35E-05,-0.000382524,-0.000474492,-0.000182588,0.000361585,0.000803747,0.000799816,0.000272544,-0.0004967,-0.00102731,-0.000958224,-0.000308872,0.000511664,0.000971327,0.000782328,0.000108197,-0.000547027,-0.000700898,-0.000249796,0.000442971,0.000806476,0.000491148,-0.000345634,-0.001120299,-0.001230626,-0.0005048,0.000639323,0.00145794,0.001394742,0.000480299,-0.000676966,-0.001312079,-0.001040519,-0.000122513,0.000739552,0.000923902,0.000346716,-0.000486658,-0.000877099,-0.000477762,0.000424027,0.001111503,0.000985317,4.26E-05
-0.002708554,-0.001525086,-0.001140294,-0.000876562,-0.000667402,-0.000499725,-0.000344607,-0.000171898,2.39E-05,0.000216167,0.000364735,0.000443884,0.00045782,0.000431788,0.000388539,0.000330967,0.00024521,0.000120061,-3.52E-05,-0.000190346,-0.000311291,-0.000380015,-0.000400698,-0.000388376,-0.000351366,-0.000283801,-0.00017464,-2.47E-05,0.000144028,0.000295401,0.000397449,0.000436889,0.00041921,0.000356397,0.000254891,0.000115257,-5.66E-05,-0.000237707,-0.000388986,-0.000469806,-0.000457428,-0.000356827,-0.000195236,-7.67E-06,0.00017435,0.000324027,0.000414491,0.000418462,0.000318592,0.000123696,-0.000122178,-0.000347972,-0.000479951,-0.000469494,-0.00031018,-3.80E-05,0.000280934,0.000565274,0.000733033,0.000716553,0.000482735,5.52E-05,-0.000473961,-0.000956617,-0.001229786,-0.001173274,-0.000760196,-7.75E-05,0.000693119,0.001326603,0.001621349,0.001461382,0.000858684,-3.63E-05,-0.000963972,-0.001625693,-0.001781538,-0.001345192,-0.000435994,0.000642876,0.001503697,0.001818469,0.001451309,0.000522255,-0.000627627,-0.001559746,-0.001904598,-0.001508147,-0.000501231,0.000738225,0.001723122,0.002048177,0.001561754,0.000444063,-0.000851738,-0.001782779,-0.001952238,-0.001292072,-0.000103034,0.001075626,0.00171209,0.001529408,0.000635,-0.000531775,-0.001410255,-0.001586215,-0.000987686,8.48E-05,0.001107146,0.001587869,0.001306221,0.000416878,-0.000631214,-0.001322253,-0.001333534,-0.000695195,0.000233619,0.000960351,0.00112236,0.000675001,-9.76E-05,-0.000752429,-0.000940176,-0.000594002,4.99E-05,0.0006059,0.000769602,0.000486392,-3.71E-05,-0.000475664,-0.000586037,-0.0003415,7.53E-05,0.000404183,0.000470987,0.000280126,-1.48E-05,-0.000229213,-0.000269054,-0.000174818,-6.75E-05,-4.43E-05,-0.000103359,-0.000152376,-9.16E-05,9.46E-05,0.000309261,0.000405812,0.000298367,3.74E-05,-0.00021226,-0.000285118,-0.000140787,9.37E-05,0.000207988,6.89E-05,-0.000259828,-0.000536082,-0.000502698,-8.83E-05,0.000502898,0.000896654,0.000796134,0.000205374,-0.000538924,-0.00097087,-0.000808409,-0.000158884,0.000539566,0.000815313,0.000497715,-0.00015368,-0.000630234,-0.000547728,5.60E-05,0.000726001,0.000911276,0.000381077,-0.000570941,-0.001300558,-0.001259566,-0.000401404,0.000754295,0.001462126,0.001265538,0.000319431,-0.000717672,-0.001151129,-0.000742967,0.000129684,0.000768282,0.000682956,-3.61E-05,-0.000787455,-0.000922774,-0.000258585,0.000754452,0.001347373,0.001009388,-0.000104687
-0.002969271,-0.001677095,-0.001259355,-0.000969486,-0.000730994,-0.000531007,-0.000344055,-0.000144103,7.14E-05,0.000274953,0.00042669,0.000501627,0.000504389,0.00046073,0.000394898,0.000312774,0.0002045,6.27E-05,-0.000100984,-0.000255453,-0.000367093,-0.000418852,-0.000416236,-0.000376392,-0.000311007,-0.000218744,-9.33E-05,6.10E-05,0.000220722,0.000350514,0.000421091,0.000423085,0.000366905,0.000270385,0.000146309,9.40E-07,-0.000156391,-0.000303189,-0.00040493,-0.000429278,-0.000363793,-0.000223949,-4.59E-05,0.000129619,0.000270189,0.000354186,0.000366274,0.000295676,0.000143203,-6.71E-05,-0.000283373,-0.000437268,-0.000468782,-0.000351924,-0.000107224,0.000204352,0.000500328,0.000697989,0.000731574,0.000565951,0.000209865,-0.000273168,-0.000765803,-0.001119473,-0.001199201,-0.00093638,-0.000366218,0.000369955,0.001061957,0.001494834,0.001517331,0.00109289,0.00031926,-0.000589168,-0.001355065,-0.001719718,-0.001532752,-0.0008203,0.000200924,0.001181638,0.00175985,0.001700756,0.000999187,-0.000103005,-0.001198194,-0.001864826,-0.001831664,-0.001089576,9.45E-05,0.001270439,0.001975039,0.001916584,0.001102368,-0.000148908,-0.001325855,-0.001934865,-0.001716924,-0.000771658,0.000476225,0.00146297,0.001743596,0.001200827,0.000102206,-0.00102558,-0.001647218,-0.001473665,-0.000597982,0.000553231,0.001428402,0.001618044,0.001050309,2.03E-05,-0.000960676,-0.001421573,-0.001165083,-0.000360422,0.000552712,0.001099208,0.001018572,0.000395576,-0.00039841,-0.000919304,-0.000897958,-0.000381357,0.000310121,0.000778972,0.000781092,0.000354769,-0.000222059,-0.000611124,-0.000614448,-0.000275372,0.000172514,0.000464337,0.000463825,0.000225967,-6.60E-05,-0.000235149,-0.000222242,-0.000103309,-1.19E-05,-2.98E-05,-0.00012718,-0.000193503,-0.000131672,5.71E-05,0.000263991,0.000349758,0.000251125,3.63E-05,-0.000138179,-0.000144626,1.12E-05,0.000180728,0.000178279,-6.80E-05,-0.000432889,-0.000654516,-0.000513374,-9.91E-06,0.00059502,0.000926656,0.000746059,0.000132068,-0.000544398,-0.00085554,-0.000609337,7.27E-06,0.000548985,0.000625292,0.000188296,-0.000418936,-0.000703684,-0.000392411,0.000341526,0.000971898,0.000987862,0.000280305,-0.000740019,-0.001398431,-0.001221625,-0.000284366,0.000820025,0.001379589,0.001057164,0.000123959,-0.000740738,-0.000942964,-0.000402767,0.000398763,0.000792111,0.000436504,-0.000407483,-0.001063221,-0.000952488,-5.63E-05,0.001032177,0.001520434,0.001000552,-0.000227829
-0.002782562,-0.001577573,-0.001182409,-0.000903557,-0.000671162,-0.0004748,-0.000292069,-9.98E-05,0.000103266,0.000290777,0.000425122,0.000483301,0.000470749,0.000413295,0.000335704,0.000245573,0.000135536,1.24E-07,-0.000148742,-0.00028177,-0.000368071,-0.000393292,-0.000365162,-0.000303007,-0.000221298,-0.000122043,-1.86E-06,0.000133731,0.000262694,0.00035362,0.000382372,0.000345073,0.000257407,0.000142181,1.66E-05,-0.000110358,-0.000229397,-0.000322278,-0.000362665,-0.000328922,-0.000219549,-5.90E-05,0.000111147,0.000249342,0.000327534,0.000333933,0.000267792,0.000135435,-4.65E-05,-0.000243991,-0.000404618,-0.00047037,-0.000400922,-0.000195162,0.00010208,0.000412305,0.000647675,0.000735609,0.000635849,0.000349567,-7.63E-05,-0.000549744,-0.000945099,-0.001131761,-0.001017141,-0.000589429,6.11E-05,0.000757258,0.001286538,0.001469902,0.00122402,0.000594416,-0.000250019,-0.001059786,-0.001574767,-0.001605936,-0.001106579,-0.000207472,0.000806014,0.001579436,0.001815726,0.001396185,0.000443454,-0.000707906,-0.001629373,-0.001961943,-0.001560383,-0.000558814,0.00067128,0.001657819,0.002010647,0.001580123,0.000528002,-0.000724871,-0.001662578,-0.001889525,-0.001307516,-0.000171094,0.001014109,0.001714095,0.001611957,0.000759773,-0.000440789,-0.001425035,-0.001732435,-0.001225501,-0.000153528,0.000970075,0.001616645,0.001496107,0.000692132,-0.000386031,-0.001210259,-0.001395818,-0.000888535,1.70E-05,0.000837253,0.001154005,0.000831214,7.77E-05,-0.000675997,-0.001019246,-0.000785186,-0.000133267,0.000554095,0.000896761,0.000730816,0.000187835,-0.000400425,-0.000706752,-0.000595177,-0.000180255,0.000266591,0.000494206,0.000416868,0.00014153,-0.000127394,-0.000231921,-0.000154921,-8.35E-06,6.58E-05,4.62E-06,-0.00013402,-0.000223709,-0.000171912,5.43E-06,0.000193349,0.000265071,0.000180915,2.23E-05,-6.96E-05,-7.98E-06,0.000158115,0.000266395,0.000161239,-0.000170469,-0.000553986,-0.000721975,-0.000499178,5.03E-05,0.000629251,0.000884063,0.000642608,4.83E-05,-0.000517621,-0.000688454,-0.00036968,0.000184399,0.000544187,0.000417203,-0.000122785,-0.000667169,-0.000759971,-0.000245022,0.00058346,0.001155415,0.00102048,0.000188242,-0.000841032,-0.001398047,-0.001105045,-0.000149065,0.000836696,0.001210782,0.000772189,-0.00010452,-0.000751052,-0.000701623,-3.91E-05,0.000670254,0.000811071,0.000202109,-0.000739356,-0.001288648,-0.000956454,0.000118958,0.001233499,0.001605779,0.000943815,-0.000328032
-0.002204377,-0.001257076,-0.000933611,-0.000699361,-0.000505422,-0.000345504,-0.000199711,-4.65E-05,0.000115889,0.00026401,0.000364209,0.000396508,0.000367325,0.000301929,0.000224445,0.000142756,5.04E-05,-5.81E-05,-0.00017267,-0.000267953,-0.000317725,-0.00031157,-0.000259827,-0.000183584,-9.90E-05,-1.01E-05,8.57E-05,0.000183894,0.000266418,0.000308031,0.000291463,0.000218955,0.000110905,-6.54E-06,-0.000114261,-0.000203247,-0.000267568,-0.00029605,-0.000272698,-0.000187414,-4.87E-05,0.000112563,0.000253569,0.000336478,0.000341772,0.000270283,0.000136564,-3.77E-05,-0.000224173,-0.000384798,-0.000473273,-0.000447547,-0.000289847,-2.27E-05,0.000290283,0.000562269,0.000710545,0.000681824,0.000466343,0.000100378,-0.000339047,-0.000745026,-0.000999977,-0.001005636,-0.00071965,-0.000184832,0.000466394,0.001042511,0.001352269,0.001271765,0.000793339,3.72E-05,-0.000778193,-0.001398551,-0.001610576,-0.001313932,-0.000566526,0.000415231,0.001311277,0.001800039,0.001678043,0.000950856,-0.000147804,-0.001227577,-0.001883325,-0.001853771,-0.001131797,2.19E-05,0.001171262,0.001870779,0.001841276,0.001087001,-9.55E-05,-0.001227118,-0.001837436,-0.001664382,-0.000776188,0.000444597,0.001459262,0.001811264,0.00133804,0.000254041,-0.000941875,-0.001696778,-0.001664416,-0.000869787,0.000303966,0.001301322,0.001662015,0.001240098,0.000267546,-0.000766914,-0.001362611,-0.001253277,-0.000532618,0.000402962,0.00106418,0.001122976,0.000578746,-0.000250705,-0.000907738,-0.001045439,-0.000612496,0.000129301,0.000761874,0.000949711,0.000622465,-1.60E-06,-0.00055816,-0.000754102,-0.000527729,-6.10E-05,0.000352491,0.000492668,0.000333771,3.26E-05,-0.000195049,-0.000220578,-7.36E-05,0.000100136,0.000155273,5.13E-05,-0.000126835,-0.000240725,-0.00020498,-4.90E-05,0.00011034,0.000163134,9.38E-05,-6.55E-06,-1.57E-05,0.000111364,0.00028752,0.000343475,0.000156352,-0.000234374,-0.000617969,-0.000734916,-0.000457942,9.55E-05,0.000612226,0.000777972,0.000492759,-4.69E-05,-0.000470788,-0.000490067,-0.000109666,0.000362489,0.000531135,0.00021097,-0.000410597,-0.00087936,-0.000792883,-0.000111787,0.000769353,0.001264916,0.00100171,0.000100024,-0.000880088,-0.001308132,-0.000917591,4.40E-06,0.00081656,0.000978264,0.000434178,-0.000353309,-0.000754096,-0.000448618,0.000321403,0.000925527,0.000822817,-7.41E-06,-0.001012372,-0.001448124,-0.00092832,0.00026542,0.001353192,0.001598551,0.000834432,-0.000412859
-0.001335066,-0.000771394,-0.000556742,-0.000393154,-0.000263012,-0.00016519,-8.17E-05,8.46E-06,0.000109032,0.000200864,0.000255592,0.000256984,0.000212389,0.000145783,7.95E-05,2.03E-05,-3.89E-05,-0.000104825,-0.000171268,-0.000218391,-0.000225954,-0.000188165,-0.000117867,-3.71E-05,3.74E-05,0.000101564,0.000158476,0.000206749,0.000234113,0.000222984,0.000163722,6.45E-05,-5.10E-05,-0.00015509,-0.000229335,-0.000267342,-0.000268739,-0.000231178,-0.000149768,-2.54E-05,0.000125357,0.000268773,0.000364541,0.000382429,0.000314164,0.000174092,-9.20E-06,-0.000202051,-0.000369568,-0.000475474,-0.000484915,-0.000375179,-0.000151126,0.000144842,0.000437869,0.00064197,0.000688654,0.000550028,0.000247861,-0.000151538,-0.000551675,-0.00084484,-0.000935356,-0.000766914,-0.000349149,0.000228341,0.000807432,0.001203135,0.001265095,0.00093608,0.000283071,-0.000513679,-0.001211306,-0.001578714,-0.001471677,-0.000886811,2.32E-05,0.000982355,0.001670719,0.001831363,0.001371628,0.000416685,-0.000715022,-0.001616962,-0.001946214,-0.001562539,-0.000595091,0.00059614,0.001553856,0.00190148,0.001495914,0.00049232,-0.000708434,-0.001614712,-0.001844397,-0.001290229,-0.000177569,0.001019292,0.001776235,0.001752338,0.000950997,-0.000271193,-0.001361104,-0.001823579,-0.001454607,-0.000438861,0.000738577,0.001525683,0.00156825,0.000876624,-0.000187212,-0.001093964,-0.00141036,-0.001010124,-0.000128275,0.000766865,0.001217445,0.001010388,0.000281348,-0.000565388,-0.001077558,-0.000997168,-0.000393083,0.00038752,0.000919092,0.00093442,0.000463601,-0.000200616,-0.0006844,-0.000749329,-0.000415419,7.59E-05,0.00042589,0.000460809,0.000220628,-9.31E-05,-0.000264156,-0.00020196,1.51E-05,0.000211912,0.000245943,0.000102032,-0.000109842,-0.00024385,-0.000225229,-9.65E-05,2.70E-05,5.53E-05,-2.90E-06,-4.90E-05,1.83E-05,0.000204493,0.000390241,0.000405418,0.000160357,-0.000261063,-0.0006261,-0.00069489,-0.000389677,0.000130115,0.000553727,0.000621218,0.000306666,-0.000152376,-0.000414071,-0.000278841,0.000152027,0.00053146,0.000513055,2.11E-05,-0.000656622,-0.001041235,-0.000796896,5.07E-06,0.000893795,0.0012958,0.000928132,1.04E-05,-0.000867203,-0.001142619,-0.000671323,0.000173587,0.000771233,0.000704869,6.75E-05,-0.000607899,-0.000751957,-0.000200677,0.000656559,0.001148081,0.000822827,-0.000185594,-0.001215381,-0.001532391,-0.000863407,0.000384824,0.001393062,0.001501059,0.000672103,-0.000489254
-0.000284266,-0.000181571,-9.97E-05,-2.46E-05,2.43E-05,4.24E-05,4.65E-05,5.78E-05,8.31E-05,0.000108718,0.000112402,8.21E-05,2.58E-05,-3.46E-05,-7.98E-05,-0.000105268,-0.000119905,-0.000133265,-0.000143838,-0.000138542,-0.00010387,-3.88E-05,4.20E-05,0.000116594,0.000169315,0.000197318,0.000205958,0.000198269,0.000168936,0.000108689,1.54E-05,-9.80E-05,-0.000206195,-0.000282764,-0.00031218,-0.000292868,-0.000231479,-0.000135031,-9.13E-06,0.000136221,0.000279528,0.000387943,0.000427685,0.000379076,0.000246333,5.64E-05,-0.000151457,-0.000336468,-0.000463105,-0.000502568,-0.000435486,-0.000259623,1.26E-07,0.000287843,0.000526319,0.000640066,0.000582325,0.000353709,4.71E-06,-0.000377102,-0.000688821,-0.000836183,-0.000756894,-0.000441512,5.25E-05,0.000602004,0.001042867,0.001217324,0.001031206,0.000498178,-0.000249703,-0.000994026,-0.001495792,-0.001573322,-0.001166487,-0.000366626,0.00059913,0.001428604,0.001837593,0.001659808,0.000919578,-0.000155621,-0.001198704,-0.001829747,-0.001802004,-0.001108187,1.92E-06,0.001107395,0.001776511,0.001739081,0.001000745,-0.000150143,-0.001250008,-0.001843746,-0.001673505,-0.000794603,0.000434825,0.001495224,0.00192578,0.001530809,0.000476952,-0.000771078,-0.001656021,-0.001784059,-0.001110646,3.66E-05,0.001113109,0.001618342,0.0013351,0.000429869,-0.000635513,-0.001335784,-0.001341977,-0.000679334,0.000294194,0.001076095,0.001277116,0.000816934,-4.23E-05,-0.000840714,-0.0011663,-0.000870483,-0.000138472,0.000621905,0.00100896,0.000844777,0.000260316,-0.000395813,-0.000766314,-0.000686376,-0.00026038,0.000223694,0.000480949,0.000398134,8.29E-05,-0.000227468,-0.000328655,-0.000175796,0.000104908,0.000316164,0.000326104,0.000147619,-8.75E-05,-0.000232157,-0.000226761,-0.00012728,-4.48E-05,-4.71E-05,-0.000101197,-0.000102761,2.85E-05,0.000262763,0.000456309,0.000444164,0.000168693,-0.00025215,-0.000578737,-0.000602067,-0.000293624,0.000157859,0.000461966,0.000425153,9.43E-05,-0.00026515,-0.000355235,-7.15E-05,0.000396463,0.000679011,0.000490367,-0.000139277,-0.000841427,-0.001135706,-0.000763651,0.000104235,0.000949648,0.001240246,0.00079382,-8.59E-05,-0.000809978,-0.000912301,-0.00037672,0.000354925,0.000709301,0.000410769,-0.000303591,-0.000851307,-0.000743237,2.74E-05,0.000943206,0.001317941,0.000803166,-0.000326848,-0.001334884,-0.001528249,-0.000754306,0.000478507,0.00135162,0.001311818,0.000454929,-0.000562512
0.000787161,0.000422308,0.000366929,0.000348725,0.000310977,0.000244405,0.000164776,9.40E-05,4.21E-05,1.30E-06,-4.39E-05,-0.000101515,-0.000163326,-0.000210548,-0.000227826,-0.000213811,-0.000179787,-0.000138584,-9.40E-05,-4.00E-05,3.03E-05,0.000113721,0.000194691,0.000252966,0.000275342,0.000261511,0.000220026,0.000158934,8.00E-05,-1.80E-05,-0.000131085,-0.00024324,-0.000329964,-0.000368572,-0.000348592,-0.000274508,-0.000160216,-2.12E-05,0.000128586,0.00027308,0.000389697,0.000450402,0.000431138,0.000324367,0.000146179,-6.70E-05,-0.000269834,-0.000420855,-0.000489772,-0.000459845,-0.000329145,-0.000114361,0.000144844,0.000387305,0.000543003,0.000555366,0.000404126,0.000117648,-0.000231671,-0.000546723,-0.000732172,-0.000719668,-0.000487416,-7.17E-05,0.000432444,0.0008861,0.001139692,0.001080252,0.000678167,1.32E-05,-0.000735532,-0.001338701,-0.001589531,-0.001376145,-0.000727278,0.000185018,0.001089106,0.001693697,0.001782676,0.001296213,0.000368185,-0.000701358,-0.001539504,-0.001833988,-0.001458263,-0.000535148,0.000594795,0.001496128,0.001808304,0.001394272,0.000405085,-0.000770616,-0.00165645,-0.001880615,-0.001333648,-0.000224277,0.000995873,0.001815157,0.001880455,0.001157532,-4.31E-05,-0.001195037,-0.001790092,-0.001571603,-0.000657057,0.000514424,0.001389202,0.001563813,0.000977662,-6.15E-05,-0.001033243,-0.001462993,-0.001155492,-0.000285788,0.000695975,0.001296364,0.001228282,0.00055145,-0.000367016,-0.001049628,-0.001158852,-0.000668473,0.000133764,0.00081116,0.001017957,0.000681187,2.51E-05,-0.00057065,-0.000792418,-0.000563996,-7.04E-05,0.000371588,0.00051126,0.000306641,-7.01E-05,-0.000358674,-0.000380331,-0.000141509,0.000188384,0.00040044,0.000382357,0.000177306,-6.58E-05,-0.000206391,-0.000205113,-0.000132358,-9.31E-05,-0.000131496,-0.000190825,-0.00016251,1.43E-05,0.000281004,0.000478171,0.000451987,0.000174323,-0.00021444,-0.00048295,-0.000462762,-0.000172431,0.000183104,0.000349462,0.000207397,-0.000128458,-0.000378719,-0.000301068,0.000114061,0.000602781,0.000790766,0.000461208,-0.000260135,-0.00094911,-0.001148809,-0.000685766,0.000186932,0.00093573,0.001097719,0.000598236,-0.000193303,-0.000720492,-0.000635813,-5.20E-05,0.000540431,0.000639642,0.000120211,-0.000649487,-0.001061711,-0.000723444,0.000222435,0.001158677,0.001414644,0.000753751,-0.000429965,-0.001363399,-0.001428062,-0.000595943,0.000550514,0.001234621,0.001038154,0.000187382,-0.000636901
0.001724474,0.000952852,0.000775156,0.000671874,0.000555173,0.000412083,0.000257544,0.000113808,-6.16E-06,-0.000104219,-0.000189704,-0.000266755,-0.00032759,-0.000357101,-0.000344461,-0.000291764,-0.000212708,-0.000123101,-3.17E-05,6.12E-05,0.000156264,0.000247312,0.000319135,0.000354369,0.000343328,0.00028887,0.000202886,9.81E-05,-1.74E-05,-0.000138228,-0.000255649,-0.000352918,-0.000408519,-0.000405229,-0.000338797,-0.00021988,-6.86E-05,9.30E-05,0.000245421,0.000369967,0.000446325,0.000454152,0.000380793,0.000230758,2.99E-05,-0.000179867,-0.000352484,-0.00045088,-0.000454468,-0.000360921,-0.000185303,4.03E-05,0.000267631,0.000438029,0.000496118,0.000409348,0.000184935,-0.000125016,-0.000434748,-0.000648853,-0.000690557,-0.000524943,-0.000172007,0.000292473,0.000748926,0.001059474,0.001105191,0.00082795,0.000262652,-0.000456368,-0.001124059,-0.001524777,-0.001504969,-0.001032392,-0.000218923,0.000703645,0.001449853,0.001770257,0.00153757,0.000801002,-0.000213839,-0.00116766,-0.001719618,-0.001654056,-0.000973461,8.48E-05,0.001124627,0.001738104,0.001668709,0.000922828,-0.000220212,-0.001310059,-0.001902494,-0.001742119,-0.000875037,0.000359023,0.001458195,0.001964937,0.001663305,0.000680377,-0.000559277,-0.001514493,-0.001768785,-0.001222684,-0.000144051,0.000953975,0.001554308,0.001382935,0.000540136,-0.000550248,-0.001350683,-0.001475034,-0.000877042,0.000132168,0.001045325,0.001416333,0.001082503,0.000239329,-0.000668639,-0.001182131,-0.00106358,-0.000411901,0.000402659,0.000945594,0.00095236,0.000461791,-0.000222168,-0.000713629,-0.00076469,-0.000395332,0.000137851,0.000508145,0.000515462,0.000194516,-0.000225406,-0.000475321,-0.000413373,-9.96E-05,0.000260569,0.000457918,0.00040789,0.000184939,-5.03E-05,-0.000170782,-0.000162392,-0.000110771,-0.000113727,-0.000191125,-0.000264106,-0.000220695,-1.72E-05,0.000265209,0.000459957,0.000429035,0.000170965,-0.000161522,-0.000357176,-0.000294388,-3.54E-05,0.00020929,0.000231698,-1.08E-05,-0.00034339,-0.000484668,-0.000254346,0.000268144,0.000760664,0.00086037,0.000423205,-0.000343224,-0.000983962,-0.001086705,-0.0005665,0.000258383,0.000867312,0.000888355,0.000356255,-0.000311669,-0.000615567,-0.000340322,0.000278039,0.000719208,0.00056932,-0.000147025,-0.000948306,-0.001224534,-0.000688343,0.000381581,0.001298667,0.001435037,0.000670636,-0.000503563,-0.001315159,-0.001246798,-0.000395226,0.00060885,0.001064187,0.000706702,-0.000112965,-0.000713476
0.002408593,0.001342748,0.001072543,0.000902732,0.000724721,0.000523555,0.000313161,0.000115341,-5.48E-05,-0.000194218,-0.000306482,-0.000392597,-0.000445784,-0.000455118,-0.000414505,-0.000329275,-0.000214919,-8.93E-05,3.49E-05,0.000152056,0.000258176,0.00034514,0.000399487,0.000407856,0.000364755,0.000276304,0.000157207,2.38E-05,-0.000110996,-0.000237085,-0.000343112,-0.000413686,-0.000432239,-0.000388311,-0.000284206,-0.000135955,3.19E-05,0.000193794,0.00032777,0.000415927,0.000443229,0.00039903,0.000282554,0.000108952,-8.95E-05,-0.000269896,-0.000390808,-0.00042423,-0.000362277,-0.000217596,-1.99E-05,0.000188152,0.000356689,0.000436631,0.000392971,0.000219663,-5.05E-05,-0.00034828,-0.000584193,-0.000675258,-0.000571813,-0.000275945,0.000153783,0.000612196,0.000970164,0.001106891,0.000946419,0.000489631,-0.000170599,-0.00086213,-0.001376918,-0.001535796,-0.001253437,-0.000578795,0.000306972,0.001138601,0.00164795,0.00165342,0.001128205,0.000222765,-0.000771486,-0.001512137,-0.001724467,-0.001308897,-0.000393865,0.000694408,0.001543722,0.001812664,0.001371673,0.000367942,-0.000819111,-0.001720782,-0.001966501,-0.001439866,-0.000336394,0.000906303,0.001783004,0.00193149,0.001290997,0.000136813,-0.001031223,-0.001704585,-0.001593965,-0.000764647,0.000388399,0.001321075,0.001595514,0.001089566,5.64E-05,-0.000997881,-0.001561771,-0.001368587,-0.000525483,0.000544103,0.001315226,0.00142433,0.000846836,-9.98E-05,-0.000926664,-0.001227853,-0.000884901,-0.00011638,0.000650716,0.001015517,0.000815182,0.000200143,-0.000464916,-0.000813904,-0.000683012,-0.000190162,0.000350528,0.000622532,0.000490743,6.74E-05,-0.000372495,-0.000567087,-0.000421768,-4.97E-05,0.000317532,0.000482725,0.000396872,0.000165571,-4.50E-05,-0.000128533,-0.000100527,-6.24E-05,-0.000103935,-0.000221091,-0.000314693,-0.000270646,-6.00E-05,0.000220369,0.000404684,0.00037503,0.000153574,-0.00010372,-0.000215386,-0.000110508,0.000109467,0.000237834,0.00011968,-0.000212838,-0.000534969,-0.000574334,-0.000215464,0.000383459,0.000860792,0.000880697,0.000372749,-0.000390268,-0.000948221,-0.000952616,-0.000407598,0.000322052,0.000754782,0.000626712,7.98E-05,-0.00043885,-0.000506037,-4.60E-05,0.000592941,0.000880064,0.000501227,-0.000376306,-0.001181394,-0.001325432,-0.000632284,0.00050284,0.001357718,0.001373806,0.000549094,-0.000553765,-0.001199026,-0.000994012,-0.000157135,0.000658231,0.000855418,0.000337288,-0.000431223,-0.000790472
0.002680224,0.001501961,0.001188915,0.000984796,0.00077651,0.000549481,0.000316032,9.60E-05,-9.51E-05,-0.000250511,-0.000369558,-0.00045095,-0.000489581,-0.000478996,-0.00041759,-0.000313073,-0.000181324,-4.05E-05,9.48E-05,0.000215554,0.000314914,0.000384653,0.000414478,0.000395971,0.000328053,0.000219484,8.64E-05,-5.34E-05,-0.000184587,-0.000294901,-0.000373104,-0.000407442,-0.000387936,-0.000311496,-0.000186294,-3.17E-05,0.000126492,0.000262892,0.000357229,0.00039586,0.0003715,0.000284087,0.000143639,-2.72E-05,-0.000194442,-0.000320039,-0.000372463,-0.000336668,-0.000218791,-4.47E-05,0.000146047,0.000307356,0.000395228,0.000376902,0.000241338,8.10E-06,-0.000270355,-0.000517272,-0.000651396,-0.000612386,-0.000383337,-1.89E-06,0.000444059,0.000835393,0.001051466,0.00100411,0.000668257,0.000100466,-0.000563659,-0.001138284,-0.001438964,-0.001343951,-0.000844028,-6.02E-05,0.000782352,0.001419098,0.001632333,0.001328916,0.000582699,-0.000376458,-0.001229189,-0.001671537,-0.001525533,-0.000815576,0.000223032,0.001215599,0.001781401,0.001682194,0.000926542,-0.000217542,-0.001315105,-0.001931398,-0.001808807,-0.000979863,0.000234853,0.00134935,0.001909751,0.001686301,0.000777174,-0.000425583,-0.001400084,-0.001722277,-0.001257677,-0.000227674,0.000886314,0.001562936,0.001485336,0.000693761,-0.000430928,-0.001348937,-0.001622812,-0.001130049,-0.000121019,0.000907873,0.001462583,0.001295924,0.000524476,-0.000440214,-0.001108739,-0.0011652,-0.000622264,0.000199223,0.000851429,0.001001769,0.000604661,-8.80E-05,-0.00067914,-0.000852205,-0.000542552,4.04E-05,0.000547457,0.000696464,0.000429672,-6.85E-05,-0.000495827,-0.000617042,-0.000394522,9.95E-06,0.000353105,0.000464865,0.000339496,0.000111659,-5.50E-05,-8.33E-05,-2.16E-05,1.29E-05,-6.01E-05,-0.000214147,-0.000332933,-0.000302388,-0.000105814,0.000151955,0.000314418,0.000288023,0.00011523,-5.35E-05,-7.45E-05,7.16E-05,0.000250696,0.000268686,2.67E-05,-0.000376116,-0.000679707,-0.000632713,-0.000183239,0.00044868,0.000886184,0.000837273,0.000302705,-0.000401643,-0.000839718,-0.000745561,-0.000209185,0.000380533,0.000607411,0.00032836,-0.00021562,-0.000569157,-0.000402617,0.000221806,0.000862971,0.001003316,0.000435809,-0.000547136,-0.001318419,-0.001338556,-0.00054422,0.000581189,0.001321535,0.001216469,0.000379673,-0.000585853,-0.001020095,-0.00067647,0.000113201,0.000701669,0.000623442,-4.64E-05,-0.000746128,-0.000861598
0.002563591,0.001443109,0.00113462,0.000927696,0.000719728,0.000498486,0.00027395,6.24E-05,-0.000121747,-0.000269984,-0.000378205,-0.000443782,-0.000463729,-0.000436032,-0.000363014,-0.000253648,-0.000122613,1.35E-05,0.000140204,0.000246844,0.000325509,0.000369217,0.000371794,0.00033014,0.000247259,0.000133501,4.67E-06,-0.000121919,-0.0002309,-0.000310219,-0.000350679,-0.000345603,-0.000292271,-0.000194644,-6.54E-05,7.51E-05,0.000202937,0.000295966,0.000338562,0.000323465,0.000252054,0.000134271,-1.12E-05,-0.000157623,-0.000273712,-0.000330384,-0.000309328,-0.000209906,-5.14E-05,0.000130611,0.000291599,0.000388163,0.000387628,0.000276841,6.88E-05,-0.000195146,-0.000449931,-0.000620519,-0.000642445,-0.000483751,-0.000160788,0.000258939,0.000669386,0.000951786,0.001007533,0.000789771,0.000324748,-0.000284485,-0.000876974,-0.001274532,-0.001335477,-0.001006138,-0.000351157,0.000452398,0.001160821,0.001538816,0.001440492,0.000868127,-1.49E-05,-0.000925993,-0.00155212,-0.001657844,-0.001176879,-0.00025094,0.00080492,0.001606229,0.001840052,0.001391261,0.000401597,-0.000769234,-0.001673673,-0.001951245,-0.001478822,-0.00043136,0.000778188,0.001661564,0.001857003,0.00128561,0.000192588,-0.000950578,-0.001646658,-0.001591816,-0.000815457,0.000326449,0.001308222,0.001674685,0.001254611,0.000245146,-0.000877925,-0.001585323,-0.001548339,-0.000797296,0.000295172,0.001199512,0.001491558,0.001059816,0.000153076,-0.000754615,-0.001210712,-0.001013864,-0.000307781,0.000507349,0.000995377,0.000916641,0.000347271,-0.00037596,-0.000850657,-0.000832222,-0.000360964,0.000274812,0.000713216,0.000725882,0.000337986,-0.000203817,-0.000588568,-0.000623786,-0.000334029,7.74E-05,0.00036947,0.000411311,0.000244938,3.04E-05,-7.85E-05,-3.93E-05,6.49E-05,0.000103435,6.29E-06,-0.000178891,-0.000322545,-0.000313168,-0.000144844,7.50E-05,0.000205317,0.000179711,5.84E-05,-1.90E-05,5.02E-05,0.000235642,0.000377208,0.000299039,-4.34E-05,-0.000493997,-0.000771997,-0.000655673,-0.000152474,0.000472739,0.000848819,0.00073984,0.000213156,-0.000391467,-0.000684211,-0.000493031,1.22E-05,0.000436552,0.000446325,2.29E-05,-0.000505537,-0.000692513,-0.000310514,0.000449312,0.001075024,0.001081401,0.000369797,-0.000663197,-0.001366206,-0.001271088,-0.000424773,0.00062801,0.001211845,0.000985274,0.000172193,-0.000610264,-0.000805924,-0.000325563,0.00039661,0.000741689,0.000390108,-0.000415265,-0.001035505,-0.000919515
0.002079466,0.001177144,0.000918552,0.00073953,0.000561901,0.000377451,0.00019295,1.96E-05,-0.000131316,-0.000250671,-0.000332333,-0.000373046,-0.000372217,-0.000332035,-0.000257965,-0.000158944,-4.68E-05,6.55E-05,0.00016546,0.000242657,0.00028959,0.000301663,0.000277413,0.000219017,0.000132859,2.95E-05,-7.74E-05,-0.000173219,-0.000244809,-0.000282197,-0.000279763,-0.000236725,-0.000157586,-5.24E-05,6.36E-05,0.000171628,0.000252328,0.000289836,0.000275225,0.000208716,0.000100135,-3.22E-05,-0.00016379,-0.000267588,-0.000318783,-0.000300568,-0.000209602,-5.94E-05,0.000120299,0.00028829,0.000400964,0.000422758,0.000336136,0.000148559,-0.000105453,-0.000368483,-0.000571175,-0.000648813,-0.000560414,-0.000304905,7.12E-05,0.000479395,0.000808173,0.000952768,0.00084721,0.0004899,-4.65E-05,-0.000625826,-0.001081061,-0.001261367,-0.001082042,-0.000561029,0.000172703,0.000906964,0.001406503,0.001489526,0.001095662,0.00031992,-0.000604228,-0.001372567,-0.00171072,-0.001474482,-0.000713273,0.000331212,0.001297905,0.001831203,0.00171534,0.000966779,-0.000156305,-0.001239218,-0.001865043,-0.001780644,-0.001006793,0.000157834,0.001247889,0.001818255,0.001631494,0.000765015,-0.000412819,-0.001394268,-0.001750702,-0.001324032,-0.000303381,0.000852673,0.001619484,0.001645994,0.000919802,-0.000222592,-0.001250388,-0.001688228,-0.001342588,-0.000393906,0.000692899,0.001397394,0.001399228,0.000732164,-0.000241181,-0.001020289,-0.001224443,-0.000783374,3.73E-05,0.000786426,0.001071648,0.000764787,6.00E-05,-0.000643392,-0.000965892,-0.000752952,-0.000149031,0.000496673,0.000833845,0.000704589,0.000217888,-0.000331458,-0.00064373,-0.000583777,-0.000240382,0.000151438,0.000367093,0.00032573,0.000119067,-7.28E-05,-0.000113518,4.49E-07,0.000152079,0.000200047,8.66E-05,-0.000121497,-0.000285662,-0.000300355,-0.000169891,-8.97E-08,8.85E-05,5.84E-05,-1.46E-05,-5.15E-06,0.000147945,0.000369086,0.000479456,0.000325312,-8.79E-05,-0.000560329,-0.000805155,-0.000637795,-0.000118719,0.000460473,0.000754293,0.000592758,0.000103479,-0.000368324,-0.00049762,-0.000213054,0.000244175,0.000490001,0.000284628,-0.000268813,-0.000770197,-0.000798513,-0.00023153,0.00062579,0.001216024,0.001104727,0.000298933,-0.000725365,-0.001325178,-0.001123785,-0.000272835,0.000649305,0.001039939,0.00069266,-6.68E-05,-0.000632094,-0.000573065,3.77E-05,0.000678065,0.000777288,0.000169285,-0.000747472,-0.001279957,-0.000955493
0.001269347,0.000726545,0.000558651,0.000435891,0.000316588,0.000197779,8.21E-05,-2.61E-05,-0.000120161,-0.000191906,-0.000234247,-0.000243906,-0.000222749,-0.000176689,-0.000113326,-4.01E-05,3.59E-05,0.000107003,0.000164698,0.000200568,0.000208701,0.00018763,0.000140736,7.50E-05,-1.06E-06,-7.82E-05,-0.000147031,-0.000197781,-0.000221379,-0.000211511,-0.000166995,-9.30E-05,-3.31E-07,9.66E-05,0.000182277,0.00024229,0.000264696,0.00024189,0.000172829,6.51E-05,-6.47E-05,-0.000192599,-0.000292025,-0.00033948,-0.000319976,-0.000230925,-8.39E-05,9.58E-05,0.000272257,0.000404538,0.000455599,0.000402213,0.000243776,6.60E-06,-0.000258667,-0.00048683,-0.000613469,-0.00059219,-0.000409748,-9.47E-05,0.000283787,0.000628234,0.000836324,0.000829943,0.000582731,0.000136661,-0.000400193,-0.000877176,-0.001142128,-0.001089291,-0.000699178,-5.64E-05,0.00066386,0.001241232,0.001476845,0.001262211,0.000626736,-0.000256038,-0.001112076,-0.001651423,-0.001668885,-0.001125231,-0.000176542,0.000865711,0.00163626,0.001847163,0.00140103,0.000440643,-0.000690453,-0.001568726,-0.001851902,-0.001418771,-0.000428854,0.000729134,0.00158675,0.001787142,0.001239434,0.00016708,-0.000977221,-0.001700537,-0.001684188,-0.000929338,0.0002356,0.001294856,0.001774886,0.001460826,0.000498602,-0.000668652,-0.001504774,-0.00163172,-0.001008182,5.21E-05,0.001033845,0.001472145,0.00117906,0.000331323,-0.000625331,-0.001206613,-0.001136538,-0.0004831,0.000386865,0.001007954,0.001063789,0.000549458,-0.000236742,-0.000863987,-0.001005653,-0.000610959,8.07E-05,0.000684879,0.000890052,0.000623001,7.13E-05,-0.00044208,-0.000651264,-0.000491399,-0.000113375,0.000229682,0.000345506,0.00021206,-3.05E-05,-0.000190148,-0.000156195,3.35E-05,0.000231226,0.000290695,0.000169025,-5.02E-05,-0.000225205,-0.000260927,-0.00017247,-6.08E-05,-2.25E-05,-6.54E-05,-9.98E-05,-1.65E-05,0.0002067,0.000456726,0.000544606,0.000341514,-0.000104864,-0.000567415,-0.000769863,-0.00057129,-7.63E-05,0.000416735,0.000607824,0.000400401,-2.65E-05,-0.000340791,-0.000297404,7.29E-05,0.000470427,0.000538011,0.000136065,-0.000521214,-0.000983302,-0.000871155,-0.000165559,0.000737939,0.001267585,0.001058597,0.00021653,-0.000733749,-0.001193277,-0.000895414,-8.70E-05,0.000650119,0.000816641,0.00035239,-0.000328241,-0.000654347,-0.000338813,0.000388114,0.000936911,0.000803761,-2.42E-05,-0.001015459,-0.001452552,-0.000955513
0.000278302,0.00017237,0.000118531,6.91E-05,2.53E-05,-1.02E-05,-3.98E-05,-6.70E-05,-9.08E-05,-0.000105121,-0.000102494,-7.99E-05,-4.14E-05,3.82E-06,4.70E-05,8.35E-05,0.000112054,0.000131888,0.000139549,0.000129571,9.83E-05,4.74E-05,-1.52E-05,-7.87E-05,-0.000133412,-0.000173199,-0.000194347,-0.000193423,-0.00016659,-0.000111767,-3.21E-05,6.20E-05,0.000155008,0.000230073,0.000273794,0.000278159,0.000240277,0.000161666,4.89E-05,-8.45E-05,-0.000217655,-0.000324278,-0.000379176,-0.00036537,-0.000279469,-0.000133134,4.91E-05,0.000234076,0.000384657,0.000465691,0.00045113,0.000332367,0.000124929,-0.000130171,-0.000373122,-0.000539368,-0.000577262,-0.000463823,-0.000214075,0.000118723,0.000452258,0.000692901,0.000759583,0.000609119,0.000256037,-0.000221206,-0.000693654,-0.001014574,-0.001064139,-0.000792287,-0.000244482,0.00044049,0.001063452,0.001421717,0.001374328,0.000895707,9.83E-05,-0.000788461,-0.001482026,-0.0017384,-0.001441736,-0.000658496,0.000369044,0.001295491,0.001790707,0.001663143,0.000940744,-0.000125886,-0.001146009,-0.001731413,-0.001647813,-0.000915088,0.000187892,0.001223376,0.001766413,0.001581632,0.000730547,-0.000441869,-0.001443592,-0.00184308,-0.001459687,-0.000450977,0.000748162,0.001613266,0.001764561,0.001141087,3.19E-05,-0.001054135,-0.001623413,-0.001427778,-0.000580683,0.000498835,0.001289683,0.001421965,0.00085583,-0.00010378,-0.000964736,-0.001298579,-0.000956686,-0.000140385,0.00071093,0.001153976,0.000973589,0.000289333,-0.000518462,-0.001019933,-0.000966901,-0.000417614,0.000309962,0.00082411,0.000876162,0.00048546,-9.27E-05,-0.000529002,-0.000611547,-0.000353717,3.80E-05,0.000307393,0.000308071,8.16E-05,-0.000188617,-0.000308188,-0.000199036,5.94E-05,0.000294884,0.000363209,0.000239581,2.18E-05,-0.000150908,-0.000199064,-0.000150019,-9.85E-05,-0.000115269,-0.000178982,-0.000188158,-4.95E-05,0.000225108,0.00049439,0.000567727,0.000342582,-0.000100222,-0.000522533,-0.000673498,-0.000460144,-2.19E-05,0.000353848,0.000427517,0.000179227,-0.000170344,-0.000317031,-0.000104134,0.000340428,0.000672915,0.000576139,9.94E-06,-0.000717272,-0.001128025,-0.000899173,-0.000107313,0.000788005,0.001231406,0.000943325,0.000117764,-0.000701379,-0.000990121,-0.000604821,0.000124242,0.000638736,0.000564706,-8.63E-06,-0.000594089,-0.000676747,-0.000119692,0.000701838,0.001154142,0.000815036,-0.000183417,-0.001205419,-0.00154017,-0.000911156
-0.000742264,-0.000400384,-0.000335275,-0.000306477,-0.00026948,-0.000216372,-0.000155024,-9.72E-05,-4.83E-05,-4.42E-06,4.19E-05,9.36E-05,0.000144662,0.000183376,0.00020051,0.000194718,0.000171611,0.000137732,9.52E-05,4.18E-05,-2.41E-05,-9.79E-05,-0.000168019,-0.000220755,-0.000246644,-0.00024352,-0.00021438,-0.000162751,-9.03E-05,1.14E-06,0.000104818,0.000206742,0.000288117,0.000331786,0.000328123,0.000276865,0.000184705,6.19E-05,-7.87E-05,-0.000220006,-0.000339671,-0.000412413,-0.000417143,-0.000345176,-0.000204956,-2.08E-05,0.000172977,0.000339839,0.000446578,0.000468089,0.000392079,0.00022475,-5.03E-06,-0.000247077,-0.000439692,-0.000526346,-0.000473746,-0.000284353,1.11E-06,0.000311766,0.000562557,0.000674672,0.000597038,0.0003249,-8.99E-05,-0.000542871,-0.000899629,-0.001033466,-0.000868882,-0.000415042,0.000224851,0.000874887,0.001334558,0.001440541,0.001123301,0.000440163,-0.000428446,-0.001223522,-0.001684525,-0.00163749,-0.001065115,-0.000129401,0.000868569,0.001585605,0.001759208,0.001311122,0.00038894,-0.000676197,-0.001485917,-0.001724621,-0.001286571,-0.000327961,0.00078204,0.00159908,0.001780701,0.001232525,0.000159884,-0.001004469,-0.001774412,-0.001817491,-0.001104974,6.54E-05,0.001192082,0.001787658,0.001598047,0.000719923,-0.000440426,-0.001352226,-0.001605559,-0.001102265,-0.000100555,0.00090989,0.001444455,0.001257831,0.000461326,-0.000535881,-0.001233536,-0.001292111,-0.000701951,0.000217114,0.000985791,0.001215971,0.000810172,4.58E-06,-0.000765422,-0.001102058,-0.000854519,-0.000187696,0.000522939,0.000905839,0.000794253,0.000301658,-0.000263763,-0.000588089,-0.000529292,-0.000181732,0.000202547,0.000379177,0.000258242,-5.47E-05,-0.000340844,-0.000414107,-0.000234478,7.93E-05,0.000338566,0.000409055,0.00028742,8.31E-05,-7.28E-05,-0.000121327,-0.000104068,-0.000109138,-0.000181726,-0.000272732,-0.000270745,-9.73E-05,0.00020773,0.000484607,0.000549037,0.000325256,-8.19E-05,-0.000437748,-0.00052907,-0.000312998,4.51E-05,0.000283123,0.000231617,-5.33E-05,-0.000319393,-0.000301245,6.73E-05,0.000570918,0.000837569,0.000599418,-9.01E-05,-0.000849083,-0.001196541,-0.000876315,-5.05E-05,0.000784455,0.001117497,0.000765944,6.29E-07,-0.000642426,-0.000738748,-0.000274586,0.000349692,0.000621048,0.000304668,-0.00036527,-0.000846571,-0.000695981,7.40E-05,0.000962506,0.001316054,0.000804936,-0.000307634,-0.001313711,-0.001539197,-0.000818567
-0.001644475,-0.000908645,-0.000737757,-0.000637923,-0.000526517,-0.00039151,-0.000246478,-0.000111406,2.21E-06,9.61E-05,0.000178251,0.000251753,0.000309093,0.000336698,0.000325314,0.000277338,0.000205183,0.000122684,3.73E-05,-5.06E-05,-0.000141047,-0.000227569,-0.000296065,-0.000331075,-0.000324287,-0.000278274,-0.000203032,-0.000108912,-2.45E-06,0.000111603,0.000224573,0.000320631,0.000379926,0.000386692,0.000336362,0.000236878,0.000103993,-4.48E-05,-0.000192755,-0.000322352,-0.000413063,-0.00044355,-0.000398959,-0.000279508,-0.000104262,9.28E-05,0.000272098,0.000398773,0.000448276,0.000408952,0.000283348,9.07E-05,-0.00013143,-0.00033043,-0.000450198,-0.000448595,-0.00031409,-7.37E-05,0.000211534,0.000462359,0.000601743,0.000575261,0.000367236,1.04E-05,-0.000414189,-0.000789813,-0.000992627,-0.000929866,-0.000577282,-7.64E-08,0.000654536,0.001194848,0.001442149,0.001290204,0.00074687,-5.67E-05,-0.000894852,-0.001509536,-0.001690791,-0.001351885,-0.000572889,0.000409185,0.001268628,0.001701146,0.001538164,0.000820534,-0.000202368,-0.001154858,-0.001672333,-0.001543038,-0.000798391,0.00028733,0.001293458,0.001813592,0.001620216,0.000766646,-0.000420561,-0.00146418,-0.001930402,-0.001615843,-0.000644191,0.000576345,0.001524554,0.001794846,0.001280974,0.000227501,-0.000879208,-0.001533867,-0.001446442,-0.000677146,0.000393641,0.001247859,0.001478813,0.000986622,2.46E-05,-0.000927839,-0.001403382,-0.001179384,-0.000386368,0.000562511,0.001185973,0.001182061,0.000579567,-0.000285897,-0.000956794,-0.001098437,-0.000670603,6.54E-05,0.000703134,0.00091942,0.000644206,8.03E-05,-0.000430935,-0.000613292,-0.000407311,1.43E-05,0.000368286,0.000437942,0.000197769,-0.000186397,-0.000472481,-0.000494175,-0.00025402,9.49E-05,0.000357625,0.000419398,0.000301704,0.000122826,-2.89E-07,-3.42E-05,-3.66E-05,-8.97E-05,-0.000214438,-0.000336829,-0.000337879,-0.000152403,0.000159261,0.000429249,0.000487732,0.000285688,-5.72E-05,-0.000323765,-0.000348174,-0.000138082,0.000124399,0.000213822,3.66E-05,-0.00028001,-0.000463433,-0.000295186,0.000203744,0.000745786,0.000948415,0.000600569,-0.000161635,-0.000907704,-0.001178587,-0.000794278,1.12E-05,0.000733485,0.000932669,0.000531511,-0.000136213,-0.000568077,-0.000458839,7.42E-05,0.000576678,0.000599881,5.45E-05,-0.000692663,-0.001065637,-0.000705724,0.000233623,0.001152487,0.001405753,0.000764512,-0.000396431,-0.001334072,-0.001442338,-0.000671812
-0.002268501,-0.001262346,-0.001018517,-0.000868142,-0.00070178,-0.000505148,-0.000297324,-0.000105705,5.31E-05,0.000179583,0.000282852,0.000366891,0.000423402,0.000437321,0.000399585,0.00031608,0.000205355,8.76E-05,-2.56E-05,-0.000132379,-0.000232585,-0.000319273,-0.000377137,-0.000390133,-0.0003518,-0.00026956,-0.000159901,-3.89E-05,8.34E-05,0.000201419,0.000306632,0.000383642,0.000413574,0.00038348,0.00029436,0.000161747,8.74E-06,-0.000142569,-0.000274885,-0.000373645,-0.000423515,-0.000409487,-0.000323956,-0.000175209,9.83E-06,0.000191815,0.000331305,0.000400044,0.000386092,0.000293009,0.000137196,-5.29E-05,-0.000237285,-0.000368176,-0.000401886,-0.000315047,-0.000118349,0.000140709,0.000389115,0.000549518,0.00056301,0.000406243,9.98E-05,-0.000292214,-0.000671681,-0.000925659,-0.000955969,-0.000713353,-0.000225039,0.000398393,0.000985482,0.001352636,0.001363981,0.000981482,0.000286852,-0.00053361,-0.001238429,-0.001602122,-0.001488931,-0.000906415,-1.88E-05,0.000892545,0.001515751,0.001618927,0.001143592,0.000241718,-0.000765984,-0.001501985,-0.001674835,-0.001197511,-0.000232084,0.000861542,0.001657851,0.001831145,0.001290363,0.00022729,-0.000947488,-0.001762956,-0.001881107,-0.001245578,-0.000116905,0.001029119,0.001703851,0.001622185,0.000834372,-0.000292309,-0.001238807,-0.001573284,-0.001152287,-0.000187923,0.00085325,0.001472779,0.001378848,0.000625503,-0.000415446,-0.001237335,-0.001447484,-0.000959418,-3.22E-05,0.000863502,0.001285872,0.001045109,0.000294511,-0.000558228,-0.001071197,-0.001001168,-0.000423628,0.000322744,0.000832444,0.000857148,0.000431929,-0.0001636,-0.000579405,-0.000598657,-0.000251872,0.000219335,0.000518941,0.000474246,0.000128238,-0.000302117,-0.00056723,-0.000533354,-0.000248168,0.000108734,0.000348936,0.000387267,0.000273237,0.000130554,5.61E-05,5.35E-05,4.69E-05,-4.08E-05,-0.000208767,-0.000362603,-0.000378874,-0.000203965,8.90E-05,0.000335187,0.000386893,0.000221478,-3.54E-05,-0.000195674,-0.00014815,5.11E-05,0.000212334,0.000154986,-0.000138639,-0.000479883,-0.000588289,-0.000297258,0.000294476,0.000847846,0.000989721,0.000570912,-0.000205318,-0.000889094,-0.001069017,-0.000648082,8.44E-05,0.000645432,0.000690423,0.000251593,-0.000290558,-0.000490424,-0.000174839,0.000414199,0.000787321,0.000575753,-0.000167088,-0.000962832,-0.001227395,-0.000696143,0.000353017,0.001256038,0.001406999,0.000683574,-0.000452983,-0.001265746,-0.001247948,-0.000468278
-0.002553395,-0.00142645,-0.001150428,-0.0009759,-0.000780052,-0.000548282,-0.000304644,-8.27E-05,9.74E-05,0.000235751,0.000343762,0.000426992,0.000476906,0.000477214,0.000418867,0.000310533,0.000175722,3.95E-05,-8.40E-05,-0.000192815,-0.000288244,-0.000364199,-0.000405353,-0.000395875,-0.000331362,-0.000223614,-9.45E-05,3.56E-05,0.000155458,0.000260249,0.000343823,0.000393078,0.000391532,0.000329708,0.000213821,6.56E-05,-8.68E-05,-0.000219565,-0.000317894,-0.000373069,-0.000377165,-0.000322665,-0.00020893,-5.04E-05,0.000121362,0.000266077,0.000348623,0.000351058,0.000275936,0.000141777,-2.37E-05,-0.000187575,-0.00031286,-0.000362534,-0.000309418,-0.00015021,8.45E-05,0.000332772,0.000517653,0.000572387,0.0004626,0.000198148,-0.000167557,-0.000548022,-0.000840722,-0.000949585,-0.000811999,-0.00042521,0.00013798,0.000735947,0.001192555,0.001351728,0.001133549,0.00057012,-0.000194145,-0.000939898,-0.001436903,-0.001515955,-0.0011278,-0.000370123,0.000529301,0.001275755,0.001603093,0.001372927,0.000639199,-0.000353436,-0.001246536,-0.001697767,-0.001515488,-0.000742981,0.000345672,0.001341653,0.00185572,0.001672316,0.000842376,-0.000325287,-0.00137667,-0.001890743,-0.001654317,-0.000759993,0.000421183,0.001389606,0.001731815,0.001306279,0.000313294,-0.000790062,-0.001496479,-0.00148328,-0.000764383,0.000314993,0.001241254,0.001576352,0.001166436,0.000214124,-0.000820976,-0.001445887,-0.001373376,-0.000659449,0.000329006,0.001100627,0.001286974,0.000825033,-1.86E-05,-0.00079411,-0.001107958,-0.000826953,-0.000138293,0.000564905,0.00090635,0.000731298,0.000179783,-0.00040876,-0.000698525,-0.000547748,-7.73E-05,0.000415926,0.000641732,0.00048356,5.24E-05,-0.000395769,-0.000619535,-0.000528198,-0.000214686,0.000123789,0.000317146,0.000318131,0.000205996,0.000106492,9.19E-05,0.000133303,0.000136238,2.79E-05,-0.000171859,-0.000352855,-0.000390774,-0.000242639,1.19E-05,0.000219386,0.000260215,0.000137508,-2.33E-05,-7.06E-05,4.98E-05,0.000237383,0.000301553,0.000110428,-0.000282815,-0.000639953,-0.000683989,-0.000301574,0.000343199,0.000880691,0.000964482,0.000509435,-0.00022995,-0.000809998,-0.000887224,-0.00045056,0.000170673,0.000538163,0.000417727,-5.02E-05,-0.000453385,-0.000418848,9.10E-05,0.000721662,0.000967021,0.000547241,-0.000351464,-0.001164291,-0.001322662,-0.00066103,0.000438114,0.001280554,0.00132642,0.00056218,-0.000488673,-0.001130449,-0.000979485,-0.000221007
-0.002461369,-0.001379088,-0.001116585,-0.000948102,-0.000752186,-0.000515882,-0.000267413,-4.48E-05,0.000129572,0.000257367,0.000352925,0.000424231,0.000463001,0.000451819,0.000381226,0.000261626,0.000119936,-1.58E-05,-0.000130514,-0.000224166,-0.000300887,-0.000356806,-0.0003776,-0.000348164,-0.000265981,-0.000146315,-1.49E-05,0.00010578,0.000204886,0.000280896,0.000331774,0.000348253,0.000317168,0.000232553,0.000104844,-4.00E-05,-0.000171486,-0.000267014,-0.000317118,-0.000321203,-0.000280115,-0.000193986,-6.79E-05,8.01E-05,0.000217818,0.000307855,0.000323153,0.000258399,0.000131009,-2.73E-05,-0.000181411,-0.000298643,-0.000350686,-0.000315447,-0.000184385,2.68E-05,0.000272231,0.000482407,0.000584925,0.000530585,0.000313174,-2.56E-05,-0.000406327,-0.000731026,-0.000905599,-0.000861873,-0.000578597,-9.75E-05,0.000473628,0.000979105,0.001257452,0.001195984,0.000777761,9.99E-05,-0.000647369,-0.001236389,-0.001473331,-0.001262883,-0.000645871,0.000202711,0.00101774,0.001522921,0.001524316,0.000988762,7.43E-05,-0.000908464,-0.001599585,-0.001724896,-0.00120958,-0.000220981,0.000883085,0.001685287,0.001869964,0.001351137,0.000314928,-0.000844042,-0.001672189,-0.001837483,-0.001269715,-0.000199899,0.000925614,0.001628622,0.00160681,0.000873399,-0.000239713,-0.00122539,-0.001631161,-0.001270386,-0.000312838,0.000792104,0.001526455,0.001548765,0.000855882,-0.000217458,-0.001161218,-0.001536168,-0.001184008,-0.000299276,0.000671959,0.001256113,0.001187353,0.000535341,-0.000339093,-0.000977341,-0.001063809,-0.000586749,0.000166489,0.000775152,0.00091902,0.00054964,-9.50E-05,-0.000637112,-0.000777663,-0.000461388,0.000105876,0.000589622,0.000724742,0.0004605,-2.86E-05,-0.000462383,-0.00062414,-0.000475153,-0.00015154,0.000142059,0.000265451,0.000216191,0.00010358,5.16E-05,0.000104125,0.000198661,0.000222798,0.000108081,-0.000109749,-0.000309788,-0.000371024,-0.000260958,-6.07E-05,9.47E-05,0.00011816,3.79E-05,-2.56E-05,3.91E-05,0.000229366,0.000406274,0.000384784,8.19E-05,-0.000387157,-0.000748831,-0.000740747,-0.000301966,0.00035298,0.000845832,0.000873176,0.000414204,-0.000242031,-0.000681985,-0.000646868,-0.000211513,0.000270162,0.000423501,0.000134277,-0.000354912,-0.000615485,-0.00035823,0.000322482,0.000976977,0.001101764,0.000510989,-0.000492268,-0.001286004,-0.001341236,-0.000593601,0.000492998,0.001229172,0.001166217,0.000399058,-0.000511262,-0.000942525,-0.000653152,5.99E-05
-0.001945692,-0.00109318,-0.00089599,-0.000768454,-0.00060685,-0.000401837,-0.000184621,4.38E-06,0.000142782,0.00023518,0.000300151,0.000348795,0.000373467,0.000355559,0.000284465,0.000170857,4.30E-05,-7.04E-05,-0.000155647,-0.000216461,-0.000261423,-0.000290137,-0.000290091,-0.000247086,-0.000159837,-4.56E-05,6.83E-05,0.000159516,0.000220191,0.00025406,0.000264922,0.000248439,0.000195053,0.000101573,-1.92E-05,-0.000139777,-0.00023054,-0.000273278,-0.000266329,-0.000218715,-0.00014031,-3.78E-05,8.06E-05,0.000196916,0.000282301,0.000306474,0.000253089,0.000130174,-3.17E-05,-0.000191434,-0.000311737,-0.000366175,-0.000339811,-0.000228187,-4.09E-05,0.00019161,0.000415312,0.000562402,0.000573281,0.000421617,0.00012945,-0.000235629,-0.000579244,-0.000806044,-0.000843569,-0.000660139,-0.000276591,0.000229489,0.000731901,0.001082125,0.00115285,0.000886568,0.000328666,-0.000373049,-0.001007729,-0.001368071,-0.001320324,-0.000853331,-9.03E-05,0.000741008,0.001372796,0.001580783,0.00126411,0.000494648,-0.000488234,-0.001346472,-0.001760177,-0.001552397,-0.000770269,0.00031689,0.001309832,0.00182994,0.001669261,0.000878597,-0.000244192,-0.001264448,-0.001779389,-0.001580768,-0.000746065,0.000383031,0.001333857,0.001699338,0.001317481,0.000352176,-0.000768691,-0.001539275,-0.00160597,-0.000934928,0.00016633,0.001188785,0.001660227,0.001368238,0.000460052,-0.00062998,-0.001390254,-0.001477072,-0.00087612,9.76E-05,0.000960194,0.00129957,0.000977187,0.000189854,-0.000638775,-0.001081274,-0.00092796,-0.000290746,0.000465757,0.000927535,0.000857338,0.000318591,-0.000370139,-0.000821577,-0.000798065,-0.00033716,0.000284102,0.000718651,0.000748177,0.000394733,-0.00011392,-0.000493741,-0.000571228,-0.000367123,-5.52E-05,0.000165447,0.000196663,8.60E-05,-2.94E-05,-3.25E-05,8.93E-05,0.000240721,0.000294684,0.000188224,-3.02E-05,-0.000235358,-0.000315149,-0.000248549,-0.000114198,-2.29E-05,-2.60E-05,-7.15E-05,-4.72E-05,0.000117318,0.000368256,0.000536914,0.000450166,7.06E-05,-0.000438619,-0.000787896,-0.000741832,-0.000288568,0.000326259,0.000741079,0.000712081,0.000280713,-0.000248641,-0.000516553,-0.000362563,5.70E-05,0.00038075,0.000313953,-0.000135451,-0.000636116,-0.00076121,-0.000312236,0.00049747,0.001150142,0.001167752,0.000459672,-0.00057917,-0.001307451,-0.00126313,-0.000481895,0.000520632,0.001099745,0.000923152,0.000190276,-0.000528377,-0.000715724,-0.000286402,0.000361194
-0.001140228,-0.000643341,-0.00054721,-0.000485286,-0.000382669,-0.000234765,-7.47E-05,5.65E-05,0.000138079,0.000178614,0.000201665,0.000221833,0.000232262,0.000212963,0.000151492,5.75E-05,-4.11E-05,-0.000116766,-0.000158983,-0.000176358,-0.000182928,-0.000182405,-0.000164372,-0.00011532,-3.44E-05,6.08E-05,0.000142976,0.00019184,0.000204303,0.000190516,0.000160849,0.00011609,4.99E-05,-3.94E-05,-0.000138487,-0.000220766,-0.000259847,-0.000243882,-0.000180153,-8.74E-05,1.65E-05,0.000120136,0.00021484,0.000285903,0.000310908,0.00026882,0.000154765,-1.11E-05,-0.000187839,-0.000329644,-0.000401618,-0.000387658,-0.000288665,-0.000117798,0.000100123,0.00032527,0.000502812,0.000573776,0.000496654,0.000269445,-6.09E-05,-0.000408997,-0.000676476,-0.000781934,-0.000683052,-0.00038746,4.64E-05,0.000516553,0.00089467,0.001055957,0.000919406,0.000485874,-0.000144812,-0.000791985,-0.001247264,-0.001345358,-0.001025414,-0.000359445,0.000462679,0.001187132,0.001572769,0.001469816,0.000877663,-3.86E-05,-0.000986463,-0.00163593,-0.00173772,-0.001226223,-0.000261947,0.000813139,0.001598365,0.001789788,0.001305079,0.000324134,-0.000774542,-0.001559086,-0.001715277,-0.00117599,-0.000155873,0.000927168,0.001618461,0.001617554,0.000914165,-0.000195028,-0.001225688,-0.001717075,-0.001442974,-0.000522658,0.000626678,0.001480015,0.001650036,0.001069943,2.40E-05,-0.000990552,-0.001502876,-0.001292866,-0.000491079,0.000492796,0.001176071,0.001241032,0.000687388,-0.000176164,-0.000895633,-0.00110716,-0.000722769,3.00E-05,0.000735437,0.001016045,0.000734669,6.28E-05,-0.000621996,-0.000949795,-0.000761344,-0.000186013,0.000445499,0.000797034,0.000713571,0.000291426,-0.00020107,-0.000494547,-0.000472596,-0.000218354,6.41E-05,0.000192744,0.000119558,-5.68E-05,-0.000175407,-0.000131188,5.55E-05,0.000260054,0.00034535,0.000256257,5.18E-05,-0.000144054,-0.000233064,-0.000207572,-0.000142117,-0.000120735,-0.000158244,-0.000180373,-8.44E-05,0.000161688,0.000460265,0.000622328,0.000491267,7.01E-05,-0.000444669,-0.000764506,-0.000690689,-0.000256125,0.000279184,0.000590096,0.000503524,0.000119438,-0.000257603,-0.000338036,-6.53E-05,0.000330141,0.000493499,0.00021761,-0.000373002,-0.000874851,-0.000878235,-0.000276307,0.000616373,0.001241225,0.001165107,0.000390066,-0.00062227,-0.001244694,-0.001103438,-0.000330405,0.000532994,0.00091767,0.000624219,-5.01E-05,-0.000547436,-0.000476286,8.85E-05,0.000660223
-0.000153696,-9.03E-05,-0.000117786,-0.000137696,-0.000110742,-3.76E-05,4.79E-05,0.000105316,0.000116759,9.57E-05,7.09E-05,6.07E-05,5.88E-05,4.37E-05,4.31E-07,-6.34E-05,-0.00012173,-0.000149569,-0.000140787,-0.00010973,-7.63E-05,-4.83E-05,-1.76E-05,2.94E-05,9.39E-05,0.000159337,0.000200077,0.000199487,0.000160153,9.92E-05,3.36E-05,-3.12E-05,-9.94E-05,-0.000172448,-0.000238355,-0.00027361,-0.000256829,-0.000183578,-7.02E-05,5.59E-05,0.000170573,0.00026034,0.00031869,0.000336892,0.000301061,0.000200326,4.05E-05,-0.000148416,-0.000319571,-0.000426631,-0.000441565,-0.000361409,-0.000203537,3.27E-06,0.000223472,0.00041433,0.000527146,0.000517689,0.000365495,9.16E-05,-0.00023805,-0.00052954,-0.000691578,-0.000665974,-0.000445528,-7.58E-05,0.000355422,0.000735333,0.00094916,0.000909237,0.000587528,4.02E-05,-0.000591675,-0.001114825,-0.001345139,-0.001175688,-0.000623482,0.000165512,0.000956504,0.001497735,0.001600519,0.001203978,0.000404922,-0.000558864,-0.001373892,-0.001751986,-0.001537331,-0.000778894,0.000268234,0.001224423,0.001726416,0.001573041,0.000813783,-0.00026122,-0.001230056,-0.001705024,-0.001489485,-0.000662113,0.000447333,0.001384889,0.001755606,0.001391331,0.000431863,-0.000721932,-0.001572694,-0.001744077,-0.00115495,-6.58E-05,0.001032917,0.001644239,0.001497712,0.000677348,-0.00041919,-0.001272587,-0.001491659,-0.000998396,-5.84E-05,0.000856421,0.001303214,0.001084416,0.000338866,-0.000536104,-0.00109073,-0.001052534,-0.000462421,0.000352542,0.000955685,0.001033183,0.000558485,-0.000200082,-0.000831703,-0.001009921,-0.000666303,-1.52E-05,0.000580384,0.000818388,0.000620215,0.000153644,-0.000287685,-0.000467047,-0.000335982,-3.93E-05,0.000197978,0.000221849,3.99E-05,-0.000200114,-0.000320239,-0.000232552,9.62E-06,0.000257232,0.00036955,0.000302696,0.00012466,-4.67E-05,-0.000132279,-0.000140036,-0.000140294,-0.000189761,-0.000267793,-0.000279918,-0.000133101,0.000170968,0.000500474,0.00065617,0.000501988,7.50E-05,-0.00041024,-0.000682656,-0.000588502,-0.000200406,0.000222788,0.000408893,0.000263073,-6.15E-05,-0.000273195,-0.000162891,0.000222191,0.000588359,0.000599419,0.000138681,-0.000564575,-0.001054916,-0.000954519,-0.000245287,0.000678891,0.001247688,0.001091028,0.000298535,-0.000627816,-0.001106789,-0.000870866,-0.000142045,0.000537101,0.000699036,0.00028782,-0.000310856,-0.000571608,-0.000241501,0.000447892,0.000938145
0.00087751,0.000489845,0.00033264,0.000225437,0.000170232,0.00016144,0.000165276,0.00014324,8.10E-05,-2.95E-06,-7.47E-05,-0.000112828,-0.000122799,-0.000128101,-0.000146591,-0.000173689,-0.000186257,-0.00016283,-0.000102191,-2.46E-05,4.46E-05,9.36E-05,0.000129332,0.000165586,0.000205435,0.000234266,0.000229661,0.000179431,9.22E-05,-8.35E-06,-9.95E-05,-0.000172334,-0.000230307,-0.000276415,-0.000301975,-0.000288049,-0.000219328,-9.88E-05,4.94E-05,0.000191184,0.000299037,0.000360458,0.000373923,0.000338731,0.000250492,0.000107899,-7.49E-05,-0.000262338,-0.00040635,-0.000465199,-0.000421287,-0.000286131,-9.21E-05,0.000120577,0.000312058,0.000443988,0.000480504,0.000396384,0.000192511,-9.14E-05,-0.00037921,-0.000579408,-0.000618274,-0.000467819,-0.000156838,0.00023743,0.000610172,0.000853666,0.000881662,0.000653157,0.000193453,-0.000396249,-0.000952651,-0.001293073,-0.001277765,-0.000868397,-0.000155697,0.000659137,0.001325025,0.001622263,0.001436123,0.000799689,-0.000107239,-0.001004698,-0.001595588,-0.00166494,-0.001164514,-0.000248424,0.000764462,0.001498748,0.00166636,0.001188052,0.000237592,-0.000816815,-0.001554759,-0.001672852,-0.001111164,-8.40E-05,0.000999841,0.001697812,0.001714128,0.001027459,-8.93E-05,-0.00117305,-0.001762208,-0.001599636,-0.000754524,0.000398276,0.001341672,0.001652892,0.001202415,0.000216749,-0.000829424,-0.001441835,-0.00134443,-0.000608928,0.000387014,0.001150808,0.001318718,0.000831335,-4.47E-05,-0.000857,-0.001198458,-0.000911192,-0.000161971,0.000649305,0.001100446,0.000966975,0.000335611,-0.000449044,-0.000974988,-0.000985371,-0.000509704,0.000167066,0.000675944,0.000773248,0.000466027,-1.49E-05,-0.000369632,-0.000412301,-0.000169714,0.000157078,0.000334974,0.000248589,-3.65E-05,-0.000329803,-0.000446151,-0.000321021,-3.93E-05,0.000233185,0.000360901,0.00031611,0.000174799,4.37E-05,-2.20E-05,-4.91E-05,-0.000104811,-0.000220068,-0.000341946,-0.000358963,-0.000187291,0.000144642,0.000483033,0.00063007,0.000474111,7.86E-05,-0.000340546,-0.000545948,-0.000435983,-0.00011685,0.000168641,0.000214835,8.66E-06,-0.000251319,-0.000298255,-8.72E-06,0.000473379,0.000806498,0.000685123,8.02E-05,-0.000693577,-0.001154806,-0.000972922,-0.000211553,0.000683812,0.001163914,0.000939688,0.000180146,-0.000601516,-0.000901699,-0.000573942,7.92E-05,0.000538688,0.000460164,-6.51E-05,-0.00057722,-0.000601509,-2.96E-05,0.000763427,0.001169948
0.001791277,0.00100575,0.000732845,0.000546309,0.000415463,0.000330845,0.000259486,0.000165196,3.72E-05,-0.000101273,-0.000212138,-0.00027115,-0.000283685,-0.000275187,-0.000266615,-0.000256683,-0.000225562,-0.000155588,-5.02E-05,6.52E-05,0.00016051,0.000221149,0.000253425,0.000272397,0.000283512,0.000275155,0.000228561,0.000136122,1.19E-05,-0.000115074,-0.000217889,-0.000285927,-0.000323483,-0.000336631,-0.000321171,-0.000263545,-0.000154457,-3.18E-06,0.000160467,0.000298802,0.000384009,0.00040727,0.000374094,0.000292701,0.000167709,5.35E-06,-0.000175406,-0.000338093,-0.000438169,-0.000442445,-0.000345738,-0.000173414,3.04E-05,0.000219736,0.000356806,0.000414094,0.000373177,0.000229307,2.14E-06,-0.000256602,-0.000469609,-0.000557923,-0.000472794,-0.000219048,0.000142216,0.000511797,0.000781592,0.000863033,0.000708825,0.000327649,-0.000208238,-0.000767816,-0.001186231,-0.001311583,-0.001061814,-0.000468376,0.000317083,0.001062316,0.00152877,0.001553238,0.001106556,0.000309601,-0.000598099,-0.001328155,-0.001633271,-0.001393124,-0.000668211,0.000302923,0.001173873,0.001612621,0.00143377,0.000684854,-0.000356614,-0.001283228,-0.001718557,-0.001472785,-0.000626537,0.000494172,0.001444042,0.001836354,0.001502098,0.000565791,-0.000596431,-0.001505442,-0.001779184,-0.001301421,-0.000282117,0.000826223,0.001527632,0.001510571,0.000796549,-0.000266655,-0.001169521,-0.001485934,-0.001078791,-0.000163348,0.000803064,0.001349345,0.001222079,0.000505339,-0.000428607,-0.001110439,-0.001209346,-0.000695189,0.000153072,0.00089516,0.001157305,0.000822355,8.38E-05,-0.000664075,-0.001039886,-0.00087696,-0.000302275,0.00034815,0.000726287,0.000666136,0.000263264,-0.000201448,-0.000441688,-0.00033647,1.04E-05,0.000351709,0.000460044,0.000267238,-0.000104925,-0.000433467,-0.000537494,-0.000381795,-8.00E-05,0.000194343,0.000320543,0.000292309,0.000193251,0.000115194,8.52E-05,5.52E-05,-4.09E-05,-0.000211236,-0.000375612,-0.000409558,-0.000237865,9.18E-05,0.000415908,0.000549217,0.000407705,7.38E-05,-0.000249322,-0.00037112,-0.000246301,-8.43E-06,0.000127019,2.86E-05,-0.000236783,-0.000434497,-0.000331101,0.000112262,0.000668205,0.000965245,0.000738493,3.91E-05,-0.000756914,-0.001168757,-0.000926743,-0.000166579,0.000642891,0.001003744,0.00072203,3.62E-05,-0.000555528,-0.000652365,-0.000236937,0.0003194,0.000541839,0.000221572,-0.000407708,-0.000829163,-0.000633106,0.00014724,0.001014281,0.001336803
0.002469416,0.001390616,0.001030723,0.000782995,0.000593038,0.000449055,0.000319227,0.000169572,-7.58E-06,-0.000185548,-0.000322851,-0.000393473,-0.000402986,-0.000378814,-0.000344835,-0.000302882,-0.000236238,-0.000130588,6.83E-06,0.000146701,0.000255784,0.000317757,0.000339244,0.000337198,0.000319904,0.000279024,0.000199385,7.73E-05,-6.89E-05,-0.000206619,-0.000306768,-0.000358738,-0.000369152,-0.000348172,-0.000296634,-0.000206268,-7.29E-05,8.99E-05,0.000249284,0.000366982,0.000417776,0.000398621,0.000323053,0.000207927,6.53E-05,-9.40E-05,-0.000250027,-0.000369584,-0.000415646,-0.000366002,-0.000228168,-3.92E-05,0.000149512,0.000291491,0.000357088,0.000334033,0.000223476,4.00E-05,-0.00018235,-0.000387227,-0.000504709,-0.000475563,-0.000279859,4.61E-05,0.000415979,0.000719612,0.000858278,0.000773085,0.000460692,-2.34E-05,-0.000570897,-0.001038077,-0.001277241,-0.001182077,-0.000733882,-2.74E-05,0.000742975,0.001338982,0.001559335,0.001313509,0.000659504,-0.000208672,-0.001019024,-0.001506255,-0.001498183,-0.000979051,-0.000108225,0.000818593,0.001463146,0.001568126,0.001065768,0.000122506,-0.000909124,-0.001621711,-0.001717421,-0.001136067,-8.92E-05,0.001017708,0.001745442,0.001798732,0.001149325,5.36E-05,-0.001045777,-0.001697964,-0.001633535,-0.000885066,0.000217649,0.001185017,0.001584381,0.001240408,0.000322311,-0.000730535,-0.001415667,-0.001409465,-0.000724567,0.000297602,0.00115658,0.001440391,0.001026365,0.000135779,-0.000782655,-0.001279459,-0.001126387,-0.00042366,0.00045888,0.001074272,0.001125757,0.00061278,-0.000178256,-0.000831906,-0.001025569,-0.000695921,-6.02E-05,0.000516472,0.000731101,0.000508494,2.93E-05,-0.000391387,-0.000498781,-0.000246192,0.000189369,0.000527599,0.000560437,0.000272563,-0.000163315,-0.000504114,-0.000585199,-0.000405601,-0.000103775,0.000148245,0.000253949,0.000233302,0.000177423,0.000160481,0.000178789,0.0001616,4.22E-05,-0.000169199,-0.000370304,-0.00042843,-0.000276789,2.44E-05,0.000312974,0.000425531,0.000308177,5.62E-05,-0.000150625,-0.000177366,-3.63E-05,0.000117437,0.000103135,-0.000134518,-0.000454737,-0.000597076,-0.000366992,0.000195839,0.000797448,0.001054977,0.000751861,8.96E-06,-0.000760593,-0.001102272,-0.000817872,-0.00010452,0.000571267,0.000787848,0.000455707,-0.000127747,-0.000501042,-0.000382782,0.000114029,0.000562466,0.000547236,-9.52E-07,-0.000718001,-0.00104916,-0.000659822,0.000284806,0.001190769,0.001429125
0.002807675,0.001585412,0.001180345,0.000898672,0.000675069,0.000497329,0.000334849,0.000155288,-4.70E-05,-0.00024334,-0.000390337,-0.000461272,-0.000462319,-0.000422672,-0.000368606,-0.000304449,-0.000215856,-9.08E-05,6.11E-05,0.000208369,0.000316476,0.000368876,0.000373415,0.000349388,0.000308024,0.000244051,0.00014525,1.07E-05,-0.000139121,-0.000270006,-0.000353046,-0.000379456,-0.000359404,-0.00030769,-0.00023007,-0.000122714,1.52E-05,0.000168175,0.000303539,0.000385622,0.000394309,0.000333741,0.00022551,9.37E-05,-4.47E-05,-0.000177859,-0.000288895,-0.000351896,-0.000340259,-0.000243854,-8.16E-05,0.000101287,0.000251308,0.000327389,0.000312663,0.000212919,4.87E-05,-0.000149354,-0.0003394,-0.000468057,-0.000480459,-0.000342076,-6.22E-05,0.000296466,0.000631965,0.00083583,0.000830196,0.00059304,0.000165007,-0.000359703,-0.000852074,-0.001174151,-0.001212402,-0.00091595,-0.000328113,0.000406672,0.001074045,0.001455907,0.001409152,0.00092455,0.000139653,-0.00070097,-0.001323909,-0.001516572,-0.001199828,-0.000461816,0.000459415,0.001244594,0.001599144,0.001364879,0.000595173,-0.000444486,-0.001363263,-0.001793835,-0.001544792,-0.000689586,0.000451631,0.001434627,0.001869424,0.001580452,0.000681656,-0.000465262,-0.001394799,-0.001727721,-0.001331423,-0.000382237,0.000702372,0.001440873,0.001502048,0.000860851,-0.000181874,-0.0011337,-0.001542067,-0.001212918,-0.000307371,0.000735518,0.001413852,0.00140933,0.000740891,-0.000250539,-0.001076497,-0.001344681,-0.000949026,-0.000112944,0.000732243,0.001169009,0.001002132,0.000348886,-0.000432768,-0.000938116,-0.000928711,-0.000451167,0.00020103,0.000659269,0.000687724,0.000309568,-0.000219129,-0.000568981,-0.0005337,-0.000145942,0.00035331,0.000667627,0.000622364,0.000258216,-0.000210117,-0.000534679,-0.000579909,-0.000383193,-0.000102606,0.00010156,0.000165952,0.0001411,0.000125365,0.000173261,0.000249188,0.000259304,0.000134726,-9.99E-05,-0.000327188,-0.000411838,-0.000295932,-4.61E-05,0.000186773,0.000269597,0.000180455,2.23E-05,-5.67E-05,1.79E-05,0.000177715,0.000252336,0.00010016,-0.000260958,-0.000627126,-0.000723964,-0.00039938,0.000238888,0.00085147,0.001064464,0.000716105,-1.61E-05,-0.000708636,-0.000958046,-0.000646438,-2.02E-05,0.000481015,0.000533173,0.000156213,-0.000305715,-0.000446228,-0.00011363,0.000454321,0.000791061,0.000552903,-0.000193705,-0.000973961,-0.001217598,-0.000672666,0.000379725,0.001281503,0.00143435
0.002722082,0.001542265,0.00114462,0.000863986,0.000639858,0.000461785,0.000300156,0.000123282,-7.41E-05,-0.000262904,-0.000399945,-0.000458919,-0.000446945,-0.000394543,-0.000329475,-0.000257461,-0.000165286,-4.17E-05,0.000103315,0.000238512,0.000329953,0.000362551,0.000346209,0.000302717,0.000245898,0.000172796,7.29E-05,-5.37E-05,-0.000186696,-0.000293012,-0.000346137,-0.000340801,-0.000291476,-0.000217492,-0.000128627,-2.39E-05,9.66E-05,0.000218496,0.000312471,0.000348369,0.000313086,0.000218365,9.27E-05,-3.50E-05,-0.000146621,-0.0002329,-0.000284073,-0.000284527,-0.000219648,-9.08E-05,7.47E-05,0.000228558,0.000320681,0.000320625,0.000227575,6.57E-05,-0.000127844,-0.000312394,-0.000445727,-0.000485411,-0.000397393,-0.000173596,0.000151046,0.000496398,0.000757272,0.000839502,0.000695382,0.000342316,-0.000140924,-0.000635181,-0.001009287,-0.0011499,-0.000990931,-0.000539994,0.000107057,0.00077674,0.001261465,0.00138797,0.001085996,0.000426404,-0.000391698,-0.001103274,-0.001466445,-0.001346106,-0.000763749,0.000101991,0.000965308,0.001521847,0.001553211,0.001014493,6.96E-05,-0.000949616,-0.001657676,-0.001765473,-0.001205574,-0.000174222,0.000935935,0.001689743,0.001787304,0.001189918,0.000139826,-0.000935703,-0.00159797,-0.001578031,-0.000891744,0.000161318,0.001119798,0.001558035,0.001276909,0.000401484,-0.000666539,-0.001428737,-0.001523888,-0.000903972,0.000137452,0.001104329,0.001538954,0.001245451,0.000382776,-0.000619013,-0.001275673,-0.001287823,-0.000682007,0.000214188,0.000945829,0.001161993,0.000787079,4.73E-05,-0.000657683,-0.000967959,-0.000750059,-0.000158306,0.000459748,0.000760526,0.000594516,8.32E-05,-0.000459594,-0.000713542,-0.000536717,-4.03E-05,0.000486643,0.000752616,0.000630524,0.000216935,-0.000244668,-0.000519525,-0.000514307,-0.000307361,-6.94E-05,6.17E-05,6.40E-05,2.15E-05,3.89E-05,0.000149582,0.00028684,0.000335344,0.000223785,-1.32E-05,-0.000250938,-0.000357927,-0.000286824,-0.000105724,5.41E-05,9.68E-05,3.33E-05,-2.98E-05,1.92E-05,0.000193674,0.000374679,0.000383183,0.000118068,-0.000338299,-0.000734931,-0.000797607,-0.000418366,0.000241964,0.000824064,0.000984975,0.000622867,-4.38E-05,-0.00060898,-0.000743958,-0.000417153,8.94E-05,0.000385881,0.000261509,-0.000154966,-0.000487053,-0.000398274,0.00013153,0.000753955,0.000982426,0.000553448,-0.000343413,-0.001151389,-0.001311308,-0.00065893,0.000431744,0.001277369,0.001341061
0.002276754,0.001296479,0.000951322,0.000702257,0.000506747,0.000357744,0.000226282,8.03E-05,-8.64E-05,-0.000246139,-0.000357436,-0.000395404,-0.000368269,-0.000307308,-0.000240769,-0.000174606,-9.55E-05,8.62E-06,0.000129134,0.000236834,0.000300264,0.000306917,0.000269193,0.000211162,0.000148575,7.98E-05,-5.20E-06,-0.000107239,-0.000208005,-0.000277717,-0.000293931,-0.000255831,-0.000182266,-9.64E-05,-1.07E-05,7.49E-05,0.000161358,0.000237884,0.000281005,0.00026776,0.000192733,7.46E-05,-5.31E-05,-0.000159529,-0.000228282,-0.000255995,-0.000242265,-0.000183093,-7.56E-05,6.94E-05,0.00021968,0.000328378,0.000353475,0.000278094,0.000118212,-8.55E-05,-0.000284121,-0.000432778,-0.000495559,-0.000446253,-0.000274005,4.55E-06,0.000335014,0.000629392,0.000790194,0.000746585,0.000485288,6.07E-05,-0.000419838,-0.0008266,-0.001042375,-0.000991508,-0.000661185,-0.000113426,0.000517409,0.001049641,0.001304333,0.001169084,0.000650812,-0.000109438,-0.000873128,-0.001382669,-0.001452405,-0.001037511,-0.000255737,0.000644941,0.001362574,0.00163921,0.001352591,0.000571496,-0.000450114,-0.001349157,-0.001782465,-0.001564251,-0.000753856,0.0003512,0.001324074,0.001779192,0.001533353,0.000686487,-0.000415105,-0.001319242,-0.001654466,-0.00128547,-0.000372899,0.000689622,0.001438934,0.001541808,0.000946016,-8.69E-05,-0.001090239,-0.001601328,-0.001378587,-0.000521799,0.000568524,0.001379944,0.001535394,0.000976537,-1.07E-05,-0.000941249,-0.001373757,-0.001125875,-0.000355425,0.00053088,0.00108988,0.001065015,0.000507094,-0.000265068,-0.000839558,-0.000928368,-0.000513449,0.000153381,0.000694493,0.000815188,0.000462981,-0.000149876,-0.000671917,-0.000813202,-0.000506059,6.60E-05,0.000583718,0.000780018,0.000585584,0.000149461,-0.000269887,-0.000466726,-0.000399637,-0.000188033,-8.25E-06,3.27E-05,-4.08E-05,-0.000111023,-6.89E-05,9.78E-05,0.000293209,0.000384007,0.000297679,7.57E-05,-0.000156025,-0.000276174,-0.000250154,-0.000145094,-6.77E-05,-7.35E-05,-0.000118517,-9.52E-05,7.10E-05,0.000336443,0.000538966,0.000497114,0.000148814,-0.000370331,-0.000778983,-0.000815857,-0.000417126,0.000218114,0.000733185,0.000833884,0.000480994,-8.00E-05,-0.000481898,-0.000487136,-0.000151915,0.000218089,0.000297899,-3.07E-06,-0.000453716,-0.000658639,-0.000359402,0.000338854,0.000995849,0.001123731,0.000542978,-0.000450961,-0.001249273,-0.001328022,-0.000612596,0.000453339,0.001196124,0.001165575
0.001530658,0.000880622,0.000626109,0.000434973,0.000293394,0.000198925,0.000122851,3.19E-05,-8.24E-05,-0.000195471,-0.000268605,-0.000279262,-0.000236791,-0.000172532,-0.000114142,-6.66E-05,-1.53E-05,5.39E-05,0.000135471,0.000203898,0.00023161,0.000209513,0.000152601,8.67E-05,2.86E-05,-2.31E-05,-7.94E-05,-0.000143487,-0.000200835,-0.000226597,-0.000203561,-0.000135727,-4.58E-05,4.03E-05,0.000109217,0.000161667,0.000201876,0.000224595,0.00021369,0.000154293,4.84E-05,-7.98E-05,-0.000194259,-0.000265061,-0.00028042,-0.000245013,-0.000169038,-6.00E-05,7.47E-05,0.000217901,0.000336662,0.000389709,0.000346445,0.000205025,-2.96E-06,-0.000224242,-0.000403438,-0.000498261,-0.000484623,-0.000355874,-0.000124158,0.000173498,0.000471284,0.000683488,0.00073001,0.000569639,0.000224027,-0.000221793,-0.000643717,-0.000916832,-0.000951842,-0.00071952,-0.000260517,0.000318222,0.000861288,0.001199792,0.00120176,0.000825084,0.000150375,-0.000627723,-0.001256635,-0.001512642,-0.001284869,-0.000622484,0.000274021,0.001114617,0.001613654,0.001586028,0.001016224,7.66E-05,-0.000917203,-0.001608048,-0.001727725,-0.001209147,-0.000229949,0.000841125,0.001583684,0.00169726,0.001131493,0.000114808,-0.000935148,-0.00158345,-0.001560111,-0.000875349,0.000181047,0.001158018,0.001632455,0.001392306,0.000535102,-0.000565573,-0.001418918,-0.001636745,-0.001116059,-9.48E-05,0.000953114,0.001540797,0.001402219,0.000621495,-0.000410745,-0.001193043,-0.001362207,-0.000868849,8.60E-06,0.000815046,0.001153826,0.000884061,0.000181032,-0.000566629,-0.000965567,-0.000821863,-0.00023564,0.000460858,0.000886467,0.000816517,0.000300081,-0.000373491,-0.00083879,-0.000856237,-0.000438327,0.000169746,0.000639282,0.000746262,0.000486773,5.61E-05,-0.000287407,-0.000381612,-0.000244132,-3.32E-05,7.68E-05,1.68E-05,-0.000140272,-0.000245035,-0.000186837,2.51E-05,0.00026963,0.000400629,0.000347044,0.000155202,-5.35E-05,-0.000173694,-0.000186505,-0.00015727,-0.000165809,-0.000226256,-0.000263161,-0.000169195,9.49E-05,0.000435554,0.000657318,0.000582535,0.000185049,-0.000359825,-0.000758463,-0.000775133,-0.000389191,0.000177149,0.000591192,0.000622934,0.000296686,-0.000128088,-0.000341276,-0.000207176,0.000132238,0.00035925,0.000224353,-0.00024288,-0.000720446,-0.000808062,-0.000329346,0.000497796,0.001164796,0.001202094,0.000515027,-0.000516482,-0.001264,-0.001262634,-0.000527304,0.000453136,0.001048493,0.000917578
0.000565519,0.000339872,0.000204644,9.20E-05,2.43E-05,4.22E-06,2.90E-06,-1.49E-05,-6.08E-05,-0.000114594,-0.000141698,-0.000122442,-6.71E-05,-6.13E-06,3.45E-05,5.20E-05,6.34E-05,8.60E-05,0.000118656,0.000140862,0.000129991,8.08E-05,1.04E-05,-5.45E-05,-9.73E-05,-0.000120414,-0.000137128,-0.00015426,-0.000162578,-0.000143224,-8.47E-05,4.53E-06,9.91E-05,0.000172417,0.000211767,0.000220786,0.000208492,0.000176457,0.00011657,2.18E-05,-9.99E-05,-0.000221518,-0.000307546,-0.000332175,-0.000290665,-0.000196915,-7.14E-05,6.87E-05,0.000209015,0.000330396,0.000403768,0.000397523,0.000294574,0.000107463,-0.000120272,-0.000328842,-0.000463848,-0.000492231,-0.000406328,-0.000219965,3.52E-05,0.000309365,0.000535894,0.000642349,0.000574406,0.000323397,-5.84E-05,-0.000466415,-0.000775724,-0.000882191,-0.000736255,-0.000358496,0.000164005,0.000695962,0.001083153,0.001191151,0.000949138,0.000386535,-0.000355977,-0.0010558,-0.001476677,-0.001454064,-0.000963085,-0.000139014,0.000760713,0.001440137,0.001664511,0.001342447,0.000564029,-0.000418855,-0.001268535,-0.001675258,-0.001473852,-0.000719394,0.000315689,0.001233867,0.001666641,0.001429241,0.000607277,-0.000468517,-0.001354514,-0.0016792,-0.001301778,-0.00037539,0.000713209,0.001503825,0.001657099,0.001102172,7.36E-05,-0.000982933,-0.001602325,-0.001507926,-0.000742962,0.000341624,0.001245059,0.001551763,0.001131041,0.000201107,-0.000778966,-0.001337332,-0.001222845,-0.0005247,0.000381992,0.00103416,0.001117761,0.000621644,-0.000168342,-0.00082698,-0.001013863,-0.000646748,6.37E-05,0.00073241,0.001006661,0.000750906,0.000112331,-0.00056582,-0.000933904,-0.000822931,-0.000326296,0.000266913,0.000643957,0.000643377,0.000330837,-6.31E-05,-0.000297858,-0.000269173,-5.74E-05,0.00014636,0.000179267,1.58E-05,-0.000223897,-0.000364679,-0.000299486,-5.87E-05,0.000217547,0.000378208,0.000358777,0.0002097,4.26E-05,-5.93E-05,-9.64E-05,-0.000133369,-0.000223475,-0.00034156,-0.000383896,-0.000244436,8.60E-05,0.000475809,0.000709809,0.000621672,0.000216117,-0.000309009,-0.000669022,-0.000667366,-0.000324552,0.000130738,0.000411198,0.000364536,7.70E-05,-0.000191486,-0.00020276,7.19E-05,0.000412429,0.000502007,0.000172587,-0.000434769,-0.000926795,-0.000915237,-0.000305547,0.000593154,0.001236215,0.001195396,0.00045866,-0.000538019,-0.00118522,-0.001102746,-0.000392394,0.0004401,0.000843273,0.000605104
-0.000446453,-0.000229036,-0.000237562,-0.000265174,-0.000252717,-0.000192485,-0.000113633,-5.34E-05,-2.73E-05,-1.96E-05,-5.79E-07,4.64E-05,0.000110468,0.000162783,0.000180076,0.000162235,0.000129316,0.000102173,8.44E-05,6.11E-05,1.48E-05,-5.61E-05,-0.000132877,-0.00018917,-0.000209612,-0.000198608,-0.000172214,-0.000141578,-0.000103125,-4.42E-05,4.14E-05,0.000141669,0.000230179,0.000281176,0.000284445,0.000247526,0.000184924,0.000105139,7.56E-06,-0.000108338,-0.000230662,-0.000332047,-0.00038047,-0.000356321,-0.000262946,-0.000123123,3.41E-05,0.000184741,0.000311314,0.000396379,0.000418319,0.00035735,0.000209966,6.64E-07,-0.00021979,-0.000391194,-0.000466228,-0.000425614,-0.000279845,-6.14E-05,0.000183825,0.000401394,0.000532705,0.000526281,0.000357539,4.89E-05,-0.000324155,-0.00064937,-0.000814297,-0.000746676,-0.000441754,3.33E-05,0.000556396,0.000981331,0.00117364,0.001047589,0.000598334,-8.05E-05,-0.000806655,-0.001354717,-0.001528727,-0.00123813,-0.000543833,0.000349282,0.001155295,0.001603884,0.0015352,0.000959174,5.91E-05,-0.000862825,-0.001483094,-0.001569933,-0.001074476,-0.000164218,0.000823606,0.001502105,0.00158843,0.001028031,3.14E-05,-0.001001351,-0.001642358,-0.001617076,-0.000925073,0.000153887,0.001173449,0.001707091,0.001529188,0.00071411,-0.000390396,-0.001308364,-0.00164116,-0.001245951,-0.000305668,0.000747915,0.001429982,0.00143022,0.000762588,-0.000239591,-0.001086449,-0.00137365,-0.000982116,-0.000132794,0.000731759,0.001176758,0.000995718,0.00030882,-0.00050898,-0.001028389,-0.00098823,-0.000424583,0.000357042,0.000947719,0.001049773,0.000627179,-8.53E-05,-0.000715536,-0.000955453,-0.000719985,-0.000178463,0.000355133,0.000605863,0.000487991,0.000135757,-0.000197246,-0.000302978,-0.000143633,0.000139044,0.000329405,0.000284455,2.47E-05,-0.000287229,-0.000458717,-0.000392133,-0.000138459,0.000149507,0.000324361,0.000333769,0.000232978,0.000120602,5.35E-05,8.97E-06,-7.89E-05,-0.000239716,-0.000413297,-0.000472012,-0.000311769,5.26E-05,0.000463855,0.000700018,0.000612676,0.000232562,-0.000234792,-0.000530869,-0.000508415,-0.000226723,9.17E-05,0.000219199,8.82E-05,-0.000156882,-0.000265944,-7.95E-05,0.000326677,0.000665641,0.000632218,0.0001398,-0.000573459,-0.001064767,-0.000972839,-0.000281214,0.000632969,0.001219357,0.001110336,0.000372238,-0.000528862,-0.001034684,-0.000868771,-0.000215312,0.000426151,0.000608092,0.000258764
-0.001370982,-0.000750602,-0.000641559,-0.000588813,-0.000500545,-0.000365004,-0.000211584,-7.93E-05,1.32E-05,7.66E-05,0.000135825,0.000204646,0.000272157,0.000311715,0.000303307,0.000249885,0.000174343,0.00010094,3.79E-05,-2.44E-05,-9.84E-05,-0.000182773,-0.000258305,-0.000299828,-0.000294161,-0.000248182,-0.000181005,-0.000107975,-3.09E-05,5.73E-05,0.000158212,0.000258052,0.000330808,0.000353256,0.000318831,0.000239518,0.000135153,2.04E-05,-9.93E-05,-0.000219861,-0.0003279,-0.000398385,-0.000404922,-0.000335486,-0.000201494,-3.31E-05,0.000134751,0.000274926,0.000370518,0.000409424,0.000379903,0.000274757,0.000102635,-0.000103693,-0.000291608,-0.000406417,-0.000412901,-0.000308313,-0.000120878,0.000102051,0.000306989,0.000442767,0.000466439,0.00035245,0.000106537,-0.000222578,-0.000545416,-0.000754261,-0.000760446,-0.000530591,-0.000104717,0.000411374,0.000875325,0.001147392,0.001128407,0.000789725,0.000190236,-0.000525707,-0.001156321,-0.001497429,-0.001412279,-0.000891057,-7.17E-05,0.000794079,0.001421868,0.001594722,0.001243399,0.000476684,-0.000449725,-0.001215856,-0.001545899,-0.001308045,-0.000571728,0.000402792,0.001248181,0.001625129,0.001361197,0.000534354,-0.000541918,-0.001436042,-0.001774944,-0.001404998,-0.000464739,0.000666199,0.001523217,0.001752203,0.001260855,0.000260651,-0.000820056,-0.001517852,-0.001535249,-0.00087414,0.000160239,0.001092962,0.001495773,0.001188511,0.00032775,-0.00066549,-0.001309743,-0.001300177,-0.000659419,0.00027647,0.001031303,0.001232209,0.000796924,-3.11E-05,-0.000815515,-0.001155553,-0.000889749,-0.00017079,0.000623242,0.001090207,0.001010406,0.000451165,-0.000281449,-0.000813354,-0.000901296,-0.000552248,-1.83E-06,0.000431572,0.00053027,0.000292638,-8.39E-05,-0.000336456,-0.000302545,-1.51E-05,0.000328442,0.000498386,0.000379565,3.85E-05,-0.000327353,-0.000518388,-0.000453052,-0.00020227,7.55E-05,0.000245368,0.000273339,0.000221026,0.000172135,0.000154436,0.000120403,5.75E-07,-0.000215078,-0.000437491,-0.00052067,-0.000363381,2.17E-06,0.000405409,0.000630848,0.000554069,0.000227215,-0.000149775,-0.000359107,-0.000310508,-9.92E-05,6.84E-05,3.39E-05,-0.000183722,-0.000387922,-0.00034632,2.00E-05,0.000539666,0.000873168,0.000737038,0.0001221,-0.000655363,-0.001127227,-0.00097355,-0.000249916,0.000623409,0.001120293,0.000950964,0.000254339,-0.000498207,-0.000827655,-0.000575729,-2.65E-06,0.000418374,0.000362193,-9.84E-05
-0.002057594,-0.001140184,-0.000941207,-0.000825165,-0.000677541,-0.000484163,-0.000274287,-8.76E-05,5.46E-05,0.000159031,0.000246078,0.000327002,0.000391419,0.000415567,0.000382968,0.000299419,0.000189961,8.13E-05,-1.47E-05,-0.000102947,-0.00019212,-0.000278991,-0.000344918,-0.000367186,-0.000335465,-0.000259213,-0.000160148,-5.70E-05,4.42E-05,0.00014599,0.000247387,0.000334268,0.000383063,0.00037452,0.000306442,0.000195047,6.44E-05,-6.65E-05,-0.000188263,-0.000295013,-0.000374644,-0.000406954,-0.000372904,-0.000268457,-0.000111885,6.20E-05,0.000216249,0.000324738,0.000375071,0.000363391,0.000289124,0.000156856,-1.57E-05,-0.000192423,-0.000324939,-0.000369682,-0.000307283,-0.000152219,5.24E-05,0.000250309,0.000388262,0.000426288,0.000342965,0.000140598,-0.000147927,-0.000455768,-0.000691257,-0.000763253,-0.000615884,-0.000257136,0.000233911,0.000726208,0.001074982,0.001164679,0.000943357,0.000441308,-0.000228944,-0.000892765,-0.001354347,-0.001454036,-0.001127376,-0.000443005,0.000402538,0.001140281,0.001519411,0.001399779,0.000809147,-5.87E-05,-0.000905942,-0.001431759,-0.001438356,-0.000906456,-1.30E-05,0.000920047,0.001535758,0.001576969,0.000996525,-6.66E-06,-0.001050559,-0.001716467,-0.001722556,-0.001049574,4.07E-05,0.001108058,0.001716244,0.001618403,0.000863673,-0.00022159,-0.001171583,-0.001580903,-0.001281151,-0.000417204,0.000613784,0.001338759,0.001425044,0.00083779,-0.000139108,-0.001034914,-0.001418752,-0.001111418,-0.000275096,0.000667652,0.001247318,0.001184665,0.000529254,-0.000371776,-0.001056864,-0.001187539,-0.000716576,9.83E-05,0.000837146,0.001138397,0.000879794,0.000228251,-0.000462526,-0.000846746,-0.000767009,-0.000324461,0.000194717,0.000490964,0.000421205,7.09E-05,-0.000310514,-0.000467457,-0.000294212,0.000106101,0.000491275,0.000631842,0.000448375,5.05E-05,-0.000340941,-0.000533021,-0.000468113,-0.000236075,6.97E-06,0.000148319,0.000179158,0.000169705,0.000188032,0.000231453,0.000226541,9.77E-05,-0.000150921,-0.000409603,-0.000521337,-0.0003894,-5.65E-05,0.000306792,0.000504928,0.000443661,0.000192124,-6.74E-05,-0.000169949,-8.73E-05,5.30E-05,6.88E-05,-0.000124757,-0.000425781,-0.000595012,-0.000424607,8.77E-05,0.000690533,0.001011563,0.00079929,0.00011378,-0.000675466,-0.001103422,-0.000906378,-0.000203345,0.000570207,0.000943318,0.000719795,0.000103222,-0.000454656,-0.000579095,-0.000239605,0.000236991,0.000422264,0.000125335,-0.000440394
-0.002403852,-0.001339676,-0.001091344,-0.00093813,-0.000756518,-0.000531898,-0.000292721,-7.79E-05,9.02E-05,0.000215059,0.000313573,0.000395065,0.000450238,0.000458598,0.000407136,0.000303808,0.000174558,4.71E-05,-6.47E-05,-0.00016254,-0.000252365,-0.000330397,-0.000379884,-0.000381434,-0.000327891,-0.000230891,-0.000113717,3.00E-06,0.000110475,0.000208847,0.000296017,0.000359555,0.000379874,0.000342651,0.000250086,0.000121653,-1.62E-05,-0.000142448,-0.000246719,-0.000323783,-0.000365303,-0.000357725,-0.000290099,-0.000165687,-7.40E-06,0.000148706,0.000267793,0.000328559,0.000326141,0.000266463,0.000159819,2.03E-05,-0.00012928,-0.000254831,-0.000317312,-0.000288308,-0.000165784,2.03E-05,0.000216635,0.000364996,0.000419665,0.000357756,0.000182027,-7.91E-05,-0.000372093,-0.000621952,-0.00074618,-0.000679657,-0.000403657,3.54E-05,0.000529886,0.000939441,0.001134231,0.001036549,0.000647039,4.93E-05,-0.000606602,-0.001138936,-0.001381449,-0.0012358,-0.000713732,4.92E-05,0.000822313,0.001350055,0.001441814,0.001047767,0.000287514,-0.00058329,-0.001258657,-0.001489992,-0.001177831,-0.000414817,0.000536907,0.001330477,0.001657139,0.001366324,0.000536984,-0.000535223,-0.001440482,-0.00181462,-0.001492902,-0.000589473,0.000538876,0.00143549,0.001735288,0.001321629,0.000378787,-0.000685072,-0.001412406,-0.001494411,-0.000906477,7.90E-05,0.001011363,0.001463237,0.001226631,0.000413213,-0.000592714,-0.001312656,-0.001403194,-0.00082498,0.00013512,0.001004251,0.001358991,0.001036927,0.000215357,-0.000683524,-0.001211124,-0.001119789,-0.000481391,0.000361518,0.000981511,0.001087806,0.000667285,-2.52E-05,-0.000615701,-0.000814582,-0.000564556,-5.57E-05,0.000395123,0.000528895,0.000288781,-0.000156844,-0.000521925,-0.000575164,-0.000275067,0.000211041,0.000611697,0.000712956,0.000477726,5.33E-05,-0.00033026,-0.000500655,-0.000431896,-0.000231349,-4.51E-05,4.50E-05,6.11E-05,8.41E-05,0.000166942,0.00027696,0.000315496,0.000199416,-5.86E-05,-0.000336693,-0.000475118,-0.000384153,-0.000111515,0.000183995,0.000337792,0.000290915,0.000126058,-6.60E-07,1.56E-05,0.000140005,0.000217371,9.43E-05,-0.000242286,-0.000616672,-0.000758804,-0.000490325,0.00012306,0.000770546,0.001068791,0.000807625,0.000105595,-0.000641222,-0.000998818,-0.000772642,-0.000135464,0.000488118,0.00070867,0.000434643,-7.49E-05,-0.000408518,-0.000312939,0.000112467,0.000486131,0.000438377,-8.46E-05,-0.00074129
-0.002389268,-0.001336889,-0.001082776,-0.000921057,-0.000733447,-0.000506796,-0.000267926,-5.34E-05,0.000115023,0.000238978,0.000332536,0.000403821,0.000445091,0.000439285,0.000376523,0.000265951,0.000132922,4.31E-06,-0.000105465,-0.000196595,-0.000273685,-0.000333569,-0.000362374,-0.00034461,-0.000276238,-0.000170297,-5.03E-05,6.30E-05,0.000159849,0.000239667,0.000301047,0.000334689,0.000326044,0.000266064,0.000160793,3.15E-05,-9.51E-05,-0.000198576,-0.000269827,-0.000306608,-0.000305977,-0.000261881,-0.000171233,-4.31E-05,9.76E-05,0.000216958,0.000285694,0.000290233,0.000234858,0.000135347,1.13E-05,-0.000116859,-0.000225324,-0.000286312,-0.000273862,-0.000176534,-8.90E-06,0.000186975,0.000353317,0.000436171,0.000402972,0.000251024,6.73E-06,-0.000280013,-0.000542891,-0.000708684,-0.000713061,-0.00052244,-0.000154953,0.000311547,0.000753521,0.001036713,0.001060048,0.000791573,0.000283382,-0.000338475,-0.000905132,-0.001248896,-0.001251025,-0.000882952,-0.000228045,0.000528564,0.001147847,0.00141362,0.001213268,0.000590035,-0.000258879,-0.001043221,-0.001480226,-0.001398057,-0.000803894,0.000109498,0.001023427,0.001601746,0.001613449,0.001026367,3.42E-05,-0.001001877,-0.001683978,-0.001735323,-0.001120919,-7.51E-05,0.000984882,0.001627929,0.001592473,0.000901411,-0.000143705,-0.001090348,-0.001530228,-0.001277919,-0.000453538,0.000568122,0.001322658,0.0014646,0.000926843,-4.36E-05,-0.000995213,-0.001481054,-0.001272081,-0.000470572,0.000535832,0.001261678,0.00136266,0.000805592,-0.000118268,-0.000944176,-0.00127122,-0.000962313,-0.000204085,0.000601276,0.001051211,0.000948976,0.000393547,-0.000289477,-0.000732739,-0.000724835,-0.000314682,0.000230151,0.000582741,0.000542625,0.000143977,-0.00037177,-0.000699961,-0.000648283,-0.000242655,0.000295475,0.000682594,0.000734893,0.000461993,4.16E-05,-0.000300969,-0.000427008,-0.000348218,-0.000187572,-7.46E-05,-5.37E-05,-6.81E-05,-2.49E-05,0.000114505,0.000289771,0.000379416,0.000292801,4.69E-05,-0.000232477,-0.000390489,-0.0003476,-0.000152912,5.46E-05,0.000149575,0.000111399,3.41E-05,4.29E-05,0.000180731,0.000352147,0.000379521,0.000139827,-0.000314096,-0.000746145,-0.000868221,-0.000534748,0.000131823,0.000783226,0.001046204,0.000759634,8.93E-05,-0.000566811,-0.000829554,-0.000583172,-4.48E-05,0.000393107,0.000441641,0.000119248,-0.000268936,-0.000367133,-5.14E-05,0.000454007,0.000725953,0.000462619,-0.000257944,-0.000984565
-0.002006997,-0.001127356,-0.000912264,-0.000772019,-0.000607854,-0.000409854,-0.000202232,-1.74E-05,0.000125187,0.000226686,0.000299334,0.000350654,0.000374816,0.000358187,0.000293458,0.000189778,7.02E-05,-4.11E-05,-0.0001311,-0.000200011,-0.000252443,-0.000286928,-0.000293249,-0.000260096,-0.000186163,-8.48E-05,2.19E-05,0.000114841,0.0001854,0.000233865,0.000261033,0.000261845,0.000227365,0.000153632,4.95E-05,-6.39E-05,-0.000161957,-0.000227218,-0.000254133,-0.0002451,-0.000203486,-0.00013074,-3.06E-05,8.43E-05,0.00018991,0.000257836,0.000267187,0.000214019,0.00011213,-1.41E-05,-0.000138605,-0.000238123,-0.000292166,-0.00028283,-0.000199391,-4.73E-05,0.000144866,0.00032799,0.000445938,0.000455039,0.000339809,0.000118356,-0.000162645,-0.000438819,-0.000640501,-0.000705651,-0.000595095,-0.000308817,0.000102546,0.000540218,0.000879291,0.001006381,0.000859827,0.000456209,-0.000107818,-0.000679381,-0.001091247,-0.001209594,-0.00097589,-0.000432395,0.000278024,0.000943311,0.001342697,0.001321603,0.000855188,7.29E-05,-0.000773029,-0.001388756,-0.001544159,-0.001161112,-0.000351074,0.000615029,0.001396535,0.001703065,0.001403764,0.000585489,-0.000465757,-0.001361217,-0.001754275,-0.001480917,-0.000636825,0.000448142,0.001336699,0.001664186,0.001296217,0.000392154,-0.0006579,-0.001399276,-0.001510498,-0.000946104,4.07E-05,0.001007233,0.001517335,0.001337705,0.000546928,-0.000495485,-0.00131047,-0.001520855,-0.001030503,-7.37E-05,0.00089395,0.001414715,0.001251567,0.000503426,-0.000447641,-0.001131515,-0.00122756,-0.00072157,9.81E-05,0.000800256,0.001039125,0.000729248,7.66E-05,-0.000545424,-0.00080376,-0.000582485,-3.54E-05,0.000510078,0.00073995,0.00052702,-4.74E-06,-0.000556699,-0.000826433,-0.000674417,-0.000193268,0.000355755,0.000696718,0.000690368,0.000395474,1.09E-05,-0.000257519,-0.000316684,-0.000220534,-0.000104862,-7.67E-05,-0.000138242,-0.000196609,-0.000146891,3.64E-05,0.000268924,0.000410793,0.000365654,0.000151544,-0.000109295,-0.000274769,-0.000279457,-0.000171966,-6.57E-05,-4.17E-05,-8.04E-05,-7.83E-05,5.76E-05,0.000310414,0.00053075,0.000524713,0.000199444,-0.000336676,-0.000804099,-0.000911426,-0.000548351,0.000119543,0.000730534,0.000943028,0.000651723,5.75E-05,-0.000463373,-0.000608121,-0.000346657,6.94E-05,0.000297797,0.000163456,-0.000205121,-0.000467681,-0.000335117,0.000186492,0.000760068,0.00093691,0.000488894,-0.000386284,-0.001153359
-0.001287493,-0.000727457,-0.000592887,-0.000502467,-0.000389861,-0.000249814,-0.000102823,2.46E-05,0.000117254,0.000176947,0.000215007,0.000238865,0.000244803,0.000222425,0.000166262,8.41E-05,-4.99E-06,-8.16E-05,-0.000135981,-0.000169716,-0.000188613,-0.000193721,-0.000178908,-0.000136967,-6.86E-05,1.39E-05,9.17E-05,0.000149359,0.000181069,0.000189536,0.000178788,0.000148569,9.55E-05,1.99E-05,-6.82E-05,-0.000149859,-0.000205029,-0.000221576,-0.000199123,-0.000145547,-7.04E-05,1.83E-05,0.000112119,0.000197399,0.000254265,0.000262621,0.000211971,0.000108471,-2.58E-05,-0.000160631,-0.000267294,-0.000324115,-0.000317521,-0.000241882,-0.000101926,8.23E-05,0.000273237,0.000420915,0.000477479,0.000414469,0.000235185,-2.39E-05,-0.000302393,-0.000530875,-0.000646591,-0.0006071,-0.000402352,-6.36E-05,0.000334942,0.000687562,0.000883716,0.000843931,0.000552034,6.95E-05,-0.000475766,-0.000924321,-0.001132101,-0.001015573,-0.000582047,6.34E-05,0.000739016,0.001233287,0.001369967,0.001072097,0.000402089,-0.000442777,-0.001186088,-0.001564785,-0.001426489,-0.000793514,0.000133744,0.001039402,0.001600806,0.001605762,0.001036011,8.43E-05,-0.000905987,-0.00156274,-0.001627484,-0.001063857,-8.46E-05,0.000922178,0.001545893,0.001525076,0.000864485,-0.000158352,-0.001105804,-0.001567405,-0.001340194,-0.000521847,0.000528126,0.00134428,0.001561626,0.001080758,0.000116368,-0.000896019,-0.001496474,-0.001412736,-0.000689077,0.000331637,0.001169077,0.001435118,0.001021245,0.000149257,-0.000742229,-0.001219606,-0.00107142,-0.000408806,0.00040194,0.000937264,0.000938605,0.000440896,-0.000258162,-0.000767552,-0.00081623,-0.000394661,0.00024941,0.000754122,0.000843579,0.000474643,-0.00014792,-0.000691458,-0.000879992,-0.000639013,-0.000122212,0.000388752,0.000647738,0.000573735,0.000274294,-4.25E-05,-0.000205261,-0.000177198,-5.64E-05,1.29E-05,-4.84E-05,-0.000198456,-0.000309696,-0.00026735,-5.79E-05,0.000215714,0.00040219,0.000403713,0.000237777,1.65E-05,-0.000138815,-0.00018147,-0.000159715,-0.000158727,-0.000213438,-0.000264791,-0.000201267,3.97E-05,0.000388842,0.000654199,0.000633763,0.000262805,-0.000309421,-0.000781563,-0.00087605,-0.000519784,9.45E-05,0.000617606,0.000761509,0.000482279,2.95E-06,-0.000344454,-0.000351321,-7.64E-05,0.000205089,0.000215514,-0.000100396,-0.000511044,-0.000654447,-0.000315119,0.000379323,0.001000259,0.00109333,0.000506838,-0.000462399,-0.001228932
-0.000381906,-0.000221749,-0.000190975,-0.000166863,-0.000122476,-5.78E-05,1.12E-05,6.54E-05,9.45E-05,0.000102124,9.91E-05,9.28E-05,8.18E-05,5.85E-05,1.88E-05,-3.19E-05,-8.00E-05,-0.000111879,-0.00012222,-0.000114948,-9.75E-05,-7.38E-05,-4.17E-05,2.26E-06,5.62E-05,0.000109951,0.000149394,0.000163941,0.00015178,0.000118663,7.21E-05,1.65E-05,-4.66E-05,-0.000113624,-0.000174903,-0.000215487,-0.000221483,-0.000187257,-0.000118183,-2.74E-05,7.03E-05,0.000162227,0.000237164,0.000282854,0.000285695,0.000235437,0.000132379,-8.19E-06,-0.00015818,-0.000284927,-0.000360612,-0.000368375,-0.000303688,-0.000173587,3.42E-06,0.000196484,0.000363973,0.000460948,0.000452431,0.000327529,0.000107379,-0.000157661,-0.00040071,-0.000555881,-0.000574977,-0.000439777,-0.000169237,0.000179646,0.000519222,0.000749419,0.000785674,0.000589527,0.000190105,-0.000314533,-0.000780351,-0.001058999,-0.001045015,-0.000713082,-0.000133489,0.000539823,0.001107651,0.001382388,0.001249501,0.000714701,-8.23E-05,-0.000899507,-0.001465557,-0.001573914,-0.001163146,-0.000350974,0.000595885,0.001349708,0.001638097,0.001346605,0.000568651,-0.00041907,-0.001251312,-0.001608766,-0.001343914,-0.000548268,0.000471421,0.001306596,0.001610732,0.001247381,0.000357329,-0.000690838,-0.001451909,-0.00159547,-0.001053325,-5.57E-05,0.000964783,0.001560797,0.001469478,0.000732083,-0.000320987,-0.00121657,-0.00155276,-0.001183821,-0.000289002,0.000709924,0.001347507,0.001336291,0.00070418,-0.000222294,-0.000982571,-0.001213293,-0.000828714,-5.74E-05,0.000683545,0.001009768,0.000769635,0.000116886,-0.000579919,-0.00094008,-0.00077447,-0.000181274,0.000514918,0.000943417,0.000886328,0.000388302,-0.000278982,-0.000772296,-0.000862446,-0.000546929,-3.17E-05,0.000399826,0.000549349,0.000402766,0.000113111,-0.000113317,-0.00015104,-2.49E-05,0.000124528,0.000149375,1.78E-06,-0.000233255,-0.000398154,-0.000372162,-0.000153265,0.000142322,0.000359588,0.000404655,0.000294983,0.000128507,4.92E-07,-6.54E-05,-0.000118535,-0.000216826,-0.000350817,-0.000424926,-0.000320853,-2.72E-06,0.000417938,0.000719025,0.000698609,0.000317522,-0.000248312,-0.000695375,-0.000774559,-0.000451128,6.84E-05,0.000467715,0.000528072,0.000269603,-7.27E-05,-0.000226162,-8.54E-05,0.000203756,0.000351622,0.000152622,-0.000331264,-0.000777472,-0.000814989,-0.00030366,0.000521788,0.001165312,0.001185698,0.000507301,-0.000496155,-0.001221435
0.000589199,0.000322277,0.000240588,0.000191449,0.000160158,0.000141567,0.000124981,9.91E-05,5.97E-05,1.23E-05,-3.28E-05,-6.80E-05,-9.30E-05,-0.000112608,-0.000130251,-0.00014351,-0.00014495,-0.000127873,-9.18E-05,-4.33E-05,8.42E-06,5.70E-05,0.000100709,0.00013997,0.000172414,0.000191141,0.000187574,0.000156919,0.00010174,3.09E-05,-4.49E-05,-0.000117422,-0.000181097,-0.000230473,-0.000257564,-0.000252785,-0.00020947,-0.000128898,-2.19E-05,9.43E-05,0.000201227,0.000283572,0.00032967,0.000330659,0.00028061,0.000179591,3.79E-05,-0.000122029,-0.000269328,-0.000372415,-0.00040786,-0.000366062,-0.000252413,-8.55E-05,0.000105378,0.000283271,0.000408004,0.000444572,0.000374185,0.000203961,-3.00E-05,-0.000269531,-0.000448986,-0.000513845,-0.000436198,-0.000223837,7.84E-05,0.000395775,0.000638175,0.000722692,0.000599333,0.000273336,-0.000185719,-0.000655141,-0.000990956,-0.001072047,-0.000842392,-0.000336482,0.000321645,0.000947524,0.001347239,0.001377045,0.000994846,0.000285889,-0.000550143,-0.00125308,-0.001585064,-0.001415945,-0.000779501,0.000125125,0.000993313,0.001519075,0.00150718,0.000951089,4.49E-05,-0.00087989,-0.001472735,-0.001497842,-0.00093127,1.85E-05,0.000981576,0.001567758,0.001526007,0.000855721,-0.00018097,-0.001158982,-0.00166575,-0.001479752,-0.000672454,0.000414929,0.001315251,0.001638838,0.001247342,0.000318282,-0.000731568,-0.001432482,-0.001474803,-0.000851229,0.000139582,0.001032392,0.001415119,0.001124506,0.00032283,-0.000584413,-0.001150967,-0.001112468,-0.000516404,0.000307643,0.000922601,0.001012372,0.000544491,-0.000218565,-0.000863533,-0.001047792,-0.000678672,4.39E-05,0.000741336,0.001060933,0.000859669,0.000268366,-0.000392738,-0.000794579,-0.000772929,-0.000400412,7.66E-05,0.000391877,0.000410517,0.00019021,-7.66E-05,-0.000196586,-9.89E-05,0.000128318,0.000306597,0.000290812,6.65E-05,-0.000242065,-0.000454485,-0.000449776,-0.000237665,5.81E-05,0.000287208,0.000366299,0.000314862,0.000214492,0.000130323,5.97E-05,-5.06E-05,-0.000234257,-0.000442059,-0.000546843,-0.000425173,-6.27E-05,0.00039867,0.000721044,0.00071131,0.000353155,-0.000165081,-0.000556701,-0.000614584,-0.000343041,4.96E-05,0.000297001,0.000261369,2.73E-05,-0.000167352,-0.000119245,0.000170428,0.000474877,0.000499155,0.000112473,-0.000514925,-0.000986551,-0.000935879,-0.00029652,0.000609102,0.001245319,0.001203461,0.000481664,-0.000493906,-0.00113526
0.00146776,0.0008161,0.000632481,0.000515742,0.00041342,0.00031614,0.000218869,0.000118519,1.68E-05,-7.92E-05,-0.000159871,-0.000218009,-0.000251776,-0.000263565,-0.000256458,-0.000231373,-0.000187362,-0.00012465,-4.76E-05,3.50E-05,0.000112973,0.000177943,0.000225418,0.000253375,0.000259862,0.000241895,0.000197031,0.000126408,3.67E-05,-6.10E-05,-0.00015394,-0.000231296,-0.000285129,-0.000309511,-0.000299459,-0.000251623,-0.000166806,-5.26E-05,7.61E-05,0.000199937,0.000299698,0.000359861,0.000370615,0.000328071,0.000234463,9.93E-05,-5.92E-05,-0.000215265,-0.0003391,-0.000404391,-0.000395261,-0.000310841,-0.000165751,1.28E-05,0.000189631,0.000327532,0.000393575,0.000366974,0.000246668,5.58E-05,-0.000159976,-0.000342428,-0.000435922,-0.000404228,-0.000243043,1.56E-05,0.000308021,0.000552552,0.000669175,0.000602366,0.000341575,-6.71E-05,-0.000524401,-0.000899665,-0.001067092,-0.000946995,-0.0005381,7.17E-05,0.000722015,0.001222359,0.001408432,0.001196895,0.000620675,-0.000169024,-0.000939313,-0.00144433,-0.001507067,-0.001086799,-0.000305545,0.000581912,0.001269713,0.001508711,0.001201711,0.000448488,-0.000480701,-0.001238282,-0.00152811,-0.001222518,-0.000421053,0.000576565,0.001379157,0.00165684,0.001278842,0.000377483,-0.000693989,-0.001499658,-0.001701916,-0.001209155,-0.000222922,0.000841094,0.001529395,0.001548682,0.000897778,-0.000128699,-0.001069994,-0.001506392,-0.001250312,-0.000432678,0.000558073,0.001258096,0.001347608,0.00080252,-9.58E-05,-0.000900314,-0.001219387,-0.000911472,-0.000153319,0.000653097,0.001088612,0.00093274,0.000275342,-0.000534333,-0.001073217,-0.00106602,-0.000525018,0.000264311,0.000900815,0.001080415,0.000748655,0.000113662,-0.000481247,-0.00074916,-0.000607136,-0.000200848,0.000199779,0.000366437,0.000240624,-4.83E-05,-0.000279149,-0.000284039,-5.28E-05,0.000267059,0.000468662,0.000418029,0.000135091,-0.000224148,-0.000467981,-0.000483919,-0.000294578,-2.47E-05,0.000189946,0.000285152,0.000286274,0.000258269,0.000233886,0.000181585,4.07E-05,-0.000203648,-0.000471081,-0.000610885,-0.000497266,-0.000130954,0.000331125,0.000652398,0.000659126,0.00035514,-7.39E-05,-0.000377494,-0.000403524,-0.000195395,4.80E-05,0.000124319,-1.60E-05,-0.000226937,-0.00027649,-3.60E-05,0.000391531,0.000710829,0.000632305,9.78E-05,-0.000631926,-0.001111689,-0.000995803,-0.000286478,0.000633208,0.001222777,0.001128212,0.000416899,-0.000461653,-0.000971145
0.002127571,0.001188409,0.000929028,0.000761079,0.000602996,0.000442614,0.000280614,0.000121696,-2.73E-05,-0.00015808,-0.00026275,-0.000335125,-0.000372195,-0.000374189,-0.000343757,-0.000284997,-0.000203072,-0.000104552,2.18E-06,0.000107143,0.000200027,0.000271768,0.000315837,0.000328586,0.000308934,0.000258013,0.000179356,7.95E-05,-3.19E-05,-0.000142553,-0.000239366,-0.000310518,-0.000347051,-0.000343695,-0.000299136,-0.000216323,-0.000102894,2.85E-05,0.000161129,0.000275934,0.000355149,0.000385399,0.000360205,0.00028118,0.000158084,8.08E-06,-0.000145831,-0.00027765,-0.000362651,-0.000382713,-0.00033124,-0.000216044,-5.90E-05,0.000107857,0.000248282,0.00032968,0.000330399,0.000245855,9.20E-05,-9.57E-05,-0.000267893,-0.000373312,-0.000372437,-0.000251013,-2.81E-05,0.000244774,0.00049332,0.000639092,0.000621253,0.000417097,5.49E-05,-0.000385507,-0.000788264,-0.001029961,-0.001016509,-0.000716901,-0.000182503,0.000457376,0.001025684,0.001347465,0.001305532,0.000884106,0.000184709,-0.00059473,-0.001215043,-0.001471105,-0.001263879,-0.000643464,0.000195707,0.000971841,0.001409953,0.001342102,0.000776596,-9.34E-05,-0.000951001,-0.001468215,-0.001431677,-0.000831985,0.000120791,0.001067525,0.001634626,0.001583019,0.000911838,-0.000129585,-0.001132611,-0.001691872,-0.001574748,-0.000825439,0.000245543,0.001187549,0.001601941,0.001316995,0.000466952,-0.000564321,-0.001313573,-0.001447628,-0.000916208,2.42E-05,0.000929497,0.00137689,0.001165201,0.000410579,-0.000510632,-0.001146407,-0.00119142,-0.000637574,0.000223769,0.00095019,0.00117308,0.000784289,-1.14E-05,-0.000804966,-0.001196233,-0.000998443,-0.000328251,0.000464636,0.000987172,0.001007798,0.000566626,-6.45E-05,-0.000543954,-0.000648983,-0.000386793,3.10E-05,0.000327938,0.000329322,5.91E-05,-0.000287429,-0.00047249,-0.000363803,-1.29E-05,0.000381031,0.000595237,0.000515031,0.000194179,-0.000188614,-0.000442652,-0.00047292,-0.000316578,-9.42E-05,8.17E-05,0.000173191,0.00021566,0.000258896,0.000303445,0.000288239,0.00014279,-0.000135442,-0.000443814,-0.000617019,-0.000530378,-0.000194268,0.000232405,0.000529423,0.000551367,0.000320489,8.72E-06,-0.000183212,-0.000166408,-2.25E-05,6.63E-05,-3.17E-05,-0.000277568,-0.000469784,-0.000388602,2.09E-05,0.000565003,0.0008956,0.000737968,0.000100887,-0.000685721,-0.001153369,-0.000992047,-0.000265869,0.000607488,0.001113832,0.0009719,0.000313047,-0.000414585,-0.000754879
0.002484482,0.001391513,0.001093041,0.00089759,0.000706299,0.000505962,0.000302705,0.000108132,-6.68E-05,-0.000213948,-0.000327936,-0.000404344,-0.000439448,-0.000431399,-0.000382149,-0.000298397,-0.000190562,-7.05E-05,5.08E-05,0.000163344,0.000258212,0.000326723,0.000361297,0.000357268,0.000314629,0.00023841,0.000137464,2.26E-05,-9.48E-05,-0.000203167,-0.00029062,-0.000345967,-0.000360496,-0.000330363,-0.000258065,-0.000152295,-2.63E-05,0.000104341,0.000222963,0.000313524,0.000362006,0.000358828,0.000301651,0.000197297,6.16E-05,-8.31E-05,-0.000212214,-0.000303031,-0.000338843,-0.000311814,-0.000225169,-9.42E-05,5.50E-05,0.000189426,0.000276449,0.000292086,0.000228351,9.70E-05,-7.15E-05,-0.000233918,-0.000343479,-0.000361592,-0.000269003,-7.43E-05,0.000183022,0.000438497,0.000616301,0.000650111,0.000504603,0.000191345,-0.000227122,-0.000647892,-0.000952027,-0.001037238,-0.000850581,-0.000411429,0.000183855,0.000780432,0.001204717,0.001316239,0.001056364,0.00047661,-0.000265961,-0.000949505,-0.001354593,-0.001337792,-0.000886614,-0.000134453,0.000673937,0.001259632,0.001406118,0.001042012,0.000278031,-0.000620677,-0.001322899,-0.001552481,-0.001198063,-0.000367079,0.00064245,0.001447799,0.001728459,0.001357236,0.00046085,-0.000619928,-0.001460272,-0.001722561,-0.00129906,-0.000363825,0.000693315,0.001427847,0.001531137,0.000967172,-7.32E-06,-0.00095343,-0.001445564,-0.001265231,-0.000503059,0.00048108,0.001225037,0.001381838,0.000885151,-1.85E-05,-0.000888469,-0.001304067,-0.001070219,-0.000312691,0.000585528,0.001176,0.00116909,0.000577269,-0.000295272,-0.001011104,-0.00122331,-0.00084859,-0.000100246,0.000633234,0.000996467,0.000849221,0.000325799,-0.000255863,-0.000579542,-0.000504317,-0.000130077,0.000277168,0.000451272,0.000283513,-0.000119375,-0.000506829,-0.000638266,-0.000425237,2.14E-05,0.000463014,0.000674638,0.000569351,0.000233022,-0.000143221,-0.000382605,-0.000416673,-0.00029898,-0.000141363,-2.62E-05,4.11E-05,0.00011006,0.000217662,0.000334248,0.000370443,0.000244429,-3.98E-05,-0.000366998,-0.000566842,-0.000520036,-0.000242392,0.00011661,0.000366105,0.000396818,0.000248438,7.12E-05,6.84E-06,7.68E-05,0.000162991,0.000104573,-0.000158321,-0.00050327,-0.000682284,-0.000492896,5.14E-05,0.000682004,0.001016654,0.000804727,0.000113754,-0.000680471,-0.00111273,-0.000922533,-0.000228298,0.000543006,0.000931882,0.000744927,0.00017146,-0.000363358,-0.000506127
0.002455862,0.001378509,0.001087967,0.000896001,0.000701329,0.000491724,0.000278181,7.78E-05,-9.58E-05,-0.000236243,-0.00034181,-0.000410718,-0.000438961,-0.000422557,-0.000362235,-0.000266306,-0.000149073,-2.60E-05,9.09E-05,0.000193569,0.000275985,0.000331201,0.000351536,0.000331758,0.000272835,0.000183024,7.53E-05,-3.69E-05,-0.000142259,-0.000231924,-0.000297183,-0.000329,-0.000319968,-0.000268031,-0.000179076,-6.63E-05,5.34E-05,0.000163641,0.000250835,0.000304214,0.000315525,0.000280116,0.000199819,8.55E-05,-4.33E-05,-0.000162143,-0.000248218,-0.000285474,-0.000267503,-0.0001977,-8.84E-05,4.03E-05,0.000161517,0.000246115,0.00026904,0.000217795,9.87E-05,-6.19E-05,-0.000223442,-0.000340691,-0.000375473,-0.000306651,-0.000136999,0.000103982,0.000362519,0.000569769,0.000657851,0.000580266,0.000330474,-4.85E-05,-0.000468857,-0.000818119,-0.000989247,-0.000912944,-0.000582454,-6.32E-05,0.000516907,0.00099753,0.001229468,0.001122425,0.000681319,1.66E-05,-0.000679218,-0.001187241,-0.001332785,-0.001049148,-0.00040966,0.000386311,0.001072749,0.001405026,0.001247947,0.000632271,-0.000243571,-0.001073137,-0.001547246,-0.001469926,-0.000841332,0.000128377,0.001086654,0.00166785,0.001636903,0.000989503,-3.55E-05,-0.00104266,-0.001634572,-0.001574656,-0.000889128,0.000137275,0.00107513,0.00152977,0.001311735,0.00052287,-0.00048333,-0.001255004,-0.001443961,-0.000965915,-4.31E-05,0.000894951,0.001409947,0.001261735,0.000524075,-0.000448644,-0.001190505,-0.001349007,-0.000855936,4.03E-05,0.00089826,0.001301907,0.001065295,0.000320616,-0.000553995,-0.00112928,-0.001141244,-0.000618137,0.000146259,0.000755708,0.000922018,0.000609771,3.97E-05,-0.000447033,-0.000583957,-0.000324519,0.000143204,0.00051592,0.000556342,0.000230013,-0.000279714,-0.000683394,-0.000754364,-0.000454772,5.22E-05,0.000504671,0.000692836,0.000566127,0.000239291,-9.63E-05,-0.000291793,-0.000314651,-0.000236616,-0.000156853,-0.000121678,-9.90E-05,-2.21E-05,0.000136549,0.000321089,0.000417379,0.000332457,7.14E-05,-0.000248177,-0.000461683,-0.000460782,-0.00026386,-1.11E-06,0.000177298,0.000205021,0.000138766,0.000101765,0.000172313,0.000303934,0.000346052,0.00016137,-0.000242273,-0.00067055,-0.000841775,-0.0005755,5.62E-05,0.000731691,0.001057648,0.000817521,0.000126932,-0.000619466,-0.000988369,-0.000782651,-0.000166197,0.000450455,0.000689331,0.000457259,-5.93E-06,-0.000317682,-0.000244467
0.002044457,0.00115029,0.000914656,0.000757641,0.000590171,0.000402846,0.000210727,3.49E-05,-0.000110261,-0.000221441,-0.000301831,-0.000353054,-0.000371138,-0.000349802,-0.000287848,-0.000193995,-8.48E-05,2.24E-05,0.000116445,0.000193009,0.000250429,0.00028466,0.000288646,0.000256772,0.000190563,0.000100491,2.17E-06,-9.00E-05,-0.000167095,-0.000224468,-0.000258245,-0.000262752,-0.000232455,-0.000166926,-7.45