3.26E-15,1.98E-15,5.68E-16,-5.45E-16,-8.02E-16,-2.56E-16,4.58E-16,6.73E-16,2.32E-16,-4.41E-16,-7.51E-16,-4.51E-16,1.73E-16,5.92E-16,4.97E-16,3.26E-17,-3.69E-16,-3.86E-16,-6.49E-17,2.71E-16,3.33E-16,1.08E-16,-1.70E-16,-2.65E-16,-1.45E-16,3.27E-17,1.03E-16,4.99E-17,-7.21E-18,2.68E-17,1.11E-16,1.15E-16,-2.02E-17,-1.95E-16,-2.32E-16,-5.75E-17,1.96E-16,2.94E-16,1.25E-16,-1.80E-16,-3.44E-16,-2.01E-16,1.44E-16,3.87E-16,3.00E-16,-5.32E-17,-3.68E-16,-3.64E-16,-4.45E-17,3.02E-16,3.65E-16,8.96E-17,-2.65E-16,-3.65E-16,-1.14E-16,2.60E-16,4.05E-16,1.74E-16,-2.35E-16,-4.51E-16,-2.67E-16,1.63E-16,4.61E-16,3.55E-16,-6.82E-17,-4.36E-16,-4.20E-16,-2.90E-17,3.96E-16,4.82E-16,1.48E-16,-3.21E-16,-5.23E-16,-2.89E-16,1.77E-16,4.83E-16,3.82E-16,-2.02E-17,-3.74E-16,-3.88E-16,-7.69E-17,2.75E-16,3.68E-16,1.40E-16,-1.94E-16,-3.47E-16,-2.02E-16,9.62E-17,2.88E-16,2.24E-16,-1.85E-17,-2.17E-16,-2.07E-16,-1.34E-17,1.82E-16,2.10E-16,5.23E-17,-1.49E-16,-2.25E-16,-1.16E-16
0.011841976,0.00768398,0.00098272,-0.005072905,-0.007293102,-0.004895344,2.13E-06,0.004047309,0.004983268,0.002944609,-5.38E-05,-0.001832219,-0.001575326,-0.000112073,0.001046868,0.000987471,-2.98E-05,-0.001010363,-0.001162247,-0.000502615,0.0002966,0.000573504,0.000223811,-0.000304783,-0.000482873,-0.000168689,0.000322977,0.00055612,0.000369813,-1.63E-05,-0.000242703,-0.000143688,0.000130546,0.000286654,0.000169108,-0.000112795,-0.000309098,-0.000267376,-5.96E-05,0.000105745,8.58E-05,-7.31E-05,-0.000196209,-0.000153008,2.53E-05,0.000185597,0.000201631,8.57E-05,-3.49E-05,-4.51E-05,5.24E-05,0.000148777,0.00013823,1.74E-05,-0.000116519,-0.000160558,-9.93E-05,-1.14E-05,1.16E-05,-4.80E-05,-0.00012167,-0.000124556,-3.69E-05,7.90E-05,0.000139104,0.000113849,5.00E-05,1.99E-05,5.11E-05,0.000102161,0.000106049,3.61E-05,-6.80E-05,-0.000137233,-0.000134976,-8.60E-05,-4.71E-05,-5.07E-05,-7.55E-05,-7.11E-05,-9.87E-06,8.33E-05,0.00015192,0.000156964,0.000109002,5.35E-05,2.65E-05,2.34E-05,9.56E-06,-4.00E-05,-0.000111167,-0.000160098,-0.00015138,-8.93E-05,-1.32E-05,3.73E-05,5.38E-05,5.84E-05,7.55E-05,0.000102999
0.023790263,0.015421807,0.002048833,-0.010030821,-0.014472262,-0.009719658,7.64E-06,0.008036769,0.009879731,0.005812051,-0.000150506,-0.003671346,-0.003137015,-0.000208622,0.002101174,0.001975915,-5.75E-05,-0.002011903,-0.002309835,-0.000990346,0.000602873,0.001149975,0.000446343,-0.000611588,-0.000966907,-0.000338626,0.000642752,0.001106423,0.000732469,-3.89E-05,-0.000489418,-0.000289155,0.000260506,0.000573087,0.000338455,-0.000224171,-0.000615131,-0.000530428,-0.000114606,0.000215257,0.000174292,-0.000144418,-0.000391281,-0.000305498,5.00E-05,0.000369387,0.000400255,0.000167778,-7.34E-05,-9.33E-05,0.000102446,0.000295795,0.000275409,3.48E-05,-0.000231848,-0.0003187,-0.000195355,-1.92E-05,2.66E-05,-9.31E-05,-0.00024113,-0.000247742,-7.35E-05,0.000157028,0.000275818,0.000224304,9.61E-05,3.61E-05,9.90E-05,0.000201902,0.000210787,7.23E-05,-0.000134473,-0.000271504,-0.000265962,-0.00016762,-9.02E-05,-9.82E-05,-0.000149056,-0.000141706,-2.09E-05,0.000163968,0.000299835,0.000309236,0.000213396,0.000103253,5.07E-05,4.62E-05,2.04E-05,-7.70E-05,-0.000218239,-0.000315567,-0.00029837,-0.00017529,-2.47E-05,7.44E-05,0.000105561,0.000113558,0.000146946,0.000202075
0.035863396,0.023222869,0.003212889,-0.014853686,-0.021517595,-0.014460537,1.71E-05,0.011958278,0.014674238,0.008588859,-0.000297601,-0.005518585,-0.004682687,-0.000286937,0.003164214,0.002965501,-8.26E-05,-0.003003079,-0.003440207,-0.001460596,0.000920506,0.00172993,0.000667372,-0.00092077,-0.001452303,-0.00051003,0.000958767,0.001649894,0.001086717,-6.89E-05,-0.000740845,-0.00043671,0.000389777,0.000859259,0.000508084,-0.000333879,-0.000917565,-0.0007884,-0.000164306,0.000329194,0.000265842,-0.000213741,-0.000585017,-0.00045738,7.42E-05,0.000551057,0.000595347,0.000245598,-0.000115991,-0.000144921,0.000149711,0.000440748,0.000411353,5.21E-05,-0.000345779,-0.000474003,-0.000287569,-2.28E-05,4.55E-05,-0.000134835,-0.000357995,-0.00036932,-0.00010988,0.000233751,0.000409724,0.000330773,0.000137693,4.78E-05,0.000143023,0.0002988,0.000313987,0.000108542,-0.000199117,-0.000402295,-0.000392263,-0.000244062,-0.000128313,-0.000141748,-0.00022019,-0.000211714,-3.32E-05,0.000241381,0.000443048,0.000455998,0.000312379,0.000148608,7.22E-05,6.85E-05,3.29E-05,-0.000110605,-0.000320499,-0.000465599,-0.000440202,-0.000257293,-3.42E-05,0.00011135,0.000155028,0.000164778,0.000213736,0.000296542
0.048322536,0.031216918,0.004691462,-0.019233329,-0.02811987,-0.018923914,4.05E-05,0.015654819,0.019131323,0.011066888,-0.000608894,-0.007389592,-0.006173071,-0.000304286,0.004255234,0.003957256,-0.000100843,-0.003960595,-0.004513736,-0.001873132,0.00127528,0.002320733,0.000882875,-0.00123794,-0.0019419,-0.000685782,0.001262767,0.002171009,0.00141331,-0.000123291,-0.001007534,-0.000590835,0.000516967,0.001144553,0.000678461,-0.000438297,-0.001208282,-0.001029725,-0.000196544,0.000457533,0.000367356,-0.000276567,-0.000774411,-0.000607205,9.67E-05,0.000725847,0.000778895,0.000309499,-0.000172146,-0.000208016,0.000187988,0.000578987,0.00054323,6.91E-05,-0.000455188,-0.00062005,-0.000367273,-1.28E-05,7.72E-05,-0.000165681,-0.000466411,-0.000485629,-0.000145166,0.000306421,0.000534487,0.000424237,0.000164472,4.51E-05,0.000174593,0.000386436,0.000412143,0.000144907,-0.000257869,-0.000521754,-0.000503279,-0.000303641,-0.000150632,-0.000172733,-0.000283551,-0.00027977,-4.99E-05,0.000308365,0.000570928,0.00058477,0.000393687,0.000179597,8.49E-05,8.89E-05,5.04E-05,-0.00013299,-0.000407071,-0.00059788,-0.000565183,-0.000326355,-3.70E-05,0.000147578,0.000196895,0.000203251,0.000265209,0.000375955
0.061015438,0.03932504,0.006373246,-0.023316603,-0.034421925,-0.023197919,7.40E-05,0.019198902,0.023359884,0.013343781,-0.00102877,-0.009273556,-0.007623706,-0.000279736,0.005364245,0.004948838,-0.00011571,-0.004895946,-0.0055489,-0.002246718,0.001654741,0.002918184,0.001094073,-0.001560647,-0.002434023,-0.000863965,0.001559063,0.002677232,0.00172134,-0.000193868,-0.001284216,-0.00074906,0.000642953,0.001429234,0.000849159,-0.000539366,-0.001491259,-0.001259937,-0.000217142,0.000595381,0.000475352,-0.000335198,-0.000960945,-0.000755591,0.00011807,0.000896121,0.000954772,0.000364143,-0.000237259,-0.000278622,0.000220383,0.000712799,0.000672374,8.58E-05,-0.000561645,-0.000759967,-0.000438675,6.09E-06,0.000117325,-0.000189347,-0.00056925,-0.000598422,-0.000179708,0.000376446,0.000653207,0.000509085,0.000181448,3.28E-05,0.000197933,0.000467945,0.000506937,0.000181318,-0.000312757,-0.000633726,-0.000604167,-0.000352044,-0.000162462,-0.000195381,-0.000341759,-0.000346509,-6.95E-05,0.000368471,0.000688658,0.000701611,0.000463263,0.00020105,9.19E-05,0.000108079,7.13E-05,-0.000147958,-0.00048325,-0.000718387,-0.000678969,-0.000386812,-3.54E-05,0.000183346,0.000233706,0.000233253,0.00030651,0.000445372
0.074035279,0.047592126,0.008342259,-0.026978752,-0.040296525,-0.027202038,0.00012232,0.022525912,0.027263124,0.015334584,-0.001602675,-0.011175306,-0.009017265,-0.000195411,0.006498655,0.005939829,-0.000126093,-0.005799876,-0.006529469,-0.00256488,0.002069249,0.003524949,0.001299023,-0.001891262,-0.002929675,-0.0010455,0.00184448,0.003162309,0.002002978,-0.000287508,-0.001575055,-0.000913049,0.000767265,0.001713041,0.001020274,-0.000635717,-0.001763261,-0.001474363,-0.000221208,0.000746716,0.000592521,-0.0003879,-0.001143422,-0.000901918,0.000137955,0.001059992,0.001119759,0.000405646,-0.000315083,-0.00035987,0.000244446,0.000840338,0.000797633,0.00010219,-0.000663919,-0.000891186,-0.000498293,3.78E-05,0.00016939,-0.000202838,-0.000664179,-0.000706222,-0.000213183,0.000442728,0.000763356,0.000581705,0.000184514,6.91E-06,0.000209602,0.000540762,0.000596953,0.000217783,-0.000362173,-0.000735076,-0.000690686,-0.000384586,-0.00015941,-0.000206203,-0.000392657,-0.000411375,-9.30E-05,0.000418824,0.000791988,0.000801519,0.000516186,0.00020897,9.06E-05,0.000125419,9.69E-05,-0.000152405,-0.000544686,-0.000822183,-0.000776863,-0.000435051,-2.74E-05,0.000218459,0.000263338,0.00025123,0.000333373,0.000500602
0.087493889,0.056059681,0.010755543,-0.029946726,-0.045450263,-0.030745674,0.000198551,0.025486799,0.030618284,0.016848346,-0.002425401,-0.01309431,-0.010305402,-8.03E-06,0.007671853,0.006923112,-0.000134376,-0.006653337,-0.007418488,-0.00279018,0.00254091,0.004144557,0.001491153,-0.002235694,-0.003429956,-0.001230587,0.002113312,0.003612746,0.002240791,-0.00041908,-0.001888358,-0.001085328,0.000889582,0.001995293,0.001191334,-0.000725063,-0.002017552,-0.001662838,-0.000198164,0.000919789,0.000724065,-0.000431441,-0.001319383,-0.001044582,0.00015581,0.001213645,0.001266978,0.00042569,-0.000413468,-0.000458104,0.0002553,0.000957799,0.00091643,0.000117667,-0.000759581,-0.001008304,-0.000538745,9.01E-05,0.000240665,-0.00020003,-0.000746363,-0.000805823,-0.000244722,0.000503111,0.000859668,0.000634487,0.000165042,-4.09E-05,0.000202464,0.000599526,0.000679132,0.000254155,-0.000402881,-0.000819281,-0.000753897,-0.00039139,-0.000132239,-0.00019788,-0.00043169,-0.00047311,-0.000122984,0.000453485,0.000872006,0.000873914,0.000542016,0.000194877,7.60E-05,0.000139833,0.000130188,-0.000139841,-0.00058223,-0.000898824,-0.000848867,-0.000463349,-9.20E-06,0.00025249,0.000281245,0.000249604,0.000336731,0.000532743
0.101152197,0.064609475,0.013412507,-0.032507751,-0.050172079,-0.034010421,0.000293301,0.028228302,0.033645414,0.018079398,-0.003391027,-0.015016506,-0.011525285,0.000242264,0.00886593,0.007897992,-0.000144435,-0.007477913,-0.008252892,-0.00296015,0.003045711,0.00477023,0.001674316,-0.002588661,-0.003932247,-0.001416614,0.002373185,0.004042978,0.002452712,-0.000572848,-0.002214328,-0.001261766,0.001011168,0.002276565,0.001361927,-0.000810747,-0.002261675,-0.001836124,-0.0001593,0.001105326,0.000863609,-0.000469965,-0.001491621,-0.001184942,0.000172727,0.001361495,0.001403881,0.000433262,-0.000523687,-0.000565975,0.00025871,0.001069502,0.001031405,0.00013248,-0.000851527,-0.001117286,-0.000568101,0.000154354,0.000322921,-0.00018794,-0.000821246,-0.000900638,-0.000275025,0.000560189,0.000948029,0.000675815,0.000132578,-0.000101222,0.000184549,0.000650211,0.000756739,0.000290369,-0.000438662,-0.000893638,-0.00080366,-0.000383336,-9.12E-05,-0.000178537,-0.000463877,-0.000532988,-0.000156513,0.000479169,0.000938598,0.000930409,0.000552166,0.000168049,5.36E-05,0.000152548,0.000167878,-0.000117496,-0.000606004,-0.000959772,-0.000905868,-0.000480074,1.50E-05,0.000285887,0.00029234,0.000236612,0.000326478,0.000551522
0.115081415,0.073262028,0.016440954,-0.034427017,-0.054205604,-0.036828533,0.000418882,0.030620167,0.036150094,0.018862275,-0.004579736,-0.016938442,-0.012632607,0.000593674,0.010091514,0.008856638,-0.000159588,-0.008257465,-0.009000438,-0.003042188,0.003602497,0.005404348,0.001842229,-0.002955426,-0.004437173,-0.001603252,0.002619511,0.004441426,0.002623644,-0.00076159,-0.002559894,-0.001444228,0.001131936,0.002556236,0.001531451,-0.000890992,-0.00248992,-0.001985481,-9.55E-05,0.001310301,0.001015444,-0.000500845,-0.001658059,-0.001321548,0.000188353,0.001500337,0.00152459,0.000421251,-0.000652401,-0.000688798,0.000250612,0.001172243,0.001140327,0.000146131,-0.000937733,-0.001213537,-0.000580067,0.000237197,0.000422284,-0.000161419,-0.000884741,-0.000987918,-0.000303302,0.000612173,0.001023975,0.000699217,7.98E-05,-0.000181218,0.000149827,0.000688276,0.000827153,0.000326256,-0.000466808,-0.000952622,-0.000832379,-0.000352025,-2.83E-05,-0.000141968,-0.00048535,-0.000589919,-0.000195594,0.000490863,0.000984201,0.000962002,0.000537745,0.00012127,1.91E-05,0.0001626,0.000212436,-7.99E-05,-0.000608244,-0.000996142,-0.000939343,-0.000478632,4.85E-05,0.000318282,0.000292742,0.000205792,0.000294893,0.00054936
0.129096478,0.081896476,0.019820014,-0.035632007,-0.057438128,-0.039116126,0.000586682,0.032605112,0.038048308,0.019135218,-0.006005334,-0.018834088,-0.013590747,0.001066527,0.011344775,0.009782463,-0.000191557,-0.008989238,-0.009647487,-0.003022916,0.004215738,0.00604229,0.001987689,-0.003339122,-0.004942306,-0.00178624,0.002853578,0.004804784,0.002748103,-0.000989145,-0.00292537,-0.001630745,0.001253431,0.002833836,0.001698131,-0.000966845,-0.002701249,-0.002108252,-4.31E-06,0.001535871,0.001179346,-0.000524544,-0.001818391,-0.001453371,0.000203489,0.001629837,0.001627613,0.000387821,-0.000800891,-0.000827064,0.000230832,0.001265569,0.001242377,0.000157937,-0.001018132,-0.001296082,-0.00057318,0.000339977,0.00053965,-0.000119857,-0.000936196,-0.001066882,-0.000328948,0.000659048,0.00108669,0.000703308,5.20E-06,-0.0002821,9.73E-05,0.000712894,0.000889648,0.000361398,-0.00048711,-0.000995244,-0.000838463,-0.000295679,5.78E-05,-8.70E-05,-0.000495319,-0.000643497,-0.000240318,0.000487806,0.001007338,0.000966726,0.000496738,5.29E-05,-2.85E-05,0.000169768,0.000264289,-2.60E-05,-0.000587409,-0.001006005,-0.000947294,-0.000457406,9.23E-05,0.000349556,0.000281478,0.000155615,0.000240216,0.000524553
0.143074781,0.090466477,0.023381637,-0.036413107,-0.060181141,-0.041075394,0.000782701,0.034341376,0.039576583,0.019101206,-0.007566753,-0.020703591,-0.0144508,0.001614839,0.012611291,0.010682767,-0.000237959,-0.009693458,-0.010233223,-0.002942084,0.004861882,0.006680194,0.002117588,-0.003733476,-0.005446412,-0.001965285,0.003081494,0.005147387,0.002844598,-0.001239702,-0.003301885,-0.00181858,0.001376024,0.00311007,0.001862435,-0.001040762,-0.002902828,-0.002215241,0.000103142,0.001773242,0.001349753,-0.00054452,-0.001975237,-0.001582102,0.000218717,0.00175406,0.00172026,0.000341819,-0.000960796,-0.000974008,0.000204576,0.001353532,0.001340288,0.000168423,-0.001095318,-0.001370671,-0.000555297,0.000454286,0.000667281,-6.98E-05,-0.00098076,-0.001140936,-0.00035288,0.000703116,0.001141781,0.000696188,-8.20E-05,-0.000394984,3.47E-05,0.000729778,0.000947482,0.000395947,-0.000503018,-0.001028454,-0.000831428,-0.000224818,0.000157391,-2.14E-05,-0.000498634,-0.000695057,-0.000288176,0.000476324,0.001017503,0.000955846,0.000440261,-2.80E-05,-8.36E-05,0.000175261,0.000320331,3.73E-05,-0.000553243,-0.001000484,-0.000940367,-0.000424615,0.000142024,0.000380161,0.000263389,9.41E-05,0.000172104,0.000486579
0.156825632,0.098827273,0.027197706,-0.036490776,-0.06208491,-0.042464096,0.001031574,0.035651263,0.040471889,0.018549543,-0.009344521,-0.022509603,-0.015129884,0.002294837,0.013893739,0.011529184,-0.000316787,-0.01035349,-0.010714029,-0.002756342,0.005561507,0.007313647,0.002217409,-0.004146683,-0.005946626,-0.002134405,0.00330134,0.005455677,0.002893942,-0.001528375,-0.003695243,-0.002006531,0.001501703,0.00338379,0.002021493,-0.00111275,-0.003088773,-0.002296028,0.000237375,0.002029402,0.001529703,-0.000559345,-0.002126554,-0.001705223,0.00023483,0.001870039,0.001795922,0.000275221,-0.001139037,-0.001134432,0.000168449,0.00143303,0.001431224,0.000176291,-0.00116761,-0.001432394,-0.000519531,0.00058715,0.000811154,-6.37E-06,-0.001014379,-0.001206898,-0.000373679,0.000742949,0.001184657,0.000670942,-0.000189565,-0.000527042,-4.41E-05,0.00073429,0.00099765,0.000429222,-0.000512127,-0.001046607,-0.000803214,-0.000130515,0.000278683,6.12E-05,-0.000491237,-0.000743219,-0.000340825,0.000451487,0.001006823,0.000919718,0.000358699,-0.000129128,-0.000150964,0.000178041,0.000383062,0.000115643,-0.000497644,-0.000970089,-0.000909263,-0.000372972,0.000201476,0.000409649,0.000234155,1.43E-05,8.22E-05,0.000427275
0.170029983,0.106798977,0.031102663,-0.036024567,-0.063280046,-0.043354791,0.001334503,0.036601163,0.040835924,0.017580066,-0.011268807,-0.024221856,-0.015629247,0.003089972,0.015174164,0.012308015,-0.000439212,-0.010982091,-0.01110605,-0.002483177,0.006299837,0.007933683,0.002284446,-0.004576912,-0.006438748,-0.002288229,0.003519605,0.005737504,0.002904992,-0.001846465,-0.004098288,-0.002189906,0.001632579,0.003654931,0.002173519,-0.001186086,-0.003263761,-0.002356417,0.000392064,0.00229833,0.001714233,-0.000572475,-0.002274148,-0.001822897,0.000253261,0.001980738,0.001858891,0.000193218,-0.001330129,-0.001303226,0.000126627,0.001506925,0.0015165,0.000181178,-0.001237068,-0.001484867,-0.000470695,0.000733112,0.000965829,6.56E-05,-0.001040617,-0.001266713,-0.000391418,0.000780429,0.001219012,0.000632692,-0.000311512,-0.00067228,-0.000133852,0.00073028,0.001042059,0.000460883,-0.000517059,-0.001054339,-0.000759913,-1.95E-05,0.000415229,0.000155616,-0.000476313,-0.000788658,-0.000396285,0.0004177,0.00098153,0.000865494,0.00025904,-0.000244878,-0.00022698,0.000178898,0.000450386,0.000204326,-0.000427014,-0.000921932,-0.000860612,-0.000307509,0.000268055,0.000438255,0.00019672,-7.88E-05,-2.34E-05,0.00035266
0.182782412,0.11445903,0.035034526,-0.035210885,-0.064005964,-0.043911651,0.001675548,0.03731272,0.040849116,0.016339034,-0.013280759,-0.025861787,-0.016002944,0.003962058,0.016449058,0.013036391,-0.000594521,-0.011591176,-0.011439057,-0.002152351,0.007062116,0.008542305,0.002327872,-0.005018649,-0.006924223,-0.002430134,0.00373812,0.006002379,0.002891005,-0.002183352,-0.004506582,-0.002369043,0.001767555,0.003924229,0.002320208,-0.001261074,-0.003432037,-0.002403701,0.000559775,0.002574933,0.001900903,-0.000585161,-0.002419507,-0.001936772,0.00027363,0.002088356,0.001913849,0.000101501,-0.001529075,-0.001476798,8.17E-05,0.001577502,0.001598079,0.000183893,-0.001304972,-0.001531607,-0.000413701,0.000887108,0.00112692,0.000142578,-0.00106244,-0.001322628,-0.000407025,0.000816656,0.001248168,0.000586399,-0.000442299,-0.000825484,-0.000230064,0.000721118,0.001082836,0.000491342,-0.000519614,-0.001055742,-0.000707317,0.000101797,0.0005611,0.000257214,-0.000456794,-0.000832335,-0.000453295,0.000378573,0.000947312,0.000800101,0.000148178,-0.000369624,-0.000308318,0.00017858,0.000520487,0.0002993,-0.000347212,-0.000862835,-0.000801069,-0.00023343,0.000339078,0.000466289,0.000154159,-0.000180252,-0.000138619,0.000268598
0.19433476,0.121327445,0.038872618,-0.033836972,-0.06389951,-0.043858327,0.002094516,0.03760149,0.040244088,0.014638906,-0.015406789,-0.027328203,-0.016124254,0.004973768,0.017695582,0.013650019,-0.00082597,-0.01217137,-0.011666407,-0.001720265,0.007859457,0.00911953,0.002321014,-0.005481852,-0.007392207,-0.002542982,0.003962833,0.006239689,0.002834037,-0.002550564,-0.00491903,-0.002535318,0.001912712,0.004189642,0.002454405,-0.001342337,-0.003590809,-0.002429515,0.000748273,0.002861687,0.002087429,-0.00060006,-0.002561932,-0.002043061,0.000299217,0.002192343,0.00195635,-5.31E-06,-0.001739041,-0.001655462,3.43E-05,0.001643918,0.001673334,0.000181882,-0.001371548,-0.001569922,-0.000344443,0.001052517,0.00129614,0.000225352,-0.00107852,-0.001372392,-0.000418383,0.000852004,0.001270063,0.000528364,-0.000585702,-0.000989458,-0.000334724,0.000704988,0.001117978,0.000519076,-0.00051968,-0.001048449,-0.000641327,0.000237914,0.000720088,0.000368666,-0.000430851,-0.000873071,-0.000511688,0.000332566,0.000900592,0.000718492,2.09E-05,-0.000507434,-0.000397223,0.000176615,0.000594346,0.000402856,-0.000254589,-0.000787982,-0.000725434,-0.000146429,0.000416755,0.000493373,0.000103867,-0.000293907,-0.00026798,0.000170838
0.204680726,0.127428457,0.042486228,-0.032185871,-0.063283101,-0.043410186,0.002572954,0.037631307,0.039265946,0.0126855,-0.017552663,-0.028634692,-0.016057175,0.006072937,0.018901242,0.014162954,-0.001124493,-0.01273941,-0.011826829,-0.001226996,0.008669208,0.009663884,0.002273271,-0.005959177,-0.007842327,-0.002628471,0.004197959,0.006462662,0.002752055,-0.002932909,-0.005327825,-0.002687263,0.002067544,0.004451816,0.002577238,-0.001431398,-0.003746437,-0.002444058,0.000946915,0.003150591,0.002269159,-0.000619877,-0.002703719,-0.00214362,0.000330127,0.002296198,0.001993158,-0.000118947,-0.001952374,-0.001833245,-1.12E-05,0.001709802,0.001744946,0.000175925,-0.00143895,-0.001605039,-0.000270175,0.001221632,0.001466508,0.000308097,-0.001093544,-0.001419271,-0.000426585,0.000888366,0.001289748,0.000466028,-0.00073327,-0.001156078,-0.000440892,0.000687165,0.001150632,0.000544455,-0.000520222,-0.001038759,-0.000570713,0.0003791,0.000883073,0.000482739,-0.000403044,-0.000912252,-0.000569329,0.000285383,0.000850112,0.000631166,-0.000112372,-0.000649816,-0.000488523,0.00017419,0.000669146,0.000508628,-0.000158196,-0.00070779,-0.000643753,-5.43E-05,0.000497048,0.000519936,5.04E-05,-0.000412138,-0.000402306,6.83E-05
0.214064792,0.13291958,0.045911603,-0.030334147,-0.062283397,-0.042662922,0.003097407,0.03746647,0.03800812,0.010545168,-0.019707449,-0.029814672,-0.015844684,0.007237831,0.020073233,0.014596583,-0.001475741,-0.013298806,-0.011936557,-0.000687799,0.009487196,0.010181869,0.002193605,-0.006447194,-0.008278119,-0.002692249,0.004441659,0.006675103,0.00265138,-0.003326239,-0.005733131,-0.002827661,0.002230051,0.004711437,0.002691076,-0.001526787,-0.003899993,-0.002450321,0.001152896,0.003440636,0.002446723,-0.000643811,-0.002845156,-0.002239735,0.00036529,0.002400192,0.002025893,-0.000237456,-0.002167848,-0.002009897,-5.47E-05,0.001775522,0.001813844,0.000166877,-0.001507162,-0.001637969,-0.000192421,0.001393153,0.001637295,0.000390399,-0.001108064,-0.001464085,-0.00043235,0.000925668,0.001308025,0.000400787,-0.00088356,-0.001324227,-0.000547766,0.000668374,0.001181529,0.000567987,-0.000521354,-0.001027599,-0.000497036,0.000523631,0.001048591,0.000598379,-0.00037408,-0.000950294,-0.000626222,0.000237667,0.000797258,0.000540031,-0.000249672,-0.000795232,-0.000581356,0.000171489,0.000744496,0.00061571,-5.94E-05,-0.00062409,-0.000557975,4.13E-05,0.000579137,0.000546112,-5.14E-06,-0.000533465,-0.000539931,-3.73E-05
0.220984235,0.136875376,0.048729602,-0.02824335,-0.060616326,-0.041360464,0.003720725,0.036962755,0.036274213,0.008128781,-0.021791708,-0.03068421,-0.015324397,0.008517003,0.021144303,0.0148402,-0.001951839,-0.013850115,-0.011952394,-6.95E-05,0.010303725,0.010630223,0.002041198,-0.006954922,-0.008676166,-0.002701821,0.004711027,0.006872667,0.002519673,-0.003733112,-0.006121745,-0.002936879,0.002411677,0.004964886,0.002782749,-0.001639827,-0.00405412,-0.002444905,0.001367576,0.00372586,0.002609035,-0.000680937,-0.002987834,-0.002326145,0.000411473,0.0025078,0.002054526,-0.000360624,-0.002381467,-0.002177854,-8.90E-05,0.001844302,0.001878324,0.000150653,-0.001579454,-0.001670206,-0.000112607,0.001563473,0.001802416,0.000465905,-0.001125829,-0.001506757,-0.000432938,0.000967142,0.001327468,0.000335183,-0.001032728,-0.001488451,-0.000649705,0.000652237,0.001210993,0.000587176,-0.000526801,-0.001018681,-0.000423909,0.000667348,0.001211764,0.000710983,-0.000346629,-0.000986811,-0.000679173,0.00019407,0.000746743,0.000449273,-0.000387199,-0.000940158,-0.000673041,0.000169291,0.000818556,0.000719975,3.65E-05,-0.000541525,-0.000471464,0.000138392,0.000661883,0.000571699,-6.18E-05,-0.000655255,-0.000677071,-0.000142164
0.226269126,0.1398267,0.051082615,-0.026131228,-0.058664225,-0.039796196,0.004399257,0.036314145,0.034346063,0.005632878,-0.0237807,-0.031354416,-0.014634034,0.009842115,0.022138713,0.014963617,-0.00250459,-0.014401168,-0.011922421,0.00058245,0.011107443,0.011030586,0.00184486,-0.007471409,-0.009047956,-0.002675819,0.004998975,0.007065752,0.002375264,-0.004141802,-0.006495194,-0.003024374,0.00260571,0.00521419,0.00285992,-0.001765304,-0.004211315,-0.002436177,0.001583177,0.004004014,0.002758837,-0.000728175,-0.003132321,-0.002406825,0.000465072,0.002619326,0.002083399,-0.000483152,-0.002590255,-0.00233712,-0.000114925,0.001916825,0.001941075,0.000130006,-0.001655398,-0.001704297,-3.47E-05,0.001729395,0.001960426,0.000534055,-0.00114801,-0.001549555,-0.000430615,0.00101222,0.001349961,0.00027275,-0.001177188,-0.001646173,-0.000744987,0.000640449,0.001241049,0.000603696,-0.000536468,-0.001014165,-0.000355253,0.000805895,0.001368974,0.00081801,-0.000322465,-0.001023045,-0.000728524,0.000155911,0.000701944,0.000363785,-0.000519848,-0.001080605,-0.000761375,0.000168083,0.000890439,0.000819285,0.000126284,-0.000464788,-0.000389354,0.000232599,0.000743079,0.000597079,-0.000116954,-0.000773588,-0.000809364,-0.000242105
0.230036244,0.141845241,0.053003829,-0.023999285,-0.056447458,-0.037988856,0.005129057,0.035531003,0.03223756,0.003063154,-0.025681213,-0.031839527,-0.013785741,0.01120989,0.02306194,0.014975421,-0.00312852,-0.014951992,-0.011849912,0.00126559,0.011899259,0.01138639,0.001607731,-0.007996026,-0.009395363,-0.002616789,0.00530417,0.007254679,0.00221906,-0.004552178,-0.006854567,-0.003091698,0.002811259,0.005459644,0.002923628,-0.001902329,-0.004371357,-0.002424374,0.001799633,0.004275601,0.002897019,-0.000784802,-0.003278483,-0.002482187,0.000525556,0.002734491,0.002112496,-0.000605083,-0.002794554,-0.002488318,-0.000133083,0.001992824,0.002002217,0.000105252,-0.001734734,-0.001740111,4.14E-05,0.00189123,0.00211183,0.000595374,-0.001174292,-0.001592471,-0.000425588,0.001060642,0.001375286,0.000213264,-0.001317277,-0.001797856,-0.000834086,0.000632701,0.001271656,0.000617737,-0.000550053,-0.001013738,-0.000290748,0.000939642,0.001520647,0.00091986,-0.000301354,-0.001059019,-0.00077453,0.000122804,0.000662453,0.000283192,-0.000647968,-0.001216895,-0.000846598,0.000167796,0.000960299,0.000913993,0.000210232,-0.000393461,-0.000311332,0.000324153,0.000822834,0.000622264,-0.000170686,-0.00088871,-0.000937156,-0.000337462
0.230312467,0.141738817,0.053841703,-0.022022041,-0.053853277,-0.035780337,0.005959338,0.03455516,0.029895272,0.000480737,-0.027302533,-0.031907719,-0.012628135,0.012625207,0.023801334,0.014737225,-0.003904513,-0.015504952,-0.01169989,0.001993728,0.012644761,0.011635074,0.001282565,-0.0085318,-0.009683094,-0.002481515,0.005650558,0.007440255,0.002045901,-0.004956204,-0.00717494,-0.003110463,0.00304288,0.005695526,0.002956027,-0.002067017,-0.004541246,-0.002411152,0.002011429,0.004526363,0.00300467,-0.000865148,-0.003429728,-0.002545991,0.000602165,0.002859985,0.002145929,-0.000720606,-0.002983385,-0.002616578,-0.000130043,0.002079249,0.002061232,7.14E-05,-0.00182311,-0.001782928,0.000108935,0.002038588,0.002243135,0.000636753,-0.00121332,-0.001637844,-0.000415067,0.001117872,0.001410199,0.000165258,-0.001441699,-0.001929982,-0.000903949,0.000638088,0.001305802,0.000626405,-0.000574533,-0.001026781,-0.000241576,0.001055709,0.001653134,0.001004491,-0.000290721,-0.001095538,-0.000811451,0.000105214,0.000641159,0.000221097,-0.000758353,-0.001337481,-0.000920745,0.000170712,0.001023633,0.000993583,0.000274338,-0.000342048,-0.000249887,0.000404011,0.00089632,0.000647223,-0.000217895,-0.000990852,-0.001047825,-0.000415618
0.228836656,0.14057298,0.054104824,-0.020191833,-0.051150698,-0.033426832,0.006832522,0.033523075,0.027500536,-0.002050088,-0.028754512,-0.031769175,-0.011336387,0.014042771,0.024438033,0.014374873,-0.00475118,-0.0160571,-0.011515903,0.00273552,0.013359382,0.011827151,0.000914907,-0.009069779,-0.009938524,-0.002307374,0.006017705,0.007625317,0.001866997,-0.005353594,-0.007473031,-0.003103694,0.003287435,0.005925965,0.002972201,-0.002245997,-0.004716853,-0.002398706,0.002218846,0.004764621,0.00309547,-0.000958224,-0.003583817,-0.002604012,0.000687055,0.002991193,0.00218258,-0.000831395,-0.00316272,-0.002731726,-0.000115133,0.002171717,0.00211961,3.32E-05,-0.001916382,-0.001830129,0.000170824,0.002177006,0.00236263,0.000666606,-0.001259901,-0.001685165,-0.000402006,0.001179858,0.001450851,0.000124487,-0.001556406,-0.002050324,-0.000962367,0.000651442,0.00134252,0.000632494,-0.000605087,-0.001047894,-0.000201992,0.001160667,0.001773742,0.001078569,-0.000286622,-0.001132773,-0.000843348,9.67E-05,0.000631032,0.000170751,-0.000857308,-0.00144801,-0.000987888,0.000175689,0.001083067,0.00106399,0.000326186,-0.000303256,-0.000199276,0.000476037,0.000965602,0.000672116,-0.000260693,-0.001084485,-0.001147453,-0.000482734
0.225214005,0.13810949,0.053661969,-0.01854573,-0.048319876,-0.030898871,0.007757861,0.032424349,0.025045199,-0.004514413,-0.029997336,-0.031377446,-0.009881468,0.015461863,0.024948314,0.013860462,-0.005684124,-0.016608156,-0.011290578,0.003493535,0.014035726,0.011949707,0.000495286,-0.009610274,-0.010154247,-0.002085577,0.006410282,0.007809816,0.001681206,-0.005742664,-0.007743668,-0.003065577,0.003547826,0.006149696,0.002968465,-0.002442518,-0.00489951,-0.002387288,0.002420782,0.00498744,0.003165534,-0.001066944,-0.003741405,-0.002654947,0.000782101,0.003129437,0.002223229,-0.000936302,-0.003330326,-0.002830716,-8.56E-05,0.002271633,0.002177232,-1.06E-05,-0.002015672,-0.001882747,0.000225709,0.00230438,0.002467558,0.000682249,-0.001315803,-0.001734913,-0.000385847,0.001247689,0.001498587,9.27E-05,-0.001659103,-0.002156119,-0.001006661,0.000674637,0.001382434,0.000635431,-0.000643117,-0.00107897,-0.000174262,0.001251887,0.001879667,0.001139608,-0.0002906,-0.001170911,-0.000869061,9.95E-05,0.000634703,0.000134942,-0.000942117,-0.001546095,-0.001046372,0.000183215,0.001137689,0.001123057,0.000362884,-0.000280076,-0.00016208,0.000538353,0.001029674,0.00069693,-0.000298022,-0.00116758,-0.001233415,-0.000536185
0.218104973,0.133550316,0.052024677,-0.017307865,-0.0454107,-0.028180951,0.008751824,0.031280886,0.022599285,-0.006769958,-0.030846387,-0.030576922,-0.008201186,0.016838539,0.025227765,0.013098666,-0.006743815,-0.017146889,-0.011000366,0.00426449,0.014634748,0.01195142,-6.86E-06,-0.010147317,-0.010298725,-0.001784071,0.006843043,0.007992574,0.001486563,-0.006112939,-0.007964207,-0.002973557,0.003833654,0.006360414,0.002930493,-0.002668253,-0.005093839,-0.002378606,0.002611241,0.005181711,0.003198901,-0.001202623,-0.003904771,-0.002693783,0.000894188,0.003279549,0.002271239,-0.001029862,-0.003476251,-0.002900676,-3.02E-05,0.002384821,0.002233979,-6.33E-05,-0.002125119,-0.001945027,0.000267586,0.002411393,0.002546028,0.000672253,-0.001388683,-0.001789587,-0.000364895,0.001325417,0.001558928,7.73E-05,-0.001739608,-0.002235169,-0.001025043,0.000716089,0.001428796,0.000633421,-0.000694137,-0.00112803,-0.000168472,0.001317435,0.001958151,0.001176264,-0.000309897,-0.001211309,-0.00088403,0.000122584,0.000663873,0.000126503,-0.000999993,-0.001620415,-0.001088289,0.000195789,0.001183579,0.001161127,0.00037123,-0.000286489,-0.00015069,0.000581751,0.00108353,0.000721606,-0.000324673,-0.001230272,-0.00129307,-0.00056338
0.20926556,0.127954781,0.049780548,-0.016305663,-0.042503238,-0.025399528,0.009772611,0.030134225,0.020193618,-0.008886347,-0.031479243,-0.02957329,-0.006424325,0.018174924,0.025380215,0.01221271,-0.007859952,-0.017672347,-0.01067582,0.005038023,0.015189012,0.011888871,-0.000549806,-0.010679168,-0.01040414,-0.001441576,0.00729473,0.008172794,0.00128719,-0.006472322,-0.008157502,-0.002853237,0.004132004,0.006563426,0.002874348,-0.002908766,-0.005293496,-0.002370929,0.002795542,0.005360599,0.003212787,-0.001352301,-0.004070832,-0.002726091,0.00101505,0.00343548,0.002322763,-0.001117554,-0.003610652,-0.002955225,3.89E-05,0.002504898,0.002290218,-0.000120692,-0.002239635,-0.002012109,0.000302763,0.002507665,0.002610453,0.000648656,-0.001470564,-0.001846927,-0.000341571,0.001408125,0.001625677,7.05E-05,-0.001808389,-0.002299974,-0.001029572,0.000767356,0.001478739,0.000628992,-0.000751816,-0.001186435,-0.000174237,0.001369299,0.002021891,0.00119974,-0.000337565,-0.001253117,-0.000893457,0.000156344,0.000706586,0.000132728,-0.001043314,-0.001681794,-0.001121109,0.000211245,0.001224888,0.001187951,0.000364298,-0.000308929,-0.000153357,0.000614774,0.001131738,0.000746166,-0.000345484,-0.001281769,-0.001338288,-0.000576172
0.198032409,0.120927155,0.046691153,-0.015643012,-0.039614774,-0.022542844,0.010827553,0.028990909,0.0178582,-0.010795657,-0.031804547,-0.028288588,-0.004520124,0.019447688,0.02535185,0.011154425,-0.009051532,-0.018176502,-0.010302894,0.005813542,0.015678748,0.01173566,-0.001149136,-0.011202399,-0.010453997,-0.001041786,0.007772182,0.008348827,0.001081135,-0.00681599,-0.008312124,-0.002693129,0.004447624,0.006755253,0.00279258,-0.003169832,-0.005500339,-0.002364503,0.002971135,0.005517701,0.0031992,-0.001521599,-0.004240545,-0.002749154,0.001148173,0.003599437,0.002379093,-0.00119703,-0.003728798,-0.002988031,0.000127151,0.002634632,0.002345723,-0.000184478,-0.002361174,-0.002085834,0.000328574,0.002588818,0.002655079,0.000605884,-0.001565128,-0.001908044,-0.000314966,0.001497752,0.001701354,7.56E-05,-0.001860662,-0.002344678,-0.001014529,0.000832506,0.001533788,0.000621231,-0.000818794,-0.001257943,-0.000196263,0.001401847,0.002064772,0.001204537,-0.000377131,-0.001296992,-0.000895134,0.000205135,0.000768399,0.000159686,-0.001066011,-0.001724802,-0.001140983,0.000230841,0.001259756,0.001198881,0.000335738,-0.000354088,-0.000175981,0.000633041,0.001171896,0.000770545,-0.000357992,-0.001317339,-0.001362967,-0.000568476
0.184051871,0.112263061,0.042608969,-0.015426967,-0.036822043,-0.019660734,0.011901694,0.027883144,0.015673438,-0.012390728,-0.031727701,-0.026677905,-0.002505851,0.020597329,0.025080428,0.009892442,-0.010311092,-0.018631823,-0.009862491,0.006584935,0.016077658,0.011465108,-0.001814107,-0.011705896,-0.010428551,-0.000571544,0.008275333,0.00851281,0.000863737,-0.007138836,-0.008415918,-0.002482639,0.004782783,0.006930135,0.002677467,-0.003455134,-0.005712987,-0.002356876,0.003136832,0.005647101,0.003150727,-0.001714957,-0.004413506,-0.002759612,0.001296386,0.003771876,0.002439481,-0.001267555,-0.003826992,-0.00299358,0.000239245,0.002775812,0.002399679,-0.000256287,-0.002490571,-0.002166422,0.000343957,0.002651766,0.00267515,0.000539245,-0.001675293,-0.001973618,-0.00028437,0.001595301,0.001787012,9.45E-05,-0.001893059,-0.002364516,-0.000975003,0.00091508,0.001595321,0.000609621,-0.00089671,-0.001344857,-0.00023768,0.001410808,0.002081641,0.001185689,-0.000431987,-0.001343853,-0.000887534,0.000272212,0.000853531,0.000212136,-0.00106301,-0.001744529,-0.001144121,0.000256141,0.001286879,0.001189998,0.000280042,-0.000427805,-0.000223758,0.000632585,0.001201677,0.000794486,-0.000360047,-0.001332565,-0.001361278,-0.000534469
0.168685958,0.102775976,0.038020965,-0.015450832,-0.034098614,-0.016785286,0.012976767,0.026800925,0.013586709,-0.013800516,-0.031429168,-0.024900481,-0.000449765,0.02166432,0.024670949,0.008524725,-0.011596633,-0.01905077,-0.009381329,0.007352509,0.016423639,0.011129197,-0.002512936,-0.01219508,-0.010359743,-6.35E-05,0.00878944,0.008666847,0.00063829,-0.007450349,-0.00849127,-0.002244554,0.005127669,0.007094489,0.002543627,-0.003752906,-0.005927185,-0.00234704,0.003297945,0.005761513,0.003083228,-0.001921072,-0.004587556,-0.002762681,0.001452701,0.003948127,0.002500988,-0.001334079,-0.003914776,-0.002984497,0.000364042,0.002922788,0.002452391,-0.0003325,-0.002623775,-0.002249929,0.000354492,0.002705406,0.002682232,0.000459913,-0.001793623,-0.002041343,-0.000251584,0.00169679,0.001877405,0.000120161,-0.001915307,-0.00237128,-0.000922453,0.001006918,0.001660266,0.000596012,-0.000980179,-0.001439485,-0.000288885,0.001407591,0.002084785,0.00115418,-0.000495117,-0.001392426,-0.000875138,0.000348786,0.000950736,0.000277813,-0.001046529,-0.001751845,-0.001138166,0.000284698,0.00131003,0.00117064,0.000209953,-0.000516648,-0.000284842,0.000622186,0.001225865,0.000818081,-0.0003566,-0.001336898,-0.001345382,-0.000486273
0.151308045,0.092096336,0.032692507,-0.015839953,-0.031499919,-0.013941884,0.014043142,0.025764572,0.011667636,-0.014910461,-0.030787017,-0.022878213,0.001651332,0.022587659,0.024043202,0.006999998,-0.012910393,-0.019403385,-0.00883325,0.008112552,0.016684584,0.010691276,-0.003261797,-0.012658478,-0.010221788,0.000501843,0.009317164,0.008801997,0.000398483,-0.007744456,-0.008522097,-0.001963888,0.005486528,0.007241276,0.002380401,-0.004069071,-0.006142041,-0.002332153,0.003452864,0.005852988,0.002986449,-0.002146435,-0.004762552,-0.002753834,0.001621343,0.004129378,0.002563056,-0.001395383,-0.003987042,-0.002953148,0.000508069,0.003078202,0.002502774,-0.000415512,-0.002762326,-0.00233706,0.000358456,0.002745382,0.002669749,0.000361399,-0.001924148,-0.002112084,-0.000215415,0.001803937,0.001974332,0.000155259,-0.001922674,-0.002358442,-0.000850214,0.001112754,0.001730324,0.00057943,-0.001071751,-0.001545254,-0.00035431,0.001386363,0.002067299,0.001103441,-0.000570908,-0.001443715,-0.000855637,0.00043947,0.00106583,0.000363122,-0.00100988,-0.001740369,-0.001118253,0.000318422,0.00132734,0.001135517,0.000118148,-0.000628286,-0.000365964,0.000596771,0.001241516,0.000841023,-0.0003449,-0.001324685,-0.001307809,-0.000416417
0.132427499,0.080532193,0.026802376,-0.016533636,-0.029046675,-0.011178098,0.015071012,0.024776544,0.009935186,-0.015713703,-0.029825386,-0.020662578,0.003741367,0.023332736,0.023197167,0.00534663,-0.014214847,-0.019661963,-0.008208268,0.008862345,0.016856333,0.010153939,-0.004051346,-0.013086531,-0.010011924,0.001118468,0.009847089,0.008907571,0.000138174,-0.008023129,-0.00850933,-0.001643174,0.00585529,0.007367275,0.002187864,-0.004399794,-0.006351701,-0.002306781,0.003605285,0.005923861,0.002862579,-0.002388367,-0.004935934,-0.002731962,0.001801096,0.004312382,0.002621599,-0.001455228,-0.004046813,-0.002902139,0.000668765,0.003239699,0.002549404,-0.000505087,-0.002904183,-0.002424531,0.000359512,0.002775136,0.002640774,0.000246472,-0.002064531,-0.002184396,-0.000175867,0.001915048,0.002074708,0.000196011,-0.001919017,-0.002329495,-0.000761222,0.001230405,0.001804405,0.00056027,-0.001169382,-0.001658727,-0.000429762,0.001351329,0.002032803,0.001036142,-0.000657866,-0.001497605,-0.000830447,0.00054136,0.001194811,0.000463662,-0.000957052,-0.001713035,-0.0010859,0.000357297,0.001340219,0.001087274,8.17E-06,-0.000758811,-0.000463544,0.000558926,0.001249783,0.000862953,-0.000326573,-0.001298402,-0.001251419,-0.000327704
0.112784326,0.068521217,0.020625765,-0.017390283,-0.026683422,-0.008474087,0.01606635,0.02381585,0.008318219,-0.016331103,-0.028677564,-0.018344102,0.005809025,0.023959802,0.02221857,0.003623479,-0.015502287,-0.019854683,-0.007533147,0.009605216,0.016972408,0.009556651,-0.004862938,-0.013490083,-0.009757273,0.001764487,0.010374762,0.008991641,-0.000136675,-0.008293026,-0.008470205,-0.001298745,0.006228834,0.007479523,0.001977392,-0.004738215,-0.006556302,-0.002273224,0.003757383,0.005982882,0.002722826,-0.002639577,-0.005107492,-0.002701732,0.001987285,0.004495422,0.002676658,-0.001515407,-0.004099926,-0.002839945,0.000838823,0.003404132,0.00259324,-0.000598636,-0.003047423,-0.002511154,0.000359984,0.002799761,0.002602718,0.00012242,-0.002210152,-0.002257157,-0.000134211,0.002028065,0.002176201,0.000238977,-0.001909893,-0.00229186,-0.000662975,0.001354522,0.00188054,0.000539613,-0.001270082,-0.001775791,-0.000509952,0.00130927,0.001989141,0.000959647,-0.000751108,-0.001552998,-0.000802214,0.000649152,0.001330939,0.000572012,-0.000895719,-0.001677041,-0.0010465,0.000399283,0.001350847,0.001031909,-0.000111684,-0.000899512,-0.000569917,0.000514407,0.001253956,0.000884143,-0.000304778,-0.001264408,-0.001184564,-0.000228482
0.092213772,0.055972911,0.014096751,-0.018468965,-0.024475625,-0.005897863,0.016985158,0.02289631,0.006900738,-0.016636634,-0.027234949,-0.015887257,0.007801771,0.024365081,0.021016842,0.001802671,-0.016734093,-0.01991578,-0.006765441,0.010334775,0.016991192,0.008859453,-0.005705298,-0.013845156,-0.009424551,0.002455904,0.010890095,0.009031088,-0.000440973,-0.008549578,-0.008386949,-0.000915828,0.006607495,0.007565934,0.001736407,-0.005086876,-0.006747855,-0.002221572,0.003911779,0.006023518,0.002557692,-0.002904545,-0.005273961,-0.002656359,0.002183571,0.004676082,0.002722662,-0.001579049,-0.004144032,-0.002760711,0.001022839,0.003571713,0.002631155,-0.000698853,-0.003191514,-0.002593835,0.000362283,0.002818326,0.002551599,-1.50E-05,-0.002362816,-0.002329468,-8.89E-05,0.002143096,0.002277252,0.00028276,-0.001894484,-0.002242204,-0.000551337,0.001487845,0.001959202,0.000516604,-0.001374489,-0.001896316,-0.0005949,0.00125862,0.001932822,0.000869717,-0.000853743,-0.001610744,-0.000769831,0.000764729,0.001476037,0.000690081,-0.000823205,-0.001628781,-0.000996438,0.000446461,0.001358734,0.000966559,-0.000245442,-0.001054276,-0.000688233,0.00046074,0.00125217,0.000903793,-0.000278464,-0.001219431,-0.001102377,-0.000113806
0.071515225,0.043362629,0.007515226,-0.019619968,-0.022378189,-0.003452432,0.0178122,0.021992471,0.005629716,-0.016719706,-0.025605682,-0.013380975,0.009683724,0.024572471,0.019651426,-5.86E-05,-0.017881872,-0.019846387,-0.005916313,0.011051327,0.016931448,0.008089235,-0.006560396,-0.014152329,-0.009029221,0.00317454,0.011382262,0.009023507,-0.000775205,-0.008798189,-0.008270835,-0.000506326,0.006985158,0.007628503,0.001471961,-0.005438793,-0.006922228,-0.002149346,0.004072423,0.006052763,0.002375628,-0.003176796,-0.005433238,-0.002597773,0.002386298,0.004850991,0.002756683,-0.001649973,-0.004184891,-0.002671543,0.001214384,0.003738643,0.002662504,-0.000804147,-0.003333896,-0.002669495,0.000370507,0.002836497,0.00249428,-0.000159108,-0.002517765,-0.002399333,-4.04E-05,0.002257793,0.002374219,0.000322418,-0.001879146,-0.002187824,-0.00043331,0.001625192,0.002038073,0.000491946,-0.001479395,-0.002015225,-0.000678101,0.00120692,0.00187168,0.000773219,-0.000961314,-0.001669803,-0.000735832,0.000882635,0.001622749,0.000809641,-0.000747669,-0.001575327,-0.000940528,0.000497356,0.00136626,0.000897094,-0.000384953,-0.001214287,-0.000810536,0.000403866,0.001247573,0.000921791,-0.000251071,-0.001169728,-0.001012746,8.49E-06
0.050841946,0.030777533,0.000940454,-0.020800246,-0.020353118,-0.001101933,0.01857001,0.021095363,0.004456233,-0.016655035,-0.023856919,-0.010851678,0.01148024,0.024639936,0.018176123,-0.001940722,-0.018964194,-0.019682273,-0.005009789,0.011758185,0.016817125,0.007269796,-0.00742201,-0.014424583,-0.008590528,0.003910251,0.011855856,0.008981265,-0.001131272,-0.009041699,-0.008132342,-7.92E-05,0.00736115,0.007673927,0.001191429,-0.005792028,-0.007083424,-0.002061745,0.004238165,0.006074687,0.002182435,-0.003453393,-0.005586923,-0.002529801,0.00259319,0.005021201,0.002781526,-0.001726759,-0.004224207,-0.002576154,0.001410474,0.003904513,0.002688942,-0.000912931,-0.00347466,-0.002739577,0.000383655,0.002855206,0.002433441,-0.00030715,-0.00267366,-0.002467088,1.03E-05,0.002371914,0.002467675,0.000358334,-0.001864801,-0.002131083,-0.000311672,0.001764681,0.002116719,0.000466161,-0.001584204,-0.002132202,-0.000759051,0.001155591,0.001808202,0.000672974,-0.001071794,-0.001729637,-0.00070101,0.00100143,0.001769529,0.000929034,-0.000671179,-0.001519169,-0.000881093,0.000550725,0.001373874,0.000825508,-0.00052742,-0.001376771,-0.000934512,0.000345576,0.001241412,0.000938564,-0.000223429,-0.001117551,-0.000918906,0.000135124
0.030861393,0.018625747,-0.005377163,-0.021917176,-0.018440032,0.001047019,0.019166682,0.020187266,0.003442451,-0.016350936,-0.021941042,-0.008343167,0.0130682,0.024430392,0.016515721,-0.003820181,-0.019883534,-0.019317104,-0.003990673,0.012443142,0.016600015,0.006366325,-0.008282682,-0.014621898,-0.008071092,0.004667719,0.012280487,0.008862562,-0.001534265,-0.009277981,-0.007954325,0.000376408,0.00772842,0.007683807,0.000881851,-0.006142397,-0.00721284,-0.001939115,0.004417805,0.006086157,0.001971879,-0.003734131,-0.005726721,-0.002443016,0.002806173,0.005178567,0.00278426,-0.001819122,-0.004264634,-0.002472918,0.001611226,0.00406496,0.002704138,-0.001028066,-0.003609936,-0.002795204,0.000410636,0.00287952,0.002370429,-0.000458329,-0.002827693,-0.002528548,6.55E-05,0.002483003,0.002550696,0.000382257,-0.001857655,-0.00207509,-0.000187909,0.001904512,0.002192857,0.000438346,-0.001686335,-0.002240971,-0.000829903,0.001111176,0.001746065,0.000570285,-0.001184814,-0.001790148,-0.000666331,0.00111779,0.001910477,0.001041308,-0.000599369,-0.001463041,-0.000818075,0.00060814,0.001383551,0.000754119,-0.000669565,-0.001537279,-0.001055458,0.000289217,0.001234518,0.000952592,-0.000198143,-0.001065283,-0.00082259,0.000264565
0.011873384,0.007079205,-0.011320556,-0.022888642,-0.016572429,0.003052175,0.019635305,0.019248685,0.002503366,-0.015934652,-0.019972762,-0.005902624,0.014487215,0.024039717,0.014761963,-0.005659891,-0.020666556,-0.018808244,-0.002899681,0.013109162,0.016317684,0.005418044,-0.009130474,-0.014763743,-0.007501933,0.005429263,0.012661872,0.008686361,-0.001971004,-0.009510888,-0.007753198,0.000845793,0.008085085,0.00766824,0.000555057,-0.006486197,-0.007316169,-0.001789393,0.00460948,0.0060935,0.001753274,-0.004013949,-0.005854711,-0.002343271,0.003021504,0.005324393,0.002768992,-0.001924994,-0.004308945,-0.002367848,0.001811624,0.004218956,0.002710411,-0.001147111,-0.003739713,-0.002838397,0.000450114,0.00291112,0.002309716,-0.000607902,-0.002977365,-0.002583914,0.00012398,0.002590619,0.002623947,0.000394476,-0.001859509,-0.00202394,-6.68E-05,0.002041304,0.002265465,0.000409172,-0.00178476,-0.002340724,-0.0008894,0.001076437,0.001689718,0.000470084,-0.001296782,-0.001850252,-0.000633057,0.001229156,0.002042621,0.001143179,-0.000536179,-0.001411444,-0.000755533,0.000667479,0.0013961,0.000686455,-0.00080636,-0.001690682,-0.001168991,0.000238177,0.001229139,0.000964499,-0.000176867,-0.001017046,-0.000729597,0.000390953
-0.006293119,-0.003966759,-0.016954033,-0.023738177,-0.014739329,0.004942239,0.020000678,0.018284358,0.001621784,-0.015431906,-0.017966259,-0.00351934,0.015770063,0.023505209,0.012935829,-0.007465574,-0.021339376,-0.018184502,-0.001751833,0.013759658,0.015983511,0.004434738,-0.009967217,-0.014861013,-0.006893398,0.006193401,0.013008144,0.008463982,-0.002434707,-0.009741105,-0.007533793,0.001325869,0.008432994,0.007632271,0.000214665,-0.006824481,-0.00739842,-0.001617879,0.004810862,0.006097675,0.001528435,-0.004292823,-0.00597313,-0.002233161,0.003238612,0.005460853,0.002739197,-0.002041788,-0.0043565,-0.00226149,0.002011548,0.004367646,0.002709483,-0.001269261,-0.003865008,-0.002871527,0.000499724,0.00294871,0.002251029,-0.000755994,-0.003123381,-0.002634305,0.000185041,0.002695392,0.002689261,0.000397164,-0.001868762,-0.001976885,5.19E-05,0.002175483,0.002335147,0.0003789,-0.001880134,-0.002433097,-0.00093959,0.00104969,0.001638255,0.000372099,-0.001407751,-0.001909973,-0.000600965,0.00133636,0.002167473,0.001236435,-0.000480174,-0.001363718,-0.000693538,0.000728303,0.001411015,0.00062196,-0.000938598,-0.001838087,-0.001276299,0.000191615,0.001225087,0.000974698,-0.000158933,-0.000972262,-0.000639545,0.000514618
-0.022004997,-0.013526729,-0.021657461,-0.024188645,-0.012937096,0.006578747,0.020120475,0.017231464,0.000812531,-0.014818098,-0.015964141,-0.001330308,0.016730638,0.022681201,0.011006452,-0.009143437,-0.021743432,-0.017310899,-0.000494926,0.014367194,0.015543652,0.003394512,-0.010761929,-0.014856094,-0.006208375,0.00694731,0.013265301,0.008136263,-0.002956643,-0.009965747,-0.00727937,0.001821207,0.008755216,0.007550488,-0.000151343,-0.007144433,-0.007429527,-0.001395919,0.005035479,0.006098137,0.001294843,-0.004564601,-0.006067604,-0.002100449,0.003457122,0.00557351,0.002674585,-0.002185302,-0.004414504,-0.002156556,0.002205913,0.004501178,0.002691229,-0.001397656,-0.003978455,-0.002879849,0.000574771,0.003003264,0.002201281,-0.000896145,-0.003257413,-0.002671439,0.000252143,0.00279241,0.002734256,0.000375033,-0.001898955,-0.001944046,0.000160341,0.002299654,0.002395907,0.000346013,-0.00196674,-0.002505331,-0.000964112,0.001046464,0.001603595,0.000284369,-0.00151273,-0.001967451,-0.000572847,0.00143044,0.002270398,0.001303887,-0.0004468,-0.001330344,-0.000636698,0.000791044,0.001432781,0.000568915,-0.001054252,-0.001964874,-0.001362989,0.000160126,0.001226631,0.000980887,-0.000151456,-0.000940478,-0.000562652,0.000625633
-0.036117855,-0.022121651,-0.025754299,-0.024368765,-0.01113198,0.008079772,0.020101275,0.016116511,1.55E-05,-0.014183728,-0.014006707,0.00072432,0.017512459,0.021720693,0.00905294,-0.010726266,-0.02199325,-0.016309384,0.000808104,0.014944605,0.015050565,0.002334291,-0.011524634,-0.014794251,-0.005487833,0.00768744,0.013469126,0.007751408,-0.003507604,-0.010186105,-0.007007961,0.002320775,0.009060315,0.007443551,-0.00052895,-0.007451536,-0.007431214,-0.00114641,0.005272545,0.006097383,0.001058508,-0.004830265,-0.006147796,-0.001955665,0.00367523,0.005672038,0.002590331,-0.002343833,-0.004479049,-0.002053915,0.002395416,0.004624997,0.002662955,-0.001529201,-0.004084773,-0.002873906,0.000664481,0.003068165,0.002157958,-0.00103015,-0.003383292,-0.002700358,0.000322744,0.002884764,0.002767318,0.000338201,-0.001942085,-0.001920836,0.00026107,0.002416576,0.002450665,0.000311448,-0.002047954,-0.002565286,-0.000972833,0.00105822,0.00158043,0.000204446,-0.001612754,-0.002022935,-0.000547249,0.001515944,0.00235915,0.001354619,-0.000428475,-0.0013072,-0.000584409,0.000854107,0.001458796,0.000523853,-0.0011582,-0.002077345,-0.001435543,0.000139055,0.00123238,0.000984819,-0.000150971,-0.000918086,-0.000495834,0.000726844
-0.048611887,-0.02973959,-0.029237024,-0.024275174,-0.009323932,0.009443638,0.019941349,0.014938723,-0.000769061,-0.013528544,-0.012094515,0.002642884,0.018113304,0.020621998,0.007074991,-0.012212886,-0.022086909,-0.01517837,0.002157833,0.015491528,0.014503582,0.001253829,-0.012254946,-0.014674784,-0.004731332,0.008413626,0.013618961,0.007308709,-0.004087954,-0.010402135,-0.006719351,0.002824626,0.00934808,0.007311152,-0.000918299,-0.007745631,-0.007403107,-0.000869006,0.005522214,0.006095406,0.000819394,-0.00508974,-0.00621353,-0.001798658,0.003892932,0.005756258,0.002486187,-0.002517565,-0.004550218,-0.001953595,0.002579995,0.004738984,0.002624537,-0.001663934,-0.004183871,-0.002853521,0.000769037,0.003143543,0.002121139,-0.001157932,-0.003500913,-0.002720962,0.000396887,0.002972395,0.002788305,0.000286484,-0.001998315,-0.001907376,0.00035403,0.002526156,0.002499347,0.000275184,-0.002123708,-0.002612806,-0.00096556,0.001085144,0.001568903,0.000132426,-0.001707761,-0.002076397,-0.000524202,0.001592765,0.002433551,0.001388424,-0.000425387,-0.001294417,-0.000536725,0.000917494,0.001489113,0.000486873,-0.001250295,-0.002175322,-0.001493787,0.000128534,0.001242385,0.000986464,-0.000157565,-0.000905205,-0.000439215,0.000818129
-0.057581928,-0.035233665,-0.031385243,-0.023579873,-0.00748862,0.010540851,0.019500207,0.013620246,-0.001568953,-0.012893633,-0.010335255,0.004254994,0.018363291,0.01929646,0.005108092,-0.01346851,-0.021866916,-0.013816171,0.003567842,0.015961226,0.013855975,0.00015284,-0.01290491,-0.014439528,-0.00391514,0.009098017,0.013655395,0.006755313,-0.004717869,-0.010604196,-0.006398453,0.003330498,0.009596124,0.007127963,-0.00132688,-0.008009493,-0.007314581,-0.000538292,0.005794134,0.006090359,0.000576923,-0.005333755,-0.00624875,-0.001617869,0.004108075,0.005810863,0.002342776,-0.002720468,-0.004634138,-0.001858936,0.002752732,0.004831576,0.002565223,-0.001804699,-0.004268065,-0.002804288,0.000902904,0.003239865,0.002098256,-0.001271539,-0.0036002,-0.002723707,0.000478544,0.003050528,0.002784967,0.000204752,-0.002081399,-0.001914777,0.000429463,0.00261896,0.002534293,0.0002348,-0.00218844,-0.00263476,-0.000925135,0.001144049,0.001582805,7.86E-05,-0.001790529,-0.002124438,-0.00050608,0.001651183,0.00247729,0.001385855,-0.000455514,-0.001305015,-0.000500448,0.000980295,0.00152817,0.000467697,-0.001315827,-0.002240855,-0.001520082,0.000141683,0.001262303,0.000983528,-0.000179785,-0.000914093,-0.000406563,0.000885923
-0.064761639,-0.039649017,-0.032858431,-0.022582121,-0.005638878,0.011508347,0.018923037,0.012230854,-0.002387101,-0.01228773,-0.008670452,0.005707916,0.018449323,0.017881637,0.003170983,-0.014596746,-0.021495286,-0.012355213,0.004990762,0.016384033,0.013160617,-0.000950366,-0.013508815,-0.014146888,-0.003074476,0.009756329,0.013634364,0.006150594,-0.00536691,-0.010795749,-0.006061484,0.003835119,0.009822526,0.006919631,-0.001743371,-0.008256945,-0.007196356,-0.000183073,0.006074811,0.006082565,0.000332979,-0.005569235,-0.00626833,-0.001425548,0.004321386,0.005850715,0.002180694,-0.00293653,-0.004723301,-0.001766713,0.002919353,0.00491319,0.002495418,-0.001948381,-0.004344942,-0.002741253,0.00105045,0.003345736,0.002081831,-0.001378095,-0.0036901,-0.002717298,0.000564143,0.003124205,0.002770012,0.00010876,-0.002177197,-0.0019322,0.000496138,0.002703084,0.002561972,0.000191963,-0.002248067,-0.002644397,-0.000868639,0.001218547,0.001609297,3.42E-05,-0.001866715,-0.002169245,-0.000489988,0.001700693,0.00250587,0.00136517,-0.000502318,-0.001327549,-0.000470276,0.001042359,0.001571285,0.000457363,-0.001367875,-0.002289795,-0.001529992,0.000167014,0.001287398,0.000978356,-0.000209977,-0.000934266,-0.000386493,0.000941316
-0.069657706,-0.042688437,-0.033470936,-0.021198969,-0.003770642,0.012311094,0.018173194,0.010751069,-0.003229845,-0.011721143,-0.007128207,0.006957358,0.018328,0.016356155,0.001274871,-0.01556125,-0.020931209,-0.01077061,0.006427953,0.016746068,0.012404764,-0.002055382,-0.014053317,-0.01378122,-0.002203323,0.010380773,0.013540057,0.005481016,-0.0060396,-0.010973461,-0.005704058,0.004337864,0.010021134,0.006679305,-0.002169722,-0.008483335,-0.007040379,0.000203085,0.006366348,0.006071119,8.72E-05,-0.005793746,-0.006267946,-0.001218588,0.004532297,0.005871786,0.001994955,-0.003169172,-0.004819,-0.001677543,0.003078164,0.004980779,0.002412245,-0.002095765,-0.004412514,-0.002660715,0.001215292,0.003463648,0.002073567,-0.001475676,-0.003768022,-0.002699204,0.000654785,0.00319224,0.002740328,-5.30E-06,-0.002289098,-0.001962336,0.000551661,0.002776121,0.002580348,0.000145951,-0.002301241,-0.002638412,-0.000791742,0.001312853,0.00165181,1.69E-06,-0.001934464,-0.002209868,-0.000476424,0.001738895,0.002515169,0.001321419,-0.000570367,-0.001365318,-0.000447931,0.001103431,0.001619529,0.000458282,-0.001402724,-0.002317554,-0.001518983,0.000207901,0.001319115,0.000970342,-0.000250344,-0.000968864,-0.000382523,0.000980832
-0.071134873,-0.043666635,-0.03280611,-0.019258639,-0.00189073,0.012864636,0.017173583,0.009143041,-0.0041171,-0.011237116,-0.005795053,0.007895211,0.017919891,0.014712394,-0.000511668,-0.016256519,-0.020089991,-0.009037709,0.007846363,0.016994316,0.011559407,-0.003147474,-0.014494793,-0.013304438,-0.001296138,0.01094332,0.013333214,0.004722536,-0.006734038,-0.011119884,-0.005313411,0.004833984,0.010173463,0.006390063,-0.002608071,-0.008675199,-0.006828389,0.000630815,0.006667715,0.006049605,-0.000162479,-0.006000508,-0.0062363,-0.000989764,0.004738659,0.005864644,0.001775809,-0.0034229,-0.004920699,-0.001590664,0.003225726,0.005026849,0.002308626,-0.002248752,-0.004466478,-0.00255536,0.001403446,0.003596568,0.002075144,-0.001560929,-0.003828004,-0.002663096,0.000753603,0.003252663,0.002690016,-0.000144246,-0.002422607,-0.002009396,0.000591602,0.002832565,0.002584037,9.41E-05,-0.002346056,-0.002610588,-0.000686141,0.001434918,0.001716843,-1.36E-05,-0.001989171,-0.002243087,-0.00046521,0.001761578,0.002496872,0.001244269,-0.000669316,-0.00142541,-0.000437441,0.001162271,0.001674366,0.000475018,-0.001412516,-0.002313906,-0.00147671,0.000272108,0.001360781,0.000958127,-0.000305882,-0.001025071,-0.000402847,0.000996219
-0.070904508,-0.043614239,-0.03150994,-0.017053155,-1.80E-05,0.013287488,0.016051192,0.007476476,-0.005024301,-0.010798467,-0.004573667,0.008674422,0.017375816,0.013026496,-0.002224528,-0.016806331,-0.019113164,-0.007245203,0.00923775,0.017174104,0.010667928,-0.004226964,-0.014877747,-0.01276979,-0.000374142,0.011469824,0.013067854,0.003922343,-0.007433307,-0.011245127,-0.004904024,0.00532545,0.010300122,0.006075138,-0.003051598,-0.008848235,-0.006588033,0.001077575,0.006970941,0.00602043,-0.000415055,-0.006197833,-0.006188056,-0.000749669,0.004942362,0.005843075,0.001540552,-0.003685539,-0.005023412,-0.001503527,0.00336805,0.005061828,0.002194369,-0.00240467,-0.004513665,-0.002438012,0.001602178,0.003735483,0.002080278,-0.001640748,-0.003879061,-0.002617649,0.000856878,0.003309622,0.002629912,-0.000294729,-0.002565689,-0.002063724,0.0006245,0.002880843,0.002580025,3.87E-05,-0.002387303,-0.002572519,-0.000567027,0.001569888,0.001792241,-2.07E-05,-0.002037327,-0.002272101,-0.000454432,0.001777249,0.002465444,0.001151031,-0.000783143,-0.001496228,-0.000432734,0.001219756,0.001731951,0.000499013,-0.001410316,-0.002294891,-0.001418984,0.000347861,0.001407336,0.000943788,-0.000368918,-0.0010919,-0.000435134,0.000999639
-0.068255879,-0.042101607,-0.029323312,-0.014479442,0.00183751,0.013521815,0.014756001,0.005730048,-0.005958487,-0.010426409,-0.003514663,0.009227279,0.016643228,0.011290342,-0.003822495,-0.017144034,-0.017945826,-0.005376318,0.010581062,0.017250471,0.009710331,-0.005285187,-0.015173918,-0.012151867,0.000567058,0.011942427,0.01271832,0.003064567,-0.008136065,-0.011337269,-0.004466888,0.005809569,0.010388994,0.005723135,-0.003502009,-0.008993719,-0.006307289,0.001550324,0.007275099,0.005978941,-0.000672292,-0.006381482,-0.006115758,-0.000493417,0.005142085,0.005800887,0.001282798,-0.003959895,-0.005126467,-0.001415244,0.003503174,0.005080911,0.002064813,-0.00256481,-0.004551267,-0.002303902,0.001815298,0.003882052,0.0020897,-0.001713275,-0.003917495,-0.002558787,0.000966669,0.003361859,0.002556223,-0.00046105,-0.002721651,-0.00212769,0.000647834,0.002917624,0.002564907,-2.20E-05,-0.002423833,-0.002520313,-0.000429232,0.001722597,0.001881829,-1.67E-05,-0.002076186,-0.002294877,-0.000443862,0.001783397,0.002415783,0.00103534,-0.000917736,-0.001582002,-0.00043614,0.001275189,0.001793127,0.000532932,-0.001391425,-0.002254287,-0.00133946,0.00043991,0.001460766,0.000926424,-0.000442529,-0.001173681,-0.000484269,0.000986158
-0.063084729,-0.039061364,-0.026230255,-0.011568008,0.003626304,0.013532291,0.013283424,0.003921701,-0.006902639,-0.010123516,-0.002638995,0.00953463,0.015727956,0.00954208,-0.005251124,-0.017228644,-0.016584065,-0.003465774,0.011824164,0.017183276,0.008676909,-0.006304403,-0.015357564,-0.011437465,0.001520758,0.012343412,0.012272189,0.002152742,-0.008825073,-0.011377362,-0.003993013,0.006282471,0.010429977,0.005327369,-0.003957842,-0.00910518,-0.00598202,0.002045919,0.007571077,0.005915995,-0.000937957,-0.006549106,-0.006014767,-0.000218642,0.0053365,0.005735536,0.001002539,-0.004241893,-0.005223649,-0.001321071,0.003632132,0.005082144,0.001917632,-0.002729861,-0.004578596,-0.002152955,0.002040586,0.00403204,0.002099188,-0.001780643,-0.003942869,-0.002484733,0.001084452,0.003409985,0.002469512,-0.000641505,-0.002887391,-0.002197877,0.000663749,0.002942953,0.002537112,-8.99E-05,-0.00245716,-0.00245513,-0.000274249,0.001890865,0.001983256,-2.85E-06,-0.002105522,-0.002309706,-0.000431249,0.001781884,0.002349075,0.000898069,-0.001072127,-0.001681748,-0.000447215,0.001327987,0.001856378,0.000575032,-0.001357027,-0.002192415,-0.001237921,0.00054844,0.001520928,0.00090573,-0.000526826,-0.001270202,-0.000549966,0.000955775
-0.056625683,-0.035239145,-0.022684479,-0.008505274,0.005358462,0.013415297,0.011721104,0.002092172,-0.007841392,-0.009852798,-0.001861035,0.009712369,0.014723154,0.007801833,-0.006574468,-0.017171085,-0.015123954,-0.001548608,0.012995948,0.017027915,0.007601585,-0.007296812,-0.015474276,-0.01066926,0.002478008,0.012701256,0.011772584,0.001215388,-0.009499921,-0.011383367,-0.003496899,0.006748143,0.01044271,0.004906826,-0.004415795,-0.009196859,-0.005632672,0.00255162,0.007859037,0.005838336,-0.001209513,-0.00670774,-0.005897427,6.64E-05,0.00552766,0.005657456,0.00071098,-0.004525966,-0.005315171,-0.001221836,0.003758518,0.005073644,0.001760657,-0.00289763,-0.004600436,-0.001993516,0.002271008,0.004181866,0.002106803,-0.001846448,-0.003961601,-0.002402373,0.00120682,0.003456268,0.002376497,-0.000828282,-0.003056615,-0.002269585,0.000677014,0.002962695,0.002502389,-0.000162224,-0.002489516,-0.002383975,-0.000111384,0.002065844,0.002089422,1.51E-05,-0.002130142,-0.002319903,-0.000416651,0.0017774,0.002274473,0.000750547,-0.001235804,-0.001787858,-0.000461772,0.001379297,0.00191999,0.000620349,-0.001315576,-0.00212027,-0.001125496,0.000665116,0.001584292,0.000883236,-0.000616408,-0.0013738,-0.000623567,0.00091719
-0.048300747,-0.030281028,-0.018497456,-0.005254063,0.006975708,0.013094422,0.010029927,0.000247125,-0.008757059,-0.009624121,-0.001230611,0.009696113,0.01359407,0.006093853,-0.007717886,-0.016888713,-0.013522681,0.000356848,0.014035083,0.016723195,0.0064609,-0.008240372,-0.015480217,-0.009816508,0.003436288,0.012987023,0.011189459,0.000244052,-0.01014386,-0.011329042,-0.002963496,0.00720117,0.010408949,0.004446844,-0.004875876,-0.009256356,-0.00524649,0.003069695,0.008129791,0.005733897,-0.001491915,-0.006852163,-0.005753928,0.000367595,0.005713332,0.005559633,0.000403326,-0.004810377,-0.005394621,-0.001112276,0.00388201,0.005050141,0.001588334,-0.003069644,-0.004613983,-0.001821917,0.002507299,0.004328675,0.002108929,-0.001911542,-0.003970745,-0.00230718,0.001336566,0.003500262,0.002274857,-0.001022916,-0.003228686,-0.002341087,0.000688095,0.00297472,0.002456963,-0.00024201,-0.00252143,-0.002305113,6.16E-05,0.00224876,0.002200554,3.76E-05,-0.002148137,-0.002322554,-0.000397806,0.001769981,0.002189604,0.000589285,-0.001411743,-0.001902068,-0.000480743,0.001428239,0.001983108,0.000668925,-0.001265173,-0.002034095,-0.000997815,0.000793205,0.001651957,0.000857987,-0.0007134,-0.001487002,-0.000707817,0.000867338
-0.0387474,-0.024567058,-0.013928191,-0.001962799,0.008426975,0.012586197,0.00825737,-0.001564356,-0.009611242,-0.009405296,-0.000710277,0.0095342,0.012392353,0.004455336,-0.008675207,-0.016410057,-0.011830476,0.002201203,0.014911987,0.016264418,0.005265421,-0.009124974,-0.015376237,-0.008890062,0.004384494,0.013199508,0.010534419,-0.000742522,-0.01074031,-0.011206092,-0.002392206,0.007639686,0.01032926,0.003951063,-0.005334758,-0.009284718,-0.0048301,0.003590414,0.008374516,0.005597263,-0.001787506,-0.006983751,-0.00558623,0.000682749,0.005893041,0.005444769,8.53E-05,-0.005088224,-0.005455884,-0.000987994,0.004005655,0.005014091,0.001402651,-0.003245171,-0.004620753,-0.001642222,0.002743643,0.004466265,0.002100097,-0.001980244,-0.003973543,-0.002201308,0.001473042,0.003543447,0.002168459,-0.001219625,-0.003396984,-0.002406079,0.000702161,0.002982675,0.002402735,-0.000329377,-0.002555368,-0.002223363,0.000238099,0.002432275,0.002309862,5.95E-05,-0.002162465,-0.002318118,-0.000372634,0.00176411,0.002100912,0.000421814,-0.001592573,-0.002018491,-0.000500745,0.001475221,0.002043253,0.000715901,-0.001212286,-0.001941007,-0.000861523,0.000927681,0.001721441,0.000830477,-0.000814559,-0.001604615,-0.000796687,0.000811947
-0.028557705,-0.018458556,-0.009175992,0.001317554,0.009758256,0.011961041,0.006444308,-0.003341297,-0.010415259,-0.009184065,-0.000251535,0.009289641,0.01115534,0.002869511,-0.009511893,-0.015812125,-0.010091742,0.003994542,0.015677569,0.015705619,0.004037579,-0.00996879,-0.015201399,-0.007918739,0.005323333,0.013364181,0.009835628,-0.001734426,-0.01130208,-0.011036851,-0.001796445,0.008068182,0.010219882,0.003433014,-0.005791951,-0.009293053,-0.004395664,0.004110536,0.008600281,0.005438534,-0.00209211,-0.007107262,-0.005403281,0.001006412,0.006068689,0.005319425,-0.000238218,-0.005360193,-0.005503925,-0.000853157,0.004130074,0.004970467,0.001208794,-0.003422742,-0.004623414,-0.001458174,0.002978678,0.004596423,0.002082876,-0.002052295,-0.003972992,-0.002089043,0.001613677,0.003586389,0.002059828,-0.001416351,-0.003561272,-0.002465343,0.000719413,0.002988883,0.002343289,-0.000421638,-0.002591144,-0.002140831,0.000415318,0.002614421,0.002416329,7.98E-05,-0.002175173,-0.002309244,-0.000342902,0.001760287,0.002011273,0.000252138,-0.001774761,-0.002134872,-0.000520541,0.001521073,0.002100886,0.000760655,-0.001159384,-0.0018452,-0.000721305,0.001065033,0.001791471,0.000801613,-0.000917605,-0.001723766,-0.00088701,0.000754429
-0.017669315,-0.011906199,-0.004277037,0.004472299,0.010835792,0.01113617,0.004592752,-0.005018739,-0.011098485,-0.008933276,0.000123161,0.00892854,0.009887923,0.001401491,-0.010129153,-0.01502011,-0.008304012,0.005662358,0.016223017,0.014964451,0.002759943,-0.010731041,-0.014898843,-0.00687411,0.006236976,0.013441077,0.009065527,-0.002722969,-0.011789571,-0.010778273,-0.001156453,0.008476666,0.010056751,0.00287716,-0.00624344,-0.0092654,-0.003932823,0.004622939,0.008785584,0.005236104,-0.002414423,-0.007216776,-0.005193861,0.001343965,0.006236378,0.005176627,-0.000567859,-0.005616831,-0.005523806,-0.000696236,0.004257845,0.004914649,0.001001467,-0.003603359,-0.004619408,-0.001268783,0.003207481,0.004708883,0.0020467,-0.002133345,-0.003968536,-0.001966674,0.001761292,0.003629689,0.001949571,-0.001609288,-0.003713786,-0.00250986,0.000746039,0.002994474,0.002275757,-0.00052274,-0.002631766,-0.002060016,0.000589407,0.002789028,0.002512876,9.34E-05,-0.002187104,-0.00229274,-0.000303557,0.001763182,0.001924305,8.37E-05,-0.001954222,-0.002246942,-0.000537451,0.00156527,0.002152278,0.000797971,-0.00111102,-0.0017495,-0.000578693,0.001203993,0.001860669,0.000770608,-0.001021747,-0.001841923,-0.00097555,0.000697237
-0.006801147,-0.005345427,0.000508193,0.007401302,0.01167499,0.0101746,0.002756743,-0.006571926,-0.011650062,-0.008627718,0.000466664,0.008516412,0.008634738,4.73E-05,-0.010580258,-0.014107973,-0.006521964,0.007194901,0.016579632,0.014084939,0.001457455,-0.011419819,-0.014498837,-0.005783764,0.007120082,0.01344825,0.008250058,-0.003692962,-0.012206084,-0.010444924,-0.000483613,0.008866446,0.009851749,0.002295465,-0.006686667,-0.009209665,-0.003452878,0.005121473,0.008932399,0.004995874,-0.002751495,-0.007315699,-0.004965166,0.001690212,0.00639674,0.005021727,-0.000898104,-0.005856156,-0.005517057,-0.00051899,0.004390172,0.004850989,0.000785333,-0.003785268,-0.004610776,-0.001077933,0.003427102,0.004802781,0.001991568,-0.002224631,-0.00396348,-0.001838243,0.001913436,0.003673865,0.001840568,-0.001795035,-0.003851992,-0.002537871,0.000784136,0.003002591,0.002203661,-0.000630439,-0.002677628,-0.001983922,0.000756028,0.00295189,0.002596051,9.72E-05,-0.002201115,-0.002270968,-0.000255356,0.001774642,0.001844446,-7.77E-05,-0.002125344,-0.002350483,-0.000548964,0.001608792,0.002196897,0.000825478,-0.00107164,-0.00165995,-0.000439961,0.001339766,0.001926941,0.000738282,-0.001123877,-0.001954601,-0.001057199,0.000645506
0.003973147,0.001173937,0.005179387,0.01014975,0.012336981,0.009117602,0.000938853,-0.008028556,-0.012101244,-0.008278253,0.000792219,0.008072669,0.007396663,-0.001222139,-0.010912648,-0.013113881,-0.004750281,0.008624796,0.016798053,0.013106748,0.000139538,-0.012053897,-0.014028812,-0.004662256,0.007979358,0.013404774,0.007403276,-0.004647275,-0.012569536,-0.010057019,0.000212477,0.009242075,0.009616432,0.001695681,-0.007123253,-0.009133529,-0.002961227,0.005608907,0.009050473,0.004727901,-0.003099234,-0.00740691,-0.004722695,0.002042398,0.006551561,0.004858208,-0.001228257,-0.006082262,-0.005490471,-0.000326705,0.004525972,0.004781839,0.000563072,-0.00396791,-0.0045988,-0.000886333,0.003639547,0.00488265,0.001922217,-0.002323701,-0.003958283,-0.001705676,0.002068689,0.003718687,0.001732745,-0.001975069,-0.003979205,-0.002553308,0.000831059,0.00301292,0.002128512,-0.000742829,-0.002727414,-0.001911632,0.000916623,0.003105499,0.002668807,9.35E-05,-0.002217,-0.0022455,-0.000200609,0.001792693,0.001770358,-0.000233257,-0.002289601,-0.002447148,-0.000556128,0.001651929,0.002236378,0.000845367,-0.001039478,-0.001575659,-0.000304817,0.00147262,0.001990774,0.000705042,-0.001224157,-0.002062661,-0.001133091,0.000598453
0.013968865,0.007255992,0.009388347,0.012413749,0.01261449,0.00789884,-0.000791914,-0.00924523,-0.012316317,-0.007810443,0.001117019,0.007606378,0.006224432,-0.002307211,-0.011022557,-0.011995615,-0.003045841,0.009816806,0.016732721,0.011944995,-0.001189622,-0.012568773,-0.013424667,-0.003493754,0.00877874,0.013260096,0.00650621,-0.005553778,-0.012815775,-0.009558354,0.000950433,0.009585206,0.009321334,0.001064867,-0.007541776,-0.009016572,-0.00245156,0.006066495,0.009105283,0.004402427,-0.003467856,-0.007482524,-0.004454408,0.002403643,0.00669369,0.004678765,-0.001554259,-0.006277185,-0.005420551,-0.000102309,0.004669963,0.004703259,0.000330578,-0.004150473,-0.004580304,-0.000695551,0.003833847,0.004930463,0.001821091,-0.002440911,-0.003954999,-0.001566825,0.002228816,0.003764887,0.001629278,-0.002140006,-0.004079954,-0.002539248,0.000899293,0.003030512,0.002049198,-0.000863829,-0.00278591,-0.001849741,0.001060694,0.003235244,0.002715515,7.03E-05,-0.002239346,-0.002213643,-0.000131927,0.001826683,0.001712347,-0.000371221,-0.002434136,-0.002524988,-0.000551415,0.001695083,0.002263974,0.000846358,-0.001026909,-0.001507793,-0.000182572,0.001595142,0.002047397,0.000670315,-0.001317832,-0.002156716,-0.001191894,0.000566029
0.023085758,0.012828259,0.013155748,0.014300122,0.012640635,0.006605666,-0.002430939,-0.01028136,-0.012363189,-0.007251318,0.001462679,0.007151345,0.005114224,-0.003271868,-0.011009224,-0.010830828,-0.001415372,0.010842046,0.016491968,0.010684818,-0.002508186,-0.013001823,-0.01274272,-0.002308864,0.009531004,0.013052447,0.005586973,-0.006419084,-0.012982551,-0.008991739,0.001709074,0.009903945,0.008989562,0.000419092,-0.00794484,-0.008873639,-0.001934184,0.006500513,0.009117437,0.004040885,-0.00384802,-0.007547596,-0.004171153,0.002768187,0.00682625,0.004489824,-0.001875353,-0.006449915,-0.005321833,0.000142636,0.004819179,0.004619484,9.31E-05,-0.004331562,-0.004557362,-0.000506356,0.004014791,0.004956182,0.00169858,-0.002570539,-0.003953995,-0.001425349,0.002390798,0.003811514,0.001529302,-0.002293654,-0.004161789,-0.002504462,0.000982772,0.003054231,0.001968591,-0.00098937,-0.002849885,-0.001795575,0.001192083,0.003347066,0.002742935,3.25E-05,-0.002267432,-0.002178616,-5.44E-05,0.001871905,0.001666805,-0.000494904,-0.002562733,-0.002587912,-0.000537225,0.001738874,0.002283323,0.000833471,-0.0010296,-0.001453754,-7.19E-05,0.00170834,0.002097979,0.00063484,-0.001405526,-0.002238946,-0.001236425,0.000546133
0.031466506,0.017973272,0.016554322,0.015872436,0.012458709,0.005251707,-0.00399307,-0.011167356,-0.012270451,-0.006616333,0.001825982,0.00670613,0.004055751,-0.004136838,-0.010894363,-0.009628336,0.000153113,0.011728902,0.016106218,0.009343722,-0.003817436,-0.013366933,-0.011996544,-0.001110783,0.010243985,0.012792671,0.004649608,-0.007250018,-0.013083416,-0.008368966,0.002484638,0.010202346,0.008627445,-0.000238941,-0.008334976,-0.008709167,-0.001410502,0.006914916,0.009094227,0.003649512,-0.004237665,-0.007603898,-0.003875525,0.003135396,0.006950835,0.004293018,-0.002192344,-0.006604224,-0.005199258,0.000404582,0.004972702,0.004531415,-0.00014834,-0.004511392,-0.00453072,-0.000318483,0.004184647,0.004963579,0.001558351,-0.002710452,-0.00395489,-0.001281725,0.002554279,0.003858468,0.001432214,-0.002437931,-0.00422793,-0.002452482,0.0010789,0.00308305,0.00188694,-0.001118644,-0.002918381,-0.001747811,0.001312938,0.003443999,0.002754335,-1.75E-05,-0.002300306,-0.002140987,3.05E-05,0.001926436,0.001631618,-0.000606707,-0.002678069,-0.002638423,-0.000515146,0.001783208,0.002295837,0.000809059,-0.001044979,-0.001411228,2.90E-05,0.001813759,0.002143527,0.000598746,-0.00148823,-0.002311323,-0.001269064,0.000536677
0.037733614,0.021877443,0.018958233,0.016681185,0.011831499,0.003818123,-0.005331528,-0.011689554,-0.011855627,-0.005802162,0.002250334,0.006312342,0.003132373,-0.00478736,-0.010591757,-0.00839508,0.001542151,0.012298665,0.01542289,0.007864228,-0.005073002,-0.013573252,-0.011123923,9.21E-05,0.010855244,0.012420788,0.00368793,-0.007990092,-0.013035423,-0.007631349,0.003284186,0.010448297,0.008200859,-0.000915217,-0.008689203,-0.008496464,-0.000878029,0.007280346,0.008991634,0.003195964,-0.00464312,-0.007638572,-0.00355472,0.003504074,0.007054679,0.004078958,-0.002497893,-0.006715851,-0.005024192,0.00070211,0.005134081,0.004434253,-0.000396403,-0.004685714,-0.004494563,-0.000133996,0.004328745,0.004929766,0.00137918,-0.002872695,-0.003960475,-0.00113511,0.002718786,0.00390452,0.001341258,-0.002560604,-0.004258134,-0.002361475,0.001203862,0.003124344,0.001804754,-0.001254225,-0.002995581,-0.001714231,0.00140913,0.003505846,0.002728024,-9.64E-05,-0.002345531,-0.002099103,0.000130598,0.002001615,0.001620801,-0.00068949,-0.002760702,-0.002658356,-0.000473418,0.001829719,0.002292972,0.000757742,-0.001090921,-0.001397532,0.000104834,0.001898815,0.002176179,0.000561448,-0.001557857,-0.002358533,-0.001271488,0.000553989
0.042802978,0.025073282,0.020818803,0.017102456,0.011003563,0.002374415,-0.006537402,-0.012024021,-0.011283665,-0.00490211,0.002707973,0.005951454,0.0022798,-0.005339019,-0.01021556,-0.007170065,0.002826954,0.012712756,0.014609544,0.00633981,-0.006284621,-0.013697371,-0.010197386,0.001284982,0.011408928,0.011995068,0.002721382,-0.008679426,-0.012914369,-0.006843612,0.004087493,0.010663949,0.007743652,-0.001595868,-0.009021696,-0.008259171,-0.000343126,0.007619728,0.008850378,0.002714759,-0.005052828,-0.007660806,-0.003222296,0.003871214,0.007146416,0.003855931,-0.002797301,-0.006806273,-0.004824288,0.001015262,0.005297697,0.004332253,-0.000646736,-0.004855843,-0.00445264,4.92E-05,0.004460317,0.004876176,0.001181857,-0.003044872,-0.003967948,-0.00098754,0.002882635,0.003948924,0.00125251,-0.002673073,-0.004271,-0.002251732,0.001342556,0.003171695,0.001722849,-0.001391855,-0.00307591,-0.001686794,0.001493553,0.003550454,0.002683044,-0.000189684,-0.002397201,-0.002055777,0.000237359,0.002086199,0.00162162,-0.000757821,-0.002826674,-0.002662547,-0.000421428,0.001877713,0.002282781,0.000693245,-0.001152103,-0.001398555,0.000167512,0.001973015,0.002201938,0.000523534,-0.001620519,-0.00239244,-0.00125799,0.000585426
0.046550184,0.027487215,0.022079585,0.017095977,0.009954043,0.000919529,-0.007596916,-0.012151241,-0.010538236,-0.003907252,0.003202352,0.005626876,0.001505376,-0.005781547,-0.009758118,-0.005954137,0.0039967,0.012954998,0.01365267,0.00476579,-0.007447731,-0.013730739,-0.009211319,0.002466704,0.011899049,0.011509922,0.001749454,-0.009312755,-0.012712672,-0.006000543,0.004894954,0.010846155,0.007252643,-0.00228135,-0.009330201,-0.007994737,0.00019446,0.007930353,0.008666439,0.002203022,-0.005467232,-0.007669308,-0.002877044,0.004236653,0.007224792,0.003623006,-0.003089929,-0.006873284,-0.004596964,0.001345661,0.005463785,0.004224911,-0.000899575,-0.005021338,-0.004404344,0.000231055,0.00457806,0.004800756,0.000964496,-0.003228015,-0.003977501,-0.000838913,0.003045756,0.003991508,0.001166198,-0.002774277,-0.004264725,-0.002121305,0.001496413,0.003225734,0.001641253,-0.001531748,-0.003159695,-0.001666139,0.001564984,0.003576032,0.002617456,-0.000298914,-0.002455989,-0.002010856,0.000351464,0.002181164,0.001635284,-0.000810201,-0.002874256,-0.002649362,-0.000358109,0.001927345,0.002264503,0.000614199,-0.00123011,-0.001415823,0.000215665,0.002035232,0.002220087,0.000484939,-0.001675491,-0.00241166,-0.001226915,0.000632458
0.047789838,0.028409356,0.022231454,0.016345503,0.008565159,-0.000495695,-0.008359538,-0.011905478,-0.009501695,-0.002763591,0.003753544,0.005368631,0.000868892,-0.006047361,-0.00919157,-0.004793974,0.004939416,0.012901223,0.012479767,0.003153384,-0.008488294,-0.013594534,-0.008136293,0.003603349,0.012260533,0.010920764,0.000780688,-0.009836338,-0.012370199,-0.005074239,0.005691541,0.01095833,0.006703078,-0.002965936,-0.009586979,-0.007679143,0.000734169,0.008187022,0.008408617,0.001644362,-0.005881292,-0.007648404,-0.002509802,0.004594435,0.007274854,0.003370504,-0.003370512,-0.006899287,-0.004324027,0.001701564,0.005629576,0.004106227,-0.001155417,-0.005175379,-0.004341755,0.000412257,0.004672654,0.004688759,0.000714908,-0.003427098,-0.003988649,-0.000688691,0.003205285,0.004027791,0.001081457,-0.002857699,-0.00422661,-0.001956591,0.001674798,0.003290233,0.001560559,-0.001673525,-0.003246496,-0.001654432,0.001615821,0.00356967,0.002516729,-0.000435373,-0.002527175,-0.001964086,0.000476423,0.002291753,0.001669167,-0.000835997,-0.002889966,-0.002605416,-0.00027437,0.001980512,0.002232891,0.000510698,-0.00133657,-0.001460945,0.00023831,0.002075838,0.002224205,0.000444873,-0.001716631,-0.002404322,-0.001164129,0.000707491
0.047817804,0.028606897,0.021857113,0.015259846,0.007043377,-0.001865852,-0.008967101,-0.011483752,-0.008338635,-0.001563032,0.004322534,0.005138143,0.000295112,-0.006236563,-0.008586429,-0.003674728,0.005766801,0.012712311,0.011221986,0.001545069,-0.009453963,-0.013373331,-0.007026015,0.004707119,0.012553114,0.010282012,-0.000181428,-0.010303278,-0.011961886,-0.004115321,0.006474154,0.011031657,0.006125812,-0.003645795,-0.009814526,-0.007337262,0.00127407,0.008416775,0.00811648,0.001066855,-0.006290785,-0.00761065,-0.002132078,0.004946442,0.007309027,0.00310738,-0.003645602,-0.006906118,-0.004030888,0.002066989,0.005792633,0.003980847,-0.001412252,-0.005322416,-0.004270722,0.000594307,0.004757092,0.00456054,0.000451778,-0.00363176,-0.003999149,-0.000537521,0.003362113,0.00405948,0.00099588,-0.00293401,-0.004174647,-0.001777017,0.00186336,0.003358641,0.001480145,-0.001815302,-0.003333108,-0.001645163,0.001658477,0.003549433,0.002400385,-0.000583906,-0.002603808,-0.001916692,0.000605483,0.002408145,0.001710929,-0.000850577,-0.002891448,-0.00254732,-0.000181052,0.002035552,0.002195511,0.000396533,-0.001455368,-0.001518199,0.000249571,0.002106447,0.002221579,0.000403897,-0.001751407,-0.00238457,-0.001086545,0.000795464
0.046256483,0.027853247,0.020794697,0.013739891,0.005354112,-0.003171212,-0.009368743,-0.010832164,-0.007012736,-0.000291131,0.004912764,0.004943115,-0.000197289,-0.006327213,-0.007933763,-0.002612217,0.006441685,0.012347882,0.009857154,-5.29E-05,-0.010317961,-0.013039971,-0.005871196,0.005765339,0.012753859,0.009578356,-0.001133703,-0.010695132,-0.01146768,-0.003115295,0.007236528,0.011052918,0.005512342,-0.00431851,-0.010002816,-0.006960557,0.001814041,0.008611042,0.007779639,0.000465464,-0.006693317,-0.007550221,-0.00174064,0.005290424,0.007321869,0.002830063,-0.003913566,-0.006887944,-0.003711657,0.002444295,0.005951534,0.003846415,-0.001670292,-0.005459941,-0.004188276,0.000777724,0.004828435,0.004411356,0.00017133,-0.00384327,-0.004008493,-0.000385068,0.003515191,0.004084804,0.000908853,-0.003001325,-0.004104846,-0.001578327,0.002064903,0.003431928,0.001400058,-0.00195688,-0.003419108,-0.001638678,0.001690789,0.003511338,0.002263858,-0.000748039,-0.002687471,-0.001868544,0.000739674,0.002531763,0.001762609,-0.000850805,-0.002874527,-0.002470817,-7.52E-05,0.002093082,0.002150714,0.000268634,-0.001590039,-0.001591074,0.000246109,0.002124044,0.002210119,0.000361683,-0.001777905,-0.002348622,-0.000989667,0.00090028
0.042668715,0.025877986,0.01887358,0.011716912,0.003519952,-0.004331907,-0.009474336,-0.009890805,-0.005510543,0.001031765,0.005499317,0.004777863,-0.000593409,-0.006304639,-0.007244597,-0.001651163,0.006904777,0.011769388,0.008394449,-0.001585302,-0.01100988,-0.012549129,-0.004674351,0.006736644,0.012815189,0.008788351,-0.002061484,-0.010978094,-0.010863479,-0.002078317,0.007950501,0.010991634,0.004851155,-0.004971385,-0.010127768,-0.006532683,0.002352503,0.008755639,0.007385953,-0.000158697,-0.007075399,-0.007452257,-0.00133062,0.005618672,0.007300369,0.00253045,-0.004172958,-0.006837716,-0.003361817,0.002830493,0.00609799,0.003696235,-0.00192923,-0.005581123,-0.004086503,0.000966051,0.004884849,0.004237657,-0.000127169,-0.004058276,-0.00401216,-0.000229898,0.003661113,0.004097691,0.000815678,-0.003060519,-0.004015182,-0.001358562,0.002279192,0.003508261,0.001319415,-0.002096252,-0.00350014,-0.001630869,0.001714162,0.003453738,0.002104245,-0.000929772,-0.002778589,-0.001819597,0.000878023,0.002660402,0.00182217,-0.000836742,-0.002836726,-0.00237213,4.61E-05,0.002154093,0.002097705,0.000125631,-0.001741655,-0.001680529,0.000226294,0.002126068,0.002187234,0.000317176,-0.001794623,-0.002292795,-0.000869168,0.001025257
0.038126864,0.023323778,0.016555119,0.009477272,0.001646089,-0.005397279,-0.00942438,-0.0088128,-0.003938745,0.00235969,0.006068435,0.004618669,-0.000946424,-0.006231295,-0.006545797,-0.000749447,0.007259231,0.011091555,0.006900228,-0.003064262,-0.011600734,-0.011975873,-0.003463409,0.007653415,0.01279919,0.007954774,-0.002972256,-0.011202421,-0.010205526,-0.00103004,0.008631103,0.010883109,0.004166042,-0.00560989,-0.010216018,-0.006076898,0.002889498,0.008874016,0.00696456,-0.000790605,-0.00744237,-0.007332115,-0.000910985,0.005936847,0.007258959,0.002218116,-0.004428353,-0.006771706,-0.002998183,0.003218239,0.006235118,0.003536385,-0.002188423,-0.005692515,-0.00397321,0.00115815,0.004934723,0.004052951,-0.000432658,-0.004272562,-0.00401104,-7.28E-05,0.003802594,0.004102639,0.000717602,-0.003117248,-0.003917132,-0.00113006,0.002497862,0.00358448,0.001237882,-0.00223381,-0.003576924,-0.001620205,0.001735163,0.003388214,0.001934721,-0.001118871,-0.00287247,-0.001770173,0.001017402,0.002789563,0.001883283,-0.000817734,-0.002790151,-0.002263427,0.000174672,0.002216829,0.002041248,-2.35E-05,-0.001899823,-0.001776265,0.000199902,0.002121193,0.002158814,0.000271196,-0.001807081,-0.002227876,-0.000737906,0.001159163
0.032257002,0.019960713,0.013689013,0.006951881,-0.000260638,-0.006308598,-0.009145195,-0.007544426,-0.002280582,0.003679713,0.00660095,0.004461668,-0.001241176,-0.006089264,-0.005839508,6.06E-05,0.007455437,0.010276575,0.005373591,-0.004451131,-0.012035154,-0.011281408,-0.002237331,0.008483589,0.012666376,0.007058263,-0.003855043,-0.011339352,-0.009471224,2.92E-05,0.009256937,0.010702251,0.003446496,-0.006224438,-0.010247785,-0.005579269,0.003423846,0.008953661,0.006503853,-0.001430955,-0.007784002,-0.007177575,-0.000477298,0.006238904,0.00718691,0.001886331,-0.004678206,-0.006683186,-0.002615829,0.003606071,0.006356541,0.003361318,-0.002447828,-0.005788628,-0.003841976,0.001356644,0.004975876,0.003853346,-0.000746692,-0.004483989,-0.004001603,8.76E-05,0.003937051,0.004094906,0.000611133,-0.003171613,-0.003808172,-0.000890331,0.00272136,0.003659331,0.001154619,-0.002368228,-0.003646296,-0.001603814,0.001754301,0.00331265,0.001752153,-0.001317502,-0.002969608,-0.001720006,0.00115749,0.002918003,0.001944861,-0.000793241,-0.002732189,-0.002141126,0.000313184,0.00228204,0.001980316,-0.000180556,-0.002065987,-0.001879542,0.000165234,0.002107052,0.002122569,0.000222856,-0.001813882,-0.002150516,-0.000591943,0.001305059
0.025324473,0.01593855,0.010404503,0.004257983,-0.002106234,-0.00701065,-0.008629171,-0.006120838,-0.00059605,0.004930045,0.007050473,0.004279937,-0.001493084,-0.005893749,-0.005145062,0.00076254,0.007493727,0.009350791,0.003862791,-0.005693465,-0.012278169,-0.010460684,-0.001016632,0.009198726,0.012399264,0.006100184,-0.004696691,-0.011379248,-0.008666174,0.001078709,0.009803649,0.010434415,0.002693673,-0.006802708,-0.010210237,-0.005034586,0.003953054,0.008991093,0.006006534,-0.002069249,-0.00808696,-0.006979744,-2.91E-05,0.006518854,0.007077196,0.001531325,-0.004923053,-0.006572975,-0.002219251,0.003985744,0.006453651,0.003166136,-0.002706966,-0.005865266,-0.003688062,0.001564871,0.005010809,0.003642492,-0.001063334,-0.004685436,-0.003978228,0.000253084,0.004062378,0.004070029,0.000491442,-0.003228015,-0.003692826,-0.000644794,0.002943674,0.003727813,0.001067541,-0.00249783,-0.003703553,-0.001575626,0.001777622,0.003232591,0.001561721,-0.001520993,-0.003066743,-0.00166851,0.001295487,0.003040039,0.001999848,-0.000770024,-0.002668261,-0.002009018,0.000459469,0.00234937,0.001916813,-0.000341098,-0.002234048,-0.001983863,0.00012763,0.002086825,0.002079385,0.000171211,-0.001817269,-0.002063933,-0.000435222,0.001458762
0.017914075,0.011614826,0.006940051,0.001513849,-0.003886697,-0.007581065,-0.007982973,-0.004626019,0.001081231,0.006120393,0.00743837,0.004075561,-0.001726184,-0.005673014,-0.004462294,0.00140105,0.007446418,0.008373355,0.002376494,-0.006839783,-0.012405494,-0.009569878,0.000193744,0.009841203,0.012052974,0.00510929,-0.005510946,-0.011362524,-0.007824269,0.002115868,0.010298717,0.010114092,0.001923271,-0.007356678,-0.010130294,-0.004462526,0.004478278,0.009003919,0.005489932,-0.002702827,-0.008364114,-0.006755155,0.000427243,0.006784534,0.006944424,0.001162431,-0.005165113,-0.00645094,-0.001816295,0.004358135,0.006534447,0.002958233,-0.002965772,-0.005929779,-0.003520147,0.001779437,0.005043007,0.003426579,-0.001379431,-0.00487895,-0.003945229,0.000422075,0.004182014,0.004034286,0.000362942,-0.003286915,-0.003575412,-0.000397872,0.003163254,0.003791004,0.00097756,-0.002624297,-0.003752621,-0.00153895,0.001805241,0.003151918,0.001368749,-0.001725486,-0.003162646,-0.001615969,0.001431459,0.003156645,0.002048791,-0.000749854,-0.00260296,-0.001872892,0.000609192,0.002417658,0.001852499,-0.000502089,-0.002400985,-0.002086417,9.04E-05,0.002064429,0.002032729,0.000117411,-0.00181961,-0.001973489,-0.00027408,0.001615179
0.009952741,0.006932589,0.003285524,-0.001234269,-0.005512624,-0.007920523,-0.007136774,-0.003046082,0.002709828,0.007181142,0.007703955,0.003820759,-0.001938579,-0.005420757,-0.003806401,0.001935023,0.007269665,0.007332536,0.000955117,-0.00780996,-0.012336963,-0.008570232,0.001375548,0.010355757,0.011575779,0.004069763,-0.006274855,-0.011253126,-0.006929248,0.003121801,0.010700358,0.009705036,0.001127093,-0.007865794,-0.009977786,-0.003845788,0.004995388,0.008976525,0.00494516,-0.003322968,-0.008593773,-0.006484334,0.00089603,0.007024652,0.006772162,0.000770253,-0.005402839,-0.006310915,-0.001406034,0.004714504,0.006585088,0.002727914,-0.003223745,-0.005973202,-0.003328062,0.002005453,0.005072186,0.003204824,-0.001691274,-0.005056055,-0.003894055,0.000597623,0.004291739,0.003979337,0.00021825,-0.00335202,-0.003457305,-0.000151947,0.003375029,0.00384298,0.000881726,-0.002745101,-0.003786455,-0.001485778,0.001842913,0.003073507,0.001174951,-0.001928638,-0.00325454,-0.001561283,0.001562803,0.003261609,0.00208427,-0.000738413,-0.002538843,-0.001732966,0.000762754,0.002487066,0.001787986,-0.000661193,-0.002562457,-0.002182217,5.69E-05,0.002040725,0.001981328,5.97E-05,-0.001821778,-0.001879202,-0.000108721,0.001773044
0.001965431,0.002204844,-0.000332786,-0.003841284,-0.006922184,-0.008039935,-0.006149095,-0.001454925,0.004227435,0.00807331,0.007826746,0.003500568,-0.00214854,-0.005155581,-0.003183955,0.002381124,0.007002787,0.006275383,-0.000367737,-0.008598039,-0.012092372,-0.007490883,0.002510073,0.010744358,0.010985331,0.002999675,-0.006983957,-0.011063448,-0.006001763,0.004080773,0.01100581,0.009215502,0.000315376,-0.008326316,-0.009757238,-0.003191811,0.005501328,0.008913584,0.004381862,-0.003921173,-0.008773005,-0.006169582,0.001373786,0.007238342,0.006562809,0.000357658,-0.005636332,-0.006157074,-0.000994738,0.005049737,0.006603506,0.002475512,-0.003480297,-0.005996163,-0.003113177,0.002242664,0.005100675,0.00298189,-0.001993645,-0.00521285,-0.003822787,0.000780361,0.004391924,0.003905514,5.68E-05,-0.003425724,-0.00334294,8.75E-05,0.003574093,0.003880505,0.000778632,-0.002860303,-0.003804129,-0.001414024,0.001894303,0.003002596,0.000986301,-0.002125162,-0.003339095,-0.001503619,0.00168808,0.003351769,0.002101838,-0.000741148,-0.002481889,-0.001594825,0.000916218,0.002556372,0.001725112,-0.000814025,-0.002712598,-0.002265048,3.31E-05,0.00202007,0.001927573,-2.02E-06,-0.001826676,-0.001786254,5.46E-05,0.001926454
-0.005937535,-0.002492695,-0.003883033,-0.006325748,-0.008174899,-0.008014101,-0.005078136,0.00012902,0.00565799,0.008844412,0.00784976,0.003134191,-0.002359383,-0.004884323,-0.002584674,0.002771392,0.006682517,0.005215854,-0.001618163,-0.009262643,-0.01173335,-0.00636391,0.003608641,0.011048147,0.01032201,0.001912904,-0.007654656,-0.010821586,-0.005056236,0.005004918,0.011245703,0.008673326,-0.000504573,-0.008753012,-0.009491512,-0.002514318,0.00599875,0.008827183,0.003807731,-0.004502911,-0.008917533,-0.005825611,0.001856785,0.00743386,0.006328819,-6.80E-05,-0.005866712,-0.005994443,-0.000583807,0.005369727,0.006599741,0.002208276,-0.003735703,-0.006005359,-0.00288319,0.002487227,0.00512892,0.002758863,-0.002288712,-0.005355188,-0.003737561,0.000968071,0.004485723,0.00381903,-0.000115845,-0.003505519,-0.003231768,0.000321711,0.003763666,0.003907626,0.000670324,-0.002971766,-0.00381076,-0.001329408,0.001955527,0.002937611,0.00080217,-0.00231622,-0.003418011,-0.001443709,0.001809055,0.003431384,0.002106519,-0.000754425,-0.002430839,-0.00145891,0.001068857,0.002625318,0.001663622,-0.000961843,-0.002853992,-0.002337939,1.67E-05,0.00200229,0.001872666,-6.65E-05,-0.001833961,-0.001695185,0.000215243,0.002075712
-0.013315822,-0.006915031,-0.00714767,-0.008478928,-0.009089773,-0.007722883,-0.00389193,0.0016464,0.006879117,0.009358559,0.007670349,0.002672397,-0.002580944,-0.004610884,-0.00203169,0.003067588,0.006286964,0.004182682,-0.002709264,-0.009689697,-0.011171771,-0.005168154,0.004624168,0.011190845,0.009532419,0.000808388,-0.008247068,-0.010487305,-0.004090114,0.005851431,0.011358274,0.008036709,-0.001332174,-0.009111502,-0.009142301,-0.001797736,0.006476434,0.008697899,0.003218897,-0.005047323,-0.008993514,-0.005427453,0.002346906,0.007593506,0.006049255,-0.000516267,-0.006090254,-0.00581696,-0.000177372,0.005657147,0.006552082,0.001912995,-0.003988241,-0.005988472,-0.00262542,0.002745095,0.005157498,0.002538178,-0.002566583,-0.005467275,-0.003624308,0.001165691,0.004567512,0.003708672,-0.000310061,-0.00359796,-0.00312909,0.000542495,0.003931872,0.003912563,0.000550946,-0.003076259,-0.00379583,-0.001219117,0.002037562,0.002887019,0.000630404,-0.002493304,-0.003483722,-0.001378674,0.001921085,0.003488916,0.002083773,-0.000791283,-0.002394876,-0.001330892,0.001217214,0.002692553,0.001605771,-0.001097296,-0.00297478,-0.002387637,1.84E-05,0.001992899,0.001817113,-0.000136444,-0.001847752,-0.00161119,0.00036666,0.002212958
-0.019955916,-0.010923577,-0.010052232,-0.010296782,-0.00972291,-0.007252336,-0.00266711,0.003061112,0.007903384,0.00965964,0.007333275,0.002137567,-0.002814613,-0.004341317,-0.001512839,0.003306806,0.005860766,0.003197389,-0.003664123,-0.009941739,-0.010478678,-0.003945964,0.005562025,0.011214481,0.008663089,-0.000293024,-0.008774093,-0.010090103,-0.003122115,0.006628972,0.011374137,0.007336788,-0.002156017,-0.009414516,-0.008733656,-0.001058977,0.00693422,0.008537082,0.002624337,-0.005558154,-0.009016125,-0.004990885,0.002838718,0.007724615,0.00573719,-0.000978056,-0.00630655,-0.005629176,0.000222613,0.005917092,0.006470318,0.001597377,-0.004237564,-0.005952122,-0.002348276,0.003011324,0.005186052,0.002320813,-0.002828974,-0.005554437,-0.003488943,0.001370949,0.004640452,0.003581028,-0.000519689,-0.003699902,-0.003034154,0.000750711,0.004081287,0.003898759,0.000422167,-0.003175862,-0.00376468,-0.001089164,0.002136312,0.002849339,0.00047089,-0.002656773,-0.003537134,-0.001308727,0.002026094,0.0035285,0.002038337,-0.000848502,-0.002373317,-0.001211944,0.001359808,0.002757289,0.001551218,-0.001221214,-0.003076736,-0.002416223,3.71E-05,0.001992355,0.00176245,-0.000210523,-0.001868131,-0.001535644,0.000507178,0.002337377
-0.0260091,-0.014601572,-0.012672873,-0.011855518,-0.010143186,-0.00665047,-0.001418946,0.004393287,0.008776369,0.009799655,0.006878305,0.001548668,-0.003057134,-0.004074794,-0.001019269,0.003504811,0.005414203,0.002250653,-0.004515576,-0.010063532,-0.009689771,-0.002707076,0.006439855,0.011149174,0.007735899,-0.001390002,-0.009251147,-0.009646326,-0.002154167,0.007353667,0.011317488,0.006590439,-0.002975805,-0.009675373,-0.008280864,-0.000304561,0.007376307,0.008352536,0.002025983,-0.00604323,-0.008998566,-0.004525858,0.003331285,0.007834088,0.005400974,-0.001449519,-0.006517022,-0.005433614,0.000617516,0.006156156,0.006362907,0.001266657,-0.004484297,-0.005901171,-0.002056825,0.003283521,0.005214407,0.002105979,-0.003079562,-0.005622723,-0.003336929,0.001581915,0.004706763,0.003440528,-0.000740692,-0.003808834,-0.002945032,0.000949342,0.004216388,0.003870712,0.000286231,-0.003271852,-0.003721421,-0.000944527,0.002247577,0.002821433,0.000320776,-0.00280976,-0.003581079,-0.001234957,0.002125856,0.003554559,0.001975766,-0.000921158,-0.00236278,-0.00110006,0.001497831,0.002819998,0.001499144,-0.001336315,-0.003164293,-0.002428664,6.89E-05,0.001998663,0.001708578,-0.00028772,-0.001893597,-0.001466713,0.000639155,0.002451814
-0.030522252,-0.017396854,-0.014571896,-0.012808265,-0.010114868,-0.005815186,-0.000182134,0.005499977,0.009304024,0.0095993,0.006187537,0.000857323,-0.003315249,-0.003815895,-0.000573714,0.003634985,0.004953686,0.00140984,-0.005144226,-0.009931423,-0.008735774,-0.001466939,0.007177238,0.010906964,0.006711532,-0.002456,-0.009616967,-0.009114409,-0.001201556,0.007959425,0.011113852,0.005760743,-0.003774429,-0.009844875,-0.00774289,0.000471462,0.007778446,0.008118893,0.001425165,-0.006470062,-0.008897857,-0.004006687,0.003820043,0.007897158,0.005018047,-0.001935454,-0.00671154,-0.005221754,0.000999544,0.006349964,0.00620269,0.000906813,-0.004723912,-0.00582056,-0.001738634,0.003564706,0.00524052,0.001896739,-0.003304205,-0.005650822,-0.00315042,0.001804275,0.004759689,0.003275084,-0.000982884,-0.003930503,-0.002867792,0.001126848,0.004320071,0.003811801,0.000134673,-0.00336106,-0.003654124,-0.000770711,0.002384064,0.002814293,0.000191938,-0.002938599,-0.003603272,-0.00115198,0.002215181,0.003552462,0.001877148,-0.001026889,-0.002376916,-0.001005239,0.001623996,0.002876988,0.001452125,-0.001431788,-0.003219706,-0.002405029,0.000130026,0.002021138,0.00165756,-0.00037126,-0.001930876,-0.001414134,0.000749971,0.002542212
-0.033982866,-0.019581204,-0.015988652,-0.013382205,-0.009833136,-0.004875117,0.001009502,0.006444976,0.009617617,0.009204932,0.005372869,0.000119127,-0.003575707,-0.003559171,-0.000152218,0.003735936,0.004500251,0.000643141,-0.00564245,-0.009666093,-0.007710302,-0.000249106,0.007822473,0.010567619,0.005646875,-0.003488265,-0.009911814,-0.008535781,-0.000267132,0.008490556,0.010827805,0.004892151,-0.004551338,-0.009958127,-0.007159844,0.001251874,0.00815112,0.007855575,0.000825721,-0.006860224,-0.008749246,-0.003459791,0.00430235,0.007931757,0.004610268,-0.002425395,-0.006893134,-0.004999244,0.00137329,0.006516623,0.006012392,0.000531946,-0.004957762,-0.005722899,-0.001407104,0.0038481,0.005263084,0.001689995,-0.003513527,-0.005655366,-0.002944279,0.002032622,0.004804892,0.003096448,-0.001235175,-0.004057428,-0.002796244,0.001292192,0.004405011,0.003734466,-2.63E-05,-0.003446815,-0.003573892,-0.000581481,0.002533692,0.002818398,7.56E-05,-0.003052488,-0.0036117,-0.001062736,0.002299092,0.003534552,0.00175812,-0.001151494,-0.002405538,-0.000921108,0.0017421,0.002929588,0.001407528,-0.001515682,-0.003255774,-0.002359591,0.000209082,0.002053665,0.001608679,-0.000458334,-0.001975409,-0.001372095,0.000846968,0.002617089
-0.036524743,-0.021232294,-0.016984452,-0.013625502,-0.009330212,-0.003843592,0.002161695,0.007248838,0.009744371,0.008641224,0.004450061,-0.000659957,-0.003838208,-0.003304346,0.000248272,0.003811381,0.004052998,-5.89E-05,-0.006026832,-0.009284488,-0.006622448,0.000949253,0.008387268,0.010143491,0.004547055,-0.004491082,-0.010144708,-0.007916384,0.000651409,0.008956544,0.010469829,0.003989615,-0.00530929,-0.010022277,-0.006537456,0.002036117,0.008498068,0.007566358,0.000227481,-0.007218379,-0.008558827,-0.002888703,0.004779023,0.007941504,0.004180803,-0.002918832,-0.007063445,-0.004767443,0.001739807,0.006659587,0.005795844,0.000143969,-0.005186582,-0.005610354,-0.001063933,0.004133421,0.00528255,0.001485431,-0.003709474,-0.005639354,-0.002721005,0.00226619,0.004843351,0.002906297,-0.001496279,-0.004188941,-0.002729666,0.001446919,0.004473595,0.003641053,-0.000195453,-0.003529556,-0.003482373,-0.0003788,0.002694791,0.002832318,-2.97E-05,-0.003153327,-0.003608114,-0.000968023,0.002378274,0.003502841,0.001621277,-0.00129257,-0.0024468,-0.000846308,0.001853167,0.002978355,0.001365045,-0.001589468,-0.003274954,-0.002295118,0.000303751,0.002094966,0.001561661,-0.000548492,-0.002026274,-0.001339257,0.000931903,0.002678418
-0.036973033,-0.021656701,-0.01703587,-0.013165545,-0.008400277,-0.002685211,0.003164772,0.007713363,0.009471463,0.007746084,0.003339101,-0.001490046,-0.004084519,-0.003044877,0.000612117,0.003848151,0.003639258,-0.000611186,-0.006179277,-0.008691667,-0.005452039,0.00206382,0.008765129,0.009553882,0.003405288,-0.005401374,-0.010234475,-0.007218447,0.001520867,0.009277267,0.009968362,0.003035431,-0.006008543,-0.00997703,-0.005841428,0.002811558,0.008777397,0.007218939,-0.000364158,-0.007504883,-0.008282275,-0.002274919,0.005234796,0.007895577,0.003710326,-0.003410198,-0.007201544,-0.004512307,0.002090869,0.006752093,0.005526159,-0.000267034,-0.005400934,-0.005466533,-0.000700902,0.004415889,0.005289622,0.001282402,-0.003878204,-0.005580851,-0.00246344,0.002508761,0.004867348,0.002694673,-0.001770667,-0.004324362,-0.002669325,0.001581314,0.00450828,0.003513929,-0.000381879,-0.003606772,-0.003369622,-0.000152051,0.002875218,0.002863121,-0.000113796,-0.003226487,-0.003577943,-0.00086018,0.002449308,0.003444364,0.001449787,-0.001465439,-0.002512717,-0.000790818,0.001948206,0.00301708,0.001325207,-0.001643142,-0.003259215,-0.002191029,0.000430874,0.00215452,0.001518754,-0.000644661,-0.002090154,-0.001326127,0.00099038,0.002709924
-0.036471993,-0.021520071,-0.016664531,-0.01240625,-0.007307508,-0.001503036,0.004074107,0.008013795,0.009025301,0.006722072,0.002168457,-0.002322276,-0.004311284,-0.002778083,0.000962622,0.003872383,0.003246397,-0.00109447,-0.006235234,-0.008022244,-0.004268001,0.003121651,0.009052374,0.008897355,0.002260274,-0.006255864,-0.010254196,-0.006488475,0.002361673,0.009530053,0.009407302,0.002068115,-0.006672368,-0.00988003,-0.005117114,0.003574602,0.009019573,0.00684327,-0.000951299,-0.007757651,-0.007968456,-0.001646373,0.005676531,0.007822931,0.003223783,-0.003895793,-0.007320684,-0.004244416,0.002435326,0.006822098,0.005234055,-0.00068578,-0.005606616,-0.005308574,-0.000331314,0.004693391,0.005287793,0.001078029,-0.004035706,-0.005504143,-0.002191772,0.002754059,0.004884529,0.002474791,-0.002048144,-0.004458187,-0.002609045,0.001708261,0.004528628,0.003372229,-0.000575719,-0.003681791,-0.003248723,8.30E-05,0.003061262,0.002898802,-0.000189989,-0.003287812,-0.003535649,-0.000745801,0.002517725,0.00337545,0.001264874,-0.001650252,-0.002587793,-0.000743032,0.002035947,0.003050429,0.001285376,-0.001688976,-0.003228946,-0.002070296,0.000571496,0.002221499,0.001477457,-0.000743205,-0.002159238,-0.001321245,0.001037332,0.002728199
-0.034843519,-0.020717077,-0.015791222,-0.011291787,-0.006021868,-0.000293166,0.004871672,0.008119176,0.00837351,0.005545373,0.000927367,-0.003156696,-0.00451463,-0.00250251,0.001297336,0.003881804,0.002878434,-0.001495745,-0.006176741,-0.007262178,-0.003068181,0.004111783,0.009231906,0.008161491,0.001111677,-0.007043846,-0.010190641,-0.00572053,0.003168339,0.009702122,0.008775563,0.001085378,-0.00729397,-0.00972154,-0.004359297,0.004322778,0.009217515,0.006434025,-0.001533068,-0.00797033,-0.007610411,-0.001000376,0.006101513,0.007718528,0.002718205,-0.004374451,-0.007417236,-0.003961346,0.002771944,0.006865384,0.004915355,-0.001113675,-0.005801965,-0.005133824,4.60E-05,0.004964929,0.005275337,0.000872029,-0.004179886,-0.005405829,-0.001903382,0.00300257,0.004893607,0.00224513,-0.002329236,-0.004590062,-0.002548791,0.001826391,0.004531969,0.003213228,-0.000778355,-0.003754203,-0.003118174,0.00032781,0.003253923,0.002940232,-0.000256864,-0.003335092,-0.003478955,-0.000623651,0.00258305,0.00329417,0.001064056,-0.00184921,-0.002673713,-0.000704378,0.002115023,0.003077382,0.001245534,-0.001725521,-0.003181443,-0.001929821,0.000728126,0.00229728,0.001438069,-0.000844564,-0.002234492,-0.001326145,0.001070605,0.002730767
-0.031522833,-0.018904086,-0.014174254,-0.009681611,-0.004507299,0.000889632,0.005445244,0.007905705,0.007424434,0.004181673,-0.000363858,-0.00394496,-0.004651874,-0.002201441,0.001611325,0.003872861,0.002555233,-0.001770328,-0.005958246,-0.006399005,-0.00189179,0.004957106,0.009229515,0.007317205,-9.39E-06,-0.007696877,-0.009983459,-0.004899188,0.0039077,0.009741767,0.008043278,0.000100391,-0.007829082,-0.009460201,-0.003559095,0.005028742,0.009330322,0.005966701,-0.002103249,-0.008116364,-0.00718572,-0.000336796,0.006489313,0.007559704,0.002187553,-0.004831261,-0.007467712,-0.003648799,0.003097199,0.006866931,0.004558022,-0.00154987,-0.005975611,-0.004931848,0.000430505,0.005218611,0.005238165,0.000658415,-0.004305634,-0.005275665,-0.001591883,0.003252683,0.004888623,0.002002815,-0.002609496,-0.004710853,-0.002481716,0.001935095,0.004511067,0.003028723,-0.000993606,-0.003822703,-0.002975325,0.000582179,0.00344944,0.002983645,-0.000313898,-0.00336242,-0.00339972,-0.000488118,0.00264581,0.00319725,0.000843662,-0.002064149,-0.002771167,-0.000676801,0.002180954,0.003092495,0.00120269,-0.001750838,-0.003110362,-0.001761967,0.000906401,0.00238423,0.00140063,-0.000949536,-0.002317309,-0.001343942,0.001084419,0.00271008
-0.027483756,-0.016657835,-0.012245541,-0.007877149,-0.002922406,0.002029622,0.005896996,0.007543184,0.006352802,0.002757591,-0.001649565,-0.004688683,-0.004745034,-0.001883786,0.001916114,0.003855418,0.002253018,-0.001988736,-0.005674786,-0.005504795,-0.000746453,0.005719273,0.009137638,0.006429855,-0.001103121,-0.008273843,-0.009703901,-0.004055821,0.00460963,0.009717231,0.007268845,-0.000875778,-0.008314797,-0.009148084,-0.002743759,0.005706461,0.009396304,0.005469895,-0.002666479,-0.008229481,-0.006731121,0.000330476,0.006854654,0.007373235,0.001647292,-0.005272873,-0.007491792,-0.003319907,0.003417513,0.006848992,0.00418405,-0.001987064,-0.006136409,-0.004716557,0.000816154,0.005460066,0.005185719,0.000438888,-0.004423921,-0.005131596,-0.001271126,0.003501769,0.004876221,0.00175565,-0.002886431,-0.004822715,-0.00240817,0.002041562,0.004480107,0.002833221,-0.001214002,-0.003889248,-0.002827894,0.000838336,0.003642685,0.003024491,-0.000368825,-0.003381651,-0.00331019,-0.000345937,0.002708339,0.003094785,0.000616768,-0.002283384,-0.002871098,-0.000652532,0.00224121,0.00310134,0.001156999,-0.001772657,-0.003030166,-0.00158335,0.001092802,0.002474851,0.001363445,-0.001055791,-0.002402433,-0.001366229,0.001090517,0.002679563
-0.022508012,-0.013844994,-0.009911858,-0.005825426,-0.001255892,0.003102075,0.006179911,0.006981213,0.005122751,0.001261904,-0.00291805,-0.005365,-0.004774723,-0.001542354,0.002208751,0.00382663,0.001978904,-0.002132999,-0.005307732,-0.00457489,0.000350485,0.006364899,0.008924501,0.005487472,-0.002155351,-0.008744613,-0.009325712,-0.003183987,0.005259437,0.009606028,0.006439665,-0.001836785,-0.008731354,-0.00876709,-0.001909771,0.006343479,0.009397229,0.004932852,-0.003219881,-0.008297954,-0.006236932,0.001001143,0.007188208,0.007149018,0.001094897,-0.00569245,-0.007478892,-0.002968278,0.003731337,0.006804988,0.003788299,-0.002424609,-0.006279093,-0.00448325,0.001202614,0.005683839,0.005111571,0.000210653,-0.004532604,-0.004969251,-0.000938514,0.003748874,0.004853604,0.001502361,-0.003157917,-0.004921353,-0.002324856,0.002145774,0.004436116,0.002623318,-0.001441024,-0.003953133,-0.002674732,0.001095972,0.003831655,0.003060718,-0.000421778,-0.003390464,-0.003206965,-0.000194731,0.002770892,0.002985493,0.000382079,-0.002507287,-0.002973346,-0.000632055,0.00229403,0.003101548,0.00110701,-0.001790385,-0.002938421,-0.001391025,0.001289395,0.002569861,0.001326376,-0.00116362,-0.002490224,-0.001394004,0.001086758,0.002636247
-0.016677499,-0.010502633,-0.00721871,-0.003591362,0.000411808,0.004025843,0.006232603,0.006196274,0.003756106,-0.000246011,-0.004093242,-0.005906183,-0.004699253,-0.001164161,0.002484849,0.003780528,0.001733697,-0.002200744,-0.00486743,-0.003643352,0.001344966,0.006839829,0.008561062,0.004500217,-0.003124101,-0.009060575,-0.008820631,-0.002287074,0.005833041,0.009387674,0.005558488,-0.002755563,-0.009044827,-0.008299014,-0.001065847,0.006911592,0.009304781,0.004343559,-0.003757103,-0.008309059,-0.005699216,0.001664314,0.007471462,0.006874748,0.000533475,-0.006073724,-0.00741062,-0.002583986,0.004037872,0.006729975,0.003370416,-0.002855106,-0.006393302,-0.004226913,0.001584803,0.005877269,0.005002804,-3.34E-05,-0.004632557,-0.004787733,-0.000596001,0.003988769,0.004816333,0.001244115,-0.003415883,-0.004995159,-0.002221892,0.00225273,0.004380044,0.002399041,-0.001673506,-0.004013035,-0.002517314,0.001348842,0.004006484,0.003082503,-0.000478983,-0.003390446,-0.003088607,-3.23E-05,0.002835564,0.002872439,0.000144998,-0.002728297,-0.003070414,-0.000610762,0.002339708,0.003089963,0.001048325,-0.001807913,-0.002838292,-0.001188261,0.00149232,0.002665573,0.001287485,-0.0012722,-0.002577601,-0.001423658,0.001075652,0.002581159
-0.010533247,-0.006959539,-0.004398547,-0.00131207,0.002042833,0.004850542,0.006161426,0.005307924,0.002343049,-0.001730923,-0.005193537,-0.00635903,-0.004560612,-0.000765487,0.002750499,0.003722976,0.001500282,-0.002234961,-0.004400092,-0.002725728,0.002272029,0.007217932,0.008120653,0.00349868,-0.004037944,-0.009288297,-0.008248757,-0.001381548,0.006362465,0.009113737,0.004656278,-0.003643674,-0.009298422,-0.007785292,-0.000221864,0.007437028,0.009159325,0.003726677,-0.004283965,-0.008289286,-0.005140868,0.002319136,0.007724374,0.006573196,-3.04E-05,-0.00643099,-0.007310137,-0.002181325,0.004340566,0.00663907,0.00294276,-0.003279055,-0.006490291,-0.003958205,0.001962879,0.006051844,0.004873288,-0.000287337,-0.004728927,-0.004597408,-0.00025015,0.004222986,0.004770497,0.000984106,-0.003664407,-0.005052988,-0.002106003,0.002363063,0.00431913,0.002168615,-0.00190765,-0.00407039,-0.002358546,0.001596896,0.004170704,0.003093524,-0.000540915,-0.003387397,-0.002963145,0.000135795,0.002901953,0.002759048,-9.07E-05,-0.002944503,-0.003161657,-0.000586852,0.002382546,0.003071898,0.000983886,-0.001827157,-0.002736066,-0.000982625,0.001696032,0.002759734,0.001246828,-0.001380698,-0.002663245,-0.001452258,0.001062741,0.002521638
-0.004044943,-0.003187947,-0.001445576,0.000988287,0.003584855,0.005508094,0.00590265,0.0042778,0.000883992,-0.003154456,-0.006158239,-0.006664074,-0.004320394,-0.000335178,0.002998931,0.003646173,0.001281361,-0.002225248,-0.003902905,-0.001842457,0.003085955,0.007444914,0.007567175,0.002484366,-0.00485966,-0.009377947,-0.00757706,-0.000467366,0.006822113,0.008757481,0.003728452,-0.0044782,-0.009457373,-0.007203533,0.000617459,0.007892802,0.00893112,0.003068494,-0.004793638,-0.00822274,-0.004553784,0.002957427,0.0079284,0.006230003,-0.000595723,-0.006748841,-0.007158697,-0.001750136,0.004637499,0.006524805,0.002502228,-0.003690607,-0.006559507,-0.003670791,0.002333092,0.006195602,0.004710453,-0.000557471,-0.004820873,-0.004395104,9.90E-05,0.004446991,0.004711079,0.000722242,-0.003896684,-0.005084282,-0.001968435,0.00248021,0.004252377,0.001930303,-0.002143166,-0.004123533,-0.002198578,0.001835639,0.004316161,0.003085565,-0.000612193,-0.0033813,-0.002827863,0.000312235,0.002971464,0.002646665,-0.000321704,-0.003150519,-0.00324135,-0.000557027,0.002421983,0.003043896,0.000909772,-0.001850637,-0.002632829,-0.0007751,0.001898581,0.002849812,0.001202796,-0.001488633,-0.002744913,-0.001477414,0.001049022,0.002457109
0.002386734,0.000579852,0.001459729,0.003170475,0.004944724,0.005956444,0.005464663,0.00315551,-0.000547576,-0.004440381,-0.006926611,-0.006785498,-0.003966342,0.000124337,0.003222712,0.003542103,0.001065903,-0.002191091,-0.003405787,-0.001028137,0.003759379,0.007511965,0.006913435,0.001483583,-0.00556441,-0.009318934,-0.00681191,0.00044073,0.007202501,0.008323872,0.002793073,-0.005238512,-0.009510569,-0.006557548,0.001437791,0.00826435,0.008613831,0.002371915,-0.005280151,-0.008108224,-0.003944845,0.003567711,0.008074642,0.005844113,-0.00115612,-0.007018391,-0.00695044,-0.001289348,0.004927618,0.006388249,0.002054009,-0.004082383,-0.006595562,-0.003364373,0.002690901,0.00630219,0.004509296,-0.000846526,-0.004910356,-0.004184123,0.000446271,0.004655727,0.004635751,0.000460381,-0.004107455,-0.005082648,-0.001803623,0.002608461,0.004183586,0.001688096,-0.002376417,-0.004170801,-0.002039198,0.002059725,0.004435413,0.003051137,-0.000698876,-0.00337642,-0.002685487,0.000495808,0.003045036,0.002539098,-0.000541491,-0.003338049,-0.003301568,-0.000515547,0.002460704,0.003005707,0.000823367,-0.001882861,-0.002534656,-0.000572763,0.002093037,0.002930588,0.001153216,-0.001594697,-0.00281847,-0.001493488,0.001040308,0.002392637
0.008669372,0.004277902,0.004285243,0.005244442,0.006173022,0.006272456,0.004926177,0.00199477,-0.001941716,-0.00562459,-0.007564011,-0.006790817,-0.003543737,0.000598925,0.003428987,0.003419277,0.000849308,-0.002147712,-0.002916355,-0.000262919,0.004343918,0.007483861,0.006205296,0.000498456,-0.006193792,-0.009170404,-0.005994604,0.001340328,0.007533253,0.007846164,0.00185845,-0.00594938,-0.009498688,-0.005875233,0.002242666,0.008582323,0.008242783,0.001654194,-0.005750798,-0.007964849,-0.003324946,0.004158193,0.008184332,0.005432862,-0.001711701,-0.007257048,-0.006707344,-0.000811261,0.005212994,0.00623859,0.00160264,-0.004460383,-0.0066105,-0.003046637,0.003040175,0.006385231,0.004284428,-0.00114714,-0.004998622,-0.003968765,0.000791106,0.004853967,0.00455026,0.000198907,-0.004304235,-0.005060026,-0.001621462,0.002744191,0.004114476,0.001444668,-0.002607219,-0.004213963,-0.001880461,0.002273872,0.004537316,0.002999196,-0.000796172,-0.003373356,-0.002539701,0.00068313,0.003121068,0.002435229,-0.000752945,-0.003512478,-0.003348155,-0.000465623,0.002499753,0.002961492,0.000729082,-0.001921378,-0.002441056,-0.000375402,0.00228079,0.003004399,0.001099739,-0.001699284,-0.002886059,-0.001502598,0.001036193,0.002329629
0.014469568,0.007722641,0.006873525,0.007061577,0.007135732,0.00635288,0.00423345,0.00080364,-0.003230787,-0.006599597,-0.007955248,-0.006589538,-0.00300573,0.001093808,0.003600426,0.003260175,0.000624318,-0.002099874,-0.002455275,0.000404362,0.004770183,0.007297893,0.005417642,-0.000445168,-0.006686336,-0.00887119,-0.005097806,0.002215855,0.007776578,0.007299225,0.000935811,-0.006567425,-0.009374431,-0.005136493,0.003013395,0.008804354,0.007781037,0.000904888,-0.006190852,-0.007772933,-0.002691054,0.004709415,0.008228946,0.004979635,-0.002255458,-0.007440052,-0.006404345,-0.000305118,0.00548909,0.006067502,0.001148959,-0.004811432,-0.006587571,-0.002710103,0.003372925,0.006426289,0.004018358,-0.001467541,-0.005085356,-0.003747754,0.001129007,0.005031893,0.004446503,-6.11E-05,-0.004475354,-0.004999742,-0.001408201,0.002894101,0.004046651,0.00120145,-0.002831711,-0.004249056,-0.001723393,0.002469038,0.004606863,0.002914605,-0.000914017,-0.00337551,-0.00238991,0.000875655,0.003201271,0.002339188,-0.000947247,-0.003660877,-0.003367966,-0.000398624,0.002540886,0.002907346,0.00062057,-0.001972548,-0.00235823,-0.000190153,0.002453571,0.003063734,0.001038592,-0.001800678,-0.00294142,-0.001496974,0.001043013,0.002271955
0.019541325,0.010762769,0.009120461,0.008565757,0.007825709,0.006231781,0.003444865,-0.000357342,-0.004372506,-0.007352666,-0.008115342,-0.006211567,-0.002380725,0.001592822,0.003732968,0.003063947,0.000383792,-0.002062621,-0.002036726,0.000973678,0.005059727,0.006991371,0.004586157,-0.001331814,-0.007054348,-0.008452575,-0.004152212,0.003054603,0.007941777,0.006703353,3.92E-05,-0.007095827,-0.009155503,-0.004360242,0.003743366,0.008940067,0.007246795,0.000138155,-0.006598178,-0.007540481,-0.002052267,0.005219562,0.008215221,0.004493612,-0.002783671,-0.007572415,-0.00605165,0.0002207,0.005754074,0.005878821,0.000697494,-0.005134776,-0.006530121,-0.002358547,0.003689109,0.006430096,0.003717791,-0.001803211,-0.00517034,-0.003523869,0.001457331,0.005189095,0.00432572,-0.00031926,-0.004622962,-0.004906076,-0.001167838,0.003056801,0.003981732,0.000961452,-0.003047576,-0.00427527,-0.001567826,0.002646135,0.004646127,0.002799524,-0.00105179,-0.003384555,-0.002239278,0.001070432,0.00328419,0.00225105,-0.001123714,-0.003782792,-0.00336075,-0.000313809,0.002585814,0.002845524,0.000499436,-0.002036482,-0.002288099,-1.98E-05,0.002608956,0.003107296,0.000969561,-0.001898415,-0.002983608,-0.001474984,0.001063283,0.002222653
0.024066893,0.01349719,0.011113202,0.009843114,0.008324614,0.005975768,0.002598882,-0.001487481,-0.005404504,-0.007948726,-0.008116596,-0.005715413,-0.001700202,0.002091327,0.003837058,0.002841466,0.000131621,-0.002034476,-0.00164949,0.00147489,0.005257148,0.006606387,0.003729735,-0.00217585,-0.007336802,-0.007955207,-0.003177618,0.003864932,0.008053059,0.006076059,-0.000836922,-0.007561556,-0.008872745,-0.003560724,0.004443404,0.009016467,0.006664578,-0.000638203,-0.006981664,-0.007280441,-0.001411393,0.005700403,0.008161368,0.00398595,-0.003300255,-0.007669855,-0.005665669,0.000758764,0.006010577,0.005678077,0.000248203,-0.005438447,-0.006448796,-0.001996965,0.003993612,0.006408438,0.003394125,-0.002148658,-0.00525376,-0.003298193,0.001778554,0.005331586,0.004193042,-0.00057606,-0.004754427,-0.004789694,-0.000909214,0.003228043,0.003918897,0.000724087,-0.003256973,-0.004294979,-0.001413137,0.002810795,0.004664529,0.002663476,-0.001203315,-0.003398556,-0.002088473,0.001266289,0.003368648,0.002168296,-0.001287696,-0.003886129,-0.003334579,-0.000216428,0.002633615,0.00277864,0.000369739,-0.002109274,-0.002227034,0.00013972,0.002751802,0.003139586,0.000894955,-0.00199351,-0.003016394,-0.001441264,0.001093336,0.002179626
0.027337488,0.015519259,0.012529303,0.010632496,0.008441483,0.005478423,0.001682474,-0.002511767,-0.006187623,-0.00822389,-0.007814268,-0.005008418,-0.000933364,0.002573329,0.0038788,0.002565403,-0.000147283,-0.002032243,-0.001331764,0.001842268,0.005286972,0.006091745,0.002849674,-0.002922423,-0.007455823,-0.007322663,-0.002168631,0.004606367,0.008060219,0.005398994,-0.001661398,-0.007902526,-0.008473675,-0.002728407,0.005077285,0.00897952,0.005999228,-0.001422027,-0.007313321,-0.006968907,-0.000772479,0.006120236,0.008030691,0.003441096,-0.003790213,-0.007699938,-0.005220111,0.0013143,0.006246965,0.005454411,-0.00019389,-0.005701534,-0.006321155,-0.00161763,0.004274396,0.006338754,0.003029164,-0.00250946,-0.005332525,-0.003069944,0.002083783,0.005443743,0.004036744,-0.000830189,-0.004855081,-0.004630939,-0.000617393,0.003414449,0.003860452,0.000493724,-0.003451491,-0.004300393,-0.001259429,0.002951581,0.004642838,0.002487292,-0.001381372,-0.003423026,-0.001939224,0.001462024,0.003454515,0.002095619,-0.001426749,-0.003952211,-0.003270405,-9.35E-05,0.002688132,0.002703077,0.000224195,-0.002199394,-0.002184883,0.000276107,0.00286798,0.003148332,0.000808972,-0.002082944,-0.003029586,-0.001382901,0.001144572,0.002151007
0.029613148,0.01696917,0.013493534,0.01105926,0.008297322,0.004840556,0.00075638,-0.003424653,-0.00677352,-0.008271922,-0.007315645,-0.004180207,-0.000131696,0.003026916,0.003870282,0.00225118,-0.000445471,-0.00205117,-0.001065178,0.002120223,0.005214598,0.005509887,0.001975996,-0.003589222,-0.007465927,-0.006614558,-0.001157459,0.005286285,0.007994825,0.00469697,-0.002440004,-0.008154891,-0.008001674,-0.001885253,0.005657762,0.008866105,0.005286551,-0.002199191,-0.007602442,-0.006622518,-0.000139968,0.006494071,0.007847771,0.002875071,-0.004257774,-0.007683842,-0.004738575,0.001874928,0.006464648,0.005214201,-0.000628831,-0.005934412,-0.00616137,-0.001227531,0.004537825,0.006237382,0.002639631,-0.00287636,-0.005405274,-0.002839746,0.002376377,0.005533284,0.003863381,-0.001082691,-0.004935307,-0.004445125,-0.000305713,0.003608788,0.003804239,0.000269273,-0.003633678,-0.004294019,-0.001105115,0.003076834,0.00459464,0.00228489,-0.001576518,-0.003454554,-0.001792244,0.001655582,0.003539295,0.002028616,-0.001548975,-0.003992439,-0.003179757,4.72E-05,0.002747818,0.002622463,6.88E-05,-0.002300746,-0.002155916,0.000395515,0.002964374,0.00313975,0.00071479,-0.002168061,-0.003028343,-0.001306374,0.001211695,0.002133613
0.031112345,0.01797202,0.014105476,0.011204734,0.007952416,0.004096671,-0.000173887,-0.004248469,-0.007205285,-0.008144458,-0.006666947,-0.003260823,0.00069444,0.003456865,0.003822234,0.001907472,-0.000758367,-0.002086372,-0.000838052,0.00232954,0.005064467,0.004877967,0.001109154,-0.004193292,-0.00739215,-0.00584958,-0.00014654,0.005917285,0.007873114,0.003976362,-0.00318226,-0.008338467,-0.007473853,-0.001034757,0.006196196,0.008693649,0.004538158,-0.002970064,-0.007857919,-0.006249107,0.000487185,0.006831948,0.007624453,0.002293051,-0.004707617,-0.007632,-0.004229655,0.002438806,0.006667315,0.00496102,-0.001058089,-0.006143708,-0.005976664,-0.000829223,0.004787724,0.006111608,0.002231456,-0.0032475,-0.005473012,-0.00260794,0.002659092,0.005605164,0.003676718,-0.001333971,-0.004999812,-0.004238595,2.10E-05,0.003808949,0.003749585,4.94E-05,-0.003806153,-0.004278324,-0.000950175,0.003190199,0.004526086,0.002062397,-0.001784696,-0.003491441,-0.001647071,0.001847276,0.00362301,0.001965817,-0.001658293,-0.00401272,-0.003068665,0.000201764,0.002811503,0.002538005,-9.40E-05,-0.002410657,-0.002137068,0.000501787,0.003045405,0.003117699,0.000614247,-0.002249808,-0.003015876,-0.001215742,0.001291156,0.002124944
0.030941432,0.018004671,0.013965325,0.010772307,0.00722309,0.003182986,-0.001059016,-0.004846551,-0.007302058,-0.007667608,-0.005745239,-0.002200078,0.001529792,0.003812657,0.003684317,0.001505118,-0.001097403,-0.00215286,-0.000688688,0.00240947,0.004779017,0.004176609,0.00028676,-0.004654859,-0.007155918,-0.004995788,0.000832486,0.00642849,0.007635157,0.003230154,-0.00383739,-0.008379777,-0.006843723,-0.000186406,0.006638285,0.008404262,0.003732546,-0.003709872,-0.008033835,-0.005820521,0.00109693,0.007091415,0.007320221,0.001685132,-0.005115454,-0.007507961,-0.003673056,0.002998034,0.006830963,0.004679081,-0.001473437,-0.006302136,-0.005741052,-0.000416406,0.005008646,0.005938554,0.001791841,-0.00361942,-0.005524946,-0.002371307,0.002920157,0.005638918,0.003461811,-0.001583309,-0.005033972,-0.0039939,0.000372592,0.00401568,0.003695407,-0.000160536,-0.003956264,-0.004240653,-0.000791461,0.003281656,0.004418977,0.001802629,-0.002015997,-0.003537509,-0.001506362,0.002032295,0.003700926,0.001908491,-0.001743405,-0.003993782,-0.002917118,0.000383505,0.00288321,0.002446845,-0.00026993,-0.002535649,-0.002137296,0.000581606,0.003094589,0.003067586,0.000500617,-0.002324282,-0.002979949,-0.001095884,0.001396138,0.002134503
0.029901979,0.017527876,0.013436937,0.010054042,0.006319902,0.00221358,-0.001889579,-0.005306397,-0.007220437,-0.007022943,-0.004708997,-0.00109801,0.00234251,0.004113463,0.003494974,0.001075315,-0.001444628,-0.00223086,-0.000574574,0.002431342,0.004438828,0.003459068,-0.000494981,-0.005034911,-0.006841756,-0.004113232,0.001775346,0.006864929,0.007335634,0.002477799,-0.004439686,-0.008346336,-0.006167863,0.000650007,0.007023638,0.008056429,0.00290738,-0.004421451,-0.008160822,-0.005362678,0.00169377,0.007306913,0.006974823,0.001068117,-0.005497489,-0.007346675,-0.003097015,0.003547139,0.006968265,0.004380101,-0.00188039,-0.006432403,-0.005478901,2.44E-06,0.005213455,0.005742452,0.001340337,-0.003986109,-0.005564337,-0.002130545,0.003169356,0.005651589,0.0032315,-0.001831991,-0.005053505,-0.003732221,0.000732856,0.004221635,0.003638943,-0.000365626,-0.004093335,-0.004189595,-0.00062896,0.003363558,0.004294193,0.001526518,-0.002256285,-0.003586422,-0.001367911,0.002212148,0.003773227,0.001851453,-0.001818,-0.00395614,-0.002746082,0.000578063,0.002958467,0.002352724,-0.000450977,-0.002666299,-0.00214553,0.000648815,0.003127636,0.003002985,0.000380308,-0.00239481,-0.002931844,-0.000961189,0.001513801,0.002153017
0.028035803,0.016566183,0.012538998,0.009063702,0.005251218,0.001191125,-0.002668214,-0.00563468,-0.00696902,-0.006218542,-0.003563725,4.34E-05,0.003133697,0.004361934,0.00325668,0.00061938,-0.001799653,-0.00231982,-0.000494007,0.002397956,0.00404653,0.002726111,-0.001238037,-0.00533738,-0.006453412,-0.003203281,0.002683796,0.007230202,0.006977512,0.001719581,-0.004991702,-0.008241746,-0.005448462,0.001475069,0.007354995,0.007652962,0.00206359,-0.00510617,-0.008241238,-0.004876984,0.002278335,0.007480561,0.006590235,0.000442438,-0.005854973,-0.007149933,-0.00250246,0.004086617,0.007080488,0.004064898,-0.002279357,-0.006535864,-0.005191481,0.000427037,0.005402926,0.005524409,0.000877511,-0.004347824,-0.005591786,-0.001885847,0.003407264,0.005644197,0.002986522,-0.002080053,-0.005059114,-0.003454377,0.001101377,0.004426857,0.003580302,-0.00056608,-0.004217995,-0.004125791,-0.00046285,0.003436364,0.004152582,0.001234846,-0.002505129,-0.003638041,-0.001231608,0.002387087,0.003840188,0.001794688,-0.001882587,-0.003900696,-0.002556496,0.000784825,0.003037104,0.002255786,-0.000636919,-0.002802339,-0.002161383,0.000704024,0.003145324,0.002924594,0.000253639,-0.002461585,-0.002872147,-0.000812372,0.001643537,0.002180055
0.024724219,0.014747225,0.010999925,0.007624903,0.003942295,0.000138424,-0.003294841,-0.005689736,-0.00640875,-0.005158493,-0.00228023,0.001188588,0.003828857,0.004481732,0.002921098,0.000125217,-0.002153214,-0.002414147,-0.000460678,0.002283048,0.003588632,0.002001928,-0.001877642,-0.00548385,-0.005941743,-0.00227712,0.003490057,0.007439024,0.006508319,0.0009643,-0.005435837,-0.008003804,-0.004663314,0.002257194,0.007572544,0.00715082,0.001206021,-0.005715993,-0.008219111,-0.004337937,0.002832289,0.007569679,0.006134521,-0.00019018,-0.006158138,-0.006887333,-0.001884356,0.004591895,0.007132838,0.003714591,-0.002661312,-0.006585859,-0.004856897,0.0008589,0.005561141,0.005268273,0.000402886,-0.004688027,-0.005587186,-0.001629714,0.003623308,0.00559702,0.002712919,-0.002327388,-0.005040891,-0.003152396,0.001475891,0.004621034,0.003511258,-0.000759287,-0.004317061,-0.004034304,-0.000286183,0.003496208,0.003984973,0.000921307,-0.002762436,-0.003689434,-0.001098215,0.002549754,0.0038916,0.00173247,-0.001933726,-0.003816633,-0.002336693,0.00101045,0.003119819,0.002154252,-0.000828291,-0.002942937,-0.002186074,0.000740707,0.003136494,0.002821529,0.000115721,-0.002521181,-0.002791561,-0.000639129,0.001793119,0.002220515
0.020870807,0.012602165,0.009222745,0.006031157,0.002567435,-0.00089444,-0.003833311,-0.005619551,-0.005725214,-0.004013368,-0.000971176,0.002301275,0.004456601,0.004532732,0.002542543,-0.000378495,-0.002496579,-0.00250182,-0.000439106,0.002143685,0.003116852,0.001297897,-0.00245952,-0.005559062,-0.005384607,-0.001360276,0.004234933,0.007569846,0.005990831,0.000216955,-0.005826902,-0.007708266,-0.00385734,0.00301035,0.007734763,0.006608613,0.000352617,-0.006281573,-0.008145249,-0.003775329,0.003369133,0.007619067,0.005649085,-0.000821123,-0.006433435,-0.006596197,-0.001261346,0.005074447,0.007152859,0.003346735,-0.003034828,-0.00661101,-0.00450198,0.001291993,0.005704244,0.004996816,-7.24E-05,-0.005012847,-0.005563769,-0.001366487,0.00382959,0.005531572,0.002426476,-0.002574382,-0.005013178,-0.002842829,0.001848278,0.004805422,0.003434282,-0.000950317,-0.00440404,-0.003929056,-0.000103187,0.003552336,0.003808802,0.000602037,-0.003019344,-0.003737701,-0.000965177,0.00270578,0.003933556,0.001664838,-0.001981837,-0.003722745,-0.002106352,0.001241901,0.003202833,0.002050855,-0.001020133,-0.003082493,-0.002211476,0.000771778,0.003117669,0.002708604,-2.66E-05,-0.002577638,-0.002702559,-0.00045671,0.001949418,0.002265041
0.016359592,0.010060718,0.007156723,0.004250627,0.001114951,-0.001900091,-0.004261622,-0.005395025,-0.004891285,-0.00276604,0.000366267,0.003371109,0.004999345,0.004498141,0.002111162,-0.000893317,-0.002826602,-0.002580549,-0.000431211,0.001975242,0.002629299,0.000620029,-0.002969411,-0.005546479,-0.00477235,-0.000456294,0.004902964,0.007604038,0.00541404,-0.000520064,-0.006152269,-0.007342041,-0.003026467,0.003727042,0.007828531,0.006017453,-0.000494792,-0.006791813,-0.008007251,-0.003183761,0.003884638,0.007619416,0.005127267,-0.001449599,-0.006674147,-0.006270042,-0.000632773,0.005528409,0.007132635,0.002957136,-0.003397888,-0.006605515,-0.004122114,0.001726427,0.00582866,0.004706653,-0.000547947,-0.005318251,-0.005516824,-0.00109437,0.004023866,0.005443606,0.002124235,-0.002820954,-0.004973888,-0.002524197,0.002217644,0.00497736,0.003347273,-0.001138759,-0.004476098,-0.003806766,8.77E-05,0.003604065,0.003622356,0.000276058,-0.003275411,-0.003781866,-0.000832495,0.00285354,0.003963665,0.001590292,-0.002026471,-0.00361702,-0.001863298,0.001480297,0.003286087,0.001945183,-0.001212392,-0.003220514,-0.002237479,0.000796167,0.003086704,0.002583649,-0.000174383,-0.002630238,-0.002603281,-0.000263151,0.002113798,0.002314404
0.011187395,0.007108441,0.004805896,0.002316194,-0.000352925,-0.002796603,-0.004496329,-0.004953397,-0.003884215,-0.001442873,0.001662643,0.004306025,0.005370334,0.004320663,0.001609433,-0.001403976,-0.003113751,-0.002624661,-0.000421766,0.001790247,0.002150024,1.11E-05,-0.003354884,-0.005407212,-0.004102644,0.00039438,0.005428756,0.007484255,0.004756644,-0.001227175,-0.006372779,-0.006879028,-0.002178804,0.004369917,0.007814294,0.005364889,-0.001311055,-0.007199315,-0.007764849,-0.002552099,0.00436114,0.007544585,0.004557848,-0.002063423,-0.006856483,-0.005894963,-8.34E-06,0.005924916,0.007042412,0.002532572,-0.003743527,-0.00655351,-0.003708155,0.00215769,0.005922819,0.004392656,-0.001014068,-0.00558297,-0.005426049,-0.000805152,0.004200744,0.005322185,0.001799559,-0.003066153,-0.004919736,-0.002199112,0.002572088,0.005120375,0.003238211,-0.001326103,-0.004525483,-0.003657193,0.000293135,0.003653549,0.003427585,-5.05E-05,-0.003520516,-0.003812758,-0.000697647,0.002987199,0.00397131,0.001499221,-0.002072767,-0.003501033,-0.001608953,0.001722278,0.003365656,0.001836249,-0.001400918,-0.0033491,-0.002256525,0.000817523,0.003042943,0.002444363,-0.000328382,-0.002677484,-0.00249162,-5.81E-05,0.002284115,0.002365583
0.005839338,0.004039233,0.002382483,0.000361179,-0.001786942,-0.003614224,-0.004628669,-0.004415608,-0.002817059,-0.000115673,0.002905254,0.005148048,0.005641851,0.004069878,0.001078833,-0.001902909,-0.003370042,-0.002643147,-0.000403028,0.00160714,0.001686203,-0.000553804,-0.003674568,-0.005209099,-0.003415214,0.001205961,0.005875351,0.007286841,0.004064154,-0.001913397,-0.006539464,-0.006372624,-0.001331409,0.00496895,0.007745196,0.004687266,-0.002103182,-0.007548905,-0.007468618,-0.001902794,0.004815258,0.007432147,0.003968107,-0.00266532,-0.007007317,-0.005497219,0.000609097,0.006287502,0.006914261,0.002090302,-0.004079579,-0.006478346,-0.003278963,0.002584968,0.006000872,0.004068406,-0.001471648,-0.005823174,-0.005310476,-0.000506221,0.004369197,0.005184505,0.001464619,-0.00331001,-0.004858935,-0.0018735,0.00291512,0.005245081,0.003115498,-0.001514049,-0.004563699,-0.003493728,0.000506413,0.00370338,0.003231383,-0.000373628,-0.003756223,-0.003834086,-0.000560476,0.003113391,0.003966161,0.001397679,-0.002122552,-0.003383016,-0.001352307,0.001963057,0.003441558,0.001725614,-0.001585887,-0.003470093,-0.002268832,0.000840376,0.002995238,0.002299668,-0.000484615,-0.002722278,-0.002375231,0.000150156,0.00245454,0.002415178
0.000314834,0.000846291,-0.000111088,-0.00159741,-0.003155149,-0.004310875,-0.004615627,-0.003749124,-0.001677852,0.001202033,0.004057975,0.005849044,0.005768448,0.003715936,0.000510746,-0.002381169,-0.003579055,-0.002622146,-0.000367517,0.001431207,0.001249005,-0.001053205,-0.003900819,-0.004930852,-0.00270795,0.001957416,0.00620779,0.006980767,0.003325006,-0.002567813,-0.00663039,-0.005807877,-0.00048826,0.005503687,0.007599138,0.003977187,-0.002857796,-0.007814734,-0.007096516,-0.001229938,0.005236846,0.007267212,0.003351555,-0.003248513,-0.007113134,-0.005068636,0.001214563,0.006600419,0.006731856,0.001623222,-0.004401861,-0.0063709,-0.002829323,0.003005615,0.006056007,0.003730589,-0.001915605,-0.006027293,-0.005159004,-0.000193214,0.004526006,0.005024345,0.00111578,-0.003551704,-0.004789211,-0.001548359,0.003240456,0.005342507,0.002972559,-0.001703344,-0.0045864,-0.003310763,0.000730961,0.003754355,0.003034404,-0.000690187,-0.003977065,-0.003840761,-0.00041951,0.003228974,0.003942455,0.001280539,-0.002178394,-0.00326355,-0.001093945,0.002200821,0.003511524,0.001612578,-0.001765129,-0.0035792,-0.002270278,0.00086666,0.002943116,0.002148205,-0.000643573,-0.002763747,-0.002252894,0.000361889,0.002623835,0.002461451
-0.005041819,-0.002275887,-0.00251853,-0.003427766,-0.004352895,-0.004816021,-0.004427596,-0.002968091,-0.000520309,0.002429331,0.005031465,0.006331635,0.005700448,0.003242815,-8.24E-05,-0.002810577,-0.00371039,-0.002536684,-0.000295014,0.001283718,0.000864959,-0.001458235,-0.004012746,-0.00457093,-0.00200273,0.002611524,0.00639066,0.006548867,0.002545624,-0.003169804,-0.006628811,-0.005186477,0.000329501,0.005946776,0.007360902,0.00324225,-0.003548747,-0.007967966,-0.006633099,-0.000536798,0.00561211,0.007039978,0.002711881,-0.003798212,-0.007159822,-0.004607453,0.001794797,0.006843278,0.006479664,0.001127631,-0.00470477,-0.006225122,-0.00236006,0.003412039,0.006080881,0.003379858,-0.002335228,-0.006179703,-0.004959193,0.000138303,0.004669101,0.004838661,0.000753306,-0.003788326,-0.004709705,-0.001229185,0.003536303,0.005399206,0.002800001,-0.001896647,-0.0045912,-0.003104656,0.000969393,0.003809053,0.002841964,-0.000990757,-0.004171405,-0.003823253,-0.00027099,0.003331342,0.003893648,0.001140463,-0.002246895,-0.003149052,-0.000841133,0.00242791,0.003569881,0.00149619,-0.001933914,-0.003667696,-0.00225138,0.000903941,0.002891445,0.001992861,-0.000803587,-0.002801742,-0.002127005,0.000571674,0.002784736,0.002497662
-0.010181436,-0.005286529,-0.004822908,-0.005145641,-0.005429719,-0.00520434,-0.00414687,-0.002139947,0.000623853,0.003581885,0.005885645,0.006681678,0.005522382,0.00270858,-0.000681062,-0.0032049,-0.003792752,-0.002411309,-0.000198028,0.001156783,0.000515273,-0.001808159,-0.004062812,-0.004171862,-0.00130703,0.003205033,0.006489038,0.006051136,0.001750503,-0.003737962,-0.006576166,-0.004538739,0.001126554,0.006335092,0.007072595,0.00249854,-0.004198904,-0.008056215,-0.006120506,0.000163989,0.00595914,0.006778817,0.002062763,-0.004325654,-0.007172288,-0.004129811,0.002357741,0.00704464,0.00618824,0.000617442,-0.004995685,-0.006058338,-0.00188182,0.003808302,0.00608796,0.003022911,-0.002739117,-0.006301314,-0.004731561,0.000480085,0.004804497,0.004639457,0.000384597,-0.004020981,-0.00462475,-0.000914724,0.003813557,0.005431222,0.00260971,-0.002092751,-0.004586412,-0.002886156,0.00121518,0.00386613,0.002653425,-0.001280159,-0.004348532,-0.003790403,-0.000117354,0.003426399,0.003830362,0.000986746,-0.002323756,-0.003039197,-0.000593713,0.002646849,0.003620323,0.001377703,-0.002095902,-0.003742933,-0.002219067,0.000949373,0.002841808,0.00183675,-0.00096343,-0.002837957,-0.002000336,0.000778355,0.002938661,0.002526319
-0.014843425,-0.008042074,-0.006904475,-0.006641633,-0.006288296,-0.005398471,-0.003726411,-0.001256724,0.001720715,0.004590231,0.006531347,0.006812116,0.005170195,0.002084593,-0.001279194,-0.00353553,-0.003792099,-0.002218996,-5.84E-05,0.001067271,0.000224677,-0.002069003,-0.004018093,-0.003718623,-0.000635594,0.00369658,0.006453865,0.005455129,0.000938196,-0.004248004,-0.006444106,-0.003855614,0.001883865,0.006633522,0.006707351,0.001746769,-0.004779261,-0.008040259,-0.005532837,0.00087267,0.00625927,0.006465429,0.001402702,-0.004814245,-0.007129762,-0.003628307,0.002890014,0.007178287,0.005835019,8.58E-05,-0.005266487,-0.005859069,-0.001391718,0.004186159,0.006066137,0.00265734,-0.003115952,-0.006372501,-0.004459399,0.000837877,0.004927775,0.004419868,7.65E-06,-0.004246141,-0.004531271,-0.000609188,0.004059292,0.005422386,0.002390284,-0.002293871,-0.004567047,-0.002648812,0.001472053,0.003927263,0.002472535,-0.001549553,-0.004495984,-0.003731452,4.53E-05,0.003510067,0.00374386,0.000810717,-0.002415163,-0.002938704,-0.000357296,0.002850565,0.003656774,0.001255669,-0.002246169,-0.003795434,-0.002163435,0.001009821,0.002797344,0.001680993,-0.001122151,-0.002871564,-0.001873783,0.000977921,0.003079102,0.002540981
-0.018747061,-0.010376285,-0.008639016,-0.007828652,-0.006881118,-0.005390401,-0.003192482,-0.000368222,0.002711719,0.005402609,0.006935784,0.006714331,0.004656406,0.001395173,-0.001851755,-0.003784653,-0.003699517,-0.00195605,0.000127476,0.001020815,-2.02E-06,-0.002242502,-0.003890662,-0.003231358,-8.18E-06,0.00407695,0.006291845,0.00478,0.000129491,-0.004689207,-0.006237235,-0.003152623,0.00258595,0.006836692,0.006272497,0.001000807,-0.005279608,-0.007920468,-0.004880137,0.001577122,0.006506743,0.006103747,0.000741599,-0.005255549,-0.007030744,-0.003108139,0.003384846,0.007241521,0.005423165,-0.000461187,-0.005513481,-0.005629,-0.000895628,0.004539726,0.006013274,0.002285307,-0.003461893,-0.00639108,-0.004143452,0.001209585,0.005038319,0.004182304,-0.000373119,-0.004460072,-0.004428425,-0.000314745,0.00427012,0.005370123,0.002140637,-0.002500552,-0.004534468,-0.002395139,0.001737496,0.003991703,0.002301234,-0.001794913,-0.004609324,-0.00364306,0.000218775,0.00358307,0.003634395,0.000612071,-0.002522666,-0.002850906,-0.000136614,0.003034284,0.003676004,0.001129352,-0.002383093,-0.003822068,-0.00208072,0.001089192,0.002761857,0.001528852,-0.001277844,-0.00290287,-0.001750188,0.001165624,0.003200778,0.002537327
-0.022119766,-0.012412937,-0.010131636,-0.008806129,-0.00730053,-0.005257415,-0.002596174,0.000510915,0.003623472,0.00608254,0.007184975,0.006475457,0.004047687,0.000672667,-0.002401636,-0.003978959,-0.003548462,-0.001649525,0.000341588,0.001001098,-0.000189104,-0.002363175,-0.00371543,-0.002728044,0.000587379,0.004386726,0.006053594,0.004061303,-0.000671221,-0.005084671,-0.005984955,-0.002441171,0.003249869,0.006979418,0.00579634,0.00026195,-0.005727855,-0.007736663,-0.004190115,0.002275337,0.006719661,0.005712906,8.24E-05,-0.005665167,-0.006896093,-0.002577599,0.003854787,0.007260503,0.004976029,-0.001015827,-0.005744345,-0.005380007,-0.000397334,0.004876512,0.00594034,0.001909604,-0.003787837,-0.006376633,-0.003800803,0.001589039,0.005140482,0.00393405,-0.00075504,-0.004665816,-0.004319225,-2.74E-05,0.004458657,0.005290476,0.001872207,-0.002710574,-0.00449389,-0.002132026,0.002007362,0.00405762,0.002135993,-0.002024639,-0.004700577,-0.0035357,0.0003993,0.003649618,0.003510857,0.000399582,-0.002640174,-0.002771449,7.34E-05,0.003204521,0.003683753,0.001000132,-0.002511437,-0.003832023,-0.001980477,0.001181022,0.002732651,0.001379622,-0.0014312,-0.002932747,-0.001629018,0.001344891,0.003309582,0.002521317
-0.024425324,-0.01384581,-0.011140312,-0.009377452,-0.007399436,-0.004910239,-0.001912299,0.001342289,0.00436455,0.006506793,0.007152412,0.005994429,0.003288514,-8.81E-05,-0.002895343,-0.004068082,-0.003292927,-0.001268416,0.000603289,0.0010276,-0.000307921,-0.002396116,-0.003466525,-0.002209685,0.00111664,0.004570664,0.005689991,0.003281243,-0.001443739,-0.005393653,-0.005656828,-0.001724781,0.003838191,0.007014506,0.00525363,-0.000455896,-0.006080058,-0.00744341,-0.003443256,0.002953768,0.006868231,0.005273767,-0.000566993,-0.006014249,-0.006698507,-0.002032182,0.004277634,0.007201734,0.004470754,-0.001578733,-0.005943982,-0.005098822,0.000100992,0.005180073,0.005830741,0.001528417,-0.004077204,-0.006304229,-0.003413219,0.001979642,0.005226986,0.003668516,-0.001135921,-0.004854371,-0.004197699,0.000246856,0.004607147,0.005162491,0.001571299,-0.002926093,-0.004440018,-0.001854342,0.002282621,0.004124653,0.001981483,-0.002225586,-0.004751429,-0.003393865,0.000592878,0.00370542,0.00336346,0.000163682,-0.002774988,-0.002707549,0.00026266,0.003348817,0.003669685,0.000865285,-0.002624223,-0.003811626,-0.001848177,0.001296144,0.002716061,0.001237089,-0.001579383,-0.002960149,-0.001513502,0.001506916,0.003393108,0.002481508
-0.025765415,-0.01472587,-0.011713649,-0.00959824,-0.007240149,-0.004411302,-0.001192613,0.002096613,0.00493682,0.006710007,0.006898009,0.0053411,0.002440351,-0.000848814,-0.003322792,-0.004065002,-0.002956903,-0.000836094,0.000894697,0.001084605,-0.000378998,-0.002369796,-0.003174663,-0.001696366,0.001582231,0.004656281,0.005242176,0.002475281,-0.002174127,-0.005626111,-0.005274216,-0.001017479,0.004356246,0.006963714,0.004667039,-0.001146008,-0.006351652,-0.007069682,-0.002665153,0.003603272,0.006960338,0.004800211,-0.001200089,-0.006308904,-0.006450724,-0.001479344,0.004659295,0.007082581,0.003926142,-0.002139825,-0.006113941,-0.00479308,0.000594178,0.005451993,0.005689801,0.00114363,-0.004336464,-0.006187152,-0.002994094,0.002374418,0.005298843,0.003390907,-0.001511643,-0.005024902,-0.004063942,0.000511336,0.004723902,0.004997197,0.001246637,-0.003144452,-0.004376159,-0.001568051,0.002558101,0.004189305,0.001834149,-0.002403376,-0.00476937,-0.003224167,0.00079705,0.003753436,0.003198908,-8.84E-05,-0.002921602,-0.00265559,0.000434225,0.003470432,0.003636529,0.000725185,-0.002724592,-0.003766756,-0.00169007,0.001430236,0.002710416,0.001101243,-0.001722228,-0.002985335,-0.001403694,0.001652848,0.003453877,0.002420824
-0.026420154,-0.015212549,-0.011978284,-0.009572595,-0.006902118,-0.003810687,-0.000453849,0.00279117,0.005386895,0.006757477,0.006490664,0.004572196,0.001536094,-0.001603837,-0.003700384,-0.003996479,-0.002565712,-0.000370088,0.001204741,0.001161197,-0.000418318,-0.002304089,-0.002855405,-0.001189208,0.002001821,0.004673827,0.004738395,0.001655261,-0.002871632,-0.005803701,-0.00485444,-0.000318671,0.004823513,0.006852878,0.004051322,-0.001814877,-0.006566238,-0.006640941,-0.001867783,0.004230081,0.007011887,0.004303195,-0.001820288,-0.006564356,-0.00616776,-0.000922055,0.005011521,0.006921497,0.003355343,-0.002698001,-0.006262106,-0.004470219,0.001082887,0.005700818,0.005526471,0.00075639,-0.004574539,-0.006039151,-0.002553772,0.002771108,0.005359893,0.003105039,-0.001882996,-0.005181966,-0.003921076,0.000769157,0.004818599,0.004806133,0.000905881,-0.003364362,-0.004305296,-0.001276242,0.002832926,0.004251539,0.001691394,-0.002565104,-0.004764309,-0.003035035,0.001008567,0.003796084,0.00302271,-0.000351153,-0.003075902,-0.002611659,0.000593395,0.003575959,0.00358978,0.000581269,-0.002816331,-0.00370483,-0.001514039,0.001577458,0.002712386,0.00097018,-0.001861159,-0.00300887,-0.001297966,0.001787248,0.003498406,0.002345324
-0.025728621,-0.014920706,-0.011638504,-0.00907731,-0.006240365,-0.003046893,0.000284143,0.003337744,0.005582665,0.006506011,0.005810248,0.003616866,0.000564316,-0.002314326,-0.003963012,-0.003799427,-0.002078006,0.000145973,0.001536616,0.001263827,-0.000408116,-0.002177202,-0.002501043,-0.000709749,0.002326211,0.004568054,0.004147653,0.000833741,-0.003486585,-0.00587019,-0.004370787,0.000351135,0.005185552,0.006629617,0.003390592,-0.002432628,-0.006670134,-0.006116902,-0.001050121,0.004799299,0.00698091,0.003765943,-0.00240726,-0.006739378,-0.005818377,-0.000360922,0.005304734,0.006683691,0.002743565,-0.003240647,-0.006363103,-0.004115622,0.001557823,0.005900409,0.005318311,0.000364938,-0.004772132,-0.005835147,-0.002079017,0.003165235,0.005397236,0.002804826,-0.002241507,-0.005308559,-0.003757744,0.001015797,0.004872768,0.004568761,0.000538149,-0.003584523,-0.004221207,-0.000977174,0.003101568,0.004304656,0.001554538,-0.002697546,-0.004716225,-0.0028098,0.001233424,0.003829146,0.002826835,-0.000630537,-0.003241144,-0.002580811,0.000729289,0.003649954,0.003516041,0.000429328,-0.00289223,-0.003611327,-0.001305183,0.001748453,0.002728378,0.000848732,-0.001991644,-0.003028674,-0.001200446,0.001898361,0.00351051,0.002240738
-0.024228498,-0.014156598,-0.010937113,-0.008311208,-0.005405801,-0.002214258,0.000990658,0.003769932,0.005612716,0.00607893,0.004986589,0.002582153,-0.00041226,-0.002968537,-0.004140039,-0.003523364,-0.001541926,0.000677267,0.001867096,0.001370238,-0.000378593,-0.00202509,-0.002138915,-0.000259109,0.002587859,0.004393767,0.003521192,3.29E-05,-0.004034324,-0.005863249,-0.00385378,0.000992672,0.005476397,0.00633951,0.002711316,-0.003010131,-0.006704802,-0.005543126,-0.000234718,0.005320266,0.006894335,0.003207621,-0.002966391,-0.006859993,-0.005428703,0.000198528,0.00555916,0.006401689,0.002114823,-0.003764387,-0.006429497,-0.003741826,0.002019852,0.006065057,0.005080507,-2.88E-05,-0.004944845,-0.005599529,-0.001588835,0.003551583,0.00541651,0.002496514,-0.002588256,-0.005411949,-0.00357871,0.001257287,0.004903767,0.004305923,0.000157802,-0.003801662,-0.004128474,-0.000676305,0.003361778,0.004347541,0.001418021,-0.002813924,-0.004643127,-0.002563861,0.001465322,0.003856523,0.002621138,-0.000916189,-0.003408879,-0.002554931,0.000852173,0.003704497,0.003425122,0.000271842,-0.002959181,-0.003499804,-0.001078214,0.001931888,0.002751549,0.000732962,-0.002116246,-0.003045365,-0.00110771,0.001994784,0.003502173,0.002118226
-0.022083864,-0.013015784,-0.00994755,-0.007329859,-0.004434689,-0.00132839,0.001670309,0.004109446,0.00550986,0.005512004,0.004049873,0.00148602,-0.00139055,-0.003576078,-0.004247757,-0.003184146,-0.000967856,0.001219751,0.002195512,0.001478913,-0.00033424,-0.00185343,-0.001771263,0.000167873,0.002799078,0.004165032,0.002867106,-0.000750238,-0.00452731,-0.005797191,-0.003310375,0.001610978,0.005709836,0.005995973,0.002017699,-0.003554876,-0.006683918,-0.00493,0.000578023,0.005801814,0.006762911,0.00263262,-0.003502779,-0.006936711,-0.005006769,0.000756382,0.005782333,0.006084424,0.001472968,-0.004272407,-0.006467809,-0.003352644,0.002471279,0.006201421,0.004818822,-0.000424408,-0.005097602,-0.005338731,-0.001086637,0.003931304,0.005421062,0.002181732,-0.00292536,-0.005496478,-0.003386901,0.001494754,0.004916293,0.00402286,-0.000232397,-0.004016155,-0.004028752,-0.000374133,0.003614955,0.004381939,0.001281561,-0.002917564,-0.004550084,-0.002301444,0.001702764,0.003879327,0.002407695,-0.001206615,-0.003578329,-0.002532808,0.000964743,0.003743469,0.003320412,0.000109882,-0.003019008,-0.003373937,-0.000836884,0.002125119,0.002780346,0.000621696,-0.002236097,-0.003059496,-0.001018761,0.002079448,0.003477458,0.001981374
-0.018777609,-0.01118819,-0.008440642,-0.005978754,-0.003252918,-0.000394992,0.002249257,0.004237813,0.005143403,0.004697069,0.002942477,0.000333926,-0.002309646,-0.004046059,-0.00419884,-0.002725898,-0.000342129,0.001754327,0.002492038,0.001569565,-0.000279986,-0.001663031,-0.001413283,0.000531995,0.002907099,0.003843046,0.002188189,-0.001463861,-0.004886858,-0.005607391,-0.002724973,0.002166911,0.005820449,0.00555173,0.001311206,-0.004020712,-0.006552162,-0.004254611,0.00136059,0.006184055,0.006534909,0.002030874,-0.003981934,-0.006918692,-0.004522397,0.001303952,0.005939387,0.005702614,0.000819485,-0.004732998,-0.006440615,-0.002933196,0.002894435,0.006274078,0.00450656,-0.000822913,-0.005210781,-0.005033068,-0.000570971,0.004286553,0.005389694,0.00185474,-0.003237098,-0.005536126,-0.003164417,0.001727364,0.004895586,0.003705524,-0.000634386,-0.004218934,-0.00391343,-7.35E-05,0.003846213,0.004391117,0.001138844,-0.003000181,-0.004420972,-0.002009975,0.001948242,0.003892791,0.002182721,-0.001499171,-0.003742797,-0.002511468,0.001060454,0.003752553,0.00318806,-6.18E-05,-0.003066345,-0.003222859,-0.000571937,0.002332483,0.00281638,0.000517986,-0.002345633,-0.003066732,-0.000935905,0.002141437,0.003420738,0.001817201
-0.015037782,-0.009099327,-0.006741729,-0.004500693,-0.002014341,0.000526027,0.002757665,0.004259016,0.004662369,0.003790941,0.001791437,-0.000804497,-0.003166334,-0.004429295,-0.004069867,-0.002219278,0.000291615,0.002266584,0.002757204,0.001638859,-0.000231887,-0.001474347,-0.001069896,0.000859881,0.002967214,0.003487107,0.001514519,-0.002127042,-0.005172096,-0.005357844,-0.002126445,0.002685086,0.005869901,0.005064569,0.000607878,-0.004442282,-0.006369094,-0.003559686,0.002115016,0.006508594,0.006258272,0.001420654,-0.004427668,-0.006852702,-0.004010424,0.001842297,0.006063258,0.005294018,0.000169005,-0.00516215,-0.006377379,-0.002499874,0.003300347,0.006312983,0.0041693,-0.001222027,-0.005305379,-0.004709511,-5.52E-05,0.004623595,0.005337477,0.001522221,-0.003533634,-0.005550789,-0.002924785,0.001959393,0.004861418,0.003375878,-0.001036948,-0.004412034,-0.003789451,0.000224315,0.004062749,0.004383666,0.000989366,-0.003075762,-0.004277514,-0.00170761,0.002195232,0.003901384,0.0019545,-0.001788271,-0.003899658,-0.00248607,0.001150977,0.003748808,0.003043049,-0.000238169,-0.003108886,-0.003062277,-0.000299425,0.002542626,0.002852839,0.000416547,-0.002449969,-0.003069493,-0.000854597,0.002193866,0.003350071,0.001641558
-0.010848047,-0.006739359,-0.004843591,-0.002890905,-0.000716826,0.001434197,0.003192871,0.004169013,0.004062442,0.002790186,0.000595113,-0.001928722,-0.003958252,-0.004722512,-0.003857819,-0.001662467,0.000933669,0.002755679,0.002989823,0.001685992,-0.000190176,-0.001287446,-0.000741654,0.00115016,0.002977616,0.003095937,0.000846297,-0.002737876,-0.005380219,-0.005046299,-0.001514299,0.003164073,0.005855884,0.004532877,-9.22E-05,-0.004817917,-0.006132782,-0.002844493,0.002840235,0.006773253,0.005931165,0.000801643,-0.004838714,-0.006736937,-0.003469815,0.002371065,0.00615269,0.004857628,-0.000478353,-0.005558671,-0.006276741,-0.002052158,0.003688364,0.006316863,0.003806101,-0.001621769,-0.00538069,-0.004367386,0.000460571,0.004941744,0.005263627,0.001183968,-0.003814391,-0.005539525,-0.002667363,0.002190813,0.004813281,0.00303346,-0.001440102,-0.004595094,-0.003656479,0.000519171,0.004264005,0.004358958,0.00083287,-0.003144038,-0.004119174,-0.001393941,0.002443787,0.00390492,0.00172291,-0.002073781,-0.004048626,-0.002456461,0.001236113,0.003731749,0.002884903,-0.000419544,-0.003146449,-0.002891834,-1.91E-05,0.002755651,0.002889739,0.000317464,-0.00254891,-0.003067616,-0.000774898,0.002236375,0.003264929,0.001454014
-0.006183195,-0.004080276,-0.002737631,-0.001170218,0.00058677,0.002250726,0.003464658,0.003886607,0.003293084,0.001691427,-0.000597546,-0.002947181,-0.004574482,-0.004825497,-0.003499539,-0.00104207,0.00155318,0.003166568,0.003134608,0.001671034,-0.000178861,-0.001121835,-0.000455764,0.001366916,0.002907863,0.002666037,0.000220136,-0.003227381,-0.005438243,-0.004629668,-0.000893752,0.003560228,0.005729144,0.003936337,-0.00076726,-0.005101534,-0.005808698,-0.002115117,0.003488155,0.006915423,0.005513526,0.000177094,-0.005177684,-0.006530704,-0.002885513,0.002873588,0.006178922,0.0043813,-0.001103085,-0.005881357,-0.006102391,-0.001581195,0.00403787,0.006254056,0.003397371,-0.002019941,-0.005422547,-0.004000014,0.00096355,0.00521383,0.005144708,0.000836226,-0.004061953,-0.005476854,-0.002374934,0.002423936,0.004745463,0.002677264,-0.001833515,-0.004751804,-0.003504832,0.000805172,0.004430612,0.004295426,0.000656811,-0.003205784,-0.00394131,-0.001067492,0.002689437,0.003898109,0.001489676,-0.002343968,-0.004172943,-0.002409996,0.001318389,0.003695249,0.00270575,-0.000609382,-0.00317767,-0.002709845,0.000266524,0.002964552,0.002920267,0.000219119,-0.002638094,-0.003054973,-0.000694505,0.002265245,0.003158483,0.001250017
-0.001459911,-0.001374767,-0.000607963,0.000543053,0.001849034,0.002997305,0.003651377,0.003523699,0.002469311,0.000581615,-0.001751062,-0.003883821,-0.005087422,-0.004832459,-0.003078696,-0.000406163,0.002145278,0.003526032,0.003227446,0.001619422,-0.000188008,-0.000972057,-0.00019413,0.001548798,0.002806096,0.002228866,-0.000373853,-0.00365116,-0.005424233,-0.00416891,-0.000276872,0.003913172,0.005551826,0.003317171,-0.0014224,-0.00533885,-0.005447871,-0.001388791,0.004090262,0.006995629,0.005055176,-0.000445006,-0.00547922,-0.006282799,-0.002285087,0.003359558,0.006175152,0.003890765,-0.001710156,-0.006163704,-0.005891636,-0.00110099,0.004366785,0.006159143,0.002968657,-0.002415608,-0.005449018,-0.003624255,0.001455097,0.005459462,0.005002367,0.000484474,-0.004292226,-0.005388712,-0.00206554,0.002658536,0.004670545,0.002318561,-0.002217661,-0.004892553,-0.003343248,0.001085769,0.00457836,0.004210899,0.000469018,-0.003267157,-0.003757546,-0.000738608,0.002930931,0.003885631,0.00125735,-0.002603348,-0.004281365,-0.002351685,0.001402386,0.003651865,0.002518233,-0.000802711,-0.003206948,-0.002525223,0.000550486,0.003167219,0.002944469,0.000119427,-0.002722765,-0.003036188,-0.000612017,0.002289923,0.003044567,0.001040864
0.003311789,0.001375078,0.001540225,0.002237382,0.003051474,0.003650249,0.003728116,0.003059539,0.001580044,-0.000536746,-0.002848625,-0.004710839,-0.005465124,-0.00471571,-0.002578915,0.000247267,0.002699684,0.003817474,0.003252232,0.001519804,-0.000224274,-0.000843427,3.58E-05,0.001686079,0.002664334,0.001784149,-0.000924772,-0.003989592,-0.00531797,-0.003652625,0.000334105,0.004210235,0.005310284,0.002670354,-0.002050731,-0.005516536,-0.005040825,-0.000667915,0.004632336,0.006995989,0.004545115,-0.001063169,-0.005732368,-0.005981806,-0.001664771,0.003823709,0.006133005,0.003382814,-0.002293549,-0.006393623,-0.005634104,-0.000609252,0.004669,0.006023098,0.002514643,-0.002807792,-0.005455889,-0.003238337,0.001931177,0.005670537,0.004829752,0.000127676,-0.004500145,-0.005267826,-0.001734397,0.002895124,0.004586898,0.001957288,-0.002589216,-0.005012341,-0.003168785,0.001359262,0.004701609,0.004099113,0.000265835,-0.003328484,-0.00356677,-0.000407184,0.003166669,0.003865788,0.001026453,-0.002848352,-0.004368791,-0.002277615,0.001489068,0.003600044,0.002320273,-0.001000421,-0.003233912,-0.002337682,0.000831718,0.00336124,0.00296006,1.77E-05,-0.002801682,-0.003009386,-0.000526571,0.002309598,0.002921512,0.000825537
0.007793446,0.003981228,0.003554223,0.003779319,0.004080665,0.004122401,0.003642153,0.002482866,0.000658025,-0.001591595,-0.003791922,-0.005323557,-0.005618799,-0.004420677,-0.00198834,0.000891499,0.003165843,0.00398539,0.003163445,0.001341998,-0.000306753,-0.000752239,0.000216079,0.001762917,0.002479414,0.001350662,-0.001392483,-0.004194574,-0.005083699,-0.003072729,0.00091954,0.0044204,0.004985039,0.002002434,-0.002623694,-0.005604341,-0.00457863,2.54E-05,0.00507174,0.006877297,0.003968562,-0.001663784,-0.005909954,-0.005609013,-0.001027265,0.004247016,0.006035464,0.002859462,-0.002829469,-0.006538922,-0.005308312,-0.000105867,0.004928092,0.005828205,0.00202935,-0.003189795,-0.005434584,-0.00284459,0.002374658,0.005823322,0.004610268,-0.000234991,-0.00467324,-0.005098949,-0.001372948,0.003134413,0.004494265,0.001600079,-0.002933342,-0.005094952,-0.002973458,0.001620589,0.004785676,0.003944193,3.68E-05,-0.00339442,-0.0033725,-7.98E-05,0.003387895,0.003833168,0.000800422,-0.003066103,-0.004418095,-0.002173564,0.001585639,0.003541014,0.002111052,-0.00120276,-0.003259271,-0.002151587,0.001100539,0.003533873,0.00295631,-9.04E-05,-0.002872574,-0.00296884,-0.000433018,0.002327157,0.002791258,0.000607281
0.011997337,0.006438716,0.005441838,0.005199457,0.004992156,0.004488605,0.003474732,0.001863465,-0.000256925,-0.002586662,-0.004631528,-0.005809467,-0.005651134,-0.004037983,-0.001362161,0.001517446,0.003574888,0.004082278,0.003012941,0.001123089,-0.000413437,-0.000680993,0.00037078,0.001811059,0.002277843,0.000930352,-0.001811243,-0.004329192,-0.004787416,-0.002467486,0.001485163,0.004583881,0.004620641,0.001331001,-0.003162003,-0.005644714,-0.004092419,0.000697547,0.005453277,0.006697099,0.003361824,-0.002250449,-0.006046592,-0.005201523,-0.000385749,0.004645396,0.005909124,0.00233154,-0.003336419,-0.00663793,-0.004947752,0.000401187,0.005163172,0.005603491,0.001530454,-0.003564021,-0.005398277,-0.002448923,0.002797902,0.005943326,0.004365799,-0.000599968,-0.004827536,-0.004905474,-0.000996916,0.003374339,0.004397753,0.001247437,-0.003260139,-0.005155943,-0.002766524,0.001875108,0.004848504,0.003766193,-0.000206195,-0.003463899,-0.00317852,0.000242821,0.003599243,0.003792927,0.000577622,-0.003267772,-0.004445259,-0.002051785,0.001689211,0.003479944,0.001897476,-0.001406654,-0.003284167,-0.001968066,0.001360024,0.003692315,0.002940131,-0.00020304,-0.00293938,-0.002920398,-0.000333891,0.002345481,0.002659495,0.000389736
0.015725417,0.008638075,0.007113645,0.006418577,0.005717251,0.004694544,0.003191253,0.001191404,-0.001147628,-0.003479648,-0.005307416,-0.006102926,-0.005505052,-0.003531364,-0.000691212,0.002109076,0.003894749,0.004072429,0.002771581,0.00084444,-0.000555253,-0.000638886,0.000488672,0.001819261,0.002055536,0.000533378,-0.002155853,-0.004361412,-0.004404034,-0.001830061,0.002018314,0.004678927,0.004202126,0.000658827,-0.003646738,-0.005616044,-0.003574171,0.001335203,0.005748458,0.006428122,0.00271396,-0.002814116,-0.006123005,-0.004745356,0.000258698,0.005005544,0.005741107,0.001799005,-0.003798949,-0.006668612,-0.0045373,0.000912153,0.005362575,0.00533608,0.001013426,-0.003925543,-0.00534005,-0.002051736,0.00318994,0.006014455,0.004084824,-0.000967851,-0.004954213,-0.004676615,-0.000600473,0.003614739,0.004296092,0.000902833,-0.003560072,-0.005184324,-0.002542356,0.002119487,0.004880095,0.003554414,-0.000469832,-0.003539167,-0.002986188,0.000556887,0.00379494,0.003741096,0.000359909,-0.003445051,-0.004439039,-0.001903109,0.001803992,0.003416916,0.001678474,-0.001612303,-0.003308605,-0.001789336,0.001604318,0.003828436,0.002904588,-0.000323015,-0.003000325,-0.002860089,-0.000225911,0.002365996,0.002526851,0.000174525
0.018648993,0.010389029,0.00842286,0.007323889,0.006179211,0.004701946,0.002791672,0.000500446,-0.001955634,-0.004200514,-0.005752959,-0.006154416,-0.005157073,-0.002905028,-1.42E-06,0.002629982,0.004090755,0.003931509,0.002427628,0.000503345,-0.000731852,-0.000626569,0.000568593,0.001790032,0.001822729,0.000177409,-0.002407331,-0.004280074,-0.00393667,-0.00117671,0.002498756,0.004693571,0.003733506,3.81E-06,-0.004057168,-0.005507904,-0.003030451,0.001919003,0.005937465,0.00606214,0.002032081,-0.003339152,-0.006127265,-0.004241112,0.000893673,0.005312629,0.005525081,0.001268581,-0.00420207,-0.006617869,-0.00407358,0.001420675,0.005517329,0.005022608,0.000483354,-0.004265268,-0.005254714,-0.001656739,0.003539838,0.006025316,0.003761945,-0.001336627,-0.005047919,-0.00440929,-0.000185172,0.003852048,0.004188795,0.000571889,-0.0038231,-0.005170771,-0.002297,0.002351486,0.004875028,0.003304192,-0.000756453,-0.003621976,-0.002799421,0.000855471,0.003967348,0.003673326,0.000148829,-0.003591175,-0.004390726,-0.001720228,0.001934651,0.003354914,0.001456703,-0.001817475,-0.003332559,-0.001619402,0.001825432,0.003932712,0.00284207,-0.000453677,-0.003054578,-0.00278459,-0.000105013,0.002392903,0.002398019,-3.31E-05
0.021051083,0.011846792,0.009497508,0.008031252,0.006481525,0.004595881,0.002333708,-0.000187916,-0.002701058,-0.004809584,-0.006058564,-0.00606627,-0.004699105,-0.002220258,0.000687936,0.003101459,0.004211325,0.003715648,0.002028187,0.000130716,-0.000924831,-0.000628803,0.000629049,0.001742379,0.001587691,-0.000151848,-0.002604807,-0.004136907,-0.003427692,-0.000521423,0.002944417,0.004662224,0.003240409,-0.000635819,-0.004421575,-0.005354728,-0.002475717,0.002468225,0.006064729,0.005643437,0.00133567,-0.003838103,-0.006089631,-0.003712247,0.001518951,0.005586448,0.005281526,0.000741427,-0.004569179,-0.006520433,-0.003581379,0.001925237,0.005645416,0.004684028,-5.13E-05,-0.004589911,-0.005152941,-0.00126384,0.003864174,0.006000997,0.003415613,-0.001704898,-0.005122459,-0.004121018,0.000238946,0.004085889,0.004077825,0.000249647,-0.004063584,-0.005132205,-0.002039271,0.00257626,0.004849133,0.003032691,-0.001055316,-0.003708734,-0.002616483,0.001143751,0.004124914,0.003595556,-5.85E-05,-0.003718971,-0.004317776,-0.001517386,0.002074792,0.003294188,0.001234335,-0.002021469,-0.003355954,-0.001455126,0.002031949,0.004017275,0.002763018,-0.000590929,-0.003104948,-0.002700011,2.39E-05,0.002424408,0.00227261,-0.000235057
0.022529688,0.01278225,0.01015735,0.008394805,0.006514577,0.004307623,0.001793121,-0.000853413,-0.003324613,-0.005220392,-0.006127898,-0.00575202,-0.004072057,-0.001455605,0.00136098,0.003480987,0.004204269,0.003379419,0.001544052,-0.000286749,-0.00113923,-0.000650947,0.000661362,0.001669291,0.001354338,-0.000433631,-0.002714489,-0.003898759,-0.002860812,0.000126976,0.003327732,0.004556976,0.002713817,-0.001242959,-0.004707105,-0.005129776,-0.001908241,0.002956612,0.00609137,0.005143886,0.000622783,-0.004289581,-0.005983815,-0.003147854,0.002122667,0.00580275,0.004993641,0.000222415,-0.004875582,-0.006347799,-0.003046194,0.002419854,0.00572907,0.004306842,-0.000589502,-0.004886669,-0.005023463,-0.000875506,0.00414539,0.005919166,0.003032322,-0.002070933,-0.005165773,-0.003800564,0.000674475,0.004311779,0.003960343,-5.74E-05,-0.00426583,-0.005052003,-0.001761316,0.00278922,0.00478996,0.002728,-0.001372575,-0.003801327,-0.002440601,0.00141345,0.004256513,0.0035005,-0.000259768,-0.003816605,-0.004204471,-0.001281931,0.002230723,0.003236469,0.001012395,-0.002222308,-0.00337806,-0.001300828,0.002213132,0.004068077,0.002655862,-0.000739428,-0.003148994,-0.002600302,0.000166625,0.002464609,0.002154439,-0.00042608
0.02306157,0.013176571,0.010392917,0.008418007,0.006295905,0.003866602,0.001205732,-0.001461784,-0.003802266,-0.005426222,-0.005974703,-0.005243601,-0.003318445,-0.000653246,0.001986596,0.003755379,0.004075007,0.002941604,0.000999071,-0.000727454,-0.001358971,-0.000681263,0.00067609,0.001581641,0.001131456,-0.000666571,-0.002746892,-0.003587488,-0.002262341,0.000748088,0.003642251,0.004386062,0.002169366,-0.001805413,-0.0049125,-0.004842059,-0.001339126,0.003380926,0.006026763,0.004581675,-8.93E-05,-0.004686389,-0.005815099,-0.002560321,0.002694196,0.005958599,0.004665335,-0.000283968,-0.00512259,-0.006108569,-0.002479471,0.002897115,0.005769107,0.003898777,-0.001121856,-0.005149846,-0.004865403,-0.00049276,0.004384619,0.005784669,0.002618349,-0.002431232,-0.005179896,-0.00345471,0.001113465,0.004524152,0.003834247,-0.000349387,-0.00443057,-0.004932165,-0.001464943,0.002991089,0.004701826,0.002396742,-0.001702069,-0.003896327,-0.002271427,0.001663222,0.004360747,0.003387215,-0.000456296,-0.00388667,-0.004054673,-0.001017657,0.002400425,0.003182283,0.000793225,-0.002417421,-0.003397344,-0.00115615,0.002368919,0.0040854,0.002521287,-0.00089866,-0.003186864,-0.002486073,0.000322871,0.002514344,0.002045368,-0.00060424
0.022982704,0.01322058,0.010354947,0.008224153,0.005919927,0.003334189,0.000596193,-0.002026051,-0.004181118,-0.005499116,-0.005681777,-0.004617671,-0.002493128,0.000163713,0.002574491,0.00395896,0.003868249,0.002442806,0.000420733,-0.001177662,-0.001578008,-0.000713972,0.000681708,0.001486623,0.000916863,-0.000867907,-0.002731696,-0.003233669,-0.001649213,0.001346865,0.003910467,0.004174099,0.001616662,-0.002336061,-0.005065327,-0.004515322,-0.000771298,0.003762828,0.005904829,0.003982794,-0.000796908,-0.005045689,-0.005606359,-0.001960438,0.003242207,0.006074129,0.004311345,-0.000781183,-0.005331137,-0.005827841,-0.001894885,0.003361131,0.00578062,0.003472202,-0.00164822,-0.005389573,-0.004688226,-0.000113727,0.004596759,0.005616931,0.002185886,-0.002786792,-0.005175236,-0.003093766,0.001552752,0.004726131,0.003701726,-0.000631906,-0.0045711,-0.004786968,-0.001157032,0.003185794,0.004595738,0.002049772,-0.002037857,-0.003991746,-0.002106225,0.001899863,0.004446834,0.003261763,-0.00065009,-0.003939435,-0.003882112,-0.000735706,0.00257833,0.00313024,0.000576264,-0.00260816,-0.003414247,-0.001017429,0.00250834,0.004081123,0.00236914,-0.001064626,-0.003220637,-0.002362517,0.00048775,0.002570252,0.001942408,-0.000773745
0.02180906,0.012632888,0.009827205,0.007649014,0.005277753,0.002660173,-2.81E-05,-0.00248875,-0.004368346,-0.005331545,-0.005150271,-0.003805159,-0.001570151,0.000976679,0.003072663,0.004026335,0.003526749,0.00184883,-0.000199097,-0.001627875,-0.001782906,-0.000742048,0.000677914,0.001384682,0.000721886,-0.001012292,-0.002638165,-0.002817923,-0.00102759,0.001890913,0.004089703,0.003892628,0.001059326,-0.00280043,-0.0051212,-0.004123208,-0.000213089,0.004065344,0.005684911,0.003329845,-0.00148368,-0.005330802,-0.005327601,-0.001346456,0.003739502,0.006113287,0.003912556,-0.001258764,-0.005470289,-0.005477297,-0.001286011,0.003795032,0.005739797,0.003016842,-0.002156866,-0.005581684,-0.004474689,0.000258287,0.004760316,0.005391901,0.001724349,-0.003130625,-0.005137069,-0.002709821,0.001986543,0.00490428,0.003555025,-0.000897881,-0.004668185,-0.004596961,-0.000829523,0.00336761,0.004459743,0.001679072,-0.002379953,-0.004084383,-0.001947058,0.002112095,0.004498856,0.003113238,-0.000840021,-0.003962701,-0.003671154,-0.00042491,0.002768822,0.003081622,0.000364575,-0.002788944,-0.003425135,-0.000888612,0.002618468,0.004038124,0.002185868,-0.001242067,-0.00324671,-0.002222361,0.000667788,0.002637291,0.001851154,-0.000926619
0.019886179,0.011608443,0.008964788,0.006821821,0.004471615,0.001915104,-0.000633106,-0.002855014,-0.004406398,-0.004995553,-0.004468187,-0.002892521,-0.000616922,0.001749973,0.003481119,0.003987204,0.003096453,0.001206427,-0.000824129,-0.002055599,-0.001960953,-0.000755833,0.000674896,0.001283775,0.000544926,-0.001116825,-0.002497403,-0.002374811,-0.000420757,0.002378281,0.004197665,0.003565627,0.000510462,-0.003206017,-0.005103685,-0.003689075,0.000329618,0.004306509,0.005399912,0.002652026,-0.002139685,-0.005553158,-0.004999705,-0.000731866,0.004189356,0.006091615,0.00348245,-0.001718242,-0.005558379,-0.005081635,-0.00066933,0.004198536,0.005658742,0.002545578,-0.002643907,-0.00573181,-0.004231595,0.000625067,0.004888608,0.005128163,0.001247103,-0.003461236,-0.00507404,-0.002313857,0.002408581,0.005057922,0.003393874,-0.001153044,-0.004733963,-0.004375461,-0.000489499,0.003539534,0.004304562,0.001296873,-0.00271965,-0.004169497,-0.001789894,0.002306156,0.004524443,0.002946365,-0.001028543,-0.003966642,-0.003435815,-9.76E-05,0.002964705,0.00303397,0.000157821,-0.002959772,-0.003428904,-0.00076524,0.002708156,0.003967697,0.001981107,-0.001426519,-0.003266399,-0.002070385,0.000857853,0.002711547,0.001768356,-0.001066724
0.017436605,0.010276283,0.007867159,0.005818782,0.003552993,0.001124068,-0.001220013,-0.003149242,-0.004336656,-0.004540396,-0.003682065,-0.001913703,0.000351831,0.002489427,0.003821799,0.003870848,0.002604116,0.000532647,-0.001448957,-0.002463696,-0.002117232,-0.000757829,0.000673368,0.00118426,0.00038124,-0.001193091,-0.00232415,-0.001914551,0.000172479,0.002822514,0.004253456,0.003206615,-3.06E-05,-0.003567795,-0.005032967,-0.003225535,0.000859903,0.004502974,0.005068982,0.001958463,-0.002771192,-0.005728988,-0.004636678,-0.000118276,0.004603458,0.006025343,0.003030001,-0.002164064,-0.005609566,-0.004654327,-4.86E-05,0.004578785,0.005548301,0.00206358,-0.003114063,-0.005850556,-0.003966724,0.000988042,0.004991486,0.004837001,0.000759428,-0.003781509,-0.004992932,-0.001909908,0.002820958,0.005192763,0.003221632,-0.001400641,-0.004777263,-0.004131486,-0.000140801,0.003704168,0.004135898,0.00090728,-0.003056476,-0.00424824,-0.001633705,0.00248713,0.004530775,0.002766061,-0.001216245,-0.003956993,-0.003183508,0.00024087,0.003163759,0.00298666,-4.53E-05,-0.003123005,-0.003427064,-0.000645439,0.00278334,0.003877717,0.001761136,-0.001615734,-0.003281325,-0.001909955,0.001054896,0.002790738,0.001691514,-0.001197615
0.014112048,0.008427089,0.006379285,0.004534971,0.002471036,0.000290368,-0.001738185,-0.003287811,-0.004062978,-0.003880705,-0.002738438,-0.000860537,0.001297697,0.003122232,0.004009986,0.00360621,0.002011919,-0.000170712,-0.002040737,-0.002806818,-0.002212786,-0.000725412,0.000682345,0.001092683,0.000244712,-0.001220296,-0.002102991,-0.001443514,0.000716032,0.003167247,0.004205073,0.002794345,-0.000543091,-0.003835745,-0.004860178,-0.002714175,0.001356721,0.004611914,0.004660188,0.00125339,-0.003337721,-0.005807126,-0.004210199,0.000481649,0.004937883,0.005869373,0.002537563,-0.002579421,-0.005590913,-0.004174964,0.000567277,0.004904455,0.005379674,0.001567435,-0.003541848,-0.005901346,-0.003657154,0.001343719,0.005046887,0.004498404,0.000259541,-0.004075823,-0.004876669,-0.001496533,0.003205474,0.005283037,0.003022973,-0.001636016,-0.004779226,-0.003847272,0.00022134,0.003853874,0.003944837,0.000511195,-0.003378508,-0.004307192,-0.001475409,0.002643779,0.004499407,0.002558885,-0.001404086,-0.003924734,-0.00290442,0.000593611,0.003362849,0.002937027,-0.000240725,-0.00326861,-0.003410788,-0.000529344,0.002833323,0.003752932,0.001514973,-0.001811505,-0.003286018,-0.001734216,0.001262992,0.002876943,0.001624619,-0.001311237
0.010428364,0.006360537,0.00473157,0.003145692,0.001342509,-0.000531312,-0.002193995,-0.003330335,-0.003682905,-0.00313033,-0.001742895,0.000192001,0.002190707,0.003665479,0.004098702,0.003261667,0.001381063,-0.000865622,-0.002588479,-0.003092965,-0.002260759,-0.000666055,0.000701458,0.001007971,0.000123386,-0.001224641,-0.001865848,-0.000982415,0.001215062,0.003444695,0.004095982,0.002358649,-0.001029443,-0.004044057,-0.00463054,-0.002182832,0.001827216,0.004670216,0.004215375,0.000556039,-0.003854054,-0.005823933,-0.003751113,0.001064848,0.005219009,0.005659957,0.002025223,-0.002973849,-0.005533275,-0.003672822,0.00117028,0.005191302,0.005176497,0.001068109,-0.003938075,-0.005907868,-0.003320312,0.001694941,0.005076193,0.004137021,-0.000240872,-0.004350169,-0.004739644,-0.001082091,0.00356707,0.005341453,0.002805338,-0.001866271,-0.004759266,-0.003542807,0.000588106,0.00399383,0.003743398,0.000117355,-0.003684681,-0.004348616,-0.001312386,0.00278761,0.004446389,0.002335905,-0.001593102,-0.003882292,-0.002614877,0.00094843,0.003556554,0.00288313,-0.000431722,-0.003401878,-0.003383235,-0.000412517,0.002871528,0.003611051,0.001256831,-0.002008523,-0.003283842,-0.001550671,0.001474994,0.002964461,0.001561475,-0.001415899
0.006447487,0.004113972,0.002951583,0.001669381,0.000175959,-0.001342297,-0.002597329,-0.003292551,-0.003214197,-0.002304728,-0.000704704,0.001243232,0.003038859,0.004133424,0.004104142,0.0028505,0.000718278,-0.001552993,-0.003098974,-0.003331169,-0.00226878,-0.000584094,0.000729079,0.000929015,1.47E-05,-0.001209978,-0.001615546,-0.000529886,0.001676622,0.003665755,0.003936164,0.00190352,-0.001493771,-0.004202431,-0.004353437,-0.001634937,0.002275569,0.004686189,0.003740614,-0.000134597,-0.004328202,-0.005789394,-0.003264857,0.001633896,0.005455453,0.005405854,0.001496327,-0.003350702,-0.005443064,-0.003151779,0.001762365,0.005445559,0.004944425,0.000566219,-0.004307789,-0.005877302,-0.002960666,0.002042417,0.005083697,0.003756677,-0.000741592,-0.004607719,-0.004585248,-0.00066684,0.003909381,0.005373133,0.002571783,-0.002092265,-0.004721013,-0.003221475,0.000958663,0.004125603,0.003533327,-0.000274498,-0.003977458,-0.004375278,-0.001145354,0.002920744,0.004375278,0.002099721,-0.001783106,-0.003831381,-0.002316688,0.001304862,0.003745648,0.00282561,-0.000618996,-0.003524792,-0.003346204,-0.000295028,0.00289994,0.003454937,0.000988746,-0.002206525,-0.003275906,-0.001360626,0.001690205,0.003053013,0.001501425,-0.001513092
0.002173596,0.001676553,0.001041858,0.000132289,-0.000975321,-0.002066275,-0.002860059,-0.003091352,-0.002597964,-0.001386115,0.000343447,0.002212349,0.003728739,0.004406022,0.003929218,0.00232247,3.00E-05,-0.002177713,-0.003490755,-0.003440829,-0.002177614,-0.000447715,0.000777705,0.000862873,-7.13E-05,-0.001167698,-0.001358986,-0.000121293,0.002037755,0.003759231,0.003675886,0.001423471,-0.001897036,-0.004252086,-0.003986285,-0.001068604,0.002666375,0.004616863,0.003221698,-0.000786237,-0.004695465,-0.005643677,-0.00273194,0.002158396,0.005589426,0.005060004,0.000941251,-0.003684977,-0.005289032,-0.002605722,0.002314183,0.005620668,0.00465225,6.81E-05,-0.004611513,-0.005763542,-0.002553429,0.002380815,0.005048921,0.003346386,-0.001230532,-0.00482149,-0.004394177,-0.000257358,0.004200733,0.005340126,0.002299835,-0.00231273,-0.004649271,-0.002871976,0.001330223,0.004237705,0.003309641,-0.00065178,-0.004229782,-0.004360727,-0.000963514,0.003034853,0.004268312,0.001836999,-0.001976405,-0.003768154,-0.00201024,0.001652683,0.003914654,0.002754597,-0.000799178,-0.003622955,-0.003284474,-0.000170612,0.00291412,0.003276202,0.000707086,-0.002401192,-0.003254263,-0.001159621,0.001906514,0.003137489,0.001442887,-0.001597761
-0.002062559,-0.000750215,-0.000850531,-0.00137107,-0.002073823,-0.002721973,-0.003048347,-0.002823266,-0.001937729,-0.000459436,0.001357173,0.003107809,0.00431976,0.004576893,0.003674446,0.001755846,-0.000648516,-0.002752051,-0.003811269,-0.003481585,-0.002036968,-0.000285769,0.00083547,0.000801573,-0.000149679,-0.001118795,-0.001108966,0.000256697,0.002345251,0.003792765,0.003374609,0.00094029,-0.002266029,-0.00425173,-0.003584034,-0.000502374,0.003025697,0.004510737,0.002691694,-0.001408795,-0.005006448,-0.005446945,-0.002183465,0.002655643,0.005673472,0.004674559,0.000379351,-0.003996614,-0.005107984,-0.002055271,0.002839532,0.005754944,0.004333293,-0.000423963,-0.004880706,-0.005610185,-0.002125584,0.002713788,0.004996217,0.002927168,-0.001707993,-0.005011055,-0.004186107,0.000146205,0.004464327,0.005274183,0.002008657,-0.002531867,-0.004564533,-0.002513362,0.001698443,0.004339148,0.003081479,-0.001017786,-0.004458049,-0.004322734,-0.000771995,0.003141997,0.004146316,0.001563209,-0.002171311,-0.0037016,-0.00170466,0.00199073,0.004069312,0.002674394,-0.00097666,-0.003708538,-0.003209288,-4.04E-05,0.002924947,0.003090869,0.000423049,-0.002591492,-0.003225527,-0.00095507,0.002120258,0.003216655,0.001382241,-0.001678507
-0.006255873,-0.003164853,-0.002723239,-0.002836209,-0.003112572,-0.003300387,-0.003152392,-0.002479497,-0.001227717,0.000476342,0.00233191,0.003919889,0.004798891,0.004632643,0.003329326,0.001145569,-0.00131588,-0.003269361,-0.004051128,-0.003444373,-0.001840334,-9.49E-05,0.000903577,0.000745753,-0.000219466,-0.001062402,-0.000866356,0.000600044,0.002592042,0.003758472,0.003026944,0.000453577,-0.002596229,-0.004194783,-0.003142079,6.37E-05,0.00334938,0.004362972,0.002149159,-0.001998423,-0.005253732,-0.005192495,-0.0016174,0.003122034,0.00570102,0.004244317,-0.000190254,-0.004282625,-0.004896373,-0.001499863,0.003334912,0.005843008,0.003984038,-0.000909109,-0.005110814,-0.005412022,-0.001674436,0.003040608,0.004923231,0.002497862,-0.002172451,-0.005173222,-0.003958808,0.000543056,0.004696499,0.005170974,0.001695725,-0.002749495,-0.004465086,-0.002144445,0.002062873,0.004428528,0.00284826,-0.001371018,-0.00465909,-0.004258216,-0.000569528,0.003241256,0.00400732,0.001276903,-0.002368032,-0.003631282,-0.001400072,0.002317708,0.004207729,0.002583793,-0.001151083,-0.003779884,-0.003118878,9.63E-05,0.002931979,0.002898077,0.000136332,-0.002776839,-0.003188762,-0.000746513,0.002331091,0.003289808,0.00131921,-0.001754813
-0.010037927,-0.005364036,-0.004411588,-0.004118719,-0.00396688,-0.003701785,-0.003105219,-0.00203365,-0.000487032,0.001357477,0.003167935,0.004529552,0.005050142,0.004483578,0.002848408,0.000497462,-0.001921533,-0.003652386,-0.004129629,-0.003264866,-0.001549294,0.000139995,0.000984175,0.000694814,-0.000281022,-0.001004458,-0.000651866,0.000869421,0.002727932,0.003613129,0.002615129,-2.18E-05,-0.002850658,-0.004045523,-0.002648288,0.0006116,0.003603485,0.004150481,0.001603246,-0.002512759,-0.005383009,-0.004844176,-0.00103484,0.003523804,0.00563024,0.003746536,-0.000760461,-0.004518447,-0.004637546,-0.000949657,0.003765186,0.005845918,0.003586479,-0.001374105,-0.005268234,-0.005138022,-0.001188896,0.00335287,0.004818154,0.002060766,-0.002603219,-0.005281318,-0.003698718,0.000922879,0.004868676,0.005000678,0.001345005,-0.002965577,-0.004345049,-0.001765948,0.002412741,0.004493508,0.00260902,-0.001694883,-0.004804828,-0.004141456,-0.000343896,0.003330464,0.00384301,0.000972754,-0.002566796,-0.003558149,-0.001105565,0.002615086,0.004308995,0.00246987,-0.001321618,-0.003825302,-0.002999276,0.000248676,0.002938565,0.002700187,-0.000147083,-0.002948037,-0.003136866,-0.000534375,0.002530548,0.003345592,0.001246246,-0.001827478
-0.013493321,-0.007384759,-0.005953866,-0.005269864,-0.004703554,-0.004004411,-0.002986564,-0.001552853,0.000245011,0.002184707,0.003911074,0.00502238,0.005182602,0.004238118,0.002313706,-0.000152105,-0.002480724,-0.003958377,-0.004124609,-0.003017087,-0.001216683,0.000391424,0.001067173,0.000643693,-0.000341269,-0.000949634,-0.000455697,0.001099395,0.002810078,0.003418603,0.002180012,-0.00048447,-0.00306553,-0.003854825,-0.002137042,0.001143022,0.003820716,0.003909633,0.00106273,-0.002984144,-0.005453243,-0.004453965,-0.000450499,0.003889928,0.005512405,0.00322109,-0.001324947,-0.004727047,-0.004357822,-0.000407243,0.004159002,0.005806006,0.003167598,-0.001825988,-0.005388851,-0.004828816,-0.000690075,0.003655654,0.004698188,0.001623516,-0.003013265,-0.005360561,-0.003422879,0.001292527,0.00501006,0.004797632,0.000976813,-0.00318059,-0.004216565,-0.001386083,0.002752083,0.004544839,0.002367488,-0.002002123,-0.004921073,-0.003997449,-0.00010588,0.003415949,0.003668127,0.000661859,-0.002765547,-0.003484558,-0.000818829,0.00289426,0.004388846,0.002342638,-0.00149081,-0.003857759,-0.002864659,0.000409915,0.002947064,0.002502761,-0.000425761,-0.003110102,-0.003077118,-0.000321891,0.002721844,0.003390066,0.0011661,-0.00189996
-0.016484655,-0.009150832,-0.007288687,-0.006236468,-0.005277495,-0.004173072,-0.002773741,-0.00102941,0.000959759,0.002933763,0.004524877,0.005355898,0.00515575,0.003865785,0.001710812,-0.000799397,-0.002974292,-0.00415943,-0.004007719,-0.002679123,-0.000830094,0.000663553,0.001152441,0.000591702,-0.000400444,-0.000899897,-0.000284951,0.001276326,0.002821086,0.003160135,0.001715995,-0.000928428,-0.003227326,-0.003610097,-0.001604607,0.001650753,0.003988348,0.003632006,0.000531117,-0.003397062,-0.005444869,-0.004009208,0.000134641,0.004207786,0.005332438,0.002660302,-0.001880351,-0.004898889,-0.004050944,0.000123533,0.004503333,0.005709032,0.002721021,-0.002259666,-0.005460363,-0.0044734,-0.000174531,0.003945275,0.004558684,0.001186977,-0.003394775,-0.005400959,-0.003126235,0.001648215,0.005110251,0.004551187,0.000585716,-0.003394095,-0.004077284,-0.001005235,0.003076621,0.004577651,0.002123085,-0.002286752,-0.004997604,-0.003816908,0.000148807,0.003496783,0.00347968,0.00034252,-0.002964022,-0.003410587,-0.000543103,0.003148372,0.004439502,0.002197295,-0.001658353,-0.00387296,-0.002709955,0.000583268,0.002958616,0.002306686,-0.00069738,-0.003259507,-0.003006847,-0.0001093,0.002901677,0.003418847,0.001075863,-0.001972588
-0.018623784,-0.010440265,-0.008242986,-0.006881006,-0.005587999,-0.00414697,-0.002447523,-0.000484145,0.001602205,0.003526039,0.004921696,0.005449833,0.004911763,0.003341346,0.001049454,-0.001406015,-0.003348332,-0.004201968,-0.003738917,-0.002230775,-0.000387294,0.000948359,0.00123034,0.000532315,-0.000463125,-0.000862905,-0.000154413,0.001379656,0.002742135,0.002830276,0.001232224,-0.001331876,-0.003313753,-0.003302313,-0.001061694,0.002110174,0.004083291,0.003311699,2.53E-05,-0.003720517,-0.005330625,-0.003501878,0.000706443,0.004452534,0.005072617,0.002065317,-0.002409057,-0.005014402,-0.003711362,0.000628348,0.004772355,0.005534004,0.002243003,-0.002661762,-0.005463989,-0.004061527,0.00035389,0.004210238,0.004393185,0.000758309,-0.003729329,-0.005384206,-0.00280219,0.001981663,0.005153065,0.004248262,0.000168062,-0.003602969,-0.003925654,-0.000629688,0.003373694,0.004581111,0.001875152,-0.002537408,-0.005016989,-0.003585274,0.000426604,0.003572837,0.003276601,1.67E-05,-0.003158683,-0.00333654,-0.000286822,0.003361987,0.004444873,0.00202418,-0.001824566,-0.003864545,-0.002527391,0.000774515,0.002977613,0.002117787,-0.000953367,-0.003387314,-0.002921419,0.000100504,0.003060637,0.003420696,0.000967443,-0.002048359
-0.020253969,-0.011442659,-0.008970156,-0.007337633,-0.005750502,-0.004018049,-0.002069273,5.92E-05,0.002190653,0.004020955,0.005194004,0.005414298,0.004557746,0.002747414,0.000371169,-0.001977992,-0.00365036,-0.004158115,-0.003393227,-0.001731426,7.69E-05,0.001232982,0.001300005,0.000466816,-0.000528895,-0.000833715,-4.57E-05,0.001445223,0.002619628,0.002469369,0.000745445,-0.001708722,-0.003359783,-0.00296549,-0.000520056,0.002538381,0.004138113,0.002971395,-0.000462501,-0.003994059,-0.005161854,-0.002966429,0.001265754,0.004656224,0.004772823,0.001457836,-0.002918048,-0.005097575,-0.003355747,0.001116181,0.004999226,0.00531811,0.001750978,-0.003044671,-0.005431673,-0.003622708,0.000884874,0.004459102,0.004213657,0.000335912,-0.004036421,-0.005335909,-0.002464062,0.00230233,0.005165495,0.003917082,-0.000261176,-0.003807732,-0.003767807,-0.000259076,0.003653619,0.004567376,0.001625144,-0.002769446,-0.005005682,-0.003326858,0.000716086,0.003646433,0.003066997,-0.000310581,-0.00334964,-0.003262021,-4.18E-05,0.003552462,0.00442479,0.001835623,-0.001990226,-0.003843663,-0.002330236,0.000975215,0.00300116,0.001934121,-0.001199237,-0.003502275,-0.002827692,0.000307853,0.003206809,0.003406512,0.000848073,-0.002126578
-0.021084182,-0.011992285,-0.009340393,-0.007501867,-0.005686613,-0.00373655,-0.001619749,0.00058959,0.002686972,0.004360341,0.005274,0.005184375,0.004043941,0.002058557,-0.000321664,-0.002488575,-0.00383877,-0.003984011,-0.002935956,-0.001161913,0.000566415,0.001512122,0.001354173,0.000390578,-0.000600187,-0.00081692,3.01E-05,0.001455567,0.00243547,0.002067428,0.000259835,-0.002042131,-0.003345401,-0.002588795,1.45E-05,0.002915928,0.004132075,0.002603353,-0.00092023,-0.004191495,-0.004913199,-0.002392992,0.001802377,0.004797107,0.004415387,0.000836046,-0.003393512,-0.005130778,-0.002977287,0.001576315,0.005161714,0.005041843,0.001240153,-0.003397186,-0.005345939,-0.003146093,0.001416431,0.004681731,0.004013084,-7.56E-05,-0.004300736,-0.005239768,-0.002105345,0.002603232,0.005132766,0.003545167,-0.000705746,-0.004005126,-0.003600975,0.000102579,0.003906085,0.004526834,0.00137191,-0.002973328,-0.004948442,-0.003028854,0.00102251,0.003716436,0.002848636,-0.000638496,-0.003533816,-0.003186482,0.000185697,0.003707259,0.004365765,0.001623565,-0.002155173,-0.003804281,-0.002111526,0.001189938,0.003031924,0.00175932,-0.001428672,-0.003597071,-0.002721427,0.000510805,0.003332659,0.003367166,0.000711441,-0.002209026
-0.020986952,-0.012012023,-0.009297017,-0.007336239,-0.005379495,-0.003306054,-0.001120128,0.001073716,0.003053535,0.004510841,0.005140524,0.004756363,0.003385155,0.001304298,-0.000992681,-0.002904341,-0.003891791,-0.003674357,-0.002377713,-0.000543353,0.001057522,0.001766111,0.001380714,0.000298308,-0.0006786,-0.000813162,7.32E-05,0.001414187,0.002199438,0.001640814,-0.000205702,-0.002317838,-0.00326747,-0.002181858,0.000524545,0.003226621,0.004058415,0.002212393,-0.001336705,-0.004304547,-0.004586462,-0.00179363,0.002301083,0.004866535,0.004004125,0.000214316,-0.003818939,-0.005104543,-0.002577425,0.002000027,0.005251868,0.004704404,0.000717069,-0.003711281,-0.00520451,-0.002638252,0.001936466,0.004867719,0.003788543,-0.000471148,-0.004514219,-0.005090625,-0.001726372,0.002880924,0.005053269,0.003135944,-0.001158418,-0.004188805,-0.003424139,0.000450202,0.004123252,0.004453609,0.001114103,-0.003147017,-0.004843195,-0.002691606,0.001343616,0.00378148,0.002623538,-0.000961807,-0.003705619,-0.003107379,0.000393844,0.003821682,0.004263348,0.001385966,-0.002319151,-0.003745585,-0.001871323,0.001418,0.003070246,0.001596073,-0.001637106,-0.00366752,-0.002601299,0.000706928,0.003433262,0.003297619,0.000554211,-0.002297028
-0.020347496,-0.01172059,-0.009011864,-0.006980232,-0.004935419,-0.002796081,-0.000600167,0.001522151,0.003337732,0.00454826,0.004884511,0.004219763,0.002652586,0.000524269,-0.001639806,-0.003257469,-0.003863951,-0.003289272,-0.00176827,9.45E-05,0.001541068,0.001999457,0.001388036,0.00019577,-0.000760916,-0.000816175,9.89E-05,0.001345702,0.001938007,0.001205809,-0.000654097,-0.002557014,-0.00315328,-0.001761201,0.001015342,0.003494946,0.003944918,0.001810107,-0.001726823,-0.004368209,-0.004217093,-0.001183952,0.002773596,0.004893312,0.003564183,-0.000402564,-0.004210922,-0.00504191,-0.002165946,0.002400727,0.005299243,0.004332781,0.000189485,-0.004001173,-0.005031245,-0.002115284,0.002445826,0.005029507,0.003549369,-0.000856458,-0.004696839,-0.004910323,-0.001336308,0.003144471,0.004947203,0.002707263,-0.001612833,-0.004362283,-0.003240992,0.000788555,0.004318203,0.004360158,0.000853182,-0.003303366,-0.004710749,-0.002332965,0.001671705,0.003842887,0.002395105,-0.001280809,-0.003868436,-0.003025092,0.000590959,0.003912389,0.004135578,0.001133734,-0.002482293,-0.003675795,-0.001619323,0.001652905,0.003112425,0.001439737,-0.001832595,-0.003723119,-0.002472987,0.000898536,0.003518314,0.00320979,0.000384678,-0.002388278
-0.018820092,-0.01091719,-0.008330835,-0.006316774,-0.004276206,-0.002169264,-6.25E-05,0.001897033,0.003475699,0.004395869,0.00443179,0.00351793,0.001818343,-0.000276206,-0.002228383,-0.003495452,-0.00370072,-0.00278732,-0.001088649,0.000747534,0.001997451,0.00218864,0.001358548,7.49E-05,-0.000849162,-0.000828785,9.89E-05,0.001238289,0.001643576,0.00076758,-0.001064981,-0.002731479,-0.002981272,-0.001325,0.001466123,0.003688155,0.003765658,0.001392902,-0.002069853,-0.004350885,-0.003783176,-0.000565845,0.003196173,0.004848717,0.00308214,-0.001003086,-0.004540817,-0.004916805,-0.001737028,0.002760728,0.005275711,0.003907939,-0.000340792,-0.004248371,-0.004807115,-0.001573027,0.00293082,0.005146831,0.003285159,-0.001223192,-0.004826903,-0.004678708,-0.000929418,0.003383835,0.004798972,0.002250848,-0.002064861,-0.004515236,-0.003046716,0.00110985,0.004474006,0.004231634,0.00058641,-0.003431843,-0.004535288,-0.001942013,0.002008422,0.003897057,0.002162281,-0.001589917,-0.004013487,-0.002935672,0.000770492,0.003964056,0.003966329,0.000858079,-0.002643588,-0.003588187,-0.001349353,0.001897346,0.003159953,0.001295003,-0.002005714,-0.003753326,-0.002331144,0.001081824,0.003576521,0.003090944,0.000194552,-0.002484847
-0.016607231,-0.009714329,-0.007344254,-0.005423462,-0.003466883,-0.001475598,0.000461253,0.002188193,0.003480116,0.004087844,0.003833165,0.002709991,0.000939263,-0.001053334,-0.002735863,-0.003620255,-0.003425787,-0.002205898,-0.000379368,0.001381658,0.002404376,0.002323397,0.001290373,-6.23E-05,-0.000939677,-0.000844849,8.44E-05,0.001109493,0.001337416,0.000344816,-0.001429223,-0.002844937,-0.002764895,-0.000888123,0.001869427,0.003809989,0.003531659,0.000969711,-0.002367684,-0.004267375,-0.003306082,4.37E-05,0.003564904,0.004742576,0.002574177,-0.001574959,-0.004806283,-0.004734891,-0.001296385,0.003081972,0.005192472,0.003444616,-0.000864328,-0.004454339,-0.004543033,-0.001024857,0.003382786,0.005218038,0.002997726,-0.001571883,-0.004910258,-0.00440453,-0.000511467,0.00360098,0.004618236,0.001779364,-0.00250456,-0.004643208,-0.002840804,0.001414286,0.004592703,0.004070613,0.000313343,-0.003538487,-0.004327561,-0.001530223,0.002345951,0.003941722,0.00192701,-0.001885808,-0.004137812,-0.002836041,0.00093731,0.003983994,0.003763751,0.000564892,-0.002801827,-0.003486263,-0.001067396,0.002145617,0.003208828,0.001159163,-0.002159021,-0.003760921,-0.002177824,0.001256869,0.00361056,0.002945243,-1.25E-05,-0.002584927
-0.013971692,-0.008264106,-0.006169255,-0.00439021,-0.002568853,-0.000746375,0.000969718,0.002421089,0.003396999,0.00368143,0.003145818,0.001841718,4.07E-05,-0.001806331,-0.003184226,-0.003668916,-0.003079871,-0.001577956,0.000342069,0.001996241,0.002773373,0.002419271,0.001195749,-0.00020994,-0.001030695,-0.00086183,6.23E-05,0.000969377,0.001027081,-6.41E-05,-0.001760127,-0.002917561,-0.002520755,-0.0004535,0.002239008,0.003883856,0.003262377,0.000544125,-0.002634974,-0.004141415,-0.002803512,0.000644273,0.003896015,0.004596144,0.002051509,-0.002124906,-0.005027207,-0.004515177,-0.000848834,0.003377006,0.005070464,0.002957798,-0.001381332,-0.004632199,-0.004253557,-0.000475162,0.003810416,0.005257248,0.002694665,-0.001908332,-0.004962732,-0.004102912,-8.72E-05,0.003803126,0.00441697,0.001299988,-0.00293378,-0.00475302,-0.002626661,0.001707295,0.004686393,0.003887832,3.59E-05,-0.003631285,-0.004099804,-0.001106482,0.002682318,0.003979203,0.001690279,-0.002172029,-0.004247288,-0.002728697,0.001096469,0.003983704,0.003540023,0.000260978,-0.002957586,-0.003375128,-0.000778429,0.002395235,0.003257613,0.001028686,-0.002299367,-0.003753592,-0.002017015,0.001426332,0.003628637,0.002782071,-0.000230248,-0.002686887
-0.010691128,-0.006432,-0.004706702,-0.003151004,-0.001551774,1.31E-05,0.001426361,0.002536963,0.003158362,0.003114625,0.002328345,0.000902932,-0.000852659,-0.002481297,-0.003503815,-0.003574508,-0.002616741,-0.000889559,0.001056089,0.00254768,0.003053042,0.002433305,0.001049814,-0.000374728,-0.001118681,-0.0008751,3.41E-05,0.000819866,0.000723304,-0.000433799,-0.002020773,-0.00291427,-0.002232556,-3.36E-05,0.002538285,0.00386777,0.002932801,0.000120393,-0.002844352,-0.00394374,-0.00226694,0.001214857,0.004151019,0.00437832,0.00151184,-0.002623341,-0.005159776,-0.004226065,-0.000392136,0.003622246,0.004881052,0.002436145,-0.001878275,-0.004755797,-0.003922145,6.78E-05,0.004184083,0.005232565,0.002362246,-0.002221349,-0.004959285,-0.003754378,0.000344882,0.00397688,0.004182332,0.000814522,-0.003334806,-0.004823463,-0.002395502,0.001978481,0.00473291,0.003664593,-0.000250155,-0.003701315,-0.003840927,-0.000668321,0.00300986,0.00400014,0.001451556,-0.002437049,-0.004325345,-0.00260361,0.001244677,0.003949721,0.003281505,-5.89E-05,-0.003107052,-0.003248315,-0.000480397,0.002642602,0.003302379,0.000905889,-0.002416782,-0.003719336,-0.00184304,0.001585154,0.00361787,0.002588402,-0.000465504,-0.002790503
-0.007132637,-0.004429798,-0.00312017,-0.001832521,-0.000503826,0.000755573,0.001824759,0.002566732,0.002824532,0.002465073,0.001460741,-3.95E-05,-0.001699907,-0.003069905,-0.003717986,-0.00338312,-0.002090835,-0.000188196,0.001733341,0.003028314,0.003252904,0.002382688,0.000868047,-0.000547576,-0.001199225,-0.000879541,9.83E-06,0.000675092,0.000437489,-0.000763872,-0.002225575,-0.002859158,-0.001921688,0.000365552,0.002781708,0.003789186,0.002567329,-0.000295289,-0.003012197,-0.00370354,-0.001720377,0.001751216,0.00434677,0.004114381,0.00097084,-0.003075067,-0.005225433,-0.003889944,6.67E-05,0.003831301,0.004649342,0.001899542,-0.002352559,-0.004838885,-0.003566472,0.000596518,0.004511088,0.005158723,0.00200913,-0.002517137,-0.004918275,-0.003377591,0.000777467,0.004129537,0.003928796,0.000333558,-0.003706838,-0.004860137,-0.002150307,0.002234029,0.004745916,0.003413338,-0.000542402,-0.003758114,-0.003566521,-0.00022851,0.003323606,0.004005418,0.001211646,-0.002684064,-0.004377353,-0.002462358,0.001388864,0.003896511,0.003003791,-0.000385346,-0.003249759,-0.003111729,-0.000180317,0.002882839,0.003339517,0.000785379,-0.002519783,-0.003667231,-0.001660585,0.001736444,0.003588144,0.002376026,-0.000709772,-0.002892689
-0.003386594,-0.002311799,-0.001449955,-0.000462256,0.000561248,0.001481021,0.002177296,0.00253186,0.002421274,0.001757132,0.00056033,-0.000979466,-0.002507963,-0.003590534,-0.003851788,-0.003119716,-0.001520255,0.000519511,0.002379547,0.003453052,0.003391231,0.002283021,0.000659654,-0.000725845,-0.001273487,-0.000876645,-1.06E-05,0.000534979,0.000166435,-0.001063091,-0.002387898,-0.002765397,-0.001594723,0.000748166,0.002982569,0.00366384,0.002175688,-0.000704128,-0.003148716,-0.003432234,-0.00116781,0.002260442,0.004497388,0.003816247,0.000429993,-0.00349058,-0.005240344,-0.003518775,0.000526458,0.004012967,0.004386375,0.001352775,-0.002808816,-0.004891202,-0.003193089,0.00111341,0.004802084,0.005047497,0.001640494,-0.00279984,-0.004849205,-0.002980118,0.001209848,0.004266113,0.003661483,-0.000143087,-0.004056059,-0.004870732,-0.001894318,0.002477792,0.004733705,0.003141113,-0.000839233,-0.003805199,-0.003281104,0.000211588,0.003626081,0.003998407,0.000970818,-0.002917218,-0.00440934,-0.002308546,0.00153043,0.00382934,0.00271225,-0.000716058,-0.003387065,-0.002967897,0.000120817,0.003117052,0.00337032,0.000666189,-0.002612166,-0.003601829,-0.001471834,0.001882081,0.003544341,0.002149939,-0.00096038,-0.002993448
0.000473658,-0.000109959,0.000271474,0.000916985,0.001587951,0.002124034,0.002415705,0.002371682,0.001907467,0.000980071,-0.000346589,-0.001854132,-0.003186325,-0.003942109,-0.003815213,-0.002726072,-0.000892115,0.001199426,0.002924833,0.003737011,0.003391063,0.002082227,0.000402878,-0.000907145,-0.001327347,-0.000851162,-1.35E-05,0.000416969,-6.09E-05,-0.001289181,-0.002461297,-0.00259972,-0.001247467,0.001085808,0.003093406,0.003449676,0.001742557,-0.001090176,-0.003222727,-0.003110295,-0.000621354,0.002699941,0.004552794,0.003456871,-9.69E-05,-0.003822254,-0.005150808,-0.003082589,0.000981514,0.004138845,0.004068741,0.000798889,-0.003218046,-0.004879605,-0.002791364,0.001595063,0.005011616,0.004858127,0.001242095,-0.003055364,-0.004727339,-0.002548785,0.001634484,0.004368616,0.003372323,-0.000600164,-0.004348624,-0.004822188,-0.001614436,0.002698111,0.004671873,0.002828978,-0.001144266,-0.003836018,-0.002981995,0.00064096,0.003895906,0.003961305,0.000727942,-0.003119403,-0.00439702,-0.002125418,0.001671534,0.00374068,0.00240088,-0.001048275,-0.003509995,-0.002811078,0.000418225,0.00333159,0.003381655,0.000544892,-0.002686306,-0.003511881,-0.001271726,0.002016737,0.003475062,0.001901254,-0.001218215,-0.003087233
0.004219525,0.002036908,0.001942197,0.002238223,0.002547001,0.002692843,0.002580856,0.002149879,0.001355574,0.000198871,-0.001217958,-0.002655336,-0.003764058,-0.004184669,-0.003684336,-0.002274327,-0.00025543,0.001837852,0.003391802,0.003928641,0.00330908,0.00182768,0.000125358,-0.001083624,-0.001364587,-0.000808647,-1.60E-06,0.000317625,-0.000257229,-0.001470234,-0.002485604,-0.002399561,-0.000897105,0.001392001,0.0031533,0.003191518,0.00129484,-0.001457429,-0.003262646,-0.002768175,-8.96E-05,0.003092035,0.004553786,0.003069161,-0.000607317,-0.004101539,-0.005003532,-0.002615421,0.001428689,0.004233182,0.003726332,0.000249877,-0.003594258,-0.004831382,-0.002378532,0.002050309,0.005171187,0.004624726,0.000829071,-0.003294865,-0.004578737,-0.00210422,0.002049467,0.004450564,0.003074358,-0.001039884,-0.004603421,-0.004737129,-0.001320282,0.002905609,0.004583697,0.002496948,-0.00145237,-0.003859278,-0.002680372,0.001057226,0.004141164,0.003903931,0.000483573,-0.003302788,-0.004358007,-0.001923907,0.001815151,0.003644293,0.002083881,-0.001376339,-0.003622322,-0.002647877,0.000709814,0.003530224,0.003377665,0.000419155,-0.002752533,-0.003409896,-0.001066221,0.002145677,0.003393836,0.00164377,-0.001475943,-0.003174113
0.007863104,0.004134612,0.003567575,0.003507585,0.003445535,0.003195266,0.002680467,0.001872933,0.000769594,-0.000586044,-0.002057534,-0.003390824,-0.004251762,-0.00432969,-0.003469082,-0.001770591,0.000388908,0.002439166,0.003788706,0.004037665,0.003153892,0.001525034,-0.000170725,-0.00125579,-0.001386956,-0.000750892,2.35E-05,0.000234984,-0.00042587,-0.001610995,-0.002465988,-0.002168546,-0.000543958,0.001670061,0.003167612,0.002893996,0.000834066,-0.001807869,-0.003272063,-0.002407996,0.00042888,0.00344172,0.004506093,0.002656093,-0.001103129,-0.004333956,-0.004804591,-0.002120522,0.001868819,0.004299299,0.003361748,-0.000294783,-0.003940934,-0.004750387,-0.001955756,0.002481934,0.005286063,0.004351926,0.000402956,-0.003520034,-0.004406207,-0.00164781,0.002455821,0.004514124,0.00276851,-0.001464081,-0.004824431,-0.0046194,-0.001013355,0.003101639,0.004471949,0.002147109,-0.001763226,-0.003875775,-0.002376497,0.001461772,0.004364442,0.00382842,0.000237864,-0.003469355,-0.004295112,-0.001705947,0.001961019,0.00354099,0.001761839,-0.00170069,-0.003725163,-0.002478964,0.000996198,0.003714626,0.003359962,0.000289442,-0.00281168,-0.003297137,-0.000855884,0.002269501,0.003301918,0.001378409,-0.001733577,-0.003254819
0.010982109,0.005950196,0.004959822,0.004561712,0.004143641,0.003519604,0.002638098,0.001506732,0.000162535,-0.001314391,-0.002764265,-0.003932869,-0.004515764,-0.004261687,-0.003094483,-0.001195,0.001003531,0.002920571,0.004010134,0.00396294,0.002850929,0.001137028,-0.00048834,-0.001405311,-0.001369837,-0.000656035,8.15E-05,0.000193665,-0.000531149,-0.001667246,-0.002362411,-0.001887709,-0.000200336,0.001881373,0.003091256,0.002529779,0.000364384,-0.002112425,-0.003221028,-0.002025612,0.000901225,0.00369199,0.00435948,0.002203416,-0.001554132,-0.004463274,-0.00450488,-0.00158186,0.002283278,0.004306704,0.002962602,-0.0008144,-0.004215447,-0.004601307,-0.001521095,0.002854489,0.005304051,0.004000822,-4.40E-05,-0.00371337,-0.004189977,-0.001178406,0.002833828,0.004536393,0.002451697,-0.001846268,-0.004967074,-0.004430448,-0.000679975,0.003274435,0.004315342,0.001766814,-0.002075165,-0.003879664,-0.002076162,0.001830302,0.004531937,0.003709896,-1.13E-05,-0.003599576,-0.00418118,-0.001452219,0.002115279,0.003430666,0.001439337,-0.002008031,-0.003803484,-0.002299566,0.001265459,0.003861285,0.003306408,0.000145854,-0.002860474,-0.003165533,-0.000637532,0.002383708,0.00319272,0.001104597,-0.001982781,-0.003317031
0.013739393,0.007565854,0.006191202,0.005476523,0.004723235,0.003750235,0.002532595,0.001113624,-0.000431561,-0.001990195,-0.003384719,-0.004367025,-0.004667816,-0.004097897,-0.002658783,-0.000604866,0.001584812,0.003331109,0.004142642,0.003803927,0.002486876,0.000719747,-0.000806477,-0.001538019,-0.001331495,-0.000543137,0.000155099,0.00017197,-0.000607325,-0.001686876,-0.002225531,-0.001591317,0.000132379,0.002059631,0.002976725,0.002142987,-0.000100692,-0.002391087,-0.003143681,-0.001639492,0.00134514,0.003893208,0.00416986,0.001738893,-0.001978814,-0.004544236,-0.004163562,-0.001030577,0.002680417,0.004286975,0.002552612,-0.00131576,-0.004452602,-0.00442138,-0.001084715,0.003196384,0.005277196,0.003616822,-0.000496632,-0.003890658,-0.003956299,-0.00070836,0.003193974,0.004538024,0.002131695,-0.002205751,-0.005071297,-0.004208483,-0.000335306,0.003436562,0.004140244,0.001376089,-0.002384736,-0.003877567,-0.00178029,0.002177913,0.004670032,0.003569723,-0.000262405,-0.00371286,-0.004043926,-0.001182263,0.002274205,0.003319754,0.001120705,-0.002303572,-0.00386837,-0.002115772,0.001524397,0.003987432,0.003233596,-6.21E-06,-0.002906228,-0.003026792,-0.000416437,0.002493901,0.003077791,0.000830483,-0.002224402,-0.003368266
0.016058244,0.008939072,0.007227603,0.006222684,0.00515963,0.003867934,0.002351341,0.000688664,-0.001009341,-0.002602015,-0.003900721,-0.004670984,-0.004685118,-0.00381914,-0.002150104,2.12E-06,0.002125398,0.003656015,0.004168089,0.003543689,0.002049679,0.000267636,-0.001124934,-0.001650326,-0.001267561,-0.000408535,0.000247458,0.000173864,-0.000648556,-0.0016626,-0.002048829,-0.001276486,0.000451783,0.002198114,0.002816462,0.001729347,-0.000559955,-0.002638493,-0.003034783,-0.001249091,0.001754676,0.004035403,0.003928668,0.001260351,-0.0023717,-0.004567092,-0.003772432,-0.000464379,0.003056577,0.004234652,0.002129761,-0.001794975,-0.004644749,-0.004204422,-0.00064639,0.003501344,0.005196473,0.003193417,-0.000955932,-0.00404863,-0.003701747,-0.000237713,0.003532515,0.004514812,0.001807919,-0.002537858,-0.0051293,-0.003946858,2.29E-05,0.003585876,0.003943011,0.000972954,-0.002691371,-0.003868283,-0.001489864,0.002500259,0.004772693,0.003403489,-0.000515696,-0.003805799,-0.003878665,-0.000892824,0.002438762,0.003208221,0.000806853,-0.002584813,-0.003917047,-0.001926709,0.001770858,0.004088836,0.003137562,-0.000168531,-0.002948385,-0.002879528,-0.000192079,0.002599291,0.002956054,0.000556123,-0.002456794,-0.003406238
0.017485585,0.009812251,0.007867353,0.006637776,0.00533058,0.003794047,0.002061551,0.000244302,-0.001517841,-0.003065748,-0.004210836,-0.004742928,-0.004483104,-0.003373032,-0.001556936,0.000596759,0.002564881,0.003820358,0.004016182,0.003132453,0.001517868,-0.000214578,-0.001422682,-0.001717402,-0.001158596,-0.000240434,0.000366872,0.000210306,-0.000638571,-0.001576754,-0.001821984,-0.000947942,0.00073775,0.002270533,0.002592643,0.00129076,-0.000991873,-0.002826443,-0.002878349,-0.000863703,0.002097166,0.004079437,0.003612295,0.000772865,-0.002703472,-0.004497654,-0.003313926,0.000108475,0.003386931,0.004129367,0.00169593,-0.00222614,-0.004757616,-0.003929848,-0.000212158,0.003741748,0.005031437,0.002715853,-0.001415885,-0.004171567,-0.003418589,0.000223197,0.0038265,0.004447917,0.001480698,-0.002821121,-0.005110811,-0.003623575,0.000399131,0.003713782,0.003714774,0.000558148,-0.002985986,-0.003845312,-0.001211978,0.002775222,0.004812723,0.00319296,-0.000772594,-0.003866195,-0.003670211,-0.000574551,0.00261193,0.003099287,0.00050769,-0.002835737,-0.003935476,-0.001729657,0.001993222,0.004145411,0.003000065,-0.000350277,-0.002987377,-0.00272131,3.55E-05,0.002697488,0.002827503,0.000288279,-0.002667211,-0.003418304
0.018424489,0.010409245,0.008289706,0.006875169,0.005364139,0.003627109,0.001726584,-0.000196395,-0.001976928,-0.003442497,-0.00440991,-0.004697713,-0.00417783,-0.002855995,-0.000937735,0.001169455,0.002942418,0.003900147,0.003779171,0.002655599,0.000951722,-0.000699504,-0.001701251,-0.001757696,-0.001026958,-5.78E-05,0.000496827,0.000260779,-0.000606952,-0.00146555,-0.001576843,-0.00061917,0.001002942,0.00231045,0.002342355,0.00084764,-0.001403106,-0.002981617,-0.002699779,-0.000485048,0.00240292,0.004074998,0.003262872,0.000286636,-0.003001643,-0.004384159,-0.002828318,0.000676964,0.003689535,0.003997594,0.001260327,-0.002629083,-0.004829174,-0.003628012,0.000217245,0.003948852,0.004826709,0.002216298,-0.001871301,-0.004275124,-0.003123065,0.000675117,0.004094585,0.004357845,0.001152443,-0.00307906,-0.005054673,-0.003271725,0.000781966,0.003830362,0.003473058,0.000141234,-0.003271186,-0.00381404,-0.000941015,0.003024914,0.004820351,0.002960216,-0.001031005,-0.003910747,-0.003441723,-0.000243861,0.002788278,0.002992286,0.000217994,-0.003069108,-0.003937397,-0.001528711,0.002202449,0.004178394,0.002841105,-0.000542172,-0.003025405,-0.002558584,0.000263941,0.002792165,0.002696997,2.62E-05,-0.002864148,-0.003415965
0.018678635,0.01061834,0.008407261,0.00686463,0.005207669,0.003333546,0.001332862,-0.000627377,-0.002363078,-0.003695432,-0.004453878,-0.00449144,-0.00373321,-0.002246173,-0.000288531,0.001706537,0.003231016,0.003862494,0.003426717,0.002092239,0.000343045,-0.001183815,-0.001950421,-0.0017598,-0.000864171,0.000144114,0.00064019,0.000329353,-0.000547068,-0.001321486,-0.001308997,-0.000292413,0.001238224,0.002305989,0.002057633,0.00040109,-0.001783512,-0.003090777,-0.002491427,-0.000117104,0.002657176,0.004004302,0.002869722,-0.000195863,-0.003252674,-0.004210988,-0.002307855,0.001236773,0.003952384,0.003829495,0.000823597,-0.00299186,-0.004843509,-0.003289327,0.000639051,0.004109939,0.004568423,0.001688369,-0.002318792,-0.004351458,-0.00281126,0.001113265,0.00432589,0.00423552,0.000823006,-0.003301959,-0.004947121,-0.002881497,0.001172999,0.003931195,0.00321357,-0.000277268,-0.003542282,-0.003770874,-0.000679771,0.003239405,0.004783176,0.002696982,-0.001291394,-0.003933722,-0.003186311,0.000103159,0.002968596,0.002888151,-5.80E-05,-0.003277573,-0.003916195,-0.001322462,0.002393282,0.004178618,0.002652459,-0.00074814,-0.003062332,-0.002390015,0.000493123,0.002882038,0.002564316,-0.000227198,-0.003041731,-0.003393367
0.018034637,0.010314237,0.008124803,0.006536037,0.004817654,0.002897288,0.000890246,-0.001017257,-0.00263057,-0.003773787,-0.004297048,-0.004092711,-0.003138558,-0.001555555,0.000359331,0.002165457,0.003388001,0.003675589,0.002945466,0.001449314,-0.000285326,-0.001637613,-0.002143009,-0.00170624,-0.000664377,0.000362429,0.000790835,0.000410663,-0.000462938,-0.001149936,-0.001028423,1.74E-05,0.001428043,0.00224832,0.001742447,-3.18E-05,-0.002109873,-0.003135702,-0.002249119,0.000228998,0.002841299,0.003853568,0.002433059,-0.000660582,-0.003438364,-0.003968787,-0.001759662,0.001767412,0.004153731,0.003615204,0.000393186,-0.003295519,-0.004782997,-0.002908359,0.001045031,0.004211546,0.004249615,0.001137803,-0.002743808,-0.004388122,-0.00248255,0.001525154,0.004502775,0.004069332,0.00049303,-0.003479757,-0.00477768,-0.002449836,0.001567174,0.004009564,0.00293581,-0.000688981,-0.003786894,-0.003708031,-0.000430704,0.003407535,0.004688596,0.00239646,-0.001552796,-0.003930391,-0.002901309,0.000464667,0.003149423,0.002787193,-0.000313265,-0.003450036,-0.003862942,-0.001109494,0.002559175,0.004136021,0.002426196,-0.000971314,-0.003098049,-0.002215651,0.000721293,0.002965412,0.002431332,-0.000464766,-0.003189957,-0.003342501
0.016917553,0.009738342,0.007631535,0.006042246,0.004309814,0.002393655,0.000431312,-0.00137591,-0.00282769,-0.00375585,-0.004035024,-0.003598606,-0.002475662,-0.000836126,0.000992518,0.002572066,0.003469916,0.003411023,0.002403639,0.000776007,-0.000911334,-0.002064476,-0.002298913,-0.001621046,-0.000446469,0.000585944,0.00094123,0.000494609,-0.000370292,-0.000968779,-0.000746531,0.000313469,0.001591269,0.002163508,0.001415625,-0.00045127,-0.002402287,-0.003144303,-0.001989881,0.000560813,0.002986591,0.00366175,0.00197751,-0.00111116,-0.003587209,-0.003692122,-0.001202591,0.002275869,0.004318061,0.003375945,-3.13E-05,-0.00356481,-0.00468175,-0.002506443,0.001440269,0.004280915,0.003901165,0.000580149,-0.003151962,-0.004401293,-0.002145801,0.001919998,0.004647738,0.003878512,0.000162997,-0.003633303,-0.004576508,-0.001998949,0.001959949,0.004074533,0.002649503,-0.001093911,-0.004013979,-0.003632599,-0.000187691,0.00355058,0.004563388,0.002076792,-0.001813899,-0.003913174,-0.002602177,0.000831321,0.003328308,0.002687163,-0.000556748,-0.003601855,-0.003791582,-0.000892849,0.002711294,0.004070299,0.00218019,-0.00120299,-0.003132743,-0.002038506,0.000948186,0.003044903,0.002298706,-0.000692499,-0.00332096,-0.003275717
0.015091493,0.008753675,0.006822231,0.005303188,0.003630517,0.001796715,-4.28E-05,-0.001678339,-0.002911601,-0.003589326,-0.003615908,-0.002967469,-0.00172112,-8.71E-05,0.001589954,0.00288931,0.003433667,0.003031016,0.001778176,6.85E-05,-0.00152126,-0.002440271,-0.002393068,-0.001486157,-0.000202773,0.000813844,0.001087227,0.00057849,-0.000269071,-0.00077802,-0.000467964,0.000584117,0.00171203,0.002038885,0.001075705,-0.00084439,-0.002638428,-0.003096015,-0.001706216,0.000868476,0.00307183,0.003409422,0.001497632,-0.001535844,-0.003678445,-0.003365674,-0.000637849,0.002744367,0.004422364,0.003098639,-0.000444339,-0.003779412,-0.004518169,-0.002074431,0.001817042,0.004301072,0.003510496,1.66E-05,-0.003529902,-0.004376694,-0.001797857,0.002286131,0.004741659,0.003649263,-0.0001669,-0.003750014,-0.004328643,-0.001521804,0.002347618,0.004117886,0.002351446,-0.001485513,-0.004211279,-0.003536111,4.66E-05,0.003655377,0.004391898,0.001728917,-0.002073735,-0.003875121,-0.002283301,0.001203241,0.003502109,0.002587784,-0.000781649,-0.003721087,-0.003691871,-0.000670553,0.002842146,0.003969353,0.001904664,-0.001446857,-0.003165513,-0.001857462,0.001172432,0.003118119,0.002167128,-0.000904005,-0.003424418,-0.003184068
0.012654883,0.007412853,0.00574038,0.004359236,0.002817801,0.001140919,-0.000503711,-0.001905505,-0.002875645,-0.003282046,-0.003062241,-0.002234238,-0.000917271,0.000649033,0.002116738,0.003096975,0.003277819,0.002552771,0.001100361,-0.000635613,-0.002080086,-0.002739571,-0.00241301,-0.00130126,5.87E-05,0.001034408,0.001216545,0.000650278,-0.000171886,-0.000591469,-0.000206472,0.000819018,0.001787253,0.001880455,0.000735743,-0.001196543,-0.002808318,-0.002988937,-0.00140273,0.001146604,0.003097187,0.003104998,0.001006995,-0.001923208,-0.003709879,-0.002998781,-8.22E-05,0.003156828,0.004458255,0.002784307,-0.000839762,-0.003934823,-0.004293836,-0.001618875,0.002169546,0.004273017,0.003087295,-0.000538133,-0.003864999,-0.004309097,-0.001441429,0.002616991,0.004779396,0.003380322,-0.000495907,-0.003831324,-0.004040492,-0.001028619,0.002720727,0.004135697,0.002044885,-0.001855795,-0.004370496,-0.003413197,0.000274537,0.003723627,0.004177324,0.001357321,-0.002329107,-0.003817177,-0.00195044,0.001572097,0.003663601,0.002485531,-0.000987814,-0.003805992,-0.003562663,-0.000442588,0.00295183,0.003834882,0.001603111,-0.001699119,-0.003194275,-0.00167301,0.001391972,0.003183516,0.002037052,-0.00109707,-0.003498047,-0.003066966
0.009893136,0.005881004,0.004513236,0.003308219,0.001938699,0.000460862,-0.000948933,-0.002083633,-0.00276831,-0.002895372,-0.002436942,-0.001451729,-9.69E-05,0.001365362,0.002592396,0.003235044,0.003051912,0.002022279,0.000401127,-0.001326829,-0.002598848,-0.002986783,-0.002386047,-0.001087248,0.000327964,0.001246955,0.001332343,0.000711525,-8.05E-05,-0.000410977,4.14E-05,0.001030143,0.001834806,0.001703683,0.000399286,-0.001520514,-0.002936332,-0.002846601,-0.001088839,0.001405715,0.003087126,0.002772104,0.000513869,-0.002285135,-0.003705136,-0.002610469,0.000463378,0.003531482,0.00445116,0.002448295,-0.001222949,-0.004053806,-0.00403394,-0.001151347,0.002505787,0.004216434,0.002647463,-0.001083462,-0.00417087,-0.004214279,-0.001080622,0.002925059,0.004782296,0.0030875,-0.000824042,-0.00389188,-0.003730222,-0.000528976,0.003082192,0.004136902,0.001734002,-0.00221115,-0.004504617,-0.003272927,0.000499457,0.003770707,0.003938177,0.000973125,-0.002580645,-0.003747475,-0.001610889,0.001936563,0.003815394,0.002380251,-0.001183006,-0.003870083,-0.003415618,-0.000211255,0.003048977,0.00368107,0.001287312,-0.001954969,-0.003219767,-0.001486527,0.001608073,0.003243618,0.001907746,-0.001278743,-0.003553423,-0.002934654
0.006677758,0.004079281,0.003082995,0.002112818,0.000978347,-0.000235763,-0.001351028,-0.002171474,-0.002542953,-0.002387093,-0.001711752,-0.000612895,0.000722714,0.002022728,0.002963756,0.003248561,0.002712706,0.001419046,-0.00031222,-0.001972862,-0.003030333,-0.003133619,-0.002275615,-0.000826552,0.000603889,0.001438285,0.001417951,0.000748061,-5.83E-06,-0.000248264,0.000259212,0.001196522,0.001835397,0.001500496,7.63E-05,-0.001789619,-0.002989819,-0.002645441,-0.000760802,0.001630266,0.00301903,0.002397711,2.52E-05,-0.002597986,-0.00363935,-0.002192562,0.00098201,0.003833934,0.004368087,0.002077245,-0.001582089,-0.004109981,-0.003716586,-0.000668502,0.002811172,0.00411308,0.002186118,-0.001603961,-0.004420314,-0.004070939,-0.000714047,0.003191531,0.004724592,0.002754657,-0.001149987,-0.003918841,-0.003387451,-2.54E-05,0.003417912,0.004107601,0.001417594,-0.002536956,-0.004591971,-0.003100428,0.000721055,0.003784084,0.003660762,0.000571428,-0.002823275,-0.003658525,-0.001263858,0.002288176,0.003945985,0.002267094,-0.00136045,-0.003898954,-0.003238494,2.56E-05,0.003125554,0.003496651,0.000950708,-0.002213667,-0.00323792,-0.001296689,0.001817086,0.003293559,0.001779446,-0.001440689,-0.00357755,-0.002777081
0.003275713,0.002160267,0.00156841,0.000867203,5.65E-06,-0.000907043,-0.001695744,-0.002181117,-0.002234202,-0.001807969,-0.000944952,0.000226355,0.001497692,0.002596785,0.003229706,0.003158316,0.002296649,0.000785487,-0.001001787,-0.002548562,-0.003365739,-0.003185868,-0.002096283,-0.00053545,0.000873758,0.001600796,0.001469038,0.000755698,4.63E-05,-0.000109232,0.000444491,0.001322295,0.001799653,0.001283536,-0.000225281,-0.002005933,-0.002980425,-0.002400256,-0.000427366,0.001823976,0.002908342,0.002000994,-0.00044681,-0.00286308,-0.003525755,-0.001761268,0.00146489,0.004067628,0.004220892,0.001681632,-0.001916946,-0.004114992,-0.003358538,-0.000181791,0.003086429,0.003974569,0.001717617,-0.002091411,-0.00461453,-0.003885472,-0.000345364,0.003420698,0.004616877,0.002391446,-0.001472365,-0.003921015,-0.003026392,0.00047019,0.003723391,0.004049825,0.001099065,-0.002833096,-0.00463591,-0.002898212,0.000942621,0.00377408,0.003358538,0.000162461,-0.003054297,-0.003554714,-0.000916634,0.002620962,0.004051833,0.002142852,-0.001525594,-0.003900286,-0.003037988,0.000266452,0.003186818,0.003291592,0.000603414,-0.002468756,-0.003246724,-0.001103996,0.002018332,0.003333016,0.001650746,-0.001586979,-0.003576891,-0.002600609
-0.000215651,0.000182738,1.32E-05,-0.000398949,-0.000964925,-0.001553901,-0.001997824,-0.002137589,-0.001872141,-0.001186891,-0.000157956,0.001057144,0.002234328,0.003108289,0.003421128,0.002998126,0.001832083,0.0001372,-0.001668573,-0.003070598,-0.003631876,-0.003172246,-0.001870677,-0.00022561,0.001137133,0.001741586,0.001495019,0.000742386,8.18E-05,1.24E-05,0.00060655,0.001420019,0.001739762,0.001058668,-0.000510652,-0.002185179,-0.002928247,-0.00212616,-9.15E-05,0.001996214,0.002769647,0.0015913,-0.000905018,-0.003094318,-0.003380078,-0.001322861,0.001921019,0.004252952,0.004029947,0.001270257,-0.002234346,-0.004085275,-0.002974113,0.000305772,0.003340138,0.003812622,0.001246135,-0.002554049,-0.004769539,-0.003670956,2.42E-05,0.003623894,0.004475165,0.002008192,-0.001791791,-0.003906686,-0.002654389,0.000958262,0.004006491,0.003971925,0.000779472,-0.003108083,-0.004649413,-0.002675242,0.001164578,0.00374891,0.003040693,-0.000250004,-0.003276454,-0.003440833,-0.000570346,0.002939346,0.004139387,0.002010128,-0.001682834,-0.003883161,-0.002821857,0.000509804,0.003237921,0.003073358,0.000250153,-0.002720125,-0.003248415,-0.000909296,0.002213875,0.003364819,0.001521422,-0.001722813,-0.003559596,-0.002411672
-0.003679249,-0.001793859,-0.001531687,-0.001633504,-0.001878127,-0.002119638,-0.002203637,-0.001996939,-0.001429939,-0.000520737,0.0006248,0.001828087,0.002860358,0.003475504,0.003461927,0.002713235,0.001297927,-0.000508051,-0.002260155,-0.003464923,-0.00375146,-0.003030362,-0.001563464,0.000108614,0.001376577,0.001831908,0.001466846,0.000684207,8.07E-05,9.57E-05,0.000720622,0.001464272,0.001638597,0.000826744,-0.000757516,-0.00229074,-0.002797755,-0.001804451,0.000242058,0.002126669,0.002584616,0.001169107,-0.00132568,-0.003256689,-0.00317797,-0.000881576,0.002315862,0.004341694,0.003758316,0.000834873,-0.00251505,-0.003992456,-0.002548079,0.000785857,0.003549068,0.003610245,0.000778792,-0.00295947,-0.004844523,-0.003401327,0.000392775,0.003776572,0.004271392,0.001591418,-0.002103154,-0.003863994,-0.002269981,0.001421758,0.004239483,0.003853409,0.00045987,-0.003339424,-0.004602677,-0.002411585,0.001389343,0.003699769,0.002700679,-0.000661514,-0.00347747,-0.003308741,-0.000231196,0.003223296,0.004186063,0.001857132,-0.00182796,-0.00383369,-0.002578576,0.000756917,0.00327173,0.002835405,-0.000107411,-0.002958251,-0.003233279,-0.000710612,0.002396842,0.003379986,0.001389168,-0.0018405,-0.003513001,-0.002201923
-0.006945695,-0.003667676,-0.002990219,-0.002784278,-0.002707437,-0.002603757,-0.002336147,-0.00179981,-0.000957354,0.000141928,0.001366348,0.002522319,0.003383614,0.003730138,0.003401003,0.002358299,0.000741054,-0.001123092,-0.002775683,-0.003756067,-0.003766065,-0.002805966,-0.001211778,0.000446852,0.001589531,0.001881742,0.001399077,0.000594242,5.34E-05,0.000151366,0.000801799,0.001474791,0.001515156,0.000597032,-0.000973447,-0.002346725,-0.002620241,-0.001459318,0.000567534,0.002228658,0.002375332,0.000749435,-0.00171194,-0.003370266,-0.002943074,-0.000447559,0.002662111,0.004364253,0.003437311,0.000390073,-0.00276807,-0.003860917,-0.002102849,0.00125226,0.003724577,0.003384461,0.00032239,-0.003318951,-0.004862738,-0.003096252,0.000757778,0.003895097,0.004029715,0.001157671,-0.002405956,-0.003804468,-0.001884395,0.00186013,0.004432755,0.003705968,0.000141863,-0.003539372,-0.004514819,-0.002120883,0.001616997,0.003638693,0.002352765,-0.001065205,-0.003660142,-0.003164943,9.88E-05,0.003478457,0.004200497,0.001687191,-0.001967652,-0.003765457,-0.002319984,0.001005196,0.003295679,0.002589241,-0.000461201,-0.003181697,-0.003203767,-0.000509096,0.002569743,0.003381928,0.001253013,-0.001948136,-0.003449488,-0.001981283
-0.010045066,-0.005453684,-0.004375516,-0.003865078,-0.003468014,-0.00302231,-0.002410976,-0.001559422,-0.000462928,0.000799295,0.002072901,0.003154072,0.003824725,0.00389597,0.003260881,0.001949911,0.000168356,-0.001712441,-0.003230032,-0.003965545,-0.003698457,-0.002517659,-0.000826338,0.000787177,0.001780985,0.00189951,0.001300262,0.000479483,5.57E-06,0.000185518,0.000857351,0.001459192,0.001374738,0.000369539,-0.001164897,-0.002364055,-0.002406487,-0.001096599,0.000886099,0.002308329,0.002147578,0.000332529,-0.002070638,-0.003445524,-0.002682926,-1.99E-05,0.002969873,0.004335057,0.003078165,-6.15E-05,-0.002999164,-0.003699369,-0.001643289,0.001707266,0.00387364,0.003140599,-0.000124893,-0.00364199,-0.004836387,-0.002763633,0.00111975,0.003986881,0.003758709,0.000711141,-0.002701733,-0.003731858,-0.001498367,0.00227823,0.00459451,0.003535777,-0.000174782,-0.003714629,-0.004394794,-0.001809121,0.001846905,0.003568531,0.00199917,-0.001462225,-0.003828109,-0.003011983,0.000421422,0.003710696,0.004189368,0.00150377,-0.002103268,-0.003682758,-0.002049649,0.001254253,0.003312011,0.00233701,-0.000811533,-0.003393206,-0.003162761,-0.000305355,0.002734627,0.00337334,0.001113637,-0.002048082,-0.003372954,-0.001752363
-0.012566144,-0.006923746,-0.005505824,-0.004721358,-0.004031238,-0.003275809,-0.002362442,-0.001248345,3.99E-05,0.001398077,0.002657072,0.003613067,0.004066577,0.003867965,0.002967064,0.001458023,-0.00040022,-0.002211272,-0.003528879,-0.003991633,-0.003462333,-0.002111469,-0.000391675,0.00111211,0.001914314,0.00184494,0.001137063,0.000315778,-8.23E-05,0.000176905,0.000862885,0.001395624,0.001208231,0.000155656,-0.001301355,-0.002305242,-0.002129376,-0.000711947,0.001180348,0.002341745,0.001891703,-6.40E-05,-0.002361304,-0.003440218,-0.002378956,0.000382654,0.003190676,0.004201155,0.002650571,-0.000515745,-0.003180678,-0.003482069,-0.001167524,0.002126141,0.003963457,0.002864443,-0.000543159,-0.003881668,-0.004716665,-0.002378587,0.001470696,0.004023955,0.00343424,0.000247906,-0.002977101,-0.003634256,-0.001120412,0.002643666,0.004684039,0.003317195,-0.000486501,-0.003837302,-0.004209532,-0.00145647,0.00208122,0.003484579,0.001643416,-0.001835303,-0.003959623,-0.002840328,0.000723494,0.003888933,0.004120103,0.001288875,-0.00223389,-0.003574654,-0.001759861,0.001502324,0.003314664,0.002079187,-0.001145369,-0.003571967,-0.003093818,-9.69E-05,0.002880558,0.003339982,0.000964608,-0.002135637,-0.003273992,-0.001511102
-0.014672327,-0.008162994,-0.006452685,-0.005422663,-0.00446684,-0.003432168,-0.002251598,-0.000913671,0.000525839,0.00194102,0.003152954,0.003962906,0.00419445,0.003739613,0.002604133,0.00094108,-0.000945336,-0.002644043,-0.003734726,-0.003919549,-0.003144819,-0.001656418,5.43E-05,0.001417094,0.002010484,0.001751212,0.000942683,0.000130448,-0.000187394,0.000149202,0.000845842,0.00131168,0.001033601,-4.66E-05,-0.001408048,-0.002210628,-0.001827371,-0.000325042,0.00145587,0.002350962,0.00162674,-0.000442023,-0.002611214,-0.003393115,-0.002057282,0.000765833,0.003363427,0.004015879,0.002194905,-0.000963919,-0.003333676,-0.003239517,-0.000691263,0.002518849,0.004019682,0.002574034,-0.000941282,-0.00407457,-0.004549013,-0.001969991,0.001812592,0.004032963,0.003086668,-0.000217561,-0.003237539,-0.003523947,-0.000750986,0.00297633,0.004732654,0.003073145,-0.000794374,-0.00393219,-0.003991989,-0.001085259,0.002316521,0.003395433,0.001291536,-0.002190234,-0.004068554,-0.00265874,0.001012459,0.004035981,0.004018369,0.001056312,-0.002363328,-0.003455725,-0.001462907,0.001747966,0.003310905,0.00182206,-0.001465502,-0.003729224,-0.003008092,0.000113778,0.003015114,0.003291931,0.000808835,-0.002218725,-0.003165928,-0.001266183
-0.016373783,-0.00917708,-0.007220595,-0.005972782,-0.004777938,-0.003493761,-0.002079963,-0.00055597,0.000995192,0.002429494,0.00356271,0.004206261,0.004211127,0.00351336,0.002173768,0.000399684,-0.001467572,-0.003012372,-0.003849846,-0.00375169,-0.002747898,-0.00115369,0.000511258,0.001702621,0.002070404,0.001619282,0.000717881,-7.60E-05,-0.000309243,0.000102873,0.000806776,0.00120786,0.000851043,-0.000237531,-0.001485704,-0.002081086,-0.001501073,6.41E-05,0.00171313,0.002336574,0.001352906,-0.000802141,-0.002821369,-0.003305235,-0.00171833,0.001130131,0.003489302,0.003780478,0.001711844,-0.001406178,-0.003458855,-0.002972326,-0.000214511,0.002886035,0.004043135,0.002269716,-0.00131976,-0.004221843,-0.004334599,-0.001538415,0.002145662,0.004014588,0.002716552,-0.000685212,-0.003483413,-0.003401241,-0.000389873,0.003277026,0.004741353,0.002804246,-0.001098498,-0.003999971,-0.003742951,-0.000695936,0.002552788,0.003301219,0.000943434,-0.002527466,-0.004155455,-0.002467458,0.001288641,0.004152603,0.003884953,0.000806509,-0.002491611,-0.003326233,-0.001158956,0.001991239,0.003300893,0.001565606,-0.001772272,-0.0038655,-0.002905992,0.000326746,0.00313857,0.003229542,0.000646482,-0.002297455,-0.003048984,-0.001017692
-0.017149916,-0.009670736,-0.00757869,-0.006185599,-0.004823457,-0.0033677,-0.001805028,-0.000182568,0.001395288,0.002774448,0.003774562,0.004225835,0.004012528,0.003115601,0.001645196,-0.000149729,-0.001908563,-0.003230377,-0.003781263,-0.003409228,-0.002223072,-0.00059164,0.000958666,0.001929096,0.00205171,0.001416695,0.000444791,-0.000310393,-0.000451696,3.09E-05,0.000735361,0.001076695,0.00066382,-0.000399988,-0.001508917,-0.00189556,-0.001146241,0.000439042,0.001924298,0.002277334,0.001072067,-0.001115398,-0.002948642,-0.003142466,-0.001356826,0.001448341,0.003524243,0.003459622,0.001193992,-0.001821714,-0.003525994,-0.002665822,0.00024815,0.003191339,0.003999589,0.001943362,-0.00165327,-0.00427909,-0.004035933,-0.001072761,0.002454633,0.003945275,0.002313668,-0.001143429,-0.003692118,-0.003254054,-5.08E-05,0.003509179,0.004670239,0.00248919,-0.001392775,-0.004016575,-0.003439378,-0.000279894,0.002786031,0.003199193,0.00061053,-0.002821259,-0.004194032,-0.002256972,0.001537222,0.004207611,0.003689516,0.000523643,-0.002618946,-0.003180663,-0.000847553,0.00222562,0.003279307,0.001316134,-0.002045096,-0.003954525,-0.002769385,0.000543256,0.003238001,0.003136772,0.000468789,-0.002371282,-0.002919791,-0.000767462
-0.017463202,-0.009901999,-0.007731539,-0.006232726,-0.004743061,-0.003158324,-0.001491417,0.0001852,0.001749204,0.003040529,0.003886818,0.004140353,0.003720173,0.002650974,0.001087963,-0.000685347,-0.002297748,-0.003371318,-0.003628714,-0.002995193,-0.001653929,-1.87E-05,0.001387533,0.002119596,0.00199447,0.001184716,0.000155832,-0.000550506,-0.000597139,-4.73E-05,0.000654171,0.000937982,0.00047884,-0.000547111,-0.001508594,-0.001689984,-0.00078672,0.000799369,0.002109543,0.002197657,0.000791995,-0.001402495,-0.003035915,-0.002947481,-0.000989731,0.001741623,0.003518034,0.003105365,0.000668851,-0.002217741,-0.003564257,-0.002344689,0.000697873,0.003462751,0.003923573,0.001608736,-0.001963541,-0.004294857,-0.003702053,-0.000596775,0.002748824,0.003853125,0.001900553,-0.001590891,-0.003879131,-0.003094659,0.000276168,0.003707501,0.004561852,0.002154238,-0.001681075,-0.004010212,-0.003113983,0.000143937,0.003014689,0.00309348,0.000287409,-0.003091339,-0.004207879,-0.002037263,0.001772187,0.004233581,0.003465941,0.000226542,-0.002745626,-0.003029127,-0.000535353,0.002453648,0.003252049,0.00107179,-0.002299199,-0.004019213,-0.002615943,0.000760782,0.003325098,0.003028897,0.000283155,-0.002444011,-0.00278677,-0.000518504
-0.01719654,-0.009804291,-0.00762719,-0.006072529,-0.004505546,-0.002845549,-0.00113057,0.000544639,0.002044174,0.003207116,0.003874223,0.003923886,0.003311652,0.002104339,0.000496742,-0.001202008,-0.002620967,-0.003415521,-0.003371704,-0.00249296,-0.001031107,0.000566129,0.001791877,0.002264411,0.001889007,0.000916467,-0.000152233,-0.000796982,-0.000745641,-0.000132818,0.000561335,0.00079039,0.000297101,-0.000674921,-0.001479131,-0.001460035,-0.000422225,0.001140628,0.002262036,0.002092563,0.00051328,-0.001656563,-0.003073205,-0.002712621,-0.000616161,0.002003497,0.00346067,0.002710132,0.000135524,-0.002588747,-0.003566353,-0.002005698,0.001130837,0.003691424,0.003806966,0.001263998,-0.002244628,-0.004258985,-0.003324694,-0.000108469,0.003024244,0.003732609,0.001475192,-0.002024311,-0.004038672,-0.002919965,0.000587946,0.00386348,0.004407012,0.001794651,-0.001961791,-0.003975321,-0.002761753,0.000577011,0.003237318,0.002983166,-2.33E-05,-0.003331522,-0.004190688,-0.001806026,0.001990114,0.004223336,0.003207381,-8.82E-05,-0.002871468,-0.002870307,-0.000222426,0.00267354,0.003217695,0.000834025,-0.002529683,-0.004053344,-0.002441442,0.000979514,0.003396708,0.0029021,8.75E-05,-0.002515491,-0.002649164,-0.000271338
-0.01606763,-0.009213522,-0.007139928,-0.005609816,-0.004047576,-0.002399086,-0.000724239,0.000865903,0.002229255,0.003211819,0.00367422,0.003525096,0.0027564,0.001471635,-0.000105649,-0.001655535,-0.00282327,-0.003310579,-0.002973042,-0.001889043,-0.00036655,0.001131054,0.002131098,0.002326709,0.001711965,0.000605713,-0.000471527,-0.001035112,-0.000883109,-0.000215932,0.000462878,0.000640308,0.000128409,-0.00077134,-0.0014119,-0.001207588,-6.84E-05,0.001437486,0.002357549,0.001950953,0.000244036,-0.001854625,-0.003035764,-0.00242576,-0.000243366,0.002212908,0.003332085,0.002269478,-0.000390169,-0.00290761,-0.003511051,-0.001647733,0.001526383,0.003847205,0.00362829,0.000908278,-0.002478899,-0.00414951,-0.002893424,0.000384861,0.003263483,0.003571627,0.001042305,-0.002423284,-0.004147755,-0.002719928,0.000874929,0.003954609,0.004185052,0.001403413,-0.002227651,-0.003900218,-0.002378333,0.001012377,0.003442462,0.002864061,-0.00031142,-0.003521334,-0.004123511,-0.001557088,0.002182011,0.004160242,0.002900549,-0.000424499,-0.002993891,-0.002702856,8.62E-05,0.002876173,0.003171124,0.000608563,-0.002720489,-0.00403861,-0.002235155,0.001198113,0.003442911,0.002745747,-0.000123653,-0.002586582,-0.002507827,-3.06E-05
-0.014533141,-0.008389258,-0.006472326,-0.00500703,-0.003491051,-0.001897618,-0.000306277,0.001158971,0.002353731,0.00313464,0.003385076,0.003045159,0.002142177,0.000812573,-0.000697535,-0.002065091,-0.002959013,-0.003132689,-0.002512637,-0.001248806,0.000302237,0.001670999,0.002427392,0.002343593,0.001500911,0.000279651,-0.000788689,-0.001261517,-0.001008689,-0.000292664,0.000366105,0.000492906,-3.10E-05,-0.00085161,-0.001328481,-0.000949498,0.000273158,0.001706379,0.002421879,0.001791817,-1.79E-05,-0.002022777,-0.002961739,-0.002116422,0.000124876,0.002394316,0.003170563,0.001812853,-0.000903999,-0.003194634,-0.003425836,-0.001283261,0.001898662,0.00396346,0.003418412,0.000548775,-0.002688808,-0.004005238,-0.002440236,0.000874873,0.003481095,0.003391031,0.000609874,-0.002799711,-0.004227824,-0.002506026,0.001149115,0.004013303,0.003931134,0.000998996,-0.002484336,-0.003805948,-0.001983143,0.001443812,0.003634882,0.002739171,-0.000587378,-0.003684179,-0.004030235,-0.001299205,0.002360862,0.00407172,0.002571893,-0.000768939,-0.003113068,-0.002531567,0.000390519,0.003067953,0.003117405,0.000389727,-0.00289026,-0.003998696,-0.002013276,0.001415619,0.003475495,0.002574353,-0.000342466,-0.002657586,-0.002365469,0.000205557
-0.01244132,-0.00724332,-0.005556797,-0.004212921,-0.002801767,-0.001324643,0.000122613,0.001408002,0.002390311,0.002941978,0.002972925,0.002456105,0.001452124,0.000124599,-0.00126683,-0.002406836,-0.002998284,-0.002853112,-0.001969921,-0.000564614,0.000968869,0.002168534,0.002658338,0.00229466,0.001242936,-6.50E-05,-0.001099087,-0.001467771,-0.001114468,-0.000357891,0.000273891,0.000351181,-0.000176067,-0.000908978,-0.001223642,-0.000686207,0.000594203,0.001933183,0.002441097,0.001608415,-0.000268195,-0.002147986,-0.002836707,-0.001777217,0.000484704,0.002535529,0.00296407,0.001337069,-0.001397253,-0.003434127,-0.003298002,-0.000911091,0.002236045,0.004022688,0.003164617,0.000184781,-0.002864036,-0.003813061,-0.001958701,0.001357396,0.003666606,0.003183179,0.000180125,-0.003141879,-0.004265291,-0.002272061,0.00140514,0.004026432,0.003633102,0.000577345,-0.002727287,-0.00368521,-0.00157327,0.001867259,0.003807497,0.002605475,-0.000845725,-0.003808278,-0.003899752,-0.001028701,0.002521377,0.003947965,0.002213697,-0.001123496,-0.003226941,-0.002355117,0.000687938,0.003243407,0.003053133,0.000180421,-0.003029906,-0.003923041,-0.001769636,0.001631099,0.003488508,0.002381694,-0.000571908,-0.002728518,-0.002222083,0.000434801
-0.009819997,-0.005787663,-0.004405091,-0.003242768,-0.001999671,-0.000704192,0.000536416,0.001588343,0.002319776,0.002624094,0.002440655,0.001774775,0.000715838,-0.000553941,-0.001772914,-0.002645708,-0.002919083,-0.002468151,-0.001360811,0.000131314,0.0015922,0.002583115,0.002792974,0.002164341,0.000938938,-0.000414453,-0.001382139,-0.001632859,-0.001182968,-0.000398475,0.000196478,0.000224038,-0.000299413,-0.000940084,-0.001101149,-0.000429906,0.000876555,0.002099677,0.002403595,0.001399443,-0.000499679,-0.002220893,-0.002656665,-0.001413167,0.000824914,0.00262717,0.002713312,0.000855905,-0.001847874,-0.003605943,-0.003118873,-0.000537067,0.002523408,0.004010438,0.002861162,-0.000179848,-0.002997585,-0.003571668,-0.001457764,0.001816536,0.003806303,0.002945198,-0.000236795,-0.003432391,-0.004245114,-0.002012162,0.001639975,0.00398838,0.003289694,0.000143565,-0.002949416,-0.003536069,-0.00115602,0.00226862,0.00394683,0.002457206,-0.001082721,-0.003884719,-0.00372476,-0.000743896,0.002660979,0.003787039,0.001828551,-0.001481624,-0.003329589,-0.002172946,0.000972735,0.003394455,0.002973457,-1.79E-05,-0.003133308,-0.003805742,-0.001502717,0.001841236,0.003476892,0.002164632,-0.000812072,-0.002798425,-0.002078565,0.000653552
-0.006962621,-0.004192194,-0.003147816,-0.002196525,-0.001152868,-7.12E-05,0.000932755,0.00172669,0.002191417,0.002243671,0.001853255,0.001056928,-3.03E-05,-0.001212664,-0.002232979,-0.002822114,-0.002775296,-0.002032096,-0.000726872,0.000819722,0.002178426,0.002942118,0.002869632,0.001989389,0.000613777,-0.000760219,-0.001643654,-0.001769837,-0.001226864,-0.000422421,0.000129752,0.000107011,-0.000409661,-0.000957252,-0.000971477,-0.000181509,0.001133364,0.0022301,0.002334251,0.001177646,-0.000719198,-0.002264856,-0.002448497,-0.001039172,0.001151077,0.002690961,0.002441272,0.000377513,-0.002269121,-0.003736958,-0.002911407,-0.000164432,0.002780556,0.003957882,0.002531513,-0.000543019,-0.00310791,-0.003305772,-0.00095105,0.002257769,0.003918012,0.002691217,-0.000643555,-0.003690902,-0.004190945,-0.001737367,0.001863246,0.003923233,0.002923899,-0.000293747,-0.003158216,-0.003372076,-0.000738043,0.002653451,0.004064318,0.002299277,-0.001308028,-0.003934557,-0.00352534,-0.000451624,0.002789255,0.003607285,0.001431575,-0.001838459,-0.003423973,-0.001987479,0.001249174,0.003530249,0.002884104,-0.000210503,-0.00321683,-0.003666018,-0.001224081,0.002047257,0.003451203,0.001934582,-0.001057155,-0.002867046,-0.001935027,0.000865901
-0.003805591,-0.00241665,-0.001756107,-0.001057252,-0.000257653,0.000564912,0.001290858,0.001794712,0.001974584,0.001773811,0.001193503,0.000299625,-0.000772721,-0.001822881,-0.002607949,-0.002894385,-0.002531901,-0.001525024,-6.85E-05,0.001479513,0.002690929,0.003202747,0.002850178,0.001745286,0.000260781,-0.001092697,-0.00186385,-0.00185653,-0.001227569,-0.000416782,8.27E-05,8.22E-06,-0.000498172,-0.000953394,-0.000833722,4.97E-05,0.001345352,0.002300991,0.002214674,0.000937423,-0.000918208,-0.002263658,-0.00219923,-0.000654232,0.001451485,0.002710794,0.002139888,-8.96E-05,-0.002637581,-0.003800274,-0.002659775,0.000203133,0.002987508,0.003841519,0.002162532,-0.000901745,-0.003181817,-0.003004931,-0.00044128,0.002665083,0.003982868,0.002413061,-0.001030789,-0.003895376,-0.004081212,-0.001438659,0.002068683,0.003817286,0.002526446,-0.000732753,-0.003344048,-0.003185946,-0.000322964,0.003007306,0.004143592,0.002124345,-0.001515264,-0.003942607,-0.003288037,-0.000148227,0.002900168,0.00340025,0.001019842,-0.002189345,-0.00350299,-0.001796701,0.001510927,0.00364014,0.002778256,-0.000394694,-0.003269552,-0.003492048,-0.000928557,0.002245466,0.003403028,0.001684882,-0.0013087,-0.002932796,-0.001791514,0.001067554
-0.000556937,-0.00057848,-0.000322021,0.000100172,0.000628185,0.001164601,0.001590531,0.001791603,0.001686576,0.001246948,0.000504254,-0.000450063,-0.001467292,-0.002350132,-0.002878651,-0.00286159,-0.002205734,-0.000977491,0.000576801,0.00207462,0.003102308,0.00335089,0.002734559,0.001443059,-0.000103258,-0.001394899,-0.002029384,-0.001884373,-0.001180102,-0.000378109,5.85E-05,-6.99E-05,-0.000565007,-0.000932462,-0.000695374,0.000255293,0.001506885,0.002312106,0.002049585,0.000684781,-0.001094432,-0.00222203,-0.001919739,-0.000270357,0.0017195,0.002689546,0.001820641,-0.00053109,-0.002942824,-0.003793662,-0.00236879,0.000559264,0.003142285,0.003666001,0.001762449,-0.001250498,-0.003221646,-0.002679781,5.73E-05,0.003027468,0.003997501,0.0021145,-0.001392118,-0.004041719,-0.00391578,-0.001117338,0.002257947,0.003677684,0.00210834,-0.001163534,-0.003503006,-0.00298141,8.04E-05,0.003320867,0.004178266,0.001929186,-0.001706737,-0.003912415,-0.003017415,0.000163391,0.002995511,0.003173248,0.000603847,-0.002524737,-0.00356132,-0.001600092,0.001755626,0.003721327,0.002653743,-0.000572771,-0.003295237,-0.003289219,-0.000621537,0.002432853,0.003333092,0.001419244,-0.001562334,-0.002992858,-0.00164738,0.001258094
0.002696241,0.00126896,0.001115208,0.00125011,0.001493855,0.001732037,0.001849185,0.00174446,0.001358987,0.000692985,-0.000192563,-0.001183393,-0.002121363,-0.002817629,-0.003080213,-0.002763658,-0.001832596,-0.000412537,0.001204808,0.002620734,0.003444301,0.003425942,0.002559489,0.001107753,-0.000469744,-0.001673914,-0.002157622,-0.00187367,-0.001101773,-0.000318464,4.89E-05,-0.000134929,-0.000618441,-0.000901761,-0.000558278,0.00044309,0.001635748,0.002285978,0.001857332,0.000425968,-0.001255723,-0.002156159,-0.001623951,0.000109857,0.001965457,0.002643065,0.001492819,-0.00095303,-0.003205982,-0.003742737,-0.002054393,0.000906567,0.003263791,0.003454564,0.001345064,-0.001591335,-0.003240354,-0.002341776,0.000545509,0.003358856,0.003979644,0.001803961,-0.001735641,-0.004150581,-0.00371544,-0.000782349,0.002437198,0.003518519,0.001679966,-0.001586518,-0.003643838,-0.002765988,0.000474292,0.0036068,0.004183294,0.001720529,-0.001888812,-0.003859017,-0.002727042,0.000479273,0.003081284,0.002935364,0.000187792,-0.002847861,-0.003605132,-0.001399572,0.001989005,0.003783684,0.002516877,-0.000747595,-0.003304843,-0.003069599,-0.000308716,0.002612568,0.003249598,0.00114459,-0.001815982,-0.003048393,-0.001502531,0.001441556
0.005817012,0.003053018,0.002495788,0.002336994,0.002286504,0.002218286,0.002024746,0.001622098,0.00097583,0.000114714,-0.000873599,-0.001857507,-0.002677086,-0.003160511,-0.00315133,-0.002554201,-0.001390676,0.000161698,0.001778256,0.003059132,0.003649544,0.003366833,0.002283069,0.000723727,-0.00082862,-0.001901387,-0.002212852,-0.001791433,-0.000967929,-0.000221573,6.54E-05,-0.000176432,-0.000649028,-0.000856517,-0.000427667,0.000595262,0.001704951,0.002195599,0.001621389,0.000160668,-0.001389289,-0.002050979,-0.001306792,0.000475777,0.002168361,0.002554027,0.001157003,-0.001332016,-0.003389333,-0.003613367,-0.001702537,0.001234117,0.003325873,0.003183641,0.00090334,-0.001913996,-0.003222917,-0.001987685,0.001006368,0.003628768,0.003902522,0.001474697,-0.002044028,-0.004191402,-0.003454307,-0.000424871,0.002599365,0.003329338,0.00124079,-0.00198894,-0.0037497,-0.002533326,0.000846248,0.003838342,0.004132204,0.001486163,-0.002055818,-0.003767249,-0.002405254,0.000800252,0.003150895,0.002682835,-0.000221466,-0.003142854,-0.003619528,-0.001191544,0.002201014,0.003811024,0.00235675,-0.000918305,-0.003288743,-0.00282417,1.05E-05,0.002776574,0.003142696,0.000856796,-0.002066234,-0.003093499,-0.001355564,0.001612412
0.008658466,0.004686964,0.003754125,0.003313197,0.002977548,0.002614252,0.002126349,0.001448646,0.000571109,-0.00045052,-0.001505314,-0.002449298,-0.003126633,-0.003388159,-0.003116876,-0.002268259,-0.0009172,0.000714663,0.002280695,0.003391325,0.003736543,0.003203414,0.001937873,0.000317489,-0.001165527,-0.002076651,-0.002205109,-0.001652728,-0.000793138,-9.85E-05,0.000100145,-0.000201047,-0.000663864,-0.000803492,-0.00030659,0.000716308,0.00172777,0.002059677,0.001358756,-0.000103253,-0.001499713,-0.001920286,-0.00098288,0.000820688,0.002333024,0.002434744,0.00082363,-0.001668237,-0.003505847,-0.003424949,-0.00132789,0.001540867,0.003341869,0.002873,0.00045198,-0.002216307,-0.003178387,-0.001629095,0.001435389,0.00384327,0.00377779,0.001134239,-0.002321018,-0.00417838,-0.003148725,-5.35E-05,0.002748145,0.003122367,0.000802728,-0.002366412,-0.003824273,-0.002289324,0.001195132,0.004021459,0.004033752,0.001230209,-0.002212834,-0.003649361,-0.002064271,0.001121208,0.003208226,0.002424417,-0.000616726,-0.003407703,-0.003606186,-0.000976802,0.002394853,0.003809179,0.002176948,-0.001087835,-0.003256307,-0.002564001,0.000329355,0.002925427,0.003018484,0.000562885,-0.002308765,-0.003126736,-0.001205429,0.001773465
0.0112767,0.006199966,0.004914605,0.004202291,0.003590539,0.002942911,0.002174908,0.001240793,0.000154863,-0.001001505,-0.002096668,-0.002977845,-0.003497363,-0.0035325,-0.00300814,-0.001930641,-0.000425275,0.001248153,0.002728935,0.00364576,0.003739104,0.00296725,0.001546407,-0.000101564,-0.001484341,-0.002213388,-0.002152376,-0.001474556,-0.000590307,4.22E-05,0.000147229,-0.000214171,-0.000667988,-0.00074549,-0.000192789,0.000815099,0.001718155,0.001892595,0.00107865,-0.000365064,-0.001593511,-0.001772386,-0.000655766,0.001149214,0.002469955,0.002294542,0.000493251,-0.001972981,-0.00357468,-0.003195418,-0.000938351,0.001831997,0.003325404,0.002535499,-4.52E-06,-0.002503089,-0.003114749,-0.001268486,0.001840358,0.004017554,0.003619301,0.000786463,-0.002575227,-0.004127335,-0.00281243,0.000326892,0.00288725,0.002903598,0.000366942,-0.002724797,-0.003876019,-0.002037556,0.001526866,0.004169529,0.003901416,0.000958915,-0.002362957,-0.0035136,-0.001710642,0.001441368,0.003256776,0.002162604,-0.001000761,-0.003649958,-0.003572479,-0.000757193,0.002575603,0.003786423,0.00198305,-0.001256784,-0.003212871,-0.002294273,0.000647061,0.003063069,0.00288219,0.000265371,-0.002544935,-0.003150903,-0.001052778,0.001927571
0.013302443,0.007386198,0.005814403,0.004868026,0.00401475,0.003121308,0.002118143,0.000979249,-0.000258568,-0.001492257,-0.002575349,-0.003353424,-0.003694226,-0.003507162,-0.002761293,-0.001511163,7.60E-05,0.001715476,0.003048256,0.003735456,0.003576434,0.002600136,0.001082985,-0.00052577,-0.001752004,-0.002266577,-0.002011437,-0.001224734,-0.000340463,0.000210158,0.000213178,-0.000208546,-0.000654655,-0.000681539,-9.63E-05,0.000870179,0.001649567,0.001673436,0.000774726,-0.000615399,-0.001654142,-0.001597441,-0.000332983,0.001436669,0.00254985,0.002117818,0.000176876,-0.002210012,-0.003550524,-0.002892291,-0.000528662,0.002087589,0.00324835,0.002155261,-0.000459783,-0.002752994,-0.003015271,-0.000911692,0.00218967,0.00410888,0.003396287,0.000428737,-0.002782539,-0.004004642,-0.002422706,0.000718859,0.003006679,0.002667638,-5.47E-05,-0.003037534,-0.003879941,-0.001772721,0.001820679,0.004245972,0.003702332,0.000658048,-0.002501194,-0.003347925,-0.001339185,0.001754898,0.003288071,0.001899433,-0.001354836,-0.003841012,-0.003495274,-0.000527528,0.002730012,0.003722301,0.001761216,-0.001426362,-0.003152259,-0.002012134,0.000956738,0.00317623,0.002724073,-3.42E-05,-0.002763118,-0.003153416,-0.000893493,0.002068482
0.01485962,0.008310654,0.006507499,0.005361713,0.004300402,0.003197402,0.001998726,0.000697121,-0.000650351,-0.001922326,-0.00296165,-0.003616586,-0.003773963,-0.003377342,-0.002439395,-0.001059061,0.000561393,0.002121631,0.00327369,0.003718433,0.003316858,0.002165529,0.000592695,-0.000936335,-0.001976268,-0.002263636,-0.001818507,-0.000937841,-7.03E-05,0.000387315,0.000285228,-0.000195116,-0.000633488,-0.000616459,-1.19E-05,0.000899448,0.001549479,0.001430288,0.000465058,-0.000852419,-0.001693543,-0.001410773,-2.09E-05,0.001692019,0.002592521,0.001921798,-0.000125167,-0.002401578,-0.003470549,-0.002550362,-0.000114489,0.002316936,0.003136295,0.001756837,-0.000904657,-0.002974211,-0.002894053,-0.00056256,0.002498621,0.004146337,0.003135208,6.86E-05,-0.002959144,-0.003840451,-0.002006277,0.001111933,0.003112121,0.002424794,-0.000460562,-0.003315517,-0.003851523,-0.001501039,0.002088182,0.004276483,0.003462582,0.000340285,-0.002632484,-0.003167345,-0.000962357,0.002059623,0.00330772,0.001638773,-0.001684628,-0.003995209,-0.003388516,-0.00029144,0.00286742,0.003632317,0.001522204,-0.001597141,-0.003083918,-0.001727006,0.001256865,0.003272076,0.002553826,-0.000330991,-0.00296546,-0.00313915,-0.0007287,0.002201323
0.016032949,0.009020551,0.007031247,0.005714617,0.004472916,0.003190258,0.001828691,0.000398877,-0.001023736,-0.002302235,-0.003272157,-0.003787941,-0.003758437,-0.003162938,-0.00205718,-0.00058134,0.001033018,0.002477349,0.003422456,0.003614764,0.002979039,0.001676873,8.15E-05,-0.001335069,-0.002164823,-0.002215017,-0.001583591,-0.000621277,0.000215885,0.000571516,0.000361946,-0.000175534,-0.000606086,-0.00055055,6.27E-05,0.000907857,0.001424073,0.001168056,0.000151145,-0.001078337,-0.001715661,-0.001214792,0.000282201,0.00192102,0.002604889,0.001710246,-0.000415347,-0.002556108,-0.00334538,-0.002177271,0.000302933,0.002524766,0.002995926,0.001344026,-0.001340648,-0.003171842,-0.002755171,-0.000219856,0.002774565,0.004139968,0.002843337,-0.000293219,-0.003110731,-0.003642708,-0.001568489,0.00150558,0.003206063,0.002176484,-0.000853186,-0.003564995,-0.003796717,-0.001223844,0.002334209,0.004269656,0.003189885,8.92E-06,-0.0027581,-0.002974793,-0.000581426,0.002356959,0.00331783,0.001380263,-0.001994471,-0.004119268,-0.003257661,-5.02E-05,0.002990977,0.003521324,0.001269273,-0.001768893,-0.003009395,-0.001439643,0.00154903,0.003353756,0.002373788,-0.000625287,-0.003154715,-0.003111105,-0.00055938,0.002327595
0.01630675,0.009223432,0.00715746,0.005743379,0.004393764,0.00300877,0.001565895,9.03E-05,-0.001329609,-0.002548107,-0.003400694,-0.003754528,-0.003544811,-0.002787207,-0.001576288,-8.40E-05,0.001442623,0.002702776,0.003400434,0.003336468,0.002499606,0.001107036,-0.000440015,-0.001681998,-0.002264023,-0.002070409,-0.001272244,-0.000260657,0.000516712,0.000754816,0.000437371,-0.000150438,-0.000570775,-0.000486193,0.000116515,0.000877879,0.001257253,0.000881891,-0.000155949,-0.001271248,-0.001701263,-0.001007504,0.000554881,0.002086665,0.002553222,0.0014723,-0.000673502,-0.002631737,-0.003133608,-0.001753899,0.000712678,0.002681522,0.002802295,0.000915993,-0.001742233,-0.003311152,-0.002580041,0.000102543,0.00297545,0.004042093,0.002493294,-0.000651748,-0.003208881,-0.003382429,-0.001099358,0.001888479,0.003271698,0.001921565,-0.001208426,-0.003746448,-0.0036838,-0.000936974,0.002532953,0.004185838,0.002853202,-0.000345758,-0.002871162,-0.002762903,-0.000201498,0.002630632,0.00330552,0.001130089,-0.002255693,-0.004174685,-0.003074393,0.000201388,0.003084962,0.003367503,0.000989136,-0.001942682,-0.002925839,-0.001154637,0.00181775,0.003402997,0.002175982,-0.000907771,-0.003309473,-0.003049447,-0.000378782,0.002440162
0.016128564,0.009169598,0.007083606,0.005611922,0.004194342,0.002749191,0.001268371,-0.000210869,-0.001590274,-0.002718909,-0.003435591,-0.003622747,-0.003242966,-0.002347212,-0.001065436,0.000404354,0.001806919,0.002856498,0.003295959,0.00298295,0.001968051,0.000517682,-0.00094791,-0.001990687,-0.002314644,-0.001882019,-0.000932624,0.000109708,0.000813329,0.000928687,0.000505999,-0.000126607,-0.00053411,-0.000423751,0.00016117,0.000833091,0.001077316,0.000592988,-0.00045152,-0.001443333,-0.001669159,-0.000798715,0.000807657,0.002218462,0.002471088,0.001224863,-0.00091324,-0.002669972,-0.002885737,-0.001315175,0.001110698,0.002810566,0.002586383,0.000488548,-0.002119013,-0.003417718,-0.00238756,0.000412331,0.003138224,0.003901532,0.002119502,-0.001004612,-0.003280916,-0.003096684,-0.000622954,0.00225909,0.003320646,0.001665164,-0.001541353,-0.003891459,-0.003541789,-0.00064635,0.002708309,0.004066603,0.002489577,-0.000707753,-0.002976902,-0.002544185,0.000172997,0.002888311,0.003280525,0.000885118,-0.002490851,-0.004195085,-0.002865654,0.000457024,0.003164307,0.003193991,0.000697562,-0.002116666,-0.002839257,-0.000873926,0.002071919,0.00343526,0.001971027,-0.0011812,-0.003444077,-0.00296936,-0.000192111,0.00254587
0.015469613,0.008842711,0.006796952,0.005310046,0.003866999,0.002406563,0.000933921,-0.000504115,-0.001802844,-0.002809856,-0.003370885,-0.00338634,-0.002847292,-0.001838877,-0.000522732,0.00088316,0.00212301,0.002933945,0.003103786,0.002549431,0.001381073,-9.24E-05,-0.001441347,-0.002258694,-0.002313592,-0.001647065,-0.000562942,0.000490426,0.001105457,0.001092523,0.000567396,-0.00010412,-0.000496005,-0.000363348,0.000196049,0.000772552,0.000883432,0.000301182,-0.000734828,-0.001593262,-0.001618223,-0.000588337,0.001039253,0.002314249,0.00235655,0.000967337,-0.00113338,-0.002668433,-0.002599475,-0.000860137,0.001496232,0.00291013,0.002346777,6.17E-05,-0.002469396,-0.003489452,-0.002176629,0.000708693,0.003260456,0.003715572,0.001720459,-0.001351441,-0.003325173,-0.00278386,-0.000138829,0.002616615,0.00335184,0.001407197,-0.001850536,-0.003997703,-0.003368835,-0.000351743,0.002858785,0.003909699,0.002097307,-0.001077521,-0.003074851,-0.002318211,0.000541702,0.00312897,0.003242041,0.000645686,-0.002698277,-0.00417824,-0.002629827,0.000717008,0.003228084,0.002999537,0.00039383,-0.00229085,-0.002749459,-0.000597791,0.002310605,0.00344946,0.001758473,-0.001444989,-0.003557239,-0.002869671,1.02E-06,0.002644277
0.013997311,0.008050218,0.006149667,0.004724787,0.003334767,0.00194118,0.00055921,-0.000760285,-0.001912725,-0.002750888,-0.003133032,-0.002980811,-0.002313554,-0.001246102,3.70E-05,0.0013099,0.002329902,0.002869191,0.002768102,0.002003064,0.000735916,-0.000696749,-0.001873338,-0.002432693,-0.002216254,-0.001340708,-0.000161772,0.000863885,0.001366243,0.001220831,0.000604299,-9.11E-05,-0.000459383,-0.000307711,0.00021666,0.000692914,0.000679312,2.15E-05,-0.000981196,-0.001695622,-0.001534449,-0.000382203,0.001225233,0.002342667,0.002187651,0.000698693,-0.001314732,-0.002600903,-0.002259496,-0.000395542,0.001843745,0.002952373,0.002072743,-0.00034852,-0.002758113,-0.003491791,-0.001933567,0.00097727,0.003310183,0.003455468,0.001287602,-0.001678878,-0.00332038,-0.002433806,0.000342214,0.002936097,0.003344766,0.001148389,-0.00211143,-0.004030607,-0.003140768,-5.21E-05,0.002965541,0.003692152,0.001664972,-0.001450897,-0.003154895,-0.002083363,0.000890926,0.003330556,0.003175352,0.000416789,-0.002853941,-0.004094508,-0.002348018,0.000981798,0.003263645,0.002771021,7.35E-05,-0.002462194,-0.002655108,-0.000334694,0.002516546,0.003429723,0.001535329,-0.001685718,-0.003626642,-0.00273215,0.000205867,0.002728789
0.012188121,0.007063213,0.005352729,0.004024385,0.002722886,0.001432986,0.000177895,-0.000990311,-0.001970293,-0.002622919,-0.00282111,-0.00250855,-0.001731811,-0.000632429,0.000586888,0.001698424,0.002478459,0.002738912,0.0023746,0.001419856,8.29E-05,-0.001279594,-0.002262193,-0.002555348,-0.002074268,-0.001007875,0.000243323,0.001222332,0.001602392,0.001325364,0.000625316,-8.50E-05,-0.000424713,-0.000254362,0.000232301,0.000608379,0.0004766,-0.000245325,-0.001204375,-0.001772771,-0.0014358,-0.000180776,0.001387237,0.002339074,0.001995412,0.000427913,-0.001476699,-0.002505331,-0.001901377,6.48E-05,0.002166701,0.002965921,0.001786023,-0.000744641,-0.00301215,-0.003458959,-0.001675922,0.001231533,0.00332663,0.003164477,0.000844466,-0.001993154,-0.003292815,-0.002071281,0.000814292,0.003231153,0.003316587,0.000889548,-0.002347804,-0.00402807,-0.002887489,0.000248705,0.003052331,0.003449642,0.00121947,-0.001820684,-0.003224112,-0.001845631,0.00122731,0.003510067,0.003093412,0.000192606,-0.002985084,-0.003980082,-0.002046448,0.001247036,0.003285647,0.00252822,-0.000251874,-0.002630128,-0.00255847,-7.93E-05,0.002705252,0.003393464,0.001308442,-0.001913341,-0.003673538,-0.002576124,0.000415868,0.002806118
0.00995307,0.00582997,0.004366556,0.003178888,0.002011402,0.000872349,-0.000209667,-0.00118504,-0.001959689,-0.002406285,-0.002415066,-0.001952624,-0.001091292,4.73E-06,0.001120869,0.002035167,0.002550538,0.00252442,0.001908349,0.000792139,-0.000576594,-0.001831292,-0.002592835,-0.002610511,-0.001874848,-0.000642216,0.000651481,0.001559301,0.001804968,0.001397953,0.000625051,-8.83E-05,-0.000392786,-0.00020397,0.000241854,0.000518281,0.000276844,-0.000494454,-0.001396597,-0.0018169,-0.001318079,1.41E-05,0.001517876,0.00229416,0.001773496,0.000154943,-0.001613474,-0.002374161,-0.00152118,0.000518001,0.002456782,0.002942164,0.001483591,-0.001121372,-0.003220446,-0.003380325,-0.001399573,0.001467123,0.003300334,0.0028344,0.000389103,-0.002289729,-0.003235953,-0.0016936,0.001273441,0.003493527,0.003260634,0.000630723,-0.002552242,-0.003979672,-0.002601839,0.000550907,0.003113495,0.003175603,0.00075803,-0.002184878,-0.003278933,-0.001604415,0.001546474,0.003660447,0.002991446,-2.56E-05,-0.003084592,-0.00382623,-0.001719746,0.001512522,0.003290126,0.002267323,-0.000583211,-0.002793286,-0.002458856,0.000165898,0.002871408,0.003335807,0.001076954,-0.002123658,-0.003691071,-0.002396109,0.000632446,0.00287407
0.007279138,0.004338741,0.003184621,0.00218946,0.001210406,0.000277937,-0.000578189,-0.001316,-0.001853822,-0.002080368,-0.001905529,-0.001318327,-0.000413039,0.000630528,0.001595387,0.002275552,0.002509408,0.002205032,0.001370163,0.000143174,-0.00120122,-0.002301197,-0.002816817,-0.002562821,-0.001602915,-0.00025039,0.00103877,0.001842076,0.001941738,0.001413643,0.000588261,-0.000108135,-0.000366117,-0.000156953,0.00024714,0.00042912,9.36E-05,-0.000705668,-0.001535694,-0.001811152,-0.001176001,0.000194783,0.001601732,0.00219383,0.001517085,-0.000114032,-0.001713929,-0.002201752,-0.001126885,0.000942524,0.002687993,0.002864189,0.001167244,-0.001458649,-0.003355289,-0.003234899,-0.001099412,0.001674852,0.003218539,0.00246096,-6.96E-05,-0.002552656,-0.003139443,-0.001306095,0.00169863,0.003697035,0.003159722,0.000372005,-0.002710261,-0.00386793,-0.002274725,0.000851819,0.003140987,0.002866976,0.000288386,-0.002528534,-0.003307561,-0.00136024,0.001834733,0.00376318,0.002857525,-0.000236755,-0.003141679,-0.003621629,-0.001364215,0.001773322,0.003269609,0.001985835,-0.000915628,-0.002944035,-0.002353505,0.00039479,0.00300337,0.003247866,0.000841657,-0.002305973,-0.003665136,-0.002182778,0.000856257,0.002927147
0.00445241,0.002755476,0.001934142,0.001152844,0.000385091,-0.000317662,-0.000926778,-0.001410417,-0.001701638,-0.001706902,-0.001356383,-0.000660668,0.000266537,0.001233795,0.002026555,0.002459615,0.002410481,0.001839244,0.000808214,-0.000500394,-0.001791728,-0.002716161,-0.002978644,-0.002461352,-0.001298473,0.000146466,0.001405815,0.002088635,0.002038774,0.001396764,0.000531254,-0.000136939,-0.0003422,-0.000111175,0.000251786,0.000343391,-7.71E-05,-0.000893344,-0.001644733,-0.00177912,-0.001022573,0.000366557,0.001661095,0.002066667,0.001246122,-0.000378155,-0.001795497,-0.002011633,-0.000731721,0.001345511,0.002884585,0.002757983,0.000846805,-0.00177147,-0.003449611,-0.003054902,-0.000788346,0.001867642,0.003110244,0.002070004,-0.000524446,-0.002794793,-0.003023031,-0.000917742,0.002100619,0.00386565,0.003033609,0.000113289,-0.002844194,-0.003724578,-0.001928352,0.001150494,0.003151954,0.002544387,-0.000179815,-0.002856493,-0.003320138,-0.00111497,0.002104839,0.003839083,0.002705805,-0.000445077,-0.003178067,-0.003393195,-0.000996835,0.002029417,0.00323596,0.001695718,-0.001245502,-0.003085814,-0.002244193,0.000614898,0.003117025,0.003144357,0.000605333,-0.002472735,-0.003616402,-0.001952914,0.001082634,0.002971719
0.001450771,0.001064775,0.000604822,6.49E-05,-0.000461641,-0.000904695,-0.001240048,-0.001449523,-0.001484064,-0.001270069,-0.000758527,2.01E-05,0.000936531,0.001793812,0.002386815,0.002557802,0.002228103,0.001411039,0.000220258,-0.001125762,-0.002322529,-0.003043351,-0.003045799,-0.002281426,-0.000949983,0.000545249,0.001737488,0.002277428,0.002074512,0.001330603,0.000444047,-0.000179056,-0.000322301,-6.69E-05,0.000256495,0.000264512,-0.000227106,-0.001044362,-0.001708497,-0.001708618,-0.000853449,0.000524372,0.001684708,0.0019017,0.000956108,-0.000633474,-0.001849581,-0.001798086,-0.000339351,0.001713003,0.003028275,0.002610664,0.00052238,-0.002046229,-0.003483498,-0.002824688,-0.000462325,0.002038413,0.002964864,0.001656716,-0.000970205,-0.003004604,-0.002878096,-0.000530828,0.002465365,0.003980791,0.002869672,-0.000145467,-0.002943109,-0.003536052,-0.001555388,0.001444938,0.003139497,0.002204002,-0.000642335,-0.003158457,-0.003307816,-0.000868379,0.00234722,0.003874645,0.002527434,-0.000649678,-0.003185187,-0.003131674,-0.000614179,0.002277248,0.003183111,0.001394341,-0.001569729,-0.00321296,-0.002128496,0.00082204,0.003203713,0.0030183,0.000368104,-0.002616244,-0.003534361,-0.001699475,0.001312006,0.003003425
-0.001543215,-0.000631613,-0.000722896,-0.001007075,-0.001275357,-0.001442535,-0.001492423,-0.001423646,-0.001207402,-0.000791076,-0.000145615,0.000681702,0.001551669,0.002268422,0.002643442,0.00255213,0.001962194,0.000938356,-0.000361026,-0.001691788,-0.002752098,-0.003248953,-0.002998315,-0.002019564,-0.000569,0.000924279,0.002008627,0.00238598,0.002033008,0.001206518,0.000323534,-0.000234755,-0.000305772,-2.27E-05,0.000264564,0.000199001,-0.00034681,-0.001148171,-0.001718862,-0.00159662,-0.000670887,0.000663505,0.001669743,0.001701236,0.000654235,-0.000872053,-0.001873437,-0.001567687,3.49E-05,0.002026599,0.003105373,0.002418871,0.000201066,-0.002270719,-0.003447045,-0.00254139,-0.000124613,0.002183477,0.002784633,0.001231539,-0.001392014,-0.003170562,-0.002703163,-0.000155222,0.002776613,0.004027743,0.002660486,-0.000404195,-0.003004109,-0.00330206,-0.001159941,0.001729926,0.003103076,0.001853655,-0.001084558,-0.003419262,-0.003261709,-0.000620858,0.002554649,0.003861429,0.002317299,-0.000851884,-0.003163768,-0.002840721,-0.000223299,0.002509664,0.003108407,0.001085752,-0.001879611,-0.003317072,-0.002002595,0.001014791,0.003259814,0.002867964,0.000131997,-0.002732285,-0.003416015,-0.001423,0.001540893,0.003018614
-0.004468216,-0.002294654,-0.002021127,-0.002047005,-0.002052794,-0.001940743,-0.00170454,-0.001361069,-0.000902718,-0.000298,0.000463092,0.001318652,0.002122644,0.002684278,0.002835279,0.002486747,0.001653334,0.000449161,-0.000927301,-0.002212706,-0.003114856,-0.003379996,-0.002884784,-0.00171439,-0.00017556,0.001285226,0.002239465,0.002445139,0.001946153,0.001049803,0.000185158,-0.000297163,-0.000290525,2.19E-05,0.000275302,0.000142371,-0.000447733,-0.001223967,-0.001698705,-0.001462005,-0.000482169,0.000791137,0.001633541,0.001482998,0.000348781,-0.001098853,-0.001880177,-0.001330448,0.000394586,0.002305584,0.003142747,0.002202535,-0.000116144,-0.002464559,-0.003370272,-0.002229426,0.000217742,0.002313342,0.002586578,0.000803705,-0.001795859,-0.003309115,-0.002511643,0.000211152,0.003054086,0.004033705,0.002425005,-0.000662681,-0.003043952,-0.003044008,-0.000754315,0.002007707,0.003053443,0.001500583,-0.001510947,-0.003652878,-0.00319449,-0.000372895,0.002741109,0.003819522,0.002088703,-0.001053121,-0.003127391,-0.002535506,0.000169273,0.002731162,0.00302102,0.000774759,-0.00217869,-0.003405822,-0.001869778,0.001199489,0.00329843,0.002704114,-0.00010285,-0.002832362,-0.003277528,-0.001134741,0.001768045,0.003023611
-0.007186006,-0.003849517,-0.003229368,-0.003001113,-0.002745994,-0.00235813,-0.001843869,-0.001240216,-0.000561609,0.000202742,0.001045927,0.001895347,0.002603575,0.002990953,0.002914777,0.00232495,0.001282647,-5.33E-05,-0.001452773,-0.002644484,-0.003356963,-0.003383749,-0.002664399,-0.001344908,0.000228764,0.001607002,0.002397076,0.002419711,0.001784664,0.0008414,1.98E-05,-0.00036877,-0.000276367,6.79E-05,0.000291445,0.000101848,-0.000516315,-0.001253239,-0.001629536,-0.001292706,-0.000285841,0.000899079,0.001564451,0.001239966,4.23E-05,-0.001303437,-0.001859674,-0.001086384,0.000724392,0.002523319,0.003113851,0.001948092,-0.000423302,-0.002606323,-0.003228575,-0.001873918,0.000564525,0.002418056,0.002363022,0.000377764,-0.002164486,-0.003400172,-0.002294309,0.000558585,0.003272552,0.003970828,0.002146642,-0.000920456,-0.003050588,-0.002750187,-0.000336315,0.002271231,0.002983314,0.00114755,-0.001905606,-0.003837374,-0.003090668,-0.00012434,0.002892421,0.00373033,0.001829991,-0.001253403,-0.003069016,-0.0022112,0.000560085,0.002931984,0.002912984,0.000462449,-0.00245655,-0.003466615,-0.00172422,0.001371525,0.00330896,0.002519095,-0.000334758,-0.002906417,-0.003107599,-0.000829611,0.00199025,0.003011114
-0.009544415,-0.005208217,-0.004279997,-0.003817569,-0.003319426,-0.002676046,-0.001908227,-0.001073594,-0.000208095,0.000680043,0.001569939,0.002382467,0.002973689,0.003179751,0.00288673,0.002083878,0.000875935,-0.000540041,-0.001911904,-0.002970578,-0.003474349,-0.003268928,-0.002355656,-0.000933909,0.000623189,0.001876011,0.002477553,0.002314738,0.001559208,0.000593264,-0.000162704,-0.000443667,-0.000260649,0.00011623,0.000313468,7.72E-05,-0.00055477,-0.001241535,-0.001520007,-0.001098025,-8.80E-05,0.000987753,0.00146987,0.000983434,-0.000255239,-0.001482124,-0.001815738,-0.000843774,0.001017248,0.002678694,0.003024383,0.001664174,-0.000715056,-0.002698485,-0.003031991,-0.001487302,0.000907862,0.002498696,0.002123038,-3.48E-05,-0.002490405,-0.003443394,-0.002056004,0.000882342,0.003431913,0.003844039,0.001831313,-0.001176062,-0.003029781,-0.002431477,8.37E-05,0.002516149,0.002895924,0.000802428,-0.002261067,-0.003969129,-0.002950166,0.000124484,0.003010781,0.003598544,0.00154518,-0.001453253,-0.002995117,-0.001877849,0.000940245,0.003108302,0.002786204,0.000153945,-0.002708292,-0.003496557,-0.001564294,0.001533177,0.003295178,0.002316792,-0.000562416,-0.002957463,-0.00291276,-0.000514609,0.00220329,0.002981
-0.011637017,-0.0064208,-0.00521387,-0.004533581,-0.003807489,-0.002925357,-0.001923387,-0.000879857,0.000148416,0.001135539,0.002048753,0.00280515,0.003267347,0.003290033,0.002789726,0.001794841,0.000451233,-0.001010532,-0.002322423,-0.003224331,-0.003509639,-0.003078745,-0.001993347,-0.000500824,0.001006585,0.002107582,0.002506828,0.002159009,0.001294484,0.000322038,-0.000354125,-0.000519218,-0.000243268,0.000166205,0.000339231,6.28E-05,-0.000574158,-0.001204277,-0.001385916,-0.00088872,0.000109551,0.00106374,0.001359991,0.000720373,-0.000544837,-0.001642818,-0.001756948,-0.000603635,0.001284461,0.002792884,0.002896293,0.001362726,-0.000995468,-0.002758457,-0.002801422,-0.001083007,0.001246956,0.002563351,0.001873878,-0.000436158,-0.002786525,-0.003454862,-0.001804756,0.001189568,0.003552333,0.003676252,0.00149307,-0.001429637,-0.002991838,-0.002098563,0.000502817,0.002747574,0.002797509,0.000463978,-0.00258915,-0.004065306,-0.002785446,0.000373349,0.003107771,0.003439631,0.001244132,-0.001652669,-0.002912083,-0.001540519,0.001311448,0.00326748,0.002647316,-0.000150988,-0.002941676,-0.003505429,-0.00139453,0.001688359,0.003266006,0.002103813,-0.000786973,-0.002993887,-0.002702833,-0.000194649,0.002409243,0.002939122
-0.013144525,-0.007308711,-0.005890177,-0.005032441,-0.00411694,-0.003038065,-0.001848404,-0.000646014,0.000493576,0.001530075,0.002423169,0.003091271,0.003408681,0.003252645,0.002571646,0.001431185,1.21E-05,-0.001431432,-0.002627254,-0.003335765,-0.003393691,-0.00275849,-0.001547346,-4.41E-05,0.001354942,0.002261361,0.002440378,0.001915001,0.000966661,1.83E-05,-0.000553821,-0.000591048,-0.000220738,0.000219579,0.000371467,6.59E-05,-0.000560919,-0.001124565,-0.001213107,-0.000659273,0.000301912,0.001116339,0.001226754,0.000452955,-0.000812753,-0.001767298,-0.001672648,-0.000372966,0.001500136,0.00283076,0.002701121,0.001035061,-0.001251089,-0.00276063,-0.002515213,-0.000655242,0.001571801,0.002598111,0.001613142,-0.000809363,-0.003022269,-0.00340695,-0.001532456,0.001463275,0.003600908,0.003436415,0.001117211,-0.001677535,-0.00292536,-0.001746568,0.000912599,0.002950101,0.002679882,0.000142571,-0.002861689,-0.004093109,-0.002575848,0.000621874,0.003166444,0.003233689,0.000916215,-0.001850822,-0.00281575,-0.00120229,0.00165983,0.003391795,0.002486869,-0.000445883,-0.003137444,-0.00347298,-0.00120537,0.001832828,0.003210477,0.001873452,-0.001004861,-0.003005099,-0.002469374,0.00012944,0.002598704,0.002875015
-0.014138134,-0.007908667,-0.006339729,-0.005344198,-0.004278123,-0.00304414,-0.00171109,-0.000395111,0.000812105,0.001859012,0.002701281,0.003262226,0.003430877,0.003108693,0.002275544,0.001030646,-0.000416394,-0.001795717,-0.002839955,-0.003337269,-0.003171697,-0.002356943,-0.001059741,0.000409378,0.001661528,0.002350007,0.002304809,0.001615016,0.000605589,-0.000296087,-0.00074917,-0.000653971,-0.00019209,0.000275312,0.000407037,7.95E-05,-0.000527793,-0.001020004,-0.001020049,-0.000423188,0.000485164,0.001151562,0.001081584,0.000190737,-0.001057016,-0.001861549,-0.001571105,-0.000153795,0.001674334,0.002813255,0.002462149,0.000695478,-0.001484019,-0.002722298,-0.002196536,-0.000221285,0.001877943,0.002609323,0.001348906,-0.001154029,-0.003207863,-0.003314456,-0.00124759,0.001709366,0.003597262,0.003148507,0.000720066,-0.00191786,-0.002840376,-0.001388153,0.001306765,0.003125981,0.00254829,-0.000161938,-0.003088388,-0.004068042,-0.002333474,0.000869217,0.003197883,0.002996695,0.000572729,-0.002046383,-0.002712492,-0.000869924,0.001984459,0.003486511,0.002311065,-0.000729683,-0.003301297,-0.003407384,-0.001000811,0.00197027,0.003137306,0.001632629,-0.001216669,-0.00299946,-0.00222329,0.000450752,0.002771816,0.00279372
-0.014748423,-0.008293517,-0.00662008,-0.005516787,-0.00432965,-0.002972148,-0.001529141,-0.000133493,0.001108922,0.002137678,0.00290703,0.003347778,0.00336579,0.002887775,0.001924352,0.000605766,-0.000834236,-0.002116258,-0.002983922,-0.003258348,-0.002873496,-0.001898386,-0.000544685,0.000857797,0.001935581,0.002390275,0.002119248,0.001275666,0.000222267,-0.000616181,-0.000939832,-0.000709528,-0.000158696,0.000332667,0.000444734,0.000100219,-0.000480799,-0.000898225,-0.000813352,-0.000183385,0.000661018,0.001174023,0.000928344,-6.66E-05,-0.001282985,-0.001933209,-0.001457091,5.65E-05,0.00181787,0.002755495,0.002192004,0.000348241,-0.00169973,-0.002654633,-0.001855304,0.000215623,0.002169184,0.002602976,0.001082661,-0.001476873,-0.003356074,-0.003189265,-0.000953926,0.001934896,0.003555585,0.002826232,0.000308381,-0.002152011,-0.002742054,-0.001026006,0.001688301,0.003281548,0.002406384,-0.000453621,-0.003280991,-0.004004053,-0.002067257,0.001115477,0.003209477,0.002737493,0.000218535,-0.002239658,-0.002604386,-0.000542619,0.00229081,0.003559029,0.002124066,-0.001004885,-0.003441246,-0.003317208,-0.00078491,0.002102588,0.003051391,0.001384441,-0.001423842,-0.002981672,-0.001968575,0.000769239,0.002932365,0.002699723
-0.01455673,-0.008225583,-0.00654587,-0.005401695,-0.004160115,-0.002749847,-0.001270284,0.000132735,0.001343948,0.00229926,0.0029567,0.003259088,0.003132141,0.002528206,0.001485465,0.000158067,-0.001206601,-0.002331871,-0.002983955,-0.003025096,-0.002441502,-0.001352709,-3.94E-06,0.001271071,0.002129376,0.002331115,0.001842942,0.000875115,-0.000184989,-0.000929207,-0.00110787,-0.000743249,-0.000113723,0.000392182,0.000483713,0.000130562,-0.000413375,-0.000752119,-0.000591116,5.33E-05,0.000816047,0.00117157,0.000765598,-0.000304903,-0.001464926,-0.001957201,-0.001320439,0.000245321,0.001899724,0.002622877,0.001869899,-4.12E-06,-0.001876862,-0.002533374,-0.001481598,0.000643984,0.002420871,0.002559911,0.000817488,-0.001749383,-0.003426317,-0.003000595,-0.000646885,0.002117806,0.003442527,0.002445215,-0.000121938,-0.002368639,-0.002619925,-0.000665355,0.002034764,0.003390783,0.002243754,-0.000716555,-0.003403165,-0.003863208,-0.0017565,0.001357727,0.003183734,0.002440228,-0.000150112,-0.002425033,-0.002488959,-0.000231929,0.002553995,0.003584023,0.001915906,-0.001259303,-0.003530357,-0.003176869,-0.000546506,0.002225283,0.002942449,0.001124692,-0.001620474,-0.002942193,-0.001702708,0.001075173,0.003063404,0.00258019
-0.013904542,-0.007895819,-0.006267664,-0.005123688,-0.003869166,-0.002449901,-0.000978276,0.000389665,0.001532461,0.00238552,0.00291343,0.003073082,0.002810854,0.002103795,0.001014603,-0.000283783,-0.001536899,-0.002477672,-0.002900567,-0.00271194,-0.0019495,-0.000778612,0.000529727,0.001646816,0.002267795,0.002215111,0.001523355,0.00045382,-0.000590001,-0.001224252,-0.001253306,-0.000759586,-6.11E-05,0.000451582,0.000520683,0.000162414,-0.000339865,-0.000599498,-0.000368388,0.000280682,0.000954795,0.001155039,0.000601711,-0.000526151,-0.001616667,-0.001952127,-0.001172106,0.000419914,0.001946704,0.002452047,0.001525934,-0.000351787,-0.002028691,-0.002384906,-0.001098364,0.001056809,0.002642337,0.002493905,0.000555815,-0.001988851,-0.003449951,-0.002777094,-0.000335277,0.002275242,0.003292128,0.002038248,-0.000554534,-0.002570397,-0.002485219,-0.00031145,0.002354035,0.003468841,0.002068466,-0.00096144,-0.003483891,-0.003679537,-0.001423102,0.001595652,0.003137758,0.00212569,-0.000521421,-0.002602407,-0.002369908,6.53E-05,0.002787947,0.003579421,0.001696308,-0.001499328,-0.003588205,-0.003007286,-0.000295872,0.002342177,0.00282146,0.000860388,-0.001809885,-0.002891655,-0.001434461,0.001369012,0.003174202,0.002445803
-0.012862842,-0.007344578,-0.005816908,-0.004707893,-0.003475555,-0.002084336,-0.0006583,0.000638653,0.001681561,0.002408014,0.002791525,0.002804776,0.002415495,0.00162463,0.000516812,-0.000720561,-0.001831508,-0.002564355,-0.002746609,-0.00233125,-0.001406849,-0.000180614,0.001057269,0.001990701,0.002359308,0.002051022,0.001167216,1.51E-05,-0.000993008,-0.001503993,-0.001379557,-0.000761188,-1.92E-06,0.000510872,0.000555933,0.000195518,-0.00026124,-0.00044141,-0.000145298,0.000500152,0.001079738,0.001126596,0.000436887,-0.00073293,-0.001742822,-0.001922447,-0.001013902,0.000582436,0.00196418,0.002248921,0.001163529,-0.000695432,-0.002159083,-0.002213439,-0.000707131,0.001456414,0.002838179,0.002408477,0.000297123,-0.002200333,-0.003434136,-0.002524137,-1.98E-05,0.002411111,0.00311016,0.001609379,-0.000988991,-0.002759534,-0.002339875,3.67E-05,0.002650249,0.003520486,0.001882467,-0.001191041,-0.00352954,-0.003459642,-0.001070576,0.001829895,0.003074664,0.001796571,-0.000894938,-0.002772984,-0.002247789,0.000351245,0.002997134,0.003549762,0.001467039,-0.001727153,-0.003619588,-0.00281296,-3.49E-05,0.002454153,0.002690286,0.000592249,-0.00199317,-0.002831766,-0.001164231,0.00165258,0.00326785,0.002298848
-0.011077406,-0.00636707,-0.005035865,-0.004033045,-0.002895913,-0.001609282,-0.000305117,0.000850453,0.001734955,0.002293578,0.002512948,0.002383843,0.001895017,0.001067717,1.35E-06,-0.001112415,-0.002027772,-0.00251935,-0.002455153,-0.001836555,-0.000797949,0.000422888,0.001531678,0.002239902,0.002342094,0.00179402,0.000757003,-0.000429763,-0.001361039,-0.001726795,-0.001449808,-0.000725042,7.11E-05,0.000566371,0.000581792,0.000223253,-0.000182861,-0.000285848,6.33E-05,0.000690141,0.00116887,0.001074125,0.000277365,-0.000900108,-0.001808939,-0.001840187,-0.000837878,0.000717741,0.001924013,0.001990299,0.000779403,-0.001016192,-0.002239821,-0.002001746,-0.000316546,0.001809301,0.002967608,0.002279369,4.88E-05,-0.002348464,-0.003335883,-0.002215238,0.000297096,0.002501233,0.002871334,0.001151568,-0.001409986,-0.002912307,-0.002173392,0.000363207,0.002886737,0.003509574,0.00167251,-0.001387706,-0.003503203,-0.003169953,-0.000686198,0.002051443,0.002978166,0.001446467,-0.001261286,-0.002921449,-0.002118611,0.000608223,0.003148438,0.003465078,0.001219382,-0.001925791,-0.003593767,-0.002568409,0.000244468,0.002554206,0.002539621,0.000320022,-0.002161238,-0.00275455,-0.000896735,0.001906447,0.003320466,0.002126019
-0.009023556,-0.005233951,-0.004135161,-0.003266745,-0.002254265,-0.001102896,4.95E-05,0.001037312,0.001743044,0.002121647,0.002174207,0.001909931,0.001337662,0.000496582,-0.000502868,-0.001469427,-0.002172331,-0.002416408,-0.002112036,-0.001308074,-0.000180919,0.00100714,0.001964604,0.002436347,0.002274738,0.001502312,0.0003354,-0.000862122,-0.001699332,-0.001913654,-0.001489086,-0.00067009,0.000149655,0.0006181,0.000600644,0.00024491,-0.000109538,-0.000137602,0.000259008,0.000861648,0.001239427,0.00101159,0.0001232,-0.001046282,-0.001846528,-0.001734986,-0.000655529,0.000840562,0.00186121,0.001713766,0.000394162,-0.00131999,-0.002296637,-0.001776241,6.57E-05,0.002133025,0.003062207,0.002129752,-0.000193444,-0.002467317,-0.003202466,-0.001885288,0.000611174,0.002571052,0.002612321,0.00068961,-0.001816291,-0.003043891,-0.001997654,0.00067617,0.003092062,0.003468062,0.001451283,-0.001569908,-0.003446751,-0.002853469,-0.000292646,0.0022644,0.002867888,0.001091808,-0.001618436,-0.003055809,-0.001985285,0.000850813,0.00327209,0.003355444,0.000964687,-0.002110062,-0.003542475,-0.002303273,0.000529615,0.002647633,0.002380942,4.79E-05,-0.002321224,-0.00267041,-0.000633329,0.002143691,0.003352877,0.001942216
-0.006658408,-0.003920368,-0.00309568,-0.002394382,-0.001540714,-0.000560181,0.000405877,0.001195234,0.001698582,0.001883027,0.00176569,0.001374579,0.000737544,-9.10E-05,-0.000994017,-0.001786012,-0.002256907,-0.002246264,-0.001709006,-0.00074042,0.000445522,0.001569044,0.002349398,0.002571588,0.00214922,0.001170357,-9.94E-05,-0.001279989,-0.002003119,-0.002058812,-0.001492432,-0.000593327,0.000234552,0.000665451,0.000611366,0.000259518,-4.21E-05,2.15E-06,0.000439592,0.001011712,0.001288435,0.000937382,-2.47E-05,-0.001168084,-0.001851023,-0.001603178,-0.00046585,0.000948898,0.001772149,0.001416462,7.64E-06,-0.001604101,-0.002325704,-0.001534723,0.000438127,0.002422909,0.003116398,0.00195635,-0.00042856,-0.002552203,-0.003028265,-0.00153093,0.000921939,0.00261732,0.002329899,0.000222857,-0.002205544,-0.003150892,-0.001811187,0.000973419,0.003261233,0.003391056,0.001216991,-0.001735328,-0.003355366,-0.00250591,0.000111535,0.002467385,0.00274163,0.000731879,-0.001964906,-0.003173801,-0.001847152,0.001076705,0.003363659,0.003216873,0.000701833,-0.002277664,-0.003461638,-0.002014268,0.000821453,0.00273337,0.002212973,-0.000224159,-0.002471827,-0.002578238,-0.000374676,0.002361645,0.003361842,0.00174569
-0.003957242,-0.002407515,-0.001905164,-0.001412566,-0.000762395,1.13E-06,0.000737424,0.001292629,0.001569895,0.001551611,0.001272238,0.00077776,0.000111835,-0.000661576,-0.001426238,-0.002011179,-0.002234697,-0.00197604,-0.001235065,-0.000148462,0.00104213,0.002052218,0.002624254,0.002591908,0.001931743,0.000791158,-0.000527683,-0.001643848,-0.002224564,-0.002118311,-0.001428765,-0.000479908,0.000326695,0.00070091,0.000603438,0.000256066,7.11E-06,0.000117232,0.000584328,0.001117985,0.001298456,0.00084581,-0.000157488,-0.001245443,-0.001800414,-0.001430862,-0.000268142,0.001033521,0.001647766,0.001100218,-0.000363341,-0.001842987,-0.002306708,-0.001275629,0.000779267,0.002642601,0.003096098,0.001743118,-0.000649508,-0.002581448,-0.002793164,-0.001146573,0.00121935,0.002625561,0.002020438,-0.000233422,-0.002549179,-0.003207571,-0.001606982,0.001238466,0.003364017,0.003252225,0.000960803,-0.001874514,-0.003212762,-0.002118562,0.000521061,0.002647088,0.002591211,0.000373209,-0.002281391,-0.003255808,-0.00169806,0.001273847,0.00340084,0.003031623,0.000428558,-0.002415847,-0.003334077,-0.001691775,0.001117673,0.002802842,0.002030791,-0.000492063,-0.002604028,-0.002473853,-0.000128653,0.002542326,0.00332962,0.001530135
-0.001182515,-0.000848115,-0.000680751,-0.000410027,2.18E-05,0.000553058,0.001046128,0.001357566,0.001404686,0.001186126,0.000753732,0.000170487,-0.000506157,-0.001205611,-0.00181614,-0.002184823,-0.002161228,-0.001665464,-0.000741161,0.000437227,0.001605948,0.002482054,0.002836524,0.002554471,0.001674558,0.000398954,-0.00094073,-0.001970252,-0.002397822,-0.002131927,-0.001331743,-0.000350044,0.000420259,0.000728647,0.000584759,0.000241932,4.48E-05,0.000217059,0.000708426,0.001200826,0.001289119,0.000746911,-0.000281315,-0.001300689,-0.001724305,-0.001241415,-6.86E-05,0.001106999,0.001510145,0.000781486,-0.000719699,-0.002055383,-0.002264187,-0.001011811,0.00109967,0.002823809,0.003038013,0.001511252,-0.000862711,-0.002584921,-0.002532526,-0.000752904,0.00150674,0.002615963,0.001702963,-0.000677084,-0.002863941,-0.003236326,-0.001394196,0.00148602,0.003433087,0.003083297,0.000694457,-0.002001858,-0.003048892,-0.001717697,0.000927447,0.00281245,0.00243001,1.92E-05,-0.0025784,-0.003316794,-0.0015422,0.001457258,0.003412081,0.002825089,0.000151837,-0.002539343,-0.003185563,-0.001356425,0.001412601,0.002862667,0.001842158,-0.00075627,-0.002726006,-0.002363745,0.000109753,0.002703393,0.003277096,0.00130655
0.001665433,0.000759428,0.000577928,0.000611137,0.000806546,0.001087335,0.001321322,0.001378315,0.001191937,0.000778224,0.000206292,-0.000445335,-0.00110823,-0.00170918,-0.002145718,-0.002287689,-0.002019488,-0.001303316,-0.000224643,0.0010095,0.00212088,0.002836466,0.002962675,0.002439383,0.00136574,-7.84E-06,-0.001330077,-0.002243517,-0.002504458,-0.002083092,-0.001189965,-0.000198607,0.000515132,0.000745533,0.000551256,0.000213007,6.65E-05,0.000295612,0.000804072,0.001251777,0.001253817,0.00063854,-0.000392816,-0.001326264,-0.0016145,-0.00102981,0.000132677,0.001165696,0.001355942,0.000461307,-0.001054557,-0.002231142,-0.002190204,-0.000742754,0.001390839,0.002952403,0.002929036,0.001254716,-0.001065324,-0.00255433,-0.002238922,-0.000348277,0.001779756,0.002582722,0.001376224,-0.00110179,-0.003138273,-0.003226829,-0.001169971,0.001709693,0.003456733,0.002874169,0.000414689,-0.002113637,-0.002857637,-0.001300412,0.001328032,0.002957816,0.002254684,-0.000327302,-0.002848032,-0.003348727,-0.001376908,0.001622394,0.003388818,0.002590531,-0.000129029,-0.002643115,-0.003009564,-0.001004871,0.001704843,0.002909126,0.001645041,-0.00101506,-0.002833974,-0.00224606,0.000337569,0.002837849,0.003197384,0.001072588
0.004400065,0.002312047,0.001789235,0.001581917,0.0015346,0.001559004,0.001531823,0.001338799,0.000931534,0.000343647,-0.000339919,-0.00102814,-0.001646006,-0.002123017,-0.002371496,-0.002288667,-0.00179607,-0.0008968,0.000287136,0.001525099,0.002535338,0.003065119,0.002963184,0.002225221,0.001005138,-0.000409862,-0.001663009,-0.002426278,-0.002511102,-0.001948534,-0.000992349,-2.49E-05,0.000605837,0.000744107,0.000495821,0.000162393,6.38E-05,0.000341796,0.00085814,0.00125868,0.001185222,0.000520595,-0.000485753,-0.001313698,-0.001465453,-0.000796408,0.000330952,0.00120575,0.001188644,0.00015351,-0.001346858,-0.002350408,-0.002075543,-0.000474879,0.001633402,0.003005223,0.002752634,0.000969161,-0.001251935,-0.002482876,-0.001912502,5.79E-05,0.002025556,0.002519623,0.001048159,-0.00148606,-0.003346176,-0.003160615,-0.000930976,0.001899043,0.003419521,0.002614189,0.000119689,-0.002206705,-0.002638981,-0.000875262,0.001707647,0.003069818,0.00206257,-0.00065558,-0.003071542,-0.003335191,-0.001195961,0.001764866,0.003322593,0.00232345,-0.000411202,-0.002720405,-0.002802296,-0.00064076,0.001985023,0.002933624,0.001437623,-0.001262866,-0.002920322,-0.002118208,0.000549198,0.002935191,0.00308232,0.000828146
0.007000708,0.003793599,0.002942785,0.002499893,0.002213024,0.001984767,0.001702243,0.001268192,0.000652605,-9.37E-05,-0.000871151,-0.001578159,-0.002135589,-0.002478344,-0.002536056,-0.002235072,-0.001534407,-0.000476444,0.000783954,0.001997844,0.002885849,0.003220552,0.002895715,0.001962172,0.000624376,-0.000800542,-0.001957998,-0.002555592,-0.002462637,-0.001769472,-0.000767937,0.000157467,0.000691893,0.000731738,0.000428464,0.00010029,4.79E-05,0.000370326,0.000889777,0.00124244,0.001099918,0.000398766,-0.000568331,-0.001281884,-0.001298141,-0.000554624,0.000525403,0.0012361,0.001017362,-0.000143015,-0.001612148,-0.002437458,-0.001939973,-0.000210343,0.001847367,0.003016707,0.002541467,0.00067019,-0.001429146,-0.002391434,-0.001572868,0.000460114,0.00225382,0.002441027,0.000722973,-0.001843937,-0.003514876,-0.003062665,-0.000684446,0.002069489,0.00335037,0.002328777,-0.000181938,-0.00229025,-0.002408913,-0.000450972,0.002071297,0.003161569,0.001862099,-0.000971389,-0.003267364,-0.003295308,-0.001005698,0.001895969,0.003234834,0.002041077,-0.000692374,-0.002783523,-0.002580466,-0.000273454,0.002255514,0.002944798,0.00122505,-0.001503404,-0.002993945,-0.001984678,0.000751768,0.003012502,0.002949005,0.000579429
0.009341051,0.005134857,0.003983487,0.003317759,0.002801405,0.002331621,0.001808102,0.001151855,0.000351501,-0.000525909,-0.001368346,-0.002066773,-0.002541703,-0.00273738,-0.002604149,-0.002099524,-0.001219753,-4.33E-05,0.001248291,0.002396163,0.003132158,0.0032613,0.002725612,0.001629075,0.000219447,-0.001167103,-0.002189774,-0.002600637,-0.002330166,-0.001524723,-0.000505795,0.000350076,0.000769014,0.000702023,0.000343064,2.10E-05,1.22E-05,0.000372086,0.000887594,0.001191805,0.000990426,0.00027211,-0.000635014,-0.001222111,-0.001105616,-0.000302917,0.000712332,0.0012521,0.000842543,-0.000418864,-0.001833475,-0.002474546,-0.001773715,4.70E-05,0.002016309,0.002965511,0.002279185,0.000352793,-0.001591569,-0.002271506,-0.001216919,0.000852247,0.002453355,0.002339561,0.000405015,-0.002158352,-0.003621779,-0.002915965,-0.000426916,0.002211123,0.003233788,0.002006631,-0.000492272,-0.002359885,-0.002164339,-3.21E-05,0.002407145,0.003220992,0.001649594,-0.001266296,-0.003419193,-0.003214258,-0.000800704,0.002010608,0.003115927,0.001737459,-0.000970659,-0.002825362,-0.002338538,9.58E-05,0.00250884,0.002934714,0.001005039,-0.001731898,-0.003047525,-0.001842445,0.000940408,0.003059601,0.002788839,0.000325385
0.011242023,0.006233844,0.004832192,0.00397276,0.003253449,0.002570407,0.001837453,0.000994087,4.66E-05,-0.000923925,-0.001796145,-0.002457399,-0.002831765,-0.002876228,-0.002564051,-0.001884103,-0.000867348,0.000377184,0.001649458,0.002690122,0.00325097,0.003175127,0.002453569,0.001238361,-0.000189442,-0.001487201,-0.00233955,-0.00255029,-0.00211165,-0.001219876,-0.000215658,0.000543108,0.000830295,0.000652062,0.000239879,-7.38E-05,-4.20E-05,0.000347555,0.00085207,0.001108352,0.000859722,0.000143825,-0.000684624,-0.00113719,-0.000894823,-5.00E-05,0.000885292,0.001253243,0.000670708,-0.000662953,-0.002000145,-0.00245618,-0.001578371,0.000290573,0.002133618,0.002849495,0.001969341,2.32E-05,-0.001735714,-0.002126576,-0.000855171,0.00122131,0.002615171,0.002214892,0.000102501,-0.002417194,-0.003656988,-0.002716532,-0.000159553,0.002321733,0.003070555,0.00165225,-0.000806383,-0.002415173,-0.001912158,0.000368822,0.002702272,0.003240685,0.001425815,-0.001533305,-0.003518552,-0.003086203,-0.000578679,0.002109797,0.002968499,0.001417545,-0.001241168,-0.002844819,-0.002081258,0.000457857,0.002735788,0.002898348,0.000778235,-0.001944075,-0.003076902,-0.00169005,0.001114095,0.003075368,0.002602858,6.93E-05
0.012844572,0.007167279,0.005550221,0.00451829,0.003615794,0.002740433,0.001820815,0.000814747,-0.000254739,-0.001294033,-0.002174621,-0.002782513,-0.003047554,-0.002941201,-0.002460472,-0.001625132,-0.000498778,0.000782783,0.002006118,0.002916983,0.003291924,0.003014862,0.002125325,0.000819704,-0.000594075,-0.001774412,-0.002437877,-0.002443549,-0.001844886,-0.000883696,8.66E-05,0.00073296,0.000880394,0.000589912,0.000127053,-0.000176576,-0.000105923,0.000308774,0.000798229,0.001007108,0.000718098,1.57E-05,-0.000724228,-0.001038971,-0.000675934,0.000200758,0.001048149,0.001245544,0.000502242,-0.000885986,-0.002132869,-0.002404912,-0.001367103,0.000524444,0.002219875,0.002696442,0.001634049,-0.000310991,-0.001868078,-0.001968317,-0.0004933,0.001573202,0.002752631,0.002076696,-0.000189023,-0.002641089,-0.003648783,-0.002486245,0.000112797,0.002413953,0.00288117,0.001281237,-0.001120702,-0.002461746,-0.001657449,0.000755783,0.002970312,0.00323546,0.001195768,-0.001782418,-0.003585627,-0.002929839,-0.000346507,0.002200302,0.002805561,0.001089934,-0.001505596,-0.002851039,-0.001816624,0.000812999,0.002944803,0.002845423,0.000547799,-0.002145525,-0.003091063,-0.001531294,0.001279027,0.003072989,0.00240253,-0.000186776
0.013881946,0.007785548,0.006020321,0.004858325,0.003812917,0.002787691,0.001726694,0.000605125,-0.000539345,-0.001603746,-0.002456162,-0.002985226,-0.003130001,-0.00287874,-0.002252759,-0.001300904,-0.000114846,0.001150028,0.002275897,0.003022851,0.003199485,0.002733772,0.001711631,0.000366141,-0.000979466,-0.001997195,-0.002445601,-0.002243515,-0.001503161,-0.000503436,0.000400845,0.000911197,0.000908629,0.000507193,-1.04E-07,-0.000289932,-0.000183233,0.000248807,0.000716668,0.000879409,0.000561415,-0.000110278,-0.00074744,-0.000921654,-0.00044866,0.000442655,0.001190886,0.001223113,0.000342325,-0.001069962,-0.002206409,-0.002299001,-0.001131852,0.000739316,0.002253785,0.002484491,0.001261606,-0.000647896,-0.001979142,-0.001790703,-0.000137354,0.001890139,0.002845992,0.001916475,-0.000458909,-0.002803294,-0.003566865,-0.002205528,0.000391853,0.00247565,0.002651166,0.000887214,-0.001431611,-0.002493468,-0.001402209,0.001113584,0.003187957,0.003186379,0.000956098,-0.001999315,-0.00359695,-0.002725689,-9.74E-05,0.002277264,0.002619471,0.000753189,-0.0017572,-0.002835349,-0.001543018,0.001151725,0.003119826,0.002763224,0.000312076,-0.002327221,-0.003078375,-0.001361373,0.00142962,0.003041291,0.002180177,-0.000440983
0.014365898,0.008092823,0.006247034,0.004999892,0.003855168,0.002725732,0.001570835,0.000381376,-0.000792984,-0.001843217,-0.002637546,-0.003070447,-0.003092525,-0.002709708,-0.001966621,-0.000938033,0.000261651,0.001464572,0.0024564,0.003018667,0.002996582,0.002362694,0.001245121,-9.47E-05,-0.001328753,-0.002152719,-0.002373719,-0.001971469,-0.001112258,-0.000103195,0.000709335,0.00106865,0.000913646,0.00040788,-0.000135022,-0.000406431,-0.000265874,0.000176957,0.000618045,0.000736049,0.000398028,-0.000230865,-0.000757644,-0.000793832,-0.000223141,0.000668225,0.001311142,0.001187815,0.000193281,-0.001216415,-0.002228061,-0.002149281,-0.000881455,0.000934102,0.002244366,0.002229876,0.000868609,-0.000977592,-0.002068823,-0.001601131,0.00020391,0.002167745,0.002896834,0.001738325,-0.000706329,-0.002909995,-0.003423109,-0.001886058,0.00067282,0.002511911,0.002392774,0.000482875,-0.001732165,-0.002511005,-0.001151501,0.001438178,0.003355591,0.003097248,0.000709721,-0.002185934,-0.003559546,-0.002481901,0.000164624,0.002343675,0.002418238,0.00041509,-0.001993258,-0.002801209,-0.001267053,0.001468857,0.003259821,0.002654011,7.35E-05,-0.002489031,-0.003040578,-0.001181044,0.001568787,0.002986791,0.001942717,-0.00069013
0.014474982,0.008188997,0.006308771,0.005007524,0.003793764,0.00259178,0.00137571,0.000150862,-0.001023005,-0.002033089,-0.002750115,-0.003076477,-0.002975702,-0.002471745,-0.001631592,-0.000553555,0.000629008,0.0017406,0.002575554,0.002941328,0.00272239,0.001935733,0.000748456,-0.000555429,-0.001650249,-0.002261694,-0.002249375,-0.001654065,-0.000692495,0.000306186,0.001010519,0.001210073,0.000902463,0.000297973,-0.000273931,-0.000523564,-0.000350566,9.87E-05,0.000509642,0.000583859,0.000231536,-0.000347163,-0.000759425,-0.000660234,-6.02E-07,0.000881181,0.001415377,0.001143815,5.20E-05,-0.001337429,-0.002215344,-0.001971343,-0.000622219,0.001114825,0.002206678,0.001948795,0.000464542,-0.001300315,-0.002143482,-0.001404424,0.000533579,0.002417404,0.002918503,0.001548397,-0.000938214,-0.002979589,-0.003238906,-0.001542096,0.000954033,0.002531329,0.002116892,7.38E-05,-0.002024076,-0.002518553,-0.000904572,0.001739247,0.003488772,0.002981112,0.000459223,-0.002351974,-0.003489759,-0.002212303,0.000434706,0.002403079,0.002207795,7.74E-05,-0.002217971,-0.002754763,-0.000990517,0.001770169,0.003375394,0.002526517,-0.0001666,-0.002636955,-0.002985627,-0.000993628,0.001700513,0.002917595,0.001695992,-0.000935204
0.013877347,0.007885408,0.006059034,0.004764757,0.003542174,0.002330394,0.001117192,-8.07E-05,-0.001197499,-0.002121034,-0.0027289,-0.002934845,-0.002717144,-0.002117397,-0.001222034,-0.000147381,0.000962037,0.001932267,0.002575397,0.002731883,0.002328533,0.00142456,0.000218366,-0.000995146,-0.001905453,-0.002278781,-0.00203221,-0.001265409,-0.000236871,0.000714486,0.001283666,0.001313139,0.000858778,0.000170788,-0.000415092,-0.000635674,-0.00043263,1.53E-05,0.000390198,0.000422426,6.52E-05,-0.000452614,-0.000746942,-0.000521333,0.000208843,0.001063873,0.001486085,0.001083467,-7.33E-05,-0.001410368,-0.002141058,-0.001746282,-0.000352261,0.001267117,0.002120203,0.001627962,5.15E-05,-0.00160118,-0.002187577,-0.001198278,0.000834502,0.002608924,0.002883629,0.001337799,-0.001139459,-0.002981246,-0.002984457,-0.00115929,0.001231328,0.002520599,0.001815302,-0.000334945,-0.002292887,-0.002505695,-0.000667747,0.001991644,0.003554593,0.002814584,0.000202737,-0.002478912,-0.003361522,-0.001898399,0.000716783,0.002449848,0.001984369,-0.000253815,-0.002417882,-0.002685934,-0.000717197,0.002036671,0.003442007,0.002364649,-0.000407595,-0.002756948,-0.00289774,-0.000792717,0.001819434,0.002823811,0.001435848,-0.001169888
0.012820301,0.007320172,0.005606383,0.004361278,0.003172065,0.001994257,0.000827837,-0.0003016,-0.001325106,-0.002134394,-0.002616596,-0.002698622,-0.002373919,-0.001700491,-0.000781203,0.000254202,0.001255765,0.002057152,0.002493525,0.002441641,0.001870865,0.000879218,-0.000310207,-0.00140003,-0.002102935,-0.002231064,-0.001759934,-0.000844218,0.000223435,0.001103164,0.00152343,0.001382315,0.000791576,3.52E-05,-0.000551904,-0.000737658,-0.000506105,-6.48E-05,0.000270551,0.000261934,-9.52E-05,-0.000547846,-0.000726048,-0.000383937,0.000402341,0.001219682,0.001530486,0.001011545,-0.000186681,-0.001451084,-0.002028514,-0.001495448,-8.11E-05,0.001397991,0.002004883,0.001290212,-0.000355389,-0.001877764,-0.002207698,-0.000988853,0.0011095,0.002755491,0.002808443,0.001114295,-0.001318783,-0.002938891,-0.002688523,-0.000758022,0.001500623,0.002489996,0.001502953,-0.000733879,-0.002538258,-0.002476159,-0.00043977,0.002207093,0.003572216,0.002614219,-5.59E-05,-0.002578682,-0.00319601,-0.001559096,0.00100291,0.002487388,0.001755601,-0.000575206,-0.002596975,-0.002601869,-0.000449773,0.002274618,0.003472222,0.002179414,-0.000646993,-0.002855595,-0.00278637,-0.000582493,0.001930359,0.002715742,0.001170231,-0.001394695
0.011420039,0.006559273,0.005002086,0.003837959,0.002713962,0.001603145,0.000516562,-0.000513239,-0.00141651,-0.002091119,-0.002435775,-0.002391856,-0.001968226,-0.00123825,-0.000318863,0.000650318,0.00151826,0.002130799,0.002350089,0.002091529,0.001366998,0.000310573,-0.000835084,-0.001776511,-0.002255601,-0.002134283,-0.001446988,-0.000400213,0.000685158,0.001475025,0.001736493,0.001425112,0.000706517,-0.000106385,-0.000684766,-0.000831258,-0.000572375,-0.000141485,0.000151474,0.000102869,-0.000250539,-0.000635045,-0.000698892,-0.000248158,0.000583096,0.00135453,0.001554619,0.00093079,-0.000291122,-0.001467519,-0.001887442,-0.001225797,0.000190372,0.001512419,0.001868167,0.00094071,-0.00075637,-0.002134942,-0.002209272,-0.000777199,0.001364268,0.002867498,0.002702556,0.000881133,-0.001481418,-0.002863476,-0.002361894,-0.000343689,0.001763208,0.002444326,0.001183114,-0.001124389,-0.002765009,-0.002433611,-0.000218608,0.002394231,0.003553145,0.002388312,-0.000316062,-0.002657806,-0.003002551,-0.001201123,0.001291566,0.002517759,0.001523068,-0.000888593,-0.002759851,-0.002506203,-0.000187144,0.002490464,0.00347457,0.001976511,-0.000884912,-0.002937792,-0.002657088,-0.00036523,0.002035242,0.002597049,0.00090082,-0.001611721
0.009422726,0.005455413,0.004133354,0.003109182,0.002110248,0.001128185,0.000182268,-0.000692151,-0.001429112,-0.001936988,-0.002129473,-0.001964089,-0.001464457,-0.000716052,0.000155853,0.001009418,0.001701124,0.00209713,0.002092616,0.001643887,0.000802691,-0.000268513,-0.001318906,-0.002071444,-0.002307442,-0.001943374,-0.001070122,6.33E-05,0.001121218,0.00178847,0.001879329,0.001407733,0.000586509,-0.000253755,-0.000801273,-0.000899241,-0.000615499,-0.000202592,4.31E-05,-4.39E-05,-0.000388238,-0.000702883,-0.000661119,-0.000121861,0.000730451,0.001441054,0.001535219,0.000832167,-0.000377833,-0.001438892,-0.001697452,-0.000929344,0.000453546,0.001592197,0.001696331,0.000582763,-0.001128743,-0.002341243,-0.00217002,-0.000564723,0.001572162,0.002906213,0.002535434,0.000631037,-0.001610742,-0.002728151,-0.00198593,8.35E-05,0.002004169,0.002369482,0.000857696,-0.001485231,-0.002944367,-0.002360968,-1.21E-05,0.002522538,0.003460911,0.002114466,-0.000575884,-0.002696252,-0.002759145,-0.000814838,0.001577867,0.002531925,0.001287122,-0.001179202,-0.002885536,-0.002387381,6.18E-05,0.00265748,0.003419318,0.001740043,-0.001116348,-0.00298456,-0.002491693,-0.000134627,0.002128711,0.002460543,0.000628832,-0.001809744
0.007188242,0.004213382,0.003159104,0.002301029,0.00145421,0.00062863,-0.00014999,-0.00084571,-0.001398614,-0.00172955,-0.00176848,-0.001489311,-0.000929392,-0.00018394,0.000616907,0.001333242,0.001833251,0.00200686,0.001784153,0.001161955,0.000228927,-0.000829311,-0.001760241,-0.002309351,-0.002301369,-0.001707816,-0.000672569,0.000519453,0.001525555,0.00205613,0.001975708,0.001355267,0.000449663,-0.000399653,-0.000903614,-0.00094831,-0.000641328,-0.000250301,-5.40E-05,-0.000178762,-0.000512303,-0.000758527,-0.000618751,-4.01E-06,0.000855882,0.00149874,0.001491431,0.000724075,-0.000455658,-0.001389313,-0.001487474,-0.000626129,0.0007065,0.001652523,0.001510858,0.00022992,-0.001475429,-0.002513053,-0.002106703,-0.000353719,0.001751881,0.002904323,0.00233671,0.000373828,-0.00172262,-0.002565619,-0.001592318,0.000508184,0.002227752,0.002279297,0.000535021,-0.001822272,-0.003092012,-0.002269402,0.00018654,0.002619081,0.003330929,0.001817959,-0.000833114,-0.002713569,-0.002493544,-0.000420121,0.001857258,0.002535481,0.001051431,-0.00145363,-0.002988369,-0.002255983,0.000301462,0.002796199,0.003332911,0.001487424,-0.001341739,-0.003010833,-0.002307174,0.000102127,0.002216031,0.002316377,0.000358492,-0.001995472
0.004736194,0.002844607,0.00208806,0.001420061,0.000750175,0.00010651,-0.000480383,-0.000976015,-0.001328587,-0.001473218,-0.001357318,-0.00097141,-0.000365614,0.000357273,0.001065439,0.001624715,0.001918843,0.001864677,0.00142892,0.000648566,-0.000353522,-0.001373344,-0.002162614,-0.002494958,-0.002242181,-0.001431303,-0.000256036,0.000968837,0.001900803,0.002281801,0.002029478,0.001270618,0.000297371,-0.000544201,-0.000992961,-0.000980031,-0.000651295,-0.000285723,-0.000140967,-0.000302655,-0.000623866,-0.000802989,-0.000572169,0.000106089,0.000961209,0.001529977,0.001425274,0.000607298,-0.000525333,-0.001320519,-0.001259162,-0.000316709,0.000950082,0.001695008,0.001312875,-0.000118246,-0.00179856,-0.002653229,-0.002021314,-0.000144062,0.00190576,0.002865192,0.002109001,0.00011009,-0.001818498,-0.002378131,-0.001182514,0.000930605,0.002435399,0.002175038,0.000214858,-0.002137488,-0.003210569,-0.002160479,0.000378042,0.002686492,0.003166324,0.001500662,-0.00108797,-0.002711504,-0.002207581,-1.77E-05,0.002130314,0.002529304,0.00081597,-0.001713223,-0.003070244,-0.002113049,0.000532512,0.002908967,0.003217924,0.001219989,-0.001561588,-0.00301831,-0.002105112,0.000344525,0.002297711,0.002165183,8.97E-05,-0.002169927
0.002053717,0.001336558,0.000913256,0.0004678,9.67E-06,-0.000416822,-0.000779668,-0.001049441,-0.0011858,-0.001140669,-0.000880029,-0.000410208,0.000208914,0.000872024,0.001452158,0.001827869,0.001904621,0.001630175,0.001008398,0.000112783,-0.000907433,-0.001840684,-0.002454387,-0.002559442,-0.002078627,-0.001091369,0.000168651,0.001370988,0.00218772,0.002402404,0.001988262,0.001122,0.000121227,-0.000676516,-0.001047362,-0.000969747,-0.00062319,-0.000289858,-0.000199727,-0.000396836,-0.000704474,-0.000822885,-0.000519148,0.000196074,0.00102191,0.001506499,0.0013154,0.000474587,-0.000580708,-0.001221548,-0.001008217,-1.04E-05,0.00116438,0.00170136,0.001100387,-0.000439755,-0.002057599,-0.002719642,-0.001889634,5.98E-05,0.002005322,0.002753501,0.001829345,-0.000161503,-0.001884131,-0.002152401,-0.000759176,0.001329761,0.002600339,0.002043367,-9.03E-05,-0.002396171,-0.003261347,-0.002012646,0.000556528,0.002698518,0.002939266,0.001150487,-0.001332671,-0.002673163,-0.001891694,0.000385644,0.002378913,0.002499358,0.00058401,-0.001937031,-0.003106054,-0.001947093,0.000743886,0.002968606,0.003048363,0.000928499,-0.001765184,-0.002986591,-0.001870246,0.000594843,0.002367298,0.002003177,-0.000170828,-0.002318501
-0.000631598,-0.000177562,-0.000263904,-0.00048032,-0.00071889,-0.000920617,-0.001053447,-0.001094329,-0.001015413,-0.000786002,-0.000390576,0.00014963,0.00076673,0.00135535,0.001796176,0.001983124,0.001845292,0.001361974,0.000573146,-0.000414073,-0.001428459,-0.002256003,-0.002684526,-0.002565149,-0.001871744,-0.000733037,0.000583122,0.001737627,0.002423317,0.002468791,0.001902402,0.000946698,-6.14E-05,-0.000798879,-0.001082575,-0.000938301,-0.000576327,-0.00027815,-0.000243529,-0.00047515,-0.000769223,-0.000831081,-0.000463963,0.000275598,0.001061571,0.001458683,0.001187184,0.0003358,-0.000630516,-0.00111291,-0.000753578,0.000287622,0.001360908,0.001691323,0.00088584,-0.000742193,-0.00228118,-0.002749125,-0.001736714,0.000259831,0.00207997,0.002611044,0.001529956,-0.000433728,-0.001936787,-0.001914809,-0.000338367,0.001709951,0.002741117,0.001899476,-0.000384623,-0.002624283,-0.003277935,-0.00184575,0.000729883,0.002687481,0.002687936,0.000790121,-0.00156997,-0.002619558,-0.001567405,0.000782417,0.002610832,0.002456409,0.000354633,-0.002142301,-0.003119448,-0.001770744,0.00094561,0.00300435,0.002856033,0.000629185,-0.001958943,-0.002936657,-0.001622061,0.000846667,0.002430563,0.001837383,-0.000425364,-0.002453953
-0.003315053,-0.001696063,-0.001441585,-0.001421508,-0.001431488,-0.001399661,-0.001295691,-0.001104457,-0.000811825,-0.000405154,0.000112704,0.000706718,0.001303148,0.001799541,0.002087622,0.002079858,0.001731248,0.001053322,0.000120803,-0.000929104,-0.001908548,-0.002607311,-0.002839293,-0.002499349,-0.001612506,-0.000352923,0.000984477,0.002060449,0.00259607,0.002469063,0.001762299,0.000739144,-0.00025175,-0.000908937,-0.001094335,-0.00088107,-0.00050663,-0.000247137,-0.000269072,-0.000534091,-0.000814638,-0.000825056,-0.000406193,0.000342364,0.001075666,0.001381367,0.001036794,0.000189702,-0.000673619,-0.000992752,-0.000494799,0.000575127,0.001535646,0.001661405,0.000669032,-0.001021132,-0.002461412,-0.002733629,-0.001558016,0.000455074,0.002124383,0.002431372,0.001206827,-0.000706566,-0.001973743,-0.001663112,7.89E-05,0.002066697,0.002852335,0.001740767,-0.000665668,-0.002815053,-0.003252866,-0.001655651,0.000897054,0.002648574,0.002407368,0.000417635,-0.001798146,-0.002547499,-0.001233191,0.001170904,0.002822229,0.002397567,0.00012844,-0.002324961,-0.003105569,-0.001581785,0.001135592,0.00301112,0.002636187,0.000320537,-0.002140643,-0.002864602,-0.001357795,0.001100214,0.002486116,0.001667054,-0.000672571,-0.002573414
-0.005783216,-0.003101364,-0.002526504,-0.002276557,-0.00206185,-0.001801537,-0.001469295,-0.001059424,-0.000572239,-1.30E-05,0.00059858,0.001216205,0.001764166,0.002147507,0.002273506,0.002076648,0.001539264,0.000703705,-0.000325176,-0.001387634,-0.002288586,-0.002831027,-0.002862069,-0.002322922,-0.001286483,3.67E-05,0.001337741,0.002290631,0.0026548,0.002360618,0.001541325,0.00049082,-0.000443158,-0.000991238,-0.001064944,-0.000782527,-0.000401773,-0.000186031,-0.000264816,-0.000560688,-0.000828325,-0.000796849,-0.000345708,0.000388167,0.001050977,0.001262021,0.000857278,3.59E-05,-0.000707886,-0.000863047,-0.000242916,0.000832805,0.001668341,0.001601124,0.000457206,-0.001251634,-0.002564681,-0.002644539,-0.001340832,0.000640318,0.002123071,0.002200942,0.000856995,-0.000973041,-0.00198747,-0.00140069,0.000473393,0.002370694,0.002908719,0.001559555,-0.000919158,-0.002940081,-0.003158601,-0.001428289,0.001056063,0.002571838,0.002091517,3.75E-05,-0.002005763,-0.002449282,-0.000894443,0.001532237,0.002990396,0.002309438,-9.13E-05,-0.002468778,-0.003047207,-0.001373687,0.001306529,0.002974816,0.002379355,4.82E-06,-0.002298472,-0.002758116,-0.001073002,0.001350962,0.00252707,0.001491331,-0.00090443,-0.002665484
-0.008065015,-0.004405268,-0.003530287,-0.003060982,-0.002630743,-0.002151949,-0.001603172,-0.000988448,-0.000322391,0.000372533,0.001060566,0.001686034,0.00217315,0.002436535,0.002400808,0.002023484,0.001314042,0.000343991,-0.000754836,-0.001804471,-0.002607396,-0.002984092,-0.002817529,-0.002095355,-0.00093545,0.000420818,0.001657208,0.002467601,0.002653787,0.002199268,0.001284397,0.000227745,-0.00063021,-0.001056761,-0.001014367,-0.000664412,-0.00028108,-0.000111367,-0.000246508,-0.000571499,-0.000826496,-0.000758082,-0.000284317,0.000423764,0.001008465,0.001124477,0.000666352,-0.00011984,-0.000738179,-0.000731782,5.68E-07,0.001070876,0.001777541,0.001526266,0.000250801,-0.001454586,-0.002627671,-0.002519121,-0.001106194,0.000819484,0.002100277,0.001949179,0.000498857,-0.001232958,-0.001989945,-0.001137174,0.00085015,0.002642801,0.002935047,0.001367558,-0.001156817,-0.003030614,-0.003029552,-0.001182883,0.001211366,0.002478886,0.001762811,-0.000341536,-0.002200474,-0.002339099,-0.00055773,0.001874667,0.003132965,0.002205165,-0.0003074,-0.002592318,-0.002966471,-0.001156523,0.001467923,0.002918518,0.002107118,-0.000311102,-0.002442498,-0.002634943,-0.000780327,0.001597709,0.002559443,0.001313364,-0.001127318,-0.002743111
-0.010058865,-0.005551741,-0.004408517,-0.003737163,-0.003106831,-0.002426269,-0.001680075,-0.000882261,-6.14E-05,0.000743941,0.001483664,0.002094936,0.002504695,0.002639946,0.002444929,0.001901315,0.001045121,-2.56E-05,-0.00115686,-0.002158502,-0.002837277,-0.003036893,-0.002679475,-0.001798754,-0.000553112,0.000793162,0.001926203,0.002568388,0.002569181,0.001965394,0.000979529,-5.35E-05,-0.000809347,-0.001097979,-0.000934284,-0.000519679,-0.000139183,-1.86E-05,-0.000209117,-0.00056065,-0.000803364,-0.000704932,-0.000221847,0.000445367,0.000941939,0.000962883,0.000460884,-0.000277341,-0.000763152,-0.000599604,0.000230531,0.001280044,0.001853327,0.001431504,5.30E-05,-0.001618188,-0.002634315,-0.002343693,-0.000848129,0.000989838,0.002048341,0.001669511,0.000131192,-0.001482508,-0.00197701,-0.0008738,0.001199997,0.002868712,0.002918826,0.001160841,-0.001371815,-0.003072861,-0.002852376,-0.000912774,0.001361696,0.002364578,0.001418196,-0.00071711,-0.002376337,-0.002212817,-0.000225492,0.002188922,0.003238627,0.002078009,-0.000518276,-0.002687512,-0.002854772,-0.000927026,0.001616126,0.002835192,0.001814793,-0.000625999,-0.002566732,-0.002488926,-0.000477683,0.00183792,0.002579466,0.001132468,-0.001337313,-0.002800497
-0.011543102,-0.006415569,-0.005063546,-0.004226423,-0.003430145,-0.002584034,-0.001679399,-0.000739496,0.000194836,0.001070969,0.001827596,0.002397892,0.00271481,0.002720506,0.002380395,0.001699963,0.000739053,-0.000383052,-0.001497207,-0.002409697,-0.002939339,-0.002958713,-0.002430846,-0.00143236,-0.000154147,0.001127919,0.002114321,0.002565287,0.002381909,0.001651575,0.000630395,-0.000341851,-0.000967092,-0.001103799,-0.00081863,-0.000347241,2.22E-05,9.07E-05,-0.000152456,-0.00052596,-0.000756221,-0.000635969,-0.000158905,0.000451317,0.000850851,0.000779599,0.000245965,-0.000431511,-0.000781731,-0.000472593,0.000433912,0.001444413,0.00188346,0.001313772,-0.00012864,-0.001728139,-0.002570482,-0.002110505,-0.000567071,0.00114636,0.001964176,0.001365728,-0.000235641,-0.001710656,-0.001944944,-0.000619057,0.001503984,0.00302689,0.002845463,0.000937331,-0.001555149,-0.003053795,-0.002617677,-0.00061541,0.001505674,0.002229798,0.001065083,-0.001076764,-0.002522542,-0.002068712,9.21E-05,0.002457184,0.003290566,0.001919767,-0.000721702,-0.002746247,-0.002705227,-0.000683923,0.001747984,0.00272242,0.001505257,-0.000931671,-0.002662346,-0.002316411,-0.000168913,0.002063334,0.002580639,0.000948493,-0.0015287,-0.002831168
-0.012710031,-0.007102438,-0.00557936,-0.004600428,-0.003661112,-0.002673612,-0.001636043,-0.000580175,0.000442065,0.001365664,0.002119732,0.002635324,0.00285307,0.002731464,0.002257476,0.001459646,0.000419548,-0.000725618,-0.001795992,-0.002598745,-0.002968801,-0.002810056,-0.002126542,-0.001035181,0.000245654,0.001434939,0.002253792,0.002504681,0.002141493,0.001299723,0.00026377,-0.000628072,-0.001109307,-0.001089125,-0.000684792,-0.000162427,0.000190991,0.000206051,-8.75E-05,-0.000479939,-0.000697293,-0.00055933,-9.60E-05,0.000449603,0.000748595,0.000587726,2.92E-05,-0.000581682,-0.000796596,-0.000350118,0.00062007,0.001582011,0.001887825,0.001184249,-0.000300084,-0.001808132,-0.002469224,-0.001848371,-0.000276231,0.001294156,0.001863948,0.001052688,-0.000597436,-0.001924007,-0.001902155,-0.000371392,0.001779485,0.003145462,0.002740146,0.000705391,-0.001720354,-0.003001593,-0.002353272,-0.000305099,0.001645674,0.002085743,0.000711148,-0.001423758,-0.002650402,-0.001915478,0.000399029,0.002697106,0.003311036,0.001744023,-0.000920656,-0.002784853,-0.002535548,-0.000434217,0.001870882,0.00259509,0.001189109,-0.001229552,-0.002741074,-0.002130296,0.000140828,0.002278201,0.002570191,0.000762916,-0.001709143,-0.002846754
-0.013349043,-0.007494016,-0.005863339,-0.00478367,-0.003740916,-0.002653662,-0.001526722,-0.000398889,0.000669044,0.001602348,0.002323454,0.002764143,0.002875139,0.002632797,0.002045729,0.001163763,8.64E-05,-0.001037019,-0.002022794,-0.002686086,-0.002883736,-0.002554068,-0.00174142,-0.000598135,0.000638321,0.001691932,0.002313856,0.00235483,0.001822318,0.000895124,-0.000122928,-0.000904974,-0.0012237,-0.00104174,-0.000524253,3.86E-05,0.000367932,0.000327837,-1.21E-05,-0.000418211,-0.000621602,-0.000471871,-3.33E-05,0.000437002,0.000631463,0.000385967,-0.000187036,-0.00072348,-0.000805526,-0.000236369,0.000776971,0.001676074,0.001851704,0.001037356,-0.000454378,-0.001841375,-0.002311483,-0.001544364,2.68E-05,0.001427329,0.001740583,0.000729406,-0.000946799,-0.002111422,-0.001842591,-0.000137029,0.002007656,0.003200437,0.002584913,0.000461238,-0.001856815,-0.002898778,-0.002044922,2.31E-05,0.001779042,0.001929366,0.000359853,-0.001747226,-0.002747848,-0.001748826,0.000686612,0.002890136,0.003280924,0.001540821,-0.001112318,-0.002792278,-0.002335446,-0.000175197,0.001979964,0.002446928,0.000865637,-0.001512637,-0.002792544,-0.001924148,0.000449636,0.002474326,0.002540505,0.000574956,-0.001871946,-0.002838623
-0.013409106,-0.007559646,-0.005892542,-0.004760144,-0.003660954,-0.002523087,-0.001357247,-0.000207002,0.000860896,0.001765187,0.002424732,0.002774716,0.002777789,0.002428696,0.001756531,0.000829284,-0.000240712,-0.001298377,-0.002163441,-0.002665495,-0.002687727,-0.002204015,-0.001296122,-0.000145092,0.001001891,0.001883746,0.002289564,0.002121925,0.001439896,0.00045854,-0.000508832,-0.001156312,-0.001301626,-0.000961165,-0.000343058,0.000246195,0.000542613,0.000446821,6.63E-05,-0.000346807,-0.000534013,-0.000376917,2.83E-05,0.000416574,0.000506449,0.000183844,-0.000393459,-0.000850845,-0.00080733,-0.000134392,0.000899982,0.001723552,0.001775397,0.000875908,-0.000589249,-0.001829529,-0.002104249,-0.001208888,0.000332823,0.001542538,0.001598816,0.000406805,-0.001271653,-0.002265029,-0.001765246,7.96E-05,0.002182762,0.003188924,0.002380964,0.000207883,-0.001963691,-0.00274929,-0.001700425,0.0003618,0.001903241,0.001765212,2.08E-05,-0.002037549,-0.002810003,-0.001570295,0.000949102,0.003030423,0.003197463,0.001310646,-0.001295366,-0.002769042,-0.002107831,9.00E-05,0.002075094,0.002282419,0.00054245,-0.001774088,-0.002814421,-0.001701241,0.000750787,0.002645318,0.002488355,0.000384756,-0.00201557,-0.002806047
-0.013114202,-0.007424906,-0.005765398,-0.004610431,-0.003484507,-0.002327022,-0.001153897,-1.20E-05,0.001028007,0.001880199,0.00246181,0.002712958,0.002609142,0.002163556,0.001424747,0.000476661,-0.000558823,-0.001525038,-0.002249344,-0.002579463,-0.002427175,-0.001802045,-0.000820974,0.00031078,0.001342132,0.002032754,0.002213947,0.001841581,0.001024402,8.92E-06,-0.000888289,-0.001387806,-0.001355412,-0.000860761,-0.000151392,0.000454797,0.000712857,0.000561421,0.000144261,-0.000271299,-0.000440627,-0.000278383,8.92E-05,0.000392235,0.000378563,-1.59E-05,-0.000591411,-0.000967746,-0.000804303,-4.01E-05,0.001001612,0.001742378,0.001675099,0.000706464,-0.000711916,-0.001791178,-0.001869362,-0.00085757,0.0006378,0.001645754,0.001447059,8.75E-05,-0.001578406,-0.002395952,-0.001676655,0.000284515,0.002324615,0.003136812,0.002148199,-5.00E-05,-0.002052441,-0.002572818,-0.001336509,0.000704305,0.002020802,0.001597262,-0.000308521,-0.002305272,-0.002849424,-0.001384843,0.001195052,0.00313746,0.003081238,0.001064535,-0.001472653,-0.002727314,-0.001864412,0.000357933,0.002161532,0.002109063,0.000221412,-0.0020206,-0.002817741,-0.001469099,0.001045404,0.002799266,0.00242166,0.000193242,-0.002147096,-0.002758371
-0.012212177,-0.006946271,-0.005370549,-0.004246261,-0.003146409,-0.002024271,-0.000899457,0.00018092,0.00114552,0.001907619,0.002385926,0.00252788,0.002322943,0.001802229,0.001031284,0.000105568,-0.000849635,-0.001683222,-0.002237253,-0.002383182,-0.002064158,-0.001324391,-0.000310804,0.000755604,0.001629977,0.002102086,0.002051456,0.001488036,0.000565325,-0.000448067,-0.001243159,-0.001575884,-0.001363865,-0.000727631,5.32E-05,0.000658307,0.000868576,0.000662454,0.000216602,-0.000192924,-0.00034074,-0.00017603,0.000148182,0.000363229,0.00025022,-0.000205775,-0.000769287,-0.00106308,-0.000791965,4.03E-05,0.001065307,0.001712007,0.001535246,0.000525453,-0.000813039,-0.001710088,-0.001593306,-0.000487021,0.000934556,0.001726231,0.001281155,-0.000219601,-0.001847204,-0.002483629,-0.00156805,0.000467886,0.002407962,0.003015644,0.001868558,-0.00031331,-0.00211022,-0.00235392,-0.000945614,0.001047631,0.002124695,0.001425026,-0.000615848,-0.002529155,-0.002847466,-0.001188381,0.001410089,0.003185553,0.00290886,0.000792542,-0.001638997,-0.002654665,-0.001596392,0.000628096,0.0022328,0.001923251,-9.15E-05,-0.002237758,-0.002788389,-0.001223533,0.001324659,0.002920338,0.002328337,-3.91E-07,-0.002257165,-0.00268463
-0.010867307,-0.006215051,-0.004779978,-0.003727609,-0.002695268,-0.001651421,-0.000617698,0.000361148,0.001216198,0.001862607,0.002222902,0.002253228,0.001957185,0.001382525,0.000608988,-0.000260651,-0.001102907,-0.001777751,-0.002146794,-0.002108362,-0.001637487,-0.000810432,0.000201377,0.001168652,0.001860505,0.002102854,0.001826032,0.001092194,9.35E-05,-0.000887878,-0.001559162,-0.001717242,-0.001332448,-0.000572063,0.000259566,0.000847326,0.001002668,0.000744104,0.000277354,-0.000118293,-0.000240739,-7.41E-05,0.000204952,0.000333295,0.000127662,-0.000379747,-0.000923674,-0.001136257,-0.000770397,0.00010918,0.00109865,0.00164419,0.001367543,0.000338753,-0.000896742,-0.001600249,-0.001295039,-0.000113834,0.001214744,0.001785124,0.00110796,-0.000508137,-0.002076573,-0.002531152,-0.001442286,0.000632902,0.002444611,0.002842602,0.001557078,-0.000576431,-0.002143743,-0.002107805,-0.000543689,0.001382009,0.002213323,0.001251577,-0.00089922,-0.002711721,-0.002809637,-0.000984196,0.001597861,0.00318558,0.00269357,0.000503363,-0.001794481,-0.002558642,-0.001312947,0.000895845,0.002291008,0.001730953,-0.000391809,-0.002426615,-0.002732215,-0.000971005,0.001585703,0.003010219,0.002211699,-0.000195296,-0.002349072,-0.002589912
-0.009231836,-0.005317736,-0.004060877,-0.003107976,-0.002170927,-0.001234127,-0.000320024,0.000530836,0.001253974,0.001768315,0.0020017,0.001919834,0.001540432,0.000926869,0.000171035,-0.000619936,-0.001327924,-0.001827649,-0.002003408,-0.001782281,-0.001171221,-0.000276459,0.000710059,0.001555919,0.002049374,0.00205633,0.001559259,0.000670791,-0.000382707,-0.001311693,-0.001845199,-0.001824683,-0.001273354,-0.00040204,0.000465473,0.001024495,0.001120175,0.000811019,0.00032898,-4.72E-05,-0.000141538,2.69E-05,0.000260018,0.000303163,1.01E-05,-0.000541511,-0.001060718,-0.001193407,-0.000742137,0.000170374,0.001111387,0.00155126,0.001181595,0.000148862,-0.000968501,-0.001471786,-0.000983612,0.000258738,0.001481669,0.00182852,0.000930399,-0.00078246,-0.002277378,-0.002550204,-0.001304526,0.000785266,0.002449482,0.002634864,0.001225031,-0.00083849,-0.002160685,-0.001844307,-0.000136256,0.001708326,0.002290504,0.001077518,-0.001165159,-0.002864927,-0.002746752,-0.000774883,0.001766586,0.00315266,0.002449433,0.000203241,-0.001941998,-0.002446794,-0.00101975,0.001161054,0.00233995,0.001534715,-0.000682571,-0.002595234,-0.00265754,-0.000714398,0.001833181,0.003077836,0.002078743,-0.000390938,-0.002428286,-0.002480753
-0.007136133,-0.004155347,-0.003137689,-0.002330671,-0.001536282,-0.000755376,-8.67E-06,0.000670997,0.001227218,0.001585947,0.001682679,0.001493631,0.001049878,0.000427783,-0.000273023,-0.000946849,-0.001487445,-0.001790481,-0.001767615,-0.001376616,-0.000654694,0.000267382,0.001185582,0.001874115,0.002149102,0.001921729,0.001226695,0.000221476,-0.000843497,-0.001683102,-0.002058232,-0.001859737,-0.001161757,-0.000210679,0.000661248,0.001169481,0.001197726,0.000843056,0.000357449,1.17E-05,-4.86E-05,0.000122773,0.000311038,0.000275074,-9.29E-05,-0.000673705,-0.001159242,-0.00121664,-0.000699648,0.000218003,0.001087538,0.00141546,0.000966925,-4.30E-05,-0.001018406,-0.001315222,-0.000659467,0.000616884,0.001713894,0.001839734,0.000748327,-0.001022652,-0.002417525,-0.002512009,-0.001143567,0.000914101,0.002397522,0.002368421,0.000862276,-0.001093347,-0.002147556,-0.001556033,0.000269987,0.002009328,0.002341359,0.000903556,-0.00139367,-0.002958763,-0.002635504,-0.000557105,0.001898528,0.0030595,0.00215567,-0.000112301,-0.00207207,-0.00230709,-0.000713228,0.001416761,0.002370221,0.001334054,-0.000950259,-0.002722228,-0.002548418,-0.000454144,0.002049909,0.003099901,0.00191413,-0.000587182,-0.00248295,-0.002344839
-0.004848422,-0.002880211,-0.002128779,-0.001489968,-0.000861596,-0.000260484,0.00029612,0.000785123,0.001160219,0.001356016,0.001316614,0.001028756,0.000535783,-7.51E-05,-0.000699692,-0.00123729,-0.001597201,-0.001699072,-0.001483606,-0.000939002,-0.00013021,0.000792029,0.00161744,0.002132686,0.002186069,0.001735509,0.00086581,-0.000226164,-0.001273455,-0.002002903,-0.002212517,-0.001843783,-0.001018543,-1.22E-05,0.000842216,0.001285962,0.001243348,0.000847938,0.000367078,5.90E-05,3.66E-05,0.000212597,0.0003586,0.000249906,-0.000182688,-0.000782406,-0.001229207,-0.001215785,-0.000646834,0.000258394,0.001043424,0.00125747,0.000739848,-0.000232038,-0.001055098,-0.001147269,-0.000338095,0.000954197,0.001915671,0.001827875,0.000566233,-0.001235609,-0.002514298,-0.002435263,-0.000967694,0.001028744,0.002313298,0.002071979,0.000488308,-0.00133835,-0.0021162,-0.001259241,0.000664927,0.002284916,0.002370781,0.000730024,-0.001595309,-0.00301228,-0.002493187,-0.000335093,0.002006908,0.00293081,0.00183582,-0.000432013,-0.002188347,-0.002151358,-0.000403011,0.001661761,0.002386988,0.001132652,-0.00119943,-0.002820181,-0.002418078,-0.000195166,0.002242802,0.003090357,0.001729159,-0.000782688,-0.002521279,-0.002192384
-0.002417313,-0.001520639,-0.001055788,-0.000602181,-0.000157654,0.000245437,0.000594675,0.000878327,0.001061726,0.001089388,0.000914733,0.000534991,4.88E-06,-0.00057936,-0.00111122,-0.001498005,-0.001667352,-0.001565196,-0.001162519,-0.000477639,0.000398824,0.001299819,0.002013443,0.002343363,0.002173356,0.001509088,0.000483656,-0.00067111,-0.001677722,-0.002280898,-0.002319818,-0.001787447,-0.000850656,0.000191503,0.001010944,0.001379481,0.001263446,0.000831173,0.000361663,9.69E-05,0.000115509,0.000297472,0.000403363,0.000227113,-0.000262001,-0.00087234,-0.001276455,-0.001195821,-0.000585812,0.000293191,0.000983583,0.001082385,0.000503433,-0.00041867,-0.001081409,-0.000970772,-1.96E-05,0.001274309,0.002092888,0.001797651,0.000384289,-0.001426774,-0.00257662,-0.002328043,-0.000780087,0.001132259,0.00220395,0.00175245,0.00010613,-0.001575179,-0.002070509,-0.000956223,0.00105023,0.002539813,0.002382956,0.000556817,-0.0017756,-0.003033886,-0.002326391,-0.000109832,0.002096721,0.002774346,0.001495841,-0.000754565,-0.002293522,-0.001983092,-9.02E-05,0.001897966,0.002392954,0.000930768,-0.001433769,-0.002895081,-0.002271066,6.26E-05,0.002416624,0.003055737,0.001528158,-0.0009775,-0.002546659,-0.002026918
0.000120776,-9.26E-05,6.65E-05,0.000314765,0.000553144,0.000735785,0.000857786,0.000921482,0.000906215,0.000768053,0.000470238,1.95E-05,-0.00052062,-0.001048852,-0.001461402,-0.001678671,-0.001651179,-0.00135403,-0.000788814,-1.11E-06,0.000898902,0.001736393,0.002307204,0.002439965,0.002058203,0.001214286,8.29E-05,-0.001080525,-0.00200081,-0.002451757,-0.002319658,-0.001647703,-0.000639619,0.000394204,0.001143007,0.001416919,0.001225435,0.000766465,0.000322396,0.000112081,0.000177409,0.000368708,0.000440997,0.000210579,-0.00031623,-0.000919856,-0.001274382,-0.001135536,-0.000507114,0.000319403,0.000898178,0.000882351,0.000258376,-0.00059393,-0.001088034,-0.000787049,0.000276962,0.001543368,0.002209462,0.001727341,0.000206357,-0.001567855,-0.002565346,-0.002158908,-0.000569861,0.001215136,0.002051867,0.001399866,-0.000278288,-0.001786877,-0.00199733,-0.000651715,0.001400455,0.002739477,0.002353453,0.00038398,-0.00191019,-0.002989765,-0.002111691,0.000119796,0.002150064,0.002568359,0.001125851,-0.001072834,-0.002371795,-0.001792391,0.000220044,0.002108983,0.002374225,0.000730223,-0.001633684,-0.002921049,-0.002092423,0.00031242,0.002546676,0.002968278,0.001296001,-0.00116849,-0.00254494,-0.001836485
0.002600869,0.001306843,0.001164315,0.001206446,0.001236509,0.001196873,0.001091328,0.000937192,0.000728453,0.000432982,2.35E-05,-0.000484583,-0.001020725,-0.001480621,-0.001765496,-0.001810897,-0.001591603,-0.001112198,-0.000403787,0.000463395,0.001363485,0.002118515,0.002536419,0.002473773,0.001894472,0.000895325,-0.000312389,-0.001455897,-0.002269165,-0.002559714,-0.002262431,-0.001468406,-0.000412793,0.000589462,0.001250764,0.001422533,0.001156775,0.000677463,0.000265969,0.000114926,0.000229182,0.000431466,0.000474164,0.000197407,-0.000356871,-0.000945101,-0.001247256,-0.001055343,-0.000419571,0.000342919,0.000804042,0.000675929,1.52E-05,-0.000759696,-0.001085475,-0.0006051,0.000554355,0.001778829,0.002290644,0.001635948,3.22E-05,-0.001681696,-0.002516766,-0.001960227,-0.000349831,0.001288759,0.001883644,0.001039306,-0.000655095,-0.001980887,-0.001911154,-0.000352496,0.001724844,0.002904585,0.002299633,0.00021092,-0.002021406,-0.002913345,-0.001874969,0.000349994,0.002186181,0.002342269,0.000747852,-0.001382668,-0.002433906,-0.001592214,0.000524513,0.002303068,0.002341326,0.000531254,-0.00181451,-0.00292192,-0.001899561,0.000555419,0.002652545,0.002854133,0.00104983,-0.001355734,-0.00252915,-0.001634627
0.005023003,0.002677866,0.002237786,0.002072877,0.001892454,0.00162871,0.001295306,0.000925457,0.000528438,8.42E-05,-0.000425358,-0.000977302,-0.001495443,-0.001874675,-0.00202351,-0.001894685,-0.001488626,-0.000839696,-7.43E-06,0.000915872,0.001792582,0.002446192,0.002701093,0.002444789,0.00168216,0.000552203,-0.000702074,-0.001797234,-0.002482794,-0.002604776,-0.002148137,-0.001249554,-0.000170174,0.00077728,0.001334218,0.001396325,0.001057464,0.000564165,0.00019238,0.000105457,0.00027083,0.000485747,0.000502864,0.000187594,-0.000383925,-0.000948073,-0.001195076,-0.000955244,-0.000323184,0.00036374,0.000701173,0.000463113,-0.000225961,-0.000915973,-0.001073732,-0.000424923,0.000812543,0.001980696,0.002336437,0.001523472,-0.000138043,-0.001768298,-0.00243088,-0.001731999,-0.000119996,0.001353128,0.001699282,0.000670764,-0.001024298,-0.002157212,-0.00181198,-5.86E-05,0.002023405,0.00303514,0.002221495,3.76E-05,-0.00210925,-0.002804626,-0.001616223,0.000580765,0.002205074,0.002096075,0.000361838,-0.001684074,-0.00247986,-0.001382557,0.00082319,0.002480226,0.002294258,0.000333856,-0.001976252,-0.002897697,-0.001692479,0.000791565,0.002734233,0.002713303,0.000789642,-0.001539234,-0.002499288,-0.001421342
0.007127619,0.003877236,0.003173468,0.002818202,0.002441416,0.001969059,0.001426283,0.000862865,0.000303371,-0.000260922,-0.000840395,-0.001407163,-0.001882849,-0.002165254,-0.002173634,-0.00188031,-0.001311964,-0.000531045,0.000378735,0.001309659,0.00212058,0.002644915,0.002730285,0.002298262,0.00139282,0.000187947,-0.001052949,-0.002048719,-0.002575693,-0.002524825,-0.001930721,-0.000968361,8.71E-05,0.00093793,0.001364033,0.001308486,0.000903414,0.00040994,9.04E-05,7.43E-05,0.000292612,0.000522234,0.000521593,0.000183238,-0.000386267,-0.00091111,-0.001099266,-0.000821616,-0.000212003,0.000382344,0.000590435,0.000250751,-0.000451419,-0.001047513,-0.001046099,-0.000257113,0.001022024,0.002108676,0.002310624,0.001371992,-0.000298287,-0.00180316,-0.002279072,-0.001455503,0.000122981,0.001402122,0.001495888,0.000304682,-0.00136251,-0.002291313,-0.001690195,0.000215131,0.002260605,0.003091214,0.002093552,-0.000136874,-0.002154782,-0.002640099,-0.001322805,0.000808641,0.002194767,0.001823147,-2.43E-05,-0.001957367,-0.002490972,-0.001159045,0.001102509,0.002618144,0.00221764,0.000140444,-0.00210061,-0.002827578,-0.001463106,0.001009927,0.00276864,0.002524996,0.000508435,-0.001711512,-0.002442695,-0.001189788
0.009002987,0.00495031,0.004009026,0.003478685,0.002919654,0.002253721,0.001517972,0.000778557,7.48E-05,-0.000591468,-0.001224104,-0.001791612,-0.002215047,-0.002396665,-0.002267606,-0.001820175,-0.001106718,-0.000216054,0.00074674,0.00166217,0.002389568,0.002775875,0.002694291,0.002100764,0.001076217,-0.000174805,-0.001374368,-0.002249565,-0.002608031,-0.002387384,-0.001670295,-0.000665545,0.000343722,0.001080531,0.001366677,0.001192929,0.000726997,0.000240415,-2.18E-05,3.47E-05,0.000305518,0.000550028,0.000535007,0.000180622,-0.0003783,-0.000857498,-0.000985795,-0.000675031,-9.54E-05,0.00040081,0.000479559,4.38E-05,-0.000664474,-0.001164645,-0.001011432,-9.82E-05,0.001204656,0.002199169,0.002250659,0.001203389,-0.000452708,-0.001814564,-0.002099657,-0.001160892,0.000368944,0.0014444,0.001288336,-5.29E-05,-0.001679302,-0.002402037,-0.001558532,0.000475558,0.002464724,0.00310961,0.001941462,-0.000312088,-0.002181721,-0.002452461,-0.00101688,0.001033036,0.00217218,0.001542702,-0.000403892,-0.002212255,-0.002484009,-0.000930838,0.001369222,0.002734717,0.002126057,-5.08E-05,-0.002207279,-0.002737042,-0.001225469,0.001218078,0.002780796,0.002316474,0.000220378,-0.001876414,-0.002373533,-0.000951371
0.010579852,0.00585875,0.004714164,0.004028899,0.003306322,0.002466703,0.001559574,0.000667163,-0.000157162,-0.000902121,-0.001566475,-0.002116924,-0.002475983,-0.002552272,-0.002290194,-0.001702455,-0.000866215,0.000105621,0.001090239,0.001961025,0.002582835,0.002820621,0.002576018,0.001839598,0.000726373,-0.000534263,-0.001657315,-0.002385608,-0.002563632,-0.002177696,-0.001356368,-0.000336435,0.000598659,0.001199758,0.001334862,0.001042617,0.00052282,5.21E-05,-0.00014635,-1.53E-05,0.000307305,0.000566835,0.000541649,0.000180096,-0.000357509,-0.000783175,-0.000850427,-0.00051247,2.79E-05,0.000419212,0.000368946,-0.000155557,-0.000861301,-0.001263291,-0.000967961,4.91E-05,0.001352994,0.002242116,0.002147623,0.001013366,-0.000599667,-0.001796532,-0.001885887,-0.000844024,0.000618282,0.001478287,0.001076134,-0.00039878,-0.001968284,-0.002482889,-0.001414518,0.000718824,0.002626664,0.00308023,0.001758871,-0.00048821,-0.002185404,-0.002236101,-0.000695661,0.00125279,0.002134304,0.001253403,-0.000774443,-0.00244333,-0.002454072,-0.000696936,0.001619635,0.002824056,0.002015492,-0.000239372,-0.002291655,-0.002620939,-0.000977694,0.001413145,0.002764929,0.002082748,-7.59E-05,-0.002031771,-0.002288539,-0.000704517
0.011584213,0.006448325,0.005168305,0.004371003,0.003525913,0.002555851,0.001522787,0.000523582,-0.00037646,-0.001159038,-0.001820553,-0.0023288,-0.00261053,-0.00258287,-0.002204362,-0.0015072,-0.000590353,0.000414193,0.0013725,0.002158264,0.002648971,0.00273296,0.002342476,0.001500652,0.000350075,-0.000865007,-0.001863938,-0.002415284,-0.002406327,-0.001872158,-0.000981316,1.17E-05,0.000834555,0.001275102,0.001251367,0.000847543,0.000288471,-0.000152527,-0.000280063,-7.49E-05,0.000295096,0.000567636,0.000537156,0.00018024,-0.000322047,-0.000684794,-0.000690862,-0.000334034,0.000156599,0.000438433,0.000265258,-0.000333984,-0.001024841,-0.001329517,-0.000911983,0.000174693,0.001445813,0.002213114,0.001983439,0.000796146,-0.000733423,-0.001738608,-0.001630966,-0.000506177,0.000864285,0.001499762,0.000866048,-0.000713425,-0.002203415,-0.002513357,-0.001253718,0.000930614,0.00272042,0.00297796,0.001532076,-0.000665114,-0.002158088,-0.001985265,-0.000361129,0.001460451,0.002076546,0.00096132,-0.001118388,-0.002629187,-0.002387325,-0.000458539,0.001839193,0.002867976,0.001875229,-0.000423447,-0.002343619,-0.002470364,-0.000719903,0.001585589,0.002708952,0.001817733,-0.000376955,-0.002168182,-0.002180344,-0.000449373
0.012262948,0.006855616,0.005479423,0.004595729,0.003653003,0.00257861,0.001446667,0.000367565,-0.000582849,-0.001380757,-0.00202173,-0.002476132,-0.00267621,-0.002548369,-0.002065276,-0.001277575,-0.000303945,0.000707591,0.001615628,0.002297964,0.002648014,0.002579608,0.002055883,0.00113061,-3.01E-05,-0.001172522,-0.002026056,-0.002389438,-0.002194734,-0.001524728,-0.000583996,0.000360861,0.001054445,0.001325321,0.001142501,0.000633538,4.41E-05,-0.000360125,-0.000414188,-0.000136754,0.000277117,0.000560657,0.000526649,0.000179636,-0.000281161,-0.000577241,-0.000522715,-0.000151029,0.00028581,0.000457999,0.000167132,-0.000498495,-0.0011684,-0.001377592,-0.000849687,0.000288287,0.001509736,0.002148263,0.001790313,0.000567487,-0.000859571,-0.001662233,-0.001359505,-0.000162917,0.00110484,0.001514437,0.000659949,-0.001007432,-0.002406941,-0.002516259,-0.001084925,0.00112465,0.002778297,0.002838904,0.001284052,-0.000841754,-0.002116329,-0.001720281,-2.38E-05,0.001659625,0.002009458,0.000671504,-0.001444061,-0.002788571,-0.002301035,-0.000219413,0.00204065,0.002887126,0.001719492,-0.000605007,-0.00237942,-0.002303715,-0.000458994,0.001745426,0.002633445,0.001539534,-0.000677132,-0.002292942,-0.002060473,-0.000191817
0.012460633,0.006993187,0.005579119,0.004647502,0.003644608,0.002505175,0.001314888,0.000195919,-0.000767504,-0.001548319,-0.002143506,-0.002528102,-0.002641559,-0.002420495,-0.001851434,-0.001001713,-6.42E-06,0.000974967,0.001798937,0.002352783,0.00255037,0.002333697,0.001696755,0.000720756,-0.000410713,-0.001442505,-0.002121918,-0.002283887,-0.001907571,-0.001121301,-0.000159604,0.000707118,0.001248272,0.001338344,0.000998032,0.000394609,-0.000211718,-0.000569172,-0.000546688,-0.000200283,0.000251634,0.000542806,0.000507406,0.000177401,-0.000233625,-0.000458245,-0.000344306,3.66E-05,0.000414658,0.00047802,7.80E-05,-0.000641523,-0.001281953,-0.001398986,-0.000778427,0.000384245,0.001532224,0.002032818,0.001557151,0.000323806,-0.000974442,-0.001560576,-0.001066807,0.000185307,0.001335698,0.001519185,0.00046103,-0.001269625,-0.002563327,-0.002478947,-0.000905043,0.001292534,0.002784526,0.002647681,0.001006485,-0.001017681,-0.002054722,-0.001436938,0.000315495,0.001845518,0.001929512,0.000386825,-0.001741284,-0.002908495,-0.002186519,1.99E-05,0.002215113,0.00287018,0.00154155,-0.00078287,-0.00239241,-0.002114964,-0.000194674,0.001886762,0.002530613,0.001244002,-0.000974434,-0.002400083,-0.001924056,6.82E-05
0.012066287,0.00679693,0.005418053,0.004488388,0.003474573,0.00232159,0.001125346,1.71E-05,-0.000913713,-0.001639706,-0.002162007,-0.002462552,-0.002489462,-0.002189825,-0.001562661,-0.000688798,0.000285152,0.00119432,0.001899493,0.002303235,0.002343942,0.00199317,0.001273776,0.000288935,-0.000768545,-0.001651374,-0.002133052,-0.002089585,-0.001547255,-0.000674896,0.000271824,0.001028716,0.001398135,0.00130421,0.00081753,0.000138647,-0.000466137,-0.000765933,-0.000666395,-0.00025864,0.000221323,0.000513818,0.000477557,0.000170619,-0.000183739,-0.000334086,-0.000163745,0.000220597,0.000537104,0.000497407,2.66E-06,-0.000753737,-0.001355302,-0.001386681,-0.000696751,0.000459082,0.001508151,0.001864001,0.00128566,7.00E-05,-0.00107397,-0.001434881,-0.000761176,0.00052571,0.001545541,0.001510265,0.000275753,-0.00148596,-0.002657517,-0.00239217,-0.000713818,0.001427538,0.00273094,0.00239988,0.000700145,-0.001189982,-0.001973178,-0.001140901,0.000646993,0.002009943,0.001835895,0.000115814,-0.001995767,-0.002976025,-0.002038436,0.00025572,0.00235337,0.002808692,0.001338032,-0.000955506,-0.002379997,-0.001904512,6.88E-05,0.00200452,0.00239909,0.000935778,-0.001260197,-0.00248199,-0.001769082,0.000326473
0.011345183,0.006415837,0.005112873,0.004213463,0.003216885,0.002079752,0.00090725,-0.000162006,-0.001035055,-0.001686073,-0.002121747,-0.002332041,-0.002274353,-0.001906119,-0.001237785,-0.000361585,0.000567307,0.001382108,0.001951399,0.002195946,0.002080478,0.001606297,0.000823422,-0.000146526,-0.001106307,-0.001821566,-0.002096098,-0.001848936,-0.001152622,-0.000212923,0.000698679,0.001329745,0.00151961,0.001243313,0.000619467,-0.000122332,-0.000714631,-0.00095116,-0.000775387,-0.000311764,0.000189657,0.000479218,0.000441755,0.000160499,-0.000134297,-0.000209746,1.48E-05,0.000399388,0.000653874,0.000515775,-6.43E-05,-0.000847427,-0.001405044,-0.001355058,-0.000609254,0.00052236,0.00145937,0.00166803,0.000996173,-0.000186535,-0.001164102,-0.00129762,-0.000452326,0.000857166,0.001740311,0.001492724,9.93E-05,-0.001674521,-0.002715321,-0.002277418,-0.000516863,0.001543768,0.002644777,0.002122663,0.000380257,-0.001358925,-0.001881372,-0.000840612,0.000970778,0.002160267,0.001734813,-0.000145448,-0.002223738,-0.003012664,-0.001871689,0.000488192,0.002470051,0.002721847,0.001120638,-0.001124736,-0.002353733,-0.001683285,0.000330206,0.002108524,0.002252702,0.000623055,-0.00153676,-0.002548268,-0.001604042,0.000582038
0.010115108,0.005746075,0.004582969,0.003758907,0.002824691,0.00175048,0.000649017,-0.000336568,-0.00111291,-0.001658428,-0.001987663,-0.00210021,-0.001963448,-0.00154462,-0.000863521,-2.01E-05,0.000826789,0.001514124,0.001923638,0.001998533,0.001732088,0.00115489,0.000340684,-0.000576586,-0.001403046,-0.001925059,-0.001982512,-0.001539531,-0.000712433,0.000262663,0.001107379,0.001589654,0.001591491,0.001139771,0.00039709,-0.000385396,-0.000947177,-0.001112221,-0.000862929,-0.000353639,0.000157579,0.000436573,0.00039655,0.000144104,-8.78E-05,-8.86E-05,0.000185845,0.0005661,0.000759001,0.000531683,-0.000117186,-0.000910282,-0.001416165,-0.001292409,-0.000512609,0.000567752,0.001373391,0.00143277,0.000682787,-0.000443864,-0.001238383,-0.001144559,-0.000143587,0.00116863,0.001907064,0.001460353,-6.17E-05,-0.001816586,-0.002713764,-0.002118224,-0.00031169,0.001629921,0.002508436,0.001802001,4.23E-05,-0.001520854,-0.001774553,-0.000537312,0.001278075,0.002285682,0.001622215,-0.000388629,-0.002406581,-0.00299862,-0.001675707,0.000713766,0.002551038,0.002594503,0.000881962,-0.001287965,-0.002306113,-0.001446853,0.000586343,0.002190126,0.00208444,0.000306609,-0.001795279,-0.002587972,-0.001423568,0.000831256
0.008472868,0.004840834,0.003870485,0.003160526,0.002328063,0.001357796,0.000368029,-0.000496464,-0.001144782,-0.001562008,-0.001772299,-0.001785859,-0.001580071,-0.001130791,-0.000464573,0.000314782,0.001049702,0.001585753,0.001822138,0.001727205,0.00132329,0.000668204,-0.000145144,-0.000976946,-0.001643833,-0.001959054,-0.001802042,-0.00118154,-0.000253004,0.000724861,0.001475551,0.00179457,0.001609943,0.000998819,0.000161801,-0.000636673,-0.001150683,-0.001238715,-0.000921667,-0.000379233,0.000128739,0.000388519,0.000343104,0.000120193,-4.86E-05,2.24E-05,0.000341331,0.000713387,0.00084754,0.000542874,-0.000156749,-0.000943127,-0.0013907,-0.001201389,-0.00040787,0.000598476,0.001259035,0.001171322,0.000358976,-0.00069294,-0.001295639,-0.000982426,0.000153734,0.001449124,0.002038955,0.001411202,-0.000206659,-0.001912405,-0.002655921,-0.00191939,-0.000101254,0.001688476,0.002330748,0.001450236,-0.000303021,-0.001671491,-0.001656035,-0.000239132,0.00156088,0.002382299,0.001499036,-0.000610552,-0.002542543,-0.002935538,-0.001454486,0.000929191,0.002596443,0.002430162,0.000626211,-0.001443692,-0.002239854,-0.001200485,0.000833194,0.002249883,0.001899884,-5.67E-06,-0.002029611,-0.002599417,-0.001230245,0.001069769
0.006596301,0.003801218,0.003054017,0.002480843,0.001773358,0.000931216,7.70E-05,-0.000644787,-0.001147342,-0.001423871,-0.001509132,-0.001424409,-0.001156938,-0.000690295,-5.61E-05,0.000640642,0.001246426,0.00161849,0.001675885,0.001413452,0.000882498,0.000166394,-0.000625911,-0.001352869,-0.001845942,-0.001948756,-0.001581915,-0.000797879,0.000212183,0.001172137,0.001812844,0.001961556,0.001593873,0.000835621,-7.88E-05,-0.000877125,-0.0013327,-0.001340927,-0.000960541,-0.00039346,0.000102696,0.0003376,0.000284727,9.13E-05,-1.48E-05,0.00012543,0.000485116,0.00084666,0.000924338,0.000550418,-0.000188157,-0.000957268,-0.001342603,-0.001093051,-0.000298266,0.000620649,0.001128769,0.000896396,3.18E-05,-0.000934487,-0.001341614,-0.000815949,0.000441225,0.001707333,0.002146965,0.001350757,-0.000341419,-0.001979039,-0.002563146,-0.001696593,0.000111737,0.001730009,0.002128874,0.001081749,-0.000650325,-0.001813627,-0.001530603,5.40E-05,0.001826163,0.002459505,0.001369141,-0.00081836,-0.002648355,-0.002841696,-0.001218212,0.0011373,0.00261916,0.002243114,0.000360717,-0.001594074,-0.002162162,-0.000948928,0.001073152,0.002295735,0.001706153,-0.000313471,-0.002247035,-0.002592385,-0.001029331,0.001300354
0.004383645,0.00256728,0.002087821,0.001686004,0.001139448,0.000462824,-0.000219535,-0.000766271,-0.001097809,-0.00121761,-0.001172361,-0.000994809,-0.000681347,-0.000221305,0.000352029,0.000936689,0.001388499,0.001580995,0.001456479,0.001037571,0.000403251,-0.000341498,-0.001077837,-0.001669833,-0.001970835,-0.001859794,-0.001299741,-0.000383574,0.000669227,0.001574873,0.002081044,0.00205304,0.001515166,0.000637438,-0.000320663,-0.001088986,-0.001468142,-0.001393662,-0.000959889,-0.000384709,8.37E-05,0.000283236,0.000218503,5.31E-05,6.98E-06,0.000210297,0.000603141,0.000950423,0.000976987,0.00054968,-0.000206069,-0.000939375,-0.001256243,-0.000956111,-0.000180861,0.000629872,0.00097638,0.000606612,-0.00029184,-0.001156232,-0.001366329,-0.000645827,0.000704031,0.001918761,0.002207867,0.001268573,-0.000458231,-0.001994632,-0.002410988,-0.001434931,0.000326983,0.0017429,0.00189017,0.000692342,-0.000993238,-0.001936976,-0.001394439,0.000332994,0.002054887,0.002499238,0.001227417,-0.000999463,-0.002699821,-0.002694628,-0.00095816,0.001329989,0.002601536,0.002018222,8.12E-05,-0.001733333,-0.002065431,-0.000691427,0.00129808,0.002316933,0.001499559,-0.000608115,-0.002430178,-0.002551234,-0.000816657,0.001513711
0.002036523,0.0012531,0.001060762,0.000847309,0.000480195,-1.17E-05,-0.000504024,-0.0008609,-0.001011585,-0.000970965,-0.000798081,-0.00053684,-0.000191759,0.00024391,0.000737798,0.001194273,0.001481622,0.001492334,0.001193277,0.000634398,-8.00E-05,-0.000827392,-0.001484127,-0.001925161,-0.002029961,-0.001714793,-0.000983975,3.36E-05,0.001097088,0.001922817,0.002281704,0.002080201,0.001390064,0.000420162,-0.000552694,-0.001268202,-0.001559369,-0.001402926,-0.000925812,-0.000356421,7.19E-05,0.000228158,0.000147792,8.01E-06,1.76E-05,0.000277411,0.000696624,0.001027068,0.001007797,0.000540365,-0.000215686,-0.000899846,-0.00114456,-0.00080117,-5.91E-05,0.000632119,0.000815226,0.000317252,-0.000601001,-0.001354874,-0.001373227,-0.0004775,0.000940024,0.002086831,0.002228031,0.00116796,-0.000562337,-0.001973945,-0.002218757,-0.001149709,0.000540503,0.001736221,0.00163187,0.000298887,-0.001322222,-0.00204082,-0.001251469,0.000595517,0.00224962,0.002507028,0.001076536,-0.001159154,-0.002710334,-0.002510172,-0.000684555,0.001507822,0.002553743,0.001768567,-0.000204091,-0.001861472,-0.001955458,-0.000433343,0.001508131,0.002319382,0.001287278,-0.000886639,-0.002582443,-0.002482967,-0.000597454,0.001710032
-0.000386186,-0.00010692,-7.98E-07,-1.54E-05,-0.00019143,-0.000486419,-0.000777559,-0.000935647,-0.000900022,-0.000697711,-0.000400304,-6.26E-05,0.000303649,0.00070252,0.001104448,0.001422345,0.001539155,0.001368013,0.000901085,0.000215105,-0.000562197,-0.001293676,-0.001854608,-0.002134476,-0.002041667,-0.001530898,-0.000646649,0.00044962,0.001500812,0.002228894,0.002432429,0.002060959,0.001232472,0.000190633,-0.000776079,-0.00142267,-0.001618041,-0.001380655,-0.000867707,-0.000314126,6.53E-05,0.00017282,7.42E-05,-4.20E-05,2.02E-05,0.000331472,0.000772065,0.001083852,0.001022626,0.000524613,-0.000219758,-0.000845442,-0.001015553,-0.000634097,6.56E-05,0.00062979,0.000649024,2.99E-05,-0.000898047,-0.001535851,-0.00136715,-0.000311051,0.001155847,0.002223001,0.002218561,0.001053978,-0.000657588,-0.001927933,-0.001998921,-0.000848764,0.000752176,0.001715908,0.001360909,-9.56E-05,-0.001639601,-0.002129892,-0.001103765,0.000845508,0.002419261,0.00249156,0.000919072,-0.001303511,-0.002691852,-0.002299674,-0.000402074,0.00167456,0.002484567,0.001501966,-0.000492571,-0.001981177,-0.001836166,-0.000175413,0.001707046,0.002308427,0.001071508,-0.001152807,-0.002712027,-0.002395243,-0.000373992,0.001893612
-0.002804088,-0.001470859,-0.00106284,-0.000870585,-0.00084498,-0.000932076,-0.001012939,-0.000967423,-0.000746512,-0.000390014,1.83E-05,0.000413918,0.000779755,0.00112012,0.001411613,0.001579393,0.001524342,0.001182211,0.000570335,-0.000210355,-0.001013603,-0.001694242,-0.002133531,-0.002241695,-0.001959838,-0.001281172,-0.000285958,0.000840171,0.001834601,0.002435346,0.002475741,0.001950009,0.001017753,-5.21E-05,-0.000971134,-0.00151958,-0.00160764,-0.001294822,-0.000762754,-0.000244787,6.96E-05,0.000118829,-3.05E-06,-0.000100107,6.61E-06,0.000357961,0.000809419,0.001099215,0.001004234,0.000494354,-0.000216005,-0.000766896,-0.000859102,-0.000449217,0.000193167,0.000621674,0.000482045,-0.000240668,-0.001159269,-0.001674694,-0.001334571,-0.000152548,0.001325796,0.002291628,0.002148766,0.000913088,-0.000737538,-0.001837961,-0.001733948,-0.000525985,0.000955796,0.001672106,0.001075607,-0.000478382,-0.00192277,-0.002184707,-0.000948031,0.001066058,0.002535175,0.002428611,0.000748842,-0.001418315,-0.002620002,-0.002044453,-0.000108617,0.001816625,0.002375884,0.001208545,-0.000780729,-0.002081221,-0.001700164,7.80E-05,0.001880966,0.002271848,0.000853305,-0.001389265,-0.002793851,-0.00226985,-0.000145437,0.002048681
-0.005099505,-0.002769729,-0.002072622,-0.001678884,-0.001455212,-0.001338076,-0.001213635,-0.000971683,-0.000575213,-7.66E-05,0.00042896,0.000868507,0.001220996,0.001492588,0.001667835,0.001685771,0.001466303,0.000967881,0.000231751,-0.000619627,-0.001425236,-0.00203615,-0.002343586,-0.00228133,-0.00182406,-0.001001848,7.34E-05,0.001198083,0.002110712,0.002571037,0.002450093,0.001786009,0.0007756,-0.000293806,-0.001140753,-0.001576205,-0.001553491,-0.001171398,-0.000631592,-0.000160838,8.03E-05,6.68E-05,-8.05E-05,-0.000161573,-1.61E-05,0.000367456,0.000822921,0.001088759,0.000965107,0.000454225,-0.00020997,-0.000678054,-0.000691669,-0.000258762,0.0003201,0.000611999,0.000321041,-0.000492103,-0.001390191,-0.00178272,-0.001285136,-1.56E-06,0.001464189,0.002316815,0.002041866,0.000756004,-0.000809797,-0.001726259,-0.001449332,-0.000197661,0.001150567,0.001616227,0.000789492,-0.000843645,-0.002176413,-0.00221456,-0.000788046,0.001265554,0.002615625,0.002335862,0.000571061,-0.001515922,-0.002519088,-0.001767666,0.000186064,0.00194134,0.002245338,0.000904283,-0.00106302,-0.002166438,-0.001554908,0.000325525,0.002037205,0.002219969,0.000636625,-0.001603955,-0.002844651,-0.002122364,8.35E-05,0.002183794
-0.007290657,-0.004013081,-0.003037865,-0.00244737,-0.002028893,-0.001710857,-0.001385529,-0.000953341,-0.000389581,0.000241049,0.000832523,0.001304394,0.00163291,0.001827407,0.001881816,0.001750363,0.001372845,0.000730444,-0.00011276,-0.001014992,-0.001803585,-0.002329363,-0.002496751,-0.002265369,-0.001644134,-0.000698587,0.000431262,0.001528682,0.002339039,0.002648369,0.002367777,0.001578596,0.000511191,-0.000534267,-0.001289239,-0.001599612,-0.001463409,-0.001017189,-0.000479024,-6.50E-05,9.61E-05,1.64E-05,-0.00015811,-0.000225694,-4.62E-05,0.000363019,0.000816845,0.001057106,0.000908953,0.000405966,-0.000202135,-0.000580899,-0.000515404,-6.39E-05,0.000446383,0.000601085,0.000165123,-0.000727529,-0.001595978,-0.001865282,-0.001221826,0.000143194,0.001576576,0.002306276,0.001904498,0.000585637,-0.000875785,-0.001596868,-0.001148829,0.000134967,0.00133793,0.001550479,0.00050294,-0.0011942,-0.00240553,-0.00222377,-0.000624574,0.00144767,0.002666865,0.002218607,0.000387079,-0.001599428,-0.002394409,-0.001473342,0.000481575,0.002051723,0.002096894,0.000591286,-0.001340305,-0.00223937,-0.001402062,0.000568137,0.002178837,0.002155516,0.00042127,-0.001800662,-0.002869908,-0.001956754,0.000312674,0.002302432
-0.009077517,-0.005034699,-0.003827935,-0.003067245,-0.002477318,-0.00198243,-0.00148251,-0.000889155,-0.000189482,0.000540934,0.001187496,0.001664836,0.001949166,0.002055524,0.001989422,0.001721749,0.001212352,0.000463359,-0.00044237,-0.001349856,-0.002082102,-0.002496934,-0.002517696,-0.002132645,-0.001383797,-0.000366702,0.000759753,0.001777264,0.00244906,0.002595369,0.002169602,0.001291989,0.000216582,-0.000756187,-0.001382209,-0.001549301,-0.001300789,-0.000805683,-0.000289791,4.98E-05,0.000120336,-2.92E-05,-0.0002325,-0.000291464,-8.88E-05,0.000331728,0.000771766,0.000983086,0.000818652,0.000340219,-0.000194561,-0.000474417,-0.00033127,0.000130373,0.000566255,0.000589785,2.90E-05,-0.000916804,-0.001737785,-0.001888252,-0.001129147,0.000271608,0.001631539,0.002221074,0.001706291,0.000389837,-0.000931153,-0.001440013,-0.000829733,0.000462474,0.001502604,0.001467423,0.000227966,-0.001497947,-0.002570432,-0.002184036,-0.000454722,0.001589742,0.002654704,0.002050578,0.000191232,-0.00165551,-0.002227408,-0.001153389,0.000769001,0.002128623,0.001915709,0.000270218,-0.001597052,-0.002281652,-0.001234781,0.000795519,0.002286167,0.002065292,0.000212962,-0.001955166,-0.002840373,-0.00175607,0.000537439,0.002383075
-0.010593174,-0.005905786,-0.004499834,-0.003589058,-0.002846294,-0.002193718,-0.001539336,-0.000805676,9.06E-06,0.000819589,0.001504158,0.001973903,0.002206245,0.002222869,0.002041412,0.001649438,0.001026089,0.000192737,-0.000751666,-0.001642354,-0.002301619,-0.002597433,-0.00247402,-0.001948519,-0.001094283,-3.32E-05,0.001062072,0.001977132,0.002497757,0.002480932,0.001922008,0.00097674,-8.26E-05,-0.000961413,-0.0014447,-0.001464291,-0.001107749,-0.000572993,-8.91E-05,0.000169175,0.000146775,-7.21E-05,-0.000303511,-0.000355609,-0.000134772,0.000290022,0.000710565,0.000891356,0.000714037,0.000266658,-0.000188848,-0.000367596,-0.00014892,0.00031921,0.000680182,0.00057876,-9.44E-05,-0.001079351,-0.001845181,-0.001881116,-0.001022881,0.000391163,0.001659213,0.002102404,0.001482424,0.000184269,-0.000982378,-0.001275098,-0.000509523,0.000780187,0.001652711,0.00137751,-3.59E-05,-0.001772483,-0.00269952,-0.002118968,-0.000282363,0.001711662,0.002612437,0.001859733,-9.19E-06,-0.001699753,-0.002044561,-0.000827327,0.001047486,0.002188083,0.001721743,-4.92E-05,-0.001838892,-0.002306942,-0.001061381,0.001013317,0.002375507,0.001963091,9.74E-06,-0.002088119,-0.002785061,-0.00154083,0.000757524,0.00244435
-0.011813216,-0.006612803,-0.005042932,-0.004003983,-0.003128665,-0.002339288,-0.001552382,-0.000701152,0.00020592,0.001075114,0.001779067,0.002226976,0.002398821,0.002323965,0.002032768,0.001529477,0.000811715,-8.18E-05,-0.001038836,-0.001888677,-0.002456822,-0.002624807,-0.002359884,-0.001708336,-0.000772938,0.000302116,0.001335873,0.002123899,0.002479593,0.002299502,0.001620515,0.000630243,-0.000386858,-0.001148452,-0.001473962,-0.001341443,-0.000881527,-0.000317191,0.000124005,0.000293693,0.000175587,-0.000112084,-0.000370841,-0.000417985,-0.000184558,0.000236959,0.000631779,0.00078031,0.000593807,0.000184573,-0.000185162,-0.0002604,3.15E-05,0.000502126,0.000787636,0.000568035,-0.000203702,-0.001212765,-0.001915067,-0.001841154,-0.000901795,0.000501065,0.001657136,0.001947236,0.001230564,-3.20E-05,-0.001029086,-0.001101384,-0.000188076,0.001087241,0.001786948,0.001280115,-0.000287723,-0.002015185,-0.002789569,-0.002026271,-0.000107259,0.001811618,0.002537342,0.001644,-0.000214613,-0.00173109,-0.001844425,-0.000494585,0.001316241,0.002228535,0.001513827,-0.000366963,-0.002064494,-0.002313707,-0.000881299,0.001220679,0.002445238,0.001847824,-0.00018794,-0.002197585,-0.00270164,-0.001309704,0.000972522,0.002484511
-0.012404206,-0.006968195,-0.00531107,-0.004193812,-0.003233213,-0.002355668,-0.001486335,-0.000567766,0.000383566,0.001268475,0.001957191,0.002359847,0.002461106,0.002299123,0.001916965,0.001334232,0.000564126,-0.000341842,-0.001264565,-0.002034147,-0.002486021,-0.00252022,-0.002129012,-0.001386128,-0.000418293,0.000616563,0.001539474,0.002165777,0.002343563,0.002011199,0.001243627,0.000251749,-0.000679117,-0.001289765,-0.001440943,-0.001158083,-0.000610206,-3.70E-05,0.000344231,0.000416836,0.00020387,-0.000146683,-0.000428149,-0.000472046,-0.000235025,0.000170544,0.000529383,0.000642744,0.000452189,9.01E-05,-0.000187478,-0.000160021,0.000198062,0.00066473,0.000877744,0.000557407,-0.000284364,-0.001289526,-0.001915517,-0.001743465,-0.000756834,0.000592927,0.001605932,0.001735946,0.000939541,-0.000260021,-0.001068615,-0.000921751,0.000120588,0.001361533,0.001886132,0.001171621,-0.00050941,-0.002191572,-0.002804161,-0.001883401,7.12E-05,0.001872355,0.002407268,0.001389549,-0.000425478,-0.001742128,-0.001622961,-0.000162462,0.001558177,0.00223341,0.001287586,-0.000670849,-0.002252012,-0.002283861,-0.000691181,0.001405511,0.002477878,0.001710314,-0.000373351,-0.002264709,-0.002571444,-0.001056182,0.001173482,0.002486246
-0.012669506,-0.007140664,-0.005436566,-0.004267962,-0.003247989,-0.002308901,-0.001384248,-0.000424982,0.000545814,0.001425131,0.002082424,0.002430106,0.002458351,0.002214307,0.001753292,0.001109098,0.000308613,-0.000586528,-0.001453405,-0.002126379,-0.002453628,-0.002355421,-0.001849188,-0.001034439,-5.85E-05,0.000911385,0.001703101,0.00215584,0.002154746,0.00167989,0.00084152,-0.000130935,-0.000956761,-0.001404423,-0.00137822,-0.000950238,-0.000324614,0.000246806,0.000560785,0.000534516,0.000229674,-0.000178746,-0.000479251,-0.000519882,-0.000283024,0.000101065,0.000419511,0.000496443,0.000303653,-8.54E-06,-0.000193189,-6.56E-05,0.000354008,0.000813734,0.000957036,0.000546132,-0.000350723,-0.001338492,-0.001882996,-0.001619507,-0.000601962,0.000676022,0.001533601,0.001502549,0.00063526,-0.000489936,-0.001104489,-0.000742932,0.000417226,0.001614641,0.001965725,0.001058384,-0.000713875,-0.00233329,-0.002781261,-0.0017169,0.000250381,0.00191455,0.002252948,0.001119583,-0.000636977,-0.001744276,-0.00139511,0.000164215,0.001783413,0.002220648,0.001055346,-0.000963679,-0.002417621,-0.002235143,-0.00049713,0.00157791,0.002491881,0.001562521,-0.000552119,-0.002311746,-0.002420672,-0.000794713,0.001365592,0.002469485
-0.012505056,-0.007071591,-0.005373788,-0.004189632,-0.003144748,-0.002179524,-0.00123554,-0.000270852,0.000686711,0.001532496,0.002137335,0.002417674,0.002370234,0.002051353,0.0015279,0.000846252,4.44E-05,-0.000809395,-0.001592609,-0.002148171,-0.002340654,-0.002112713,-0.001506953,-0.000646317,0.000305718,0.001178635,0.001813295,0.002078008,0.001897844,0.001294177,0.000408756,-0.000516803,-0.001213523,-0.00148334,-0.001276781,-0.000711382,-2.19E-05,0.000533557,0.000771099,0.000644083,0.000251786,-0.000207513,-0.000521974,-0.000559141,-0.000327228,2.83E-05,0.000300678,0.000339566,0.000146776,-0.000112314,-0.000203436,2.05E-05,0.000495286,0.000944212,0.001021707,0.000533868,-0.000398315,-0.001351078,-0.001807537,-0.001461571,-0.000434469,0.000747662,0.00143421,0.001241296,0.000314807,-0.000721498,-0.001135554,-0.000565916,0.000696977,0.001839002,0.002019195,0.000939073,-0.000895315,-0.002429207,-0.002709192,-0.001519653,0.000430309,0.001932618,0.002067432,0.000829995,-0.000848911,-0.001735003,-0.001159707,0.000482748,0.001986086,0.002184759,0.000815842,-0.001241194,-0.002553911,-0.002161531,-0.000298116,0.001733768,0.002481401,0.001401384,-0.000722078,-0.002332636,-0.002243432,-0.00052344,0.001545734,0.002428582
-0.011744933,-0.006665993,-0.005049508,-0.003901719,-0.002882518,-0.001943049,-0.001031886,-0.000111896,0.000787287,0.001562595,0.00208922,0.002289784,0.002168472,0.001790321,0.001231896,0.000549016,-0.000213549,-0.000986255,-0.001652746,-0.00206995,-0.002122769,-0.001777663,-0.001100693,-0.000233394,0.000651874,0.001389607,0.001841451,0.001910173,0.001562248,0.000857244,-3.88E-05,-0.000881719,-0.001423487,-0.001505627,-0.001125899,-0.000442927,0.000285981,0.000805393,0.000957016,0.000732038,0.000264004,-0.000232033,-0.000550465,-0.000582037,-0.000360162,-4.14E-05,0.000178611,0.000177749,-1.33E-05,-0.000218266,-0.000219862,9.05E-05,0.00060913,0.001041942,0.001061189,0.000517889,-0.000421045,-0.001315377,-0.001677017,-0.001262535,-0.000254132,0.000803652,0.001304388,0.00095414,-1.41E-05,-0.000945576,-0.001158303,-0.000397995,0.000942198,0.002013337,0.002031393,0.000812079,-0.001041086,-0.002458936,-0.002569769,-0.001283266,0.000608561,0.001918711,0.001845045,0.000521568,-0.001056008,-0.001711118,-0.00092167,0.000779581,0.00215015,0.002116358,0.000572421,-0.001488661,-0.002642946,-0.002051704,-9.46E-05,0.001863498,0.00243578,0.001222841,-0.000878722,-0.002318975,-0.00203482,-0.00024534,0.001704925,0.002355074
-0.010691337,-0.006093951,-0.004596207,-0.003511229,-0.00254369,-0.001656577,-0.000804755,4.54E-05,0.000864002,0.001551279,0.001988237,0.002104649,0.001912412,0.001484737,0.000906638,0.000241492,-0.000461571,-0.001134497,-0.001669973,-0.0019414,-0.001855553,-0.001402824,-0.000671229,0.000182093,0.000979876,0.001565824,0.001825877,0.001699223,0.001193546,0.000404108,-0.000483128,-0.001226442,-0.001603241,-0.001496932,-0.000951987,-0.000164907,0.000589247,0.001062328,0.001124575,0.000805154,0.000269463,-0.000254462,-0.000570728,-0.000594969,-0.000385178,-0.000106753,5.83E-05,1.71E-05,-0.000171687,-0.000323227,-0.000239044,0.000151109,0.000706647,0.0011205,0.001085955,0.000498905,-0.000431914,-0.001256305,-0.001520529,-0.001045151,-6.92E-05,0.00085161,0.001161696,0.000658684,-0.000341663,-0.00116173,-0.001175682,-0.000236715,0.001165962,0.002158458,0.002020558,0.000681212,-0.001167568,-0.002454232,-0.00239665,-0.001028581,0.000784606,0.001888827,0.001606228,0.000206904,-0.001258166,-0.001679751,-0.00068486,0.001061583,0.002291701,0.002031049,0.000329201,-0.001717491,-0.002705331,-0.001922751,0.000110277,0.001978459,0.002371538,0.001035713,-0.001028106,-0.002288179,-0.001812108,3.37E-05,0.001851632,0.002265129
-0.009219421,-0.005284194,-0.003958866,-0.002975013,-0.002096924,-0.001300821,-0.000546738,0.000197382,0.000903843,0.001478528,0.001810389,0.001837658,0.001580168,0.001118353,0.000543649,-7.59E-05,-0.000690527,-0.001237679,-0.001623203,-0.001740361,-0.001519711,-0.000975356,-0.000214664,0.000594319,0.001275377,0.001687464,0.001745597,0.001427696,0.000781714,-6.57E-05,-0.00091523,-0.001535306,-0.001734809,-0.001441868,-0.000746197,0.000123155,0.000880761,0.001292616,0.001261425,0.000854109,0.000263937,-0.000273916,-0.000578388,-0.000592333,-0.000397209,-0.000163811,-5.71E-05,-0.000139319,-0.000325406,-0.000425295,-0.000261947,0.000197138,0.000778886,0.001169559,0.001088093,0.000474793,-0.000426157,-0.001164227,-0.001327854,-0.00080297,0.00012086,0.000887892,0.001002176,0.000354589,-0.000663592,-0.001363559,-0.001184492,-8.64E-05,0.001355966,0.002258671,0.001974951,0.000544746,-0.001265335,-0.002399149,-0.002175127,-0.000748511,0.000956526,0.001836008,0.001345223,-0.000114485,-0.001451461,-0.001637515,-0.000451596,0.001319495,0.002398669,0.00192099,8.78E-05,-0.001917022,-0.002727318,-0.001765606,0.000316336,0.002071015,0.002279814,0.000836329,-0.001166648,-0.00223288,-0.00157025,0.000312171,0.001979002,0.002151485
-0.007375149,-0.004261065,-0.003157225,-0.002310992,-0.001558841,-0.000890938,-0.000270989,0.000333679,0.00089998,0.001341908,0.001558264,0.001496677,0.001184577,0.000707996,0.000162082,-0.000384021,-0.000883744,-0.001284299,-0.001508321,-0.001471482,-0.001128779,-0.000516301,0.000243341,0.000977057,0.001516177,0.001740581,0.001597851,0.001104901,0.000346598,-0.000525416,-0.001306997,-0.001784259,-0.001802791,-0.00133617,-0.000515225,0.000406243,0.001141394,0.001477486,0.001352631,0.000869497,0.000243417,-0.000290337,-0.000570919,-0.000570166,-0.000391061,-0.000205864,-0.000159212,-0.000282185,-0.000465819,-0.000518543,-0.000286796,0.000226104,0.000820485,0.001183093,0.00106276,0.000442371,-0.000406371,-0.001042935,-0.001105005,-0.00054333,0.00031039,0.000911769,0.000832275,5.46E-05,-0.000964962,-0.001539476,-0.001180661,4.86E-05,0.001502809,0.00230446,0.001889164,0.000402435,-0.001331844,-0.002292219,-0.001907339,-0.000448106,0.001119871,0.001760282,0.001067892,-0.000433385,-0.001628377,-0.001583077,-0.000227684,0.001543724,0.002463341,0.001784805,-0.00014636,-0.00207845,-0.002701924,-0.001578467,0.00052057,0.002136611,0.002158066,0.000625245,-0.001292702,-0.002153623,-0.001313701,0.000583387,0.0020818,0.002014118
-0.005352535,-0.003135054,-0.002276713,-0.001586512,-0.000978879,-0.000458056,9.48E-06,0.000458207,0.000870966,0.001171121,0.00126826,0.001119775,0.000760332,0.000280478,-0.000222583,-0.000680614,-0.001052525,-0.001297366,-0.001356379,-0.001168692,-0.000713666,-4.80E-05,0.000693226,0.001335261,0.001720596,0.001752904,0.001413726,0.000758404,-9.39E-05,-0.00097069,-0.001667781,-0.00199333,-0.001831961,-0.001202353,-0.000273362,0.000681433,0.00137905,0.001631868,0.001414609,0.000864006,0.000213728,-0.000305012,-0.000554514,-0.000536333,-0.00037363,-0.000237839,-0.000251585,-0.000414767,-0.000596198,-0.000604952,-0.000311885,0.000245336,0.000844093,0.001175731,0.001021158,0.000404416,-0.000380027,-0.00090741,-0.000868206,-0.000277031,0.000497426,0.000928551,0.000658863,-0.000239029,-0.00125016,-0.00169736,-0.0011684,0.000174401,0.001623526,0.002317963,0.001780047,0.000256895,-0.001380798,-0.002157136,-0.001615705,-0.000138823,0.001276792,0.001672069,0.000783774,-0.000747635,-0.001793635,-0.001521313,-1.05E-05,0.001746687,0.002502652,0.001634062,-0.000374755,-0.002216428,-0.002648737,-0.00137471,0.000722612,0.002185988,0.002019227,0.000408113,-0.001411328,-0.002061512,-0.001050701,0.0008483,0.002169491,0.001863919
-0.003098845,-0.001874425,-0.001293668,-0.000785129,-0.000348196,-9.48E-07,0.000288864,0.000559383,0.000801327,0.000949241,0.000924774,0.000695402,0.000302167,-0.000161848,-0.00060021,-0.000948891,-0.001175692,-0.001254641,-0.001147957,-0.000819255,-0.000271423,0.000421255,0.001115807,0.001641828,0.001858466,0.001697169,0.001174707,0.000382815,-0.000530216,-0.001378688,-0.001966187,-0.002129408,-0.001794906,-0.001024726,-1.96E-05,0.000935876,0.001571329,0.001730091,0.001424672,0.000822294,0.000168358,-0.000316862,-0.000523307,-0.000482976,-0.000336666,-0.000251242,-0.000324886,-0.00052679,-0.000706597,-0.00067752,-0.000335965,0.000248978,0.000838068,0.001133895,0.000952536,0.000356324,-0.000345503,-0.000752992,-0.000614279,-5.34E-06,0.000677014,0.000933944,0.000483683,-0.000515653,-0.001502354,-0.001821161,-0.001140684,0.000284251,0.001700001,0.002277779,0.001632902,0.000106341,-0.001402086,-0.001979242,-0.001289947,0.00018034,0.001420984,0.001564783,0.000492813,-0.00104929,-0.001936527,-0.001447229,0.000193468,0.001912329,0.002499376,0.001460548,-0.000591429,-0.002314121,-0.002549815,-0.001145114,0.000919317,0.002208052,0.001853064,0.00018227,-0.001517588,-0.001950115,-0.000780438,0.001099724,0.00223125,0.001694281
-0.000774023,-0.00056919,-0.000278259,3.64E-05,0.000289534,0.000450178,0.000550597,0.00063386,0.00069978,0.000695114,0.000554104,0.00025405,-0.000158822,-0.000590906,-0.000949047,-0.001176057,-0.001251028,-0.00116478,-0.000901399,-0.000448562,0.00016934,0.000864005,0.001489393,0.00188427,0.001928469,0.001583154,0.000899482,1.80E-06,-0.000938663,-0.001730215,-0.002191039,-0.002190692,-0.001698216,-0.000815333,0.000232443,0.001158098,0.001711207,0.001770035,0.001384304,0.00074718,0.000109262,-0.000326004,-0.000479318,-0.000412776,-0.000281956,-0.000245934,-0.000377017,-0.000615008,-0.000793648,-0.000733271,-0.000356145,0.000240637,0.00080718,0.001062839,0.000860664,0.000297864,-0.000308696,-0.000590808,-0.00035672,0.000260191,0.000843367,0.000929418,0.000313884,-0.000766209,-0.001714233,-0.001907099,-0.001096199,0.000379847,0.001736568,0.00219074,0.001454024,-4.77E-05,-0.00140176,-0.001771243,-0.000944903,0.000498331,0.001549272,0.001443181,0.000203924,-0.001330393,-0.002053383,-0.001361211,0.000382966,0.002041558,0.002457657,0.001269467,-0.000793766,-0.002373842,-0.002411522,-0.000896412,0.001107572,0.002204807,0.001664602,-4.85E-05,-0.00161225,-0.001824922,-0.000509909,0.001333477,0.002268197,0.001510722
0.001564821,0.000746954,0.000744061,0.00085962,0.00092293,0.000891157,0.000797302,0.000690063,0.000579002,0.0004236,0.000170901,-0.000192255,-0.000615314,-0.001005472,-0.00127445,-0.001373495,-0.001294358,-0.001045587,-0.000633418,-6.90E-05,0.000603301,0.001283712,0.00182621,0.002081818,0.001953372,0.001432625,0.000604138,-0.000377981,-0.001323821,-0.002040493,-0.002364985,-0.002202162,-0.001563456,-0.00058743,0.000480538,0.001356607,0.001814954,0.001771002,0.001310944,0.000650658,4.16E-05,-0.000333267,-0.000427242,-0.000332018,-0.000215978,-0.000228357,-0.000414827,-0.000686864,-0.000864541,-0.00077722,-0.000373088,0.000225125,0.000760784,0.000973471,0.000754157,0.000232551,-0.00027146,-0.00042562,-9.94E-05,0.000519233,0.000999609,0.000918414,0.00014896,-0.000997642,-0.001897776,-0.001966986,-0.001040201,0.000466333,0.001747442,0.00207388,0.001255325,-0.000203759,-0.001388141,-0.001545693,-0.000590056,0.000813143,0.001666104,0.001312835,-8.18E-05,-0.001596076,-0.002151953,-0.001267157,0.000562561,0.002146644,0.002391052,0.001067678,-0.00098598,-0.002408633,-0.002248229,-0.0006364,0.001289406,0.002184929,0.001462227,-0.000281599,-0.001699138,-0.001691456,-0.000240552,0.001554527,0.002288687,0.001318906
0.003814059,0.002018203,0.001728442,0.001644888,0.001516897,0.001291794,0.00100458,0.000710432,0.000429308,0.000133801,-0.000216369,-0.00062575,-0.001041251,-0.001373338,-0.0015413,-0.001507262,-0.001277406,-0.000878774,-0.000339221,0.00030868,0.001004375,0.001641586,0.002079987,0.002187919,0.00189438,0.001221886,0.000285085,-0.000738621,-0.001649139,-0.002261111,-0.002437177,-0.002120583,-0.001363304,-0.000334135,0.000711453,0.001503007,0.001846932,0.001698596,0.001178011,0.000517047,-3.99E-05,-0.000336765,-0.000361523,-0.000233822,-0.000130862,-0.000188532,-0.000425133,-0.00072641,-0.000903152,-0.000797036,-0.000381759,0.000199038,0.000689076,0.000853878,0.000623254,0.000154602,-0.000237212,-0.00026234,0.000147953,0.000757883,0.001132465,0.000895747,-2.38E-06,-0.001187269,-0.002023257,-0.001975328,-0.000961489,0.000537153,0.001713409,0.001906122,0.001024146,-0.000362055,-0.001353532,-0.001296016,-0.00022743,0.001113714,0.001758543,0.001168882,-0.000355538,-0.00182697,-0.002213088,-0.001157769,0.000722873,0.002207022,0.002280455,0.000849313,-0.001157321,-0.002398126,-0.002042454,-0.000360137,0.001456511,0.002134753,0.001237093,-0.000516266,-0.001771355,-0.001545704,2.20E-05,0.00174864,0.002278676,0.001115164
0.005875828,0.003187658,0.002631461,0.00235949,0.00204961,0.001641349,0.001172304,0.000704193,0.000267205,-0.000153301,-0.000585563,-0.001026557,-0.001422122,-0.00168767,-0.001751626,-0.001588106,-0.001218095,-0.000686616,-4.16E-05,0.000665342,0.001360939,0.001936317,0.002260602,0.002222246,0.001777368,0.000977806,-3.56E-05,-0.001067813,-0.001915163,-0.002405636,-0.002431256,-0.001974172,-0.001123841,-7.33E-05,0.000919543,0.001604359,0.001824083,0.001574462,0.001006062,0.000361218,-0.000128418,-0.000336921,-0.000287722,-0.000126124,-3.49E-05,-0.000134453,-0.000415844,-0.000741669,-0.000916855,-0.000797517,-0.000382087,0.000168589,0.000603445,0.000717278,0.000478506,6.84E-05,-0.000208546,-0.000107939,0.000378561,0.000973041,0.001243374,0.000864588,-0.000139835,-0.001340919,-0.002101906,-0.001943731,-0.000865215,0.000598182,0.00165051,0.001707174,0.000774928,-0.000519937,-0.001307384,-0.001037968,0.000129382,0.001394632,0.001829551,0.001017543,-0.000614196,-0.002026144,-0.002243306,-0.001036625,0.000868549,0.002235478,0.002140655,0.000622633,-0.001311373,-0.00235617,-0.001810643,-7.78E-05,0.00160948,0.002063102,0.000998995,-0.000748375,-0.00183204,-0.001393817,0.000274804,0.001919662,0.002246502,0.000906292
0.007784855,0.004273838,0.003468103,0.003016892,0.002533336,0.001950727,0.00130966,0.00067837,9.71E-05,-0.00043644,-0.000938886,-0.001400486,-0.001767096,-0.001960296,-0.001918752,-0.001629296,-0.001127886,-0.00047701,0.000256474,0.001004137,0.001682294,0.002182457,0.002385937,0.002203238,0.001618135,0.000710548,-0.000355458,-0.00137174,-0.002135692,-0.002492938,-0.002367475,-0.001780521,-0.000856564,0.000191814,0.001109545,0.001671707,0.001760635,0.00141257,0.000806057,0.000189744,-0.000221492,-0.000334494,-0.000208205,-1.19E-05,6.85E-05,-7.02E-05,-0.000392264,-0.000739009,-0.000912075,-0.000783557,-0.000375991,0.000135335,0.000508117,0.00056879,0.000324092,-2.38E-05,-0.00018432,3.91E-05,0.000595659,0.001169813,0.001337451,0.000827097,-0.000266634,-0.001467409,-0.002145492,-0.001882408,-0.000755893,0.000652155,0.00156677,0.001485956,0.000513152,-0.000677165,-0.001253088,-0.000774819,0.000480486,0.001659845,0.001884213,0.000861007,-0.000860959,-0.002201082,-0.002250206,-0.00090671,0.00100333,0.002240406,0.001979615,0.000390284,-0.00145237,-0.002291154,-0.001560218,0.000208324,0.001751513,0.001975614,0.000751782,-0.000978063,-0.001883997,-0.001237663,0.000519938,0.002073167,0.002197914,0.00069404
0.009257931,0.005119265,0.004114498,0.003514388,0.002885519,0.002158466,0.001377167,0.000615606,-7.72E-05,-0.00069227,-0.001236565,-0.00169546,-0.002017041,-0.002131188,-0.001988375,-0.001588668,-0.000982168,-0.000246544,0.000536135,0.001285336,0.001912706,0.002315752,0.002392659,0.002078505,0.001384087,0.000413165,-0.000654443,-0.001606788,-0.002251836,-0.00246011,-0.002190854,-0.001502562,-0.000548026,0.000450718,0.001252528,0.001666425,0.001618127,0.00118257,0.000559708,-4.16E-06,-0.000318352,-0.00032596,-0.000120221,0.000110255,0.000181429,9.87E-06,-0.000343048,-0.000702117,-0.000870922,-0.000740224,-0.00035491,0.000100874,0.000400026,0.000404154,0.000156668,-0.000125321,-0.000171797,0.000163659,0.000775732,0.00132095,0.001392969,0.000776829,-0.000368941,-0.001535877,-0.002116976,-0.001761678,-0.000620683,0.000694357,0.001447766,0.001229544,0.000234841,-0.000829698,-0.001186884,-0.000512633,0.000806559,0.001883043,0.001902301,0.00069704,-0.001077287,-0.002321428,-0.002207477,-0.000759016,0.001116378,0.00220064,0.001781019,0.00015168,-0.001565463,-0.002183481,-0.001280121,0.000494064,0.001867631,0.001857914,0.000491569,-0.001197863,-0.001917105,-0.001075928,0.000744755,0.002188432,0.002117305,0.000479315
0.010409873,0.005785866,0.004620352,0.003895688,0.003144773,0.002297611,0.001401338,0.000534781,-0.000245324,-0.000920285,-0.001488291,-0.001931218,-0.002200571,-0.002235463,-0.001998571,-0.001502835,-0.000811254,-1.46E-05,0.000792598,0.001520932,0.002080675,0.002378263,0.00233072,0.00189813,0.001116817,0.000110928,-0.000928903,-0.001792422,-0.002303046,-0.002359285,-0.001956091,-0.001186801,-0.000227655,0.000695966,0.00136259,0.00161895,0.001434876,0.000921578,0.000295854,-0.00020332,-0.000412931,-0.000313183,-2.98E-05,0.000232709,0.000295103,9.48E-05,-0.000282468,-0.000648121,-0.00081066,-0.000680762,-0.000324368,6.86E-05,0.000289486,0.000236086,-1.31E-05,-0.000229606,-0.000166873,0.000271388,0.000929118,0.001441129,0.001423807,0.000719088,-0.000456086,-0.001570385,-0.002047903,-0.00160874,-0.000471813,0.000731297,0.001313539,0.000960267,-4.62E-05,-0.0009766,-0.001116382,-0.000258131,0.001109602,0.002075558,0.001897171,0.000530726,-0.001272303,-0.002407307,-0.002135169,-0.000601396,0.001217198,0.002137478,0.001564877,-8.68E-05,-0.001661626,-0.002054376,-0.00098885,0.000773859,0.001966153,0.001724225,0.000227917,-0.001408145,-0.001938091,-0.000912606,0.000955065,0.002280075,0.002019174,0.000265971
0.011284953,0.006298292,0.005005037,0.004176806,0.003323909,0.002377617,0.001388151,0.000438389,-0.000408257,-0.001124316,-0.001700399,-0.002115922,-0.002326842,-0.002282306,-0.001957537,-0.001378033,-0.000618627,0.000218593,0.001029056,0.001717209,0.002194812,0.002379752,0.002209591,0.001669796,0.000820917,-0.000195486,-0.001182215,-0.001935453,-0.002298277,-0.002199846,-0.001671215,-0.000838463,0.000102906,0.000929435,0.001444269,0.001535105,0.001216507,0.000633879,1.69E-05,-0.000406996,-0.000505544,-0.00029675,6.28E-05,0.000355435,0.000409432,0.000184049,-0.000212091,-0.000579382,-0.000733929,-0.000607397,-0.000285669,3.83E-05,0.000176837,6.51E-05,-0.000184967,-0.000336278,-0.000168499,0.000364587,0.001059494,0.001534617,0.00143337,0.000654905,-0.000530157,-0.001575617,-0.001943871,-0.001428042,-0.000311173,0.000763699,0.001166192,0.000679909,-0.000329672,-0.001118642,-0.001042176,-1.03E-05,0.001392783,0.002241615,0.001872024,0.000362394,-0.001448943,-0.002463471,-0.002037363,-0.000435223,0.001307477,0.002054152,0.001333617,-0.000325166,-0.001743193,-0.001906801,-0.000687956,0.00104852,0.002049503,0.001576757,-3.87E-05,-0.001610214,-0.001948629,-0.000747921,0.001152863,0.002351353,0.001905941,5.38E-05
0.011492682,0.006436993,0.005097063,0.004218671,0.003315536,0.002324007,0.001296504,0.000317552,-0.000545612,-0.001259555,-0.001809936,-0.002176049,-0.002320169,-0.002202508,-0.001810608,-0.001180704,-0.000395991,0.000435022,0.001203544,0.001814047,0.002185467,0.002251472,0.001972188,0.001357357,0.000487179,-0.000487046,-0.001371091,-0.001977058,-0.002174962,-0.001927832,-0.001300977,-0.000446512,0.000430862,0.001120498,0.001458922,0.001378939,0.000938206,0.000309591,-0.000273644,-0.000604218,-0.000585091,-0.000271299,0.000155103,0.000470286,0.000515538,0.000272988,-0.000129199,-0.000486589,-0.000628132,-0.000508117,-0.000229603,1.68E-05,6.87E-05,-0.000101005,-0.000350871,-0.000441815,-0.00018344,0.000422718,0.001134724,0.001566215,0.001395412,0.000577018,-0.000576621,-0.00152154,-0.001771868,-0.001195909,-0.000130106,0.000788697,0.001000991,0.00039072,-0.00060472,-0.001244105,-0.000963658,0.00021224,0.001620394,0.002341996,0.001801897,0.000193157,-0.001581443,-0.002453698,-0.001886016,-0.000252665,0.001376145,0.001933432,0.001078779,-0.000556252,-0.00179293,-0.00172693,-0.000378348,0.001301649,0.002096327,0.001403441,-0.00030354,-0.001787493,-0.001934309,-0.000582572,0.00132018,0.002377768,0.001763035,-0.000151075
0.011387249,0.006399478,0.005051504,0.004149121,0.003221383,0.002211241,0.001172662,0.000190472,-0.000665775,-0.001358117,-0.0018685,-0.002177084,-0.002253088,-0.002067933,-0.001620952,-0.000957846,-0.000168182,0.000635637,0.001343381,0.001862236,0.002120525,0.00206905,0.001690629,0.001017974,0.000148195,-0.000761488,-0.001524042,-0.001971205,-0.002002231,-0.001614259,-0.000904847,-4.83E-05,0.000746283,0.0012855,0.00144216,0.001194653,0.000641658,-2.04E-05,-0.000559204,-0.000790844,-0.000654688,-0.000241337,0.000244886,0.000577652,0.000613415,0.000357288,-4.50E-05,-0.000387036,-0.00051281,-0.000399652,-0.000166383,8.29E-07,-3.37E-05,-0.000259836,-0.00050929,-0.000543541,-0.000203197,0.000464483,0.001183853,0.001569073,0.001335981,0.00049311,-0.00061147,-0.001443495,-0.00157381,-0.000945531,5.71E-05,0.000810939,0.000832264,0.000104391,-0.000869663,-0.001358918,-0.00088421,0.000419144,0.001818107,0.002409647,0.001711096,2.50E-05,-0.001692461,-0.002414056,-0.001711885,-6.42E-05,0.001435337,0.001798587,0.000817479,-0.000780796,-0.001828145,-0.001535952,-7.03E-05,0.001540318,0.00212501,0.001220346,-0.000563716,-0.00195015,-0.001907447,-0.000417661,0.001472432,0.0023837,0.00160808,-0.000350759
0.010911923,0.00615382,0.004843436,0.003947982,0.003025931,0.002028634,0.001010833,5.61E-05,-0.000765587,-0.00141332,-0.001866833,-0.002108312,-0.002114675,-0.0018687,-0.001380892,-0.00070491,6.57E-05,0.000817502,0.001442241,0.001852946,0.001989936,0.001822735,0.001357006,0.000646876,-0.000196874,-0.001015623,-0.001634513,-0.001909298,-0.001771186,-0.001251694,-0.000478256,0.000357206,0.001046798,0.001419665,0.001388291,0.000977206,0.000323644,-0.000357115,-0.000838765,-0.000964891,-0.000712499,-0.000206044,0.000331716,0.000676144,0.000701536,0.00043607,4.07E-05,-0.000279537,-0.000386276,-0.000280362,-9.47E-05,-8.53E-06,-0.000129141,-0.000410075,-0.000658829,-0.000640737,-0.00022863,0.000486914,0.00120215,0.001537987,0.001251197,0.000402096,-0.000632608,-0.001337174,-0.001345029,-0.000673658,0.000251478,0.000829932,0.000659415,-0.000178497,-0.001122614,-0.001461127,-0.000803674,0.000607593,0.001980471,0.00243862,0.00159588,-0.000141761,-0.001778097,-0.002339146,-0.001510866,0.000131344,0.001483339,0.00164709,0.000548591,-0.000997581,-0.001846208,-0.001331894,0.000235803,0.001761866,0.002132257,0.001025725,-0.000818338,-0.002095503,-0.001865764,-0.000253278,0.00160688,0.00236544,0.001438913,-0.000544263
0.009857285,0.005580562,0.004380332,0.003542338,0.002676001,0.001743405,0.000798374,-7.98E-05,-0.000823529,-0.001392128,-0.001765312,-0.001928895,-0.001868207,-0.00157698,-0.001075143,-0.000421145,0.000291786,0.000954584,0.00146596,0.001749472,0.001760662,0.001488971,0.000961602,0.000250151,-0.000527168,-0.001217894,-0.001666751,-0.001759045,-0.001460088,-0.000833759,-3.14E-05,0.000746093,0.001301112,0.001492456,0.001275356,0.000718505,-8.80E-06,-0.000681382,-0.001087532,-0.001103371,-0.000743588,-0.000161603,0.000409044,0.00075261,0.000765083,0.000496917,0.000119822,-0.000168146,-0.00024987,-0.000149811,-1.20E-05,-5.12E-06,-0.000206888,-0.000537099,-0.000784572,-0.000723442,-0.000259386,0.000479292,0.0011709,0.001452947,0.001127071,0.000300323,-0.000634224,-0.001192699,-0.001078187,-0.00037917,0.000449652,0.000843749,0.000488317,-0.000442469,-0.001343543,-0.001536098,-0.000722172,0.000759853,0.00207835,0.002400945,0.001441662,-0.000303324,-0.001820639,-0.002208675,-0.001270814,0.000334072,0.001513239,0.001474096,0.000275903,-0.001195243,-0.001836262,-0.001113655,0.00052792,0.001946538,0.00210192,0.000816597,-0.001055972,-0.002205802,-0.001797196,-9.08E-05,0.001710472,0.002308067,0.0012496,-0.000724233
0.008551456,0.004864554,0.003806412,0.003048698,0.002260891,0.001416603,0.000567808,-0.000211838,-0.000858959,-0.001334097,-0.001618057,-0.001700876,-0.001576418,-0.001248914,-0.000746626,-0.000131079,0.000507078,0.001065459,0.001452194,0.001603181,0.00149022,0.001122635,0.000547937,-0.000147188,-0.000840313,-0.001388665,-0.001659624,-0.001569894,-0.00111894,-0.000401044,0.000412174,0.001115212,0.001524938,0.001532426,0.001136014,0.000446437,-0.000338979,-0.000989883,-0.001313075,-0.001219011,-0.000759179,-0.000112814,0.000479909,0.000815633,0.000813593,0.000545749,0.000192157,-5.87E-05,-0.000112461,-1.69E-05,7.44E-05,4.73E-06,-0.000273989,-0.000649634,-0.000895309,-0.000796196,-0.000290612,0.00045869,0.001117233,0.001343624,0.000985629,0.000193989,-0.000627888,-0.001033825,-0.000798848,-7.97E-05,0.000645735,0.000854663,0.000321186,-0.000692169,-0.001544127,-0.001595159,-0.000640104,0.000893025,0.002143461,0.002330747,0.001269659,-0.00046103,-0.001842198,-0.002053046,-0.001014745,0.000537989,0.001534232,0.001293051,4.95E-06,-0.001381033,-0.001812845,-0.000891524,0.000808947,0.002110018,0.002052692,0.000602455,-0.001282105,-0.002296458,-0.001714607,7.04E-05,0.001798663,0.002232245,0.001051966,-0.000896373
0.006917006,0.003961558,0.003087439,0.002440163,0.001761122,0.001036427,0.000314889,-0.000337468,-0.000863414,-0.001226575,-0.001410117,-0.001409054,-0.001225865,-0.0008746,-0.000390308,0.000164777,0.000705584,0.001139676,0.001387675,0.001400182,0.00116648,0.000715543,0.000113346,-0.000541675,-0.001127285,-0.001515088,-0.001599096,-0.001329646,-0.000740097,4.78E-05,0.0008472,0.001454094,0.001705235,0.001527295,0.000961848,0.000158455,-0.000663225,-0.001274144,-0.0015048,-0.001302189,-0.000753135,-5.82E-05,0.0005415,0.000859712,0.000840906,0.000577386,0.00025426,4.69E-05,2.51E-05,0.000118252,0.000165184,2.33E-05,-0.000326129,-0.000741677,-0.000984783,-0.000854659,-0.000321814,0.000421125,0.001033909,0.001202221,0.000821443,8.17E-05,-0.000611323,-0.00085686,-0.000504555,0.000224502,0.00083778,0.000861548,0.000160361,-0.000921078,-0.001715842,-0.001631977,-0.000557245,0.001000039,0.002164025,0.002216739,0.001074084,-0.000613132,-0.001835505,-0.001864131,-0.000738042,0.000742781,0.0015432,0.001101916,-0.000262537,-0.001550039,-0.001771347,-0.000665088,0.001073712,0.002243962,0.001977845,0.000382201,-0.001491747,-0.002359866,-0.001612854,0.00022986,0.001866001,0.002131766,0.00084359,-0.001057583
0.004967722,0.00287758,0.002228855,0.001723259,0.001184889,0.000612729,5.06E-05,-0.000445438,-0.000826716,-0.001061821,-0.001137535,-0.001054317,-0.00082286,-0.000465666,-2.22E-05,0.000447655,0.00086823,0.001160708,0.001261307,0.001137243,0.000795529,0.000283131,-0.000319024,-0.000905713,-0.001360529,-0.001574665,-0.001472294,-0.00103815,-0.00033691,0.00048787,0.001241796,0.001730094,0.001815225,0.001461566,0.000751514,-0.000133027,-0.000958886,-0.001506905,-0.001636995,-0.001333768,-0.000715567,2.91E-06,0.000587478,0.000874646,0.000835765,0.000581131,0.000296334,0.000139574,0.000154394,0.000248771,0.000256977,5.21E-05,-0.000356226,-0.000802031,-0.001040704,-0.00088888,-0.000347666,0.000367217,0.000918831,0.001026644,0.000634079,-3.58E-05,-0.000585445,-0.00066711,-0.00020586,0.00052021,0.001014947,0.000861496,1.34E-05,-0.001113444,-0.001841212,-0.001634895,-0.000472411,0.00107233,0.002127319,0.002049175,0.000852679,-0.000754962,-0.001793796,-0.001638648,-0.00044331,0.00094237,0.001536059,0.000903074,-0.000517775,-0.001692116,-0.001707239,-0.000439617,0.001308895,0.002333956,0.001869829,0.000159084,-0.001673332,-0.00238327,-0.001484992,0.000386197,0.001906309,0.002001707,0.000625096,-0.001202343
0.002899641,0.00172441,0.001317276,0.000966297,0.000582076,0.000176348,-0.000212963,-0.00054108,-0.000768817,-0.000870607,-0.000837317,-0.00067491,-0.000401904,-4.84E-05,0.000342952,0.000716503,0.001007549,0.001152672,0.001104953,0.000848778,0.000408533,-0.000152154,-0.000739589,-0.001244516,-0.001559199,-0.001596762,-0.001312761,-0.000725957,6.98E-05,0.000912662,0.00160503,0.001965313,0.0018842,0.001364074,0.000525975,-0.000420009,-0.001232243,-0.001705933,-0.001732977,-0.001335491,-0.000660682,6.68E-05,0.000624024,0.000872915,0.000812227,0.000568687,0.000325884,0.000222829,0.000276379,0.000374129,0.000347352,8.57E-05,-0.000374215,-0.000844319,-0.001077174,-0.00090847,-0.000368751,0.000306979,0.000789816,0.00083615,0.000437135,-0.000155097,-0.000555957,-0.000474439,8.97E-05,0.000806001,0.001180591,0.000856859,-0.000124569,-0.00128349,-0.00193924,-0.001618215,-0.000386038,0.001126409,0.002061107,0.001855041,0.000619716,-0.000890153,-0.001734289,-0.001396506,-0.000142553,0.001136588,0.001519955,0.000701921,-0.00076382,-0.00181809,-0.001631386,-0.00021684,0.001525603,0.002398905,0.001744462,-6.37E-05,-0.001837712,-0.002383948,-0.001343001,0.000540541,0.00193229,0.00185688,0.00040266,-0.001337573
0.000695721,0.000491009,0.000344699,0.000164544,-4.83E-05,-0.000269932,-0.000469678,-0.000615645,-0.000679687,-0.00064314,-0.000501498,-0.000266145,3.73E-05,0.000372593,0.000695864,0.000958057,0.001108125,0.001100309,0.000906121,0.00052754,5.37E-06,-0.000582497,-0.001133148,-0.001537528,-0.001700714,-0.0015609,-0.001106287,-0.000388421,0.000473464,0.001305223,0.001912557,0.002132888,0.001888434,0.001219295,0.000281126,-0.00069468,-0.001465905,-0.001848768,-0.001770601,-0.001290279,-0.000579316,0.000134414,0.000645425,0.000845148,0.000760072,0.000530755,0.000334991,0.000289798,0.000384917,0.000489379,0.00043391,0.000125605,-0.000373692,-0.000858422,-0.001083037,-0.000904577,-0.000381003,0.000239296,0.000642453,0.000626108,0.000228206,-0.000275911,-0.000522223,-0.000280774,0.000375799,0.001072193,0.001325778,0.000844562,-0.000247672,-0.001417498,-0.001993858,-0.001570743,-0.000296925,0.001153365,0.001951425,0.00162269,0.000371309,-0.001014345,-0.001648775,-0.001131795,0.000164133,0.001320467,0.001490044,0.000498864,-0.000993721,-0.001918327,-0.001538144,-1.47E-08,0.001712176,0.002424791,0.001593298,-0.000284145,-0.001974264,-0.002349239,-0.001179584,0.000691583,0.001936802,0.00169073,0.000175564,-0.001457808
-0.001503742,-0.000744213,-0.000627476,-0.000631688,-0.000666674,-0.000697462,-0.000702166,-0.000662908,-0.000563522,-0.000392757,-0.000150714,0.000146382,0.000466986,0.000770238,0.001013154,0.001155362,0.001161444,0.001004703,0.000675525,0.000192674,-0.000388823,-0.000980161,-0.001473393,-0.001763884,-0.00177299,-0.001465789,-0.000862593,-4.45E-05,0.00084933,0.001639464,0.00214177,0.002217622,0.001822392,0.001031459,2.90E-05,-0.000940784,-0.001643327,-0.001921945,-0.001741397,-0.00119481,-0.000471988,0.000203302,0.000649256,0.000789714,0.000678206,0.000465758,0.000320524,0.000335358,0.000473439,0.00058783,0.000511345,0.000168969,-0.000355068,-0.000842859,-0.001055687,-0.000873785,-0.000379814,0.000170663,0.000485305,0.000406071,1.54E-05,-0.000394653,-0.000487276,-9.58E-05,0.000638584,0.001305116,0.001441173,0.000821788,-0.000352876,-0.001509533,-0.001999582,-0.001489308,-0.000203709,0.001154953,0.001802437,0.001358768,0.000114222,-0.001124209,-0.001539842,-0.000852587,0.000466658,0.0014866,0.001444837,0.00029817,-0.001200875,-0.001988428,-0.001428158,0.000205705,0.001862368,0.00240824,0.001417779,-0.000497308,-0.002077469,-0.002276105,-0.000994804,0.000838023,0.001919954,0.001505967,-5.23E-05,-0.00156102
-0.003657844,-0.001956517,-0.001580672,-0.001409447,-0.001266105,-0.001105701,-0.000915731,-0.000692915,-0.000433426,-0.00013354,0.000202209,0.000553238,0.000882819,0.001146511,0.001303288,0.001322587,0.001185545,0.000885045,0.000430264,-0.000144087,-0.000770337,-0.001350998,-0.00177559,-0.001946299,-0.001802511,-0.00133682,-0.000600807,0.000297183,0.001201969,0.001932852,0.00231987,0.002250924,0.001714954,0.000820588,-0.000223676,-0.001165749,-0.00178388,-0.001951626,-0.001671864,-0.001070007,-0.000350278,0.000272059,0.000642304,0.000718113,0.000579284,0.000385136,0.000291959,0.000367401,0.000548699,0.000674702,0.000581899,0.000213287,-0.000326388,-0.000810052,-0.001008708,-0.000826706,-0.00036966,0.000103351,0.000325087,0.000183214,-0.000197093,-0.000510929,-0.000452321,8.14E-05,0.00088397,0.001514871,0.001536595,0.000792022,-0.000447052,-0.001575824,-0.001975686,-0.001387492,-0.000107772,0.001142487,0.001632168,0.001078823,-0.000145644,-0.001224658,-0.001418115,-0.000567487,0.000763612,0.001640086,0.001390189,0.000100023,-0.001392926,-0.002039748,-0.001308597,0.000403576,0.001989778,0.002366258,0.001228704,-0.000704662,-0.002159764,-0.002179946,-0.000797852,0.000981233,0.001890657,0.00131121,-0.000279317,-0.001653681
-0.005652558,-0.003083506,-0.002465476,-0.002126656,-0.001811077,-0.001465889,-0.001088979,-0.000692245,-0.00028441,0.000130912,0.00054538,0.000935112,0.001259623,0.001472558,0.001536572,0.001432448,0.001158924,0.000728714,0.00016895,-0.000471772,-0.001116369,-0.001662727,-0.00200212,-0.002047277,-0.001757922,-0.001154326,-0.000316923,0.000623669,0.001502891,0.002146243,0.002404148,0.002194542,0.001539546,0.00057652,-0.000469408,-0.001347439,-0.001856461,-0.001904995,-0.001534199,-0.000897571,-0.000206757,0.00033882,0.000616789,0.000620226,0.000453234,0.000279487,0.000239829,0.000375448,0.000599264,0.000739219,0.000638162,0.000257027,-0.000282404,-0.000749389,-0.000929362,-0.00075201,-0.000342706,4.19E-05,0.000165185,-3.82E-05,-0.00040385,-0.000620681,-0.00041876,0.000240832,0.001093506,0.00167949,0.00159441,0.000749137,-0.000522155,-0.00159782,-0.001901534,-0.001251464,-6.76E-06,0.001108711,0.001430675,0.000777681,-0.00040544,-0.001307715,-0.001277367,-0.000277966,0.001045228,0.001768449,0.001319185,-9.16E-05,-0.001556793,-0.002058179,-0.001173881,0.000585965,0.002077099,0.00228166,0.001018933,-0.000899513,-0.002205205,-0.002045202,-0.000581734,0.001118116,0.001841184,0.001101973,-0.000502614,-0.001727976
-0.007389727,-0.004068919,-0.003238437,-0.002749414,-0.002277383,-0.001763813,-0.001217481,-0.000665341,-0.00012819,0.000383774,0.000859409,0.001272752,0.001580892,0.001736855,0.001708038,0.001487204,0.001090691,0.000550225,-9.09E-05,-0.000772708,-0.001412226,-0.001906337,-0.002151454,-0.002073246,-0.001652543,-0.000935982,-2.94E-05,0.000919661,0.00174342,0.002279554,0.002403166,0.002063663,0.001314295,0.000315878,-0.000697174,-0.001482913,-0.001866614,-0.001794166,-0.001343492,-0.000691424,-5.07E-05,0.000400637,0.000575873,0.000503429,0.000309033,0.000157055,0.000170297,0.000363317,0.000626975,0.000781599,0.000678632,0.0002965,-0.000229277,-0.00066893,-0.00082586,-0.000655542,-0.000300185,-9.35E-06,1.40E-05,-0.00024854,-0.000597472,-0.000720845,-0.000387801,0.000379093,0.00126443,0.001798458,0.00161573,0.000693373,-0.000581499,-0.001583149,-0.001786833,-0.001088541,9.87E-05,0.001061326,0.001211428,0.000469004,-0.000657085,-0.001373754,-0.001124961,6.34E-06,0.001304624,0.001869918,0.001233795,-0.000274786,-0.001693389,-0.002047714,-0.001028125,0.000752464,0.002129378,0.002163028,0.000795974,-0.001079744,-0.002218148,-0.00187973,-0.000352724,0.001247789,0.001776059,0.000884534,-0.000718835,-0.001785973
-0.008932214,-0.004946924,-0.003926713,-0.003301132,-0.00268521,-0.002016296,-0.001314317,-0.000621072,3.10E-05,0.000625761,0.001150004,0.001576558,0.001860987,0.001956528,0.001835948,0.001504271,0.000995251,0.000358885,-0.00034663,-0.001052166,-0.001670917,-0.002101337,-0.002247167,-0.002048453,-0.001507398,-0.000695852,0.000257576,0.001191968,0.001940699,0.002357462,0.002344673,0.001883853,0.001057688,4.67E-05,-0.000910564,-0.001585854,-0.00183449,-0.001640999,-0.001118726,-0.000464438,0.000112201,0.000458417,0.00052478,0.000374822,0.000153888,2.45E-05,8.99E-05,0.000337961,0.000639208,0.000808665,0.000707861,0.000332348,-0.000170884,-0.000576127,-0.000707027,-0.000545029,-0.000247174,-5.30E-05,-0.000129882,-0.00044963,-0.000780651,-0.000813698,-0.000358707,0.000502187,0.0014081,0.001885591,0.001611828,0.000628672,-0.00063043,-0.001544235,-0.001645562,-0.000908197,0.000207132,0.001005639,0.000982017,0.000157404,-0.000901579,-0.00142786,-0.000965576,0.000285405,0.001547287,0.001952222,0.001138633,-0.000451618,-0.001811034,-0.002017659,-0.000875297,0.000907806,0.002158016,0.002022064,0.000565098,-0.001249352,-0.002209087,-0.001694154,-0.000115884,0.001372112,0.001700632,0.000662384,-0.000929482,-0.001832805
-0.010021809,-0.005573479,-0.004417427,-0.003689043,-0.002960984,-0.002169634,-0.001346183,-0.000546346,0.000187197,0.000833935,0.001380415,0.001800043,0.002048539,0.002080679,0.001875321,0.001449631,0.000853639,0.000153365,-0.000581448,-0.001276579,-0.001846216,-0.002194882,-0.002237235,-0.001929517,-0.001294684,-0.000426466,0.000529547,0.001406627,0.002047065,0.00232716,0.002180353,0.001619983,0.000753609,-0.000226619,-0.001087299,-0.001622801,-0.001723825,-0.001414294,-0.000839058,-0.000207689,0.000281106,0.000505601,0.000455916,0.000228749,-1.55E-05,-0.000120903,-6.52E-06,0.000290001,0.000622673,0.00080582,0.000713743,0.000358146,-0.000106869,-0.000465175,-0.000564331,-0.000411559,-0.000174916,-7.92E-05,-0.000253411,-0.000625434,-0.000937464,-0.000889289,-0.000333531,0.000593366,0.001496158,0.001909452,0.001558783,0.000546391,-0.000661202,-0.00146294,-0.001458933,-0.000699058,0.000320351,0.000938647,0.000742087,-0.000149821,-0.001125461,-0.001457956,-0.000797345,0.000546963,0.001751281,0.001994642,0.001025169,-0.000614366,-0.001891307,-0.00195113,-0.000711145,0.001040647,0.002143138,0.001842825,0.000324065,-0.00139598,-0.002159185,-0.001474392,0.000131454,0.001484409,0.001607395,0.000435273,-0.00112627,-0.00185832
-0.010742454,-0.005993962,-0.004746754,-0.003944618,-0.003132248,-0.002247267,-0.001331833,-0.000454475,0.000333271,0.001008012,0.001557446,0.001956866,0.0021632,0.002133388,0.001852405,0.001348853,0.000687561,-5.16E-05,-0.000790281,-0.001452235,-0.001955901,-0.002214636,-0.002155816,-0.001752196,-0.00104604,-0.000149728,0.000778773,0.001572173,0.002086569,0.002224345,0.001951132,0.001310479,0.000430603,-0.000490602,-0.001231225,-0.001612963,-0.001564092,-0.001146834,-0.000533658,5.84E-05,0.000446421,0.000542688,0.00037686,7.63E-05,-0.000187501,-0.000268218,-0.000108389,0.000230183,0.000588239,0.000782749,0.000702459,0.000374333,-4.34E-05,-0.000347436,-0.000411203,-0.000266987,-9.13E-05,-9.15E-05,-0.000358133,-0.000777589,-0.001070613,-0.000949857,-0.000310665,0.000661165,0.001544334,0.001889156,0.001472266,0.000452054,-0.000681361,-0.001357015,-0.001247255,-0.000475334,0.000435442,0.000867695,0.000503027,-0.000444814,-0.001328674,-0.001470306,-0.000626968,0.000789898,0.00192287,0.002006929,0.000899604,-0.000765622,-0.001945022,-0.00186059,-0.000541231,0.001157188,0.002100335,0.001641822,8.09E-05,-0.001524387,-0.002082734,-0.001235708,0.000381159,0.00158618,0.001503322,0.000208446,-0.001310382,-0.001868883
-0.011175982,-0.006253991,-0.004950459,-0.004097297,-0.003222417,-0.002266374,-0.001282034,-0.000349854,0.000470881,0.001155044,0.001692597,0.002061718,0.002221331,0.002130991,0.001781771,0.001213116,0.000503459,-0.000255308,-0.000978199,-0.001589638,-0.002014692,-0.00217764,-0.002019882,-0.001530851,-0.000770912,0.000131448,0.001009464,0.001699303,0.002074565,0.002066284,0.001673042,0.000967239,9.44E-05,-0.000746333,-0.001349336,-0.00156721,-0.001367305,-0.000849151,-0.000209745,0.000330461,0.000608217,0.000571753,0.000290189,-8.06E-05,-0.000360739,-0.000416257,-0.000213852,0.000161664,0.000540298,0.000744237,0.000677936,0.00038292,1.94E-05,-0.00022503,-0.000250655,-0.000114386,8.31E-07,-9.31E-05,-0.000448055,-0.000911076,-0.001185111,-0.000998585,-0.000289486,0.000710959,0.001561827,0.001834982,0.001360147,0.000348511,-0.000693527,-0.001232606,-0.001016955,-0.000240958,0.000551758,0.000793981,0.000265333,-0.000729581,-0.001515404,-0.001468886,-0.000455277,0.001017945,0.002069046,0.001995833,0.000764801,-0.000907866,-0.00197824,-0.001751695,-0.000367079,0.001261122,0.002036259,0.001424526,-0.000163341,-0.001638558,-0.001986035,-0.000982946,0.000632175,0.001679596,0.001391014,-1.78E-05,-0.001484431,-0.00186788
-0.010986865,-0.006164662,-0.004881219,-0.004028079,-0.003140207,-0.002164331,-0.001163026,-0.000226342,0.000581386,0.001235949,0.001731954,0.002052444,0.002159686,0.002016317,0.001618825,0.001015529,0.00029525,-0.000442308,-0.00111054,-0.001639512,-0.001965601,-0.00202749,-0.001782167,-0.001234796,-0.000460148,0.0004033,0.001187624,0.001740239,0.001958608,0.001805866,0.001313101,0.000577018,-0.000247327,-0.000969082,-0.00140728,-0.001450839,-0.00110684,-0.000507929,0.000132002,0.000597614,0.000751742,0.00058101,0.00019165,-0.000237738,-0.000525638,-0.000555088,-0.000317702,8.21E-05,0.000469284,0.000676601,0.000626447,0.000373223,7.46E-05,-0.000101503,-8.43E-05,4.66E-05,0.000105835,-7.27E-05,-0.000503479,-0.001000135,-0.001255681,-0.00101944,-0.000270297,0.000724539,0.001518024,0.001714511,0.001199102,0.000227553,-0.000692293,-0.00107822,-0.000759064,6.25E-06,0.000667375,0.000719025,4.08E-05,-0.000981765,-0.001660525,-0.001438166,-0.000285927,0.001207918,0.002157273,0.001934984,0.00061259,-0.001029577,-0.001969507,-0.00160782,-0.000187312,0.001338902,0.001932794,0.00118134,-0.000402948,-0.001721048,-0.001851457,-0.000709128,0.000878257,0.00175244,0.001263717,-0.000238004,-0.001633788,-0.001842859
-0.010467706,-0.00588935,-0.004666996,-0.003841933,-0.002968594,-0.002001354,-0.001011706,-9.78E-05,0.000672516,0.001277512,0.001717672,0.00198183,0.002036116,0.001846205,0.001413281,0.000793105,8.28E-05,-0.000612565,-0.001207506,-0.00164026,-0.001860598,-0.00182287,-0.001499769,-0.000910946,-0.000142998,0.000659211,0.001330609,0.001733494,0.001791642,0.00150093,0.000923509,0.000177035,-0.000578505,-0.001165178,-0.001430369,-0.001300762,-0.000822009,-0.000156409,0.000469934,0.000851169,0.000878832,0.000577958,8.94E-05,-0.000389437,-0.000679269,-0.000682305,-0.000414895,1.25E-06,0.000389508,0.000595804,0.000561467,0.000352734,0.00012265,1.75E-05,7.91E-05,0.00020663,0.000214115,-4.16E-05,-0.000539274,-0.001063023,-0.001300306,-0.001023592,-0.000250873,0.000720348,0.001444085,0.001562244,0.001015441,9.89E-05,-0.000685621,-0.000913029,-0.000493527,0.000254115,0.000779964,0.000645382,-0.000171293,-0.001210212,-0.001779218,-0.001391317,-0.000120566,0.001373715,0.002211927,0.001847257,0.000452425,-0.001139091,-0.001938712,-0.001447188,-6.53E-06,0.001402681,0.001811166,0.000929149,-0.000635762,-0.001785335,-0.001699284,-0.000429288,0.001116657,0.00181191,0.001129376,-0.000452009,-0.00176747,-0.001804641
-0.009638285,-0.005439205,-0.004316485,-0.003545867,-0.002712935,-0.001781093,-0.000830015,3.54E-05,0.000745428,0.001282091,0.001652964,0.001853552,0.001854332,0.001623978,0.001167695,0.000547338,-0.000133574,-0.000767076,-0.001271213,-0.001594824,-0.001703035,-0.001567048,-0.001175372,-0.000560975,0.000180147,0.000900128,0.001440521,0.001681924,0.001576726,0.001154151,0.00050605,-0.000232115,-0.00089973,-0.001336211,-0.001420693,-0.001119001,-0.000514278,0.000204782,0.000804269,0.001091933,0.000990471,0.000563334,-1.63E-05,-0.000536033,-0.000822303,-0.000798602,-0.000505829,-8.08E-05,0.000301497,0.000502636,0.000483805,0.000322101,0.000163924,0.000132318,0.000239782,0.000365715,0.000325471,-4.94E-07,-0.000556615,-0.001101303,-0.001320537,-0.001012039,-0.000231228,0.000699451,0.001341817,0.001380089,0.000810525,-3.69E-05,-0.000673837,-0.000737685,-0.000220809,0.0005026,0.000889703,0.000572977,-0.000371557,-0.001416336,-0.001873063,-0.001329307,4.10E-05,0.00151678,0.002235018,0.001734261,0.000284785,-0.001237136,-0.001887176,-0.001270808,0.000175216,0.001453295,0.001672467,0.000668501,-0.000862183,-0.001832508,-0.001530573,-0.000143795,0.001347828,0.001858804,0.000988414,-0.000660206,-0.00188641,-0.001754018
-0.008258265,-0.004677284,-0.003723502,-0.003056013,-0.00231183,-0.001465399,-0.000602753,0.000167394,0.000776436,0.001212815,0.001493241,0.001621233,0.001572098,0.001316908,0.000863023,0.000275257,-0.000340638,-0.000878427,-0.001264377,-0.001461908,-0.00145427,-0.001230544,-0.000793901,-0.000187145,0.00048985,0.001092965,0.00147707,0.001546241,0.001283868,0.000751328,6.54E-05,-0.000628092,-0.001176489,-0.001444065,-0.001346094,-0.000887399,-0.000183737,0.000558119,0.001105706,0.001287619,0.001060573,0.000524025,-0.000123292,-0.00066227,-0.000932391,-0.000881616,-0.00057388,-0.000155813,0.000205262,0.000391471,0.000384898,0.000271351,0.000187139,0.000229937,0.000383918,0.000512087,0.000434645,5.60E-05,-0.000538573,-0.001090055,-0.001291075,-0.000967743,-0.000208279,0.00065108,0.001192516,0.001150018,0.000573673,-0.000182042,-0.000654948,-0.000552893,5.16E-05,0.00073957,0.000987732,0.00050526,-0.000540305,-0.001569107,-0.001912323,-0.001237613,0.000190815,0.001610234,0.002194177,0.001573625,0.000106215,-0.001310639,-0.001796787,-0.001068319,0.00035471,0.001478529,0.001506622,0.000400959,-0.00106816,-0.001844654,-0.001335625,0.000142008,0.001554937,0.001876549,0.000836281,-0.000851788,-0.001972181,-0.001678505
-0.006673183,-0.00379849,-0.003039896,-0.002494582,-0.00185836,-0.00111723,-0.000362652,0.000294183,0.000787058,0.001111922,0.001295346,0.00134926,0.0012538,0.000981962,0.00054224,8.70E-07,-0.000536061,-0.000966052,-0.00122541,-0.001293499,-0.001172393,-0.000868897,-0.000399759,0.000184376,0.000782437,0.001256958,0.001478652,0.001376604,0.000965251,0.000336558,-0.000370714,-0.001004215,-0.001422877,-0.001518534,-0.001243465,-0.00064014,0.0001464,0.000895745,0.001381136,0.001454754,0.001107677,0.000473224,-0.000228156,-0.000774952,-0.001022703,-0.000944895,-0.000627307,-0.000223776,0.000109021,0.000275417,0.000278631,0.000212096,0.00020071,0.000316368,0.000515919,0.00064789,0.000538822,0.000116789,-0.000505964,-0.001057038,-0.001239342,-0.000908359,-0.000182536,0.000593259,0.001026761,0.000904169,0.000327685,-0.000328608,-0.000633839,-0.000368425,0.000317366,0.000965455,0.001077349,0.000440033,-0.000691931,-0.001694432,-0.001925049,-0.001132822,0.000333522,0.001679773,0.002124488,0.001393129,-7.52E-05,-0.001372102,-0.00168989,-0.000856454,0.00053118,0.001492481,0.0013314,0.000134642,-0.001261484,-0.001840538,-0.001131819,0.000422974,0.001746689,0.001879096,0.000679872,-0.001033606,-0.002041117,-0.001591442
-0.004840072,-0.002778276,-0.002246659,-0.001846641,-0.001341716,-0.000730055,-0.00010739,0.000414244,0.000772603,0.000972423,0.001051032,0.001029243,0.000892005,0.000613636,0.000202499,-0.000275635,-0.000716675,-0.001024298,-0.001147058,-0.001081904,-0.000850542,-0.000477279,8.94E-06,0.000552102,0.001053237,0.001385084,0.001437263,0.001165667,0.000615775,-9.19E-05,-0.000800204,-0.001354987,-0.001631295,-0.001551747,-0.001106591,-0.000374205,0.000475251,0.001213224,0.001623879,0.001586307,0.001126297,0.000408319,-0.000330254,-0.000870704,-0.001088426,-0.000983651,-0.000662504,-0.000282752,1.30E-05,0.000153613,0.000163513,0.000142463,0.000202359,0.000388842,0.00063271,0.000770385,0.00063658,0.000182595,-0.000455613,-0.000997396,-0.001160339,-0.000830469,-0.000153273,0.000524078,0.000841203,0.000639426,7.09E-05,-0.000476711,-0.000610081,-0.000184693,0.00057452,0.001177323,0.001156431,0.000377889,-0.000822361,-0.00178588,-0.001905129,-0.001012013,0.000467437,0.001719899,0.00201946,0.001188429,-0.000259882,-0.001418743,-0.001562846,-0.000633285,0.000703791,0.001492623,0.001144907,-0.000129849,-0.001439048,-0.001816468,-0.000917389,0.000697641,0.001919289,0.001862873,0.000518284,-0.001203286,-0.002089293,-0.001490212
-0.002760532,-0.001615581,-0.00134363,-0.001114246,-0.000766955,-0.000312108,0.000152126,0.000515131,0.00072067,0.000783726,0.000753205,0.000658987,0.000490368,0.000221749,-0.00014073,-0.000534619,-0.000861078,-0.00103309,-0.001013912,-0.000819409,-0.00049085,-6.85E-05,0.00040972,0.000886611,0.001270278,0.001448299,0.001332407,0.000906091,0.000243703,-0.000510584,-0.001188329,-0.001640648,-0.001764746,-0.001517039,-0.00092473,-9.69E-05,0.000779255,0.001476338,0.001796898,0.001650472,0.001096022,0.000323091,-0.00042258,-0.000933202,-0.001109137,-0.000978092,-0.000663276,-0.000321046,-7.50E-05,3.06E-05,4.10E-05,6.01E-05,0.000184755,0.000434908,0.000718356,0.000863641,0.000716224,0.000249172,-0.000383753,-0.000901737,-0.001043298,-0.000725847,-0.000116377,0.000444951,0.000637725,0.000360616,-0.000189317,-0.000620129,-0.000583687,-1.11E-05,0.000805627,0.001356121,0.001212876,0.000319944,-0.000917069,-0.001822079,-0.001834498,-0.000868818,0.000585166,0.001714702,0.001863972,0.000952961,-0.000444129,-0.001441285,-0.001408559,-0.000399015,0.000866042,0.001472483,0.000947693,-0.000382667,-0.001586369,-0.001762273,-0.000693793,0.000952442,0.002054201,0.001814754,0.000350722,-0.001350308,-0.002102959,-0.001367367
-0.000620735,-0.00041682,-0.000413206,-0.000362126,-0.000180877,0.000108374,0.000405905,0.00060349,0.000651679,0.000576177,0.000437618,0.000274826,8.10E-05,-0.000169927,-0.000475219,-0.000777005,-0.000983091,-0.001016989,-0.00085742,-0.000539315,-0.00012295,0.000336792,0.000794559,0.001194465,0.001453869,0.001477036,0.001198728,0.000629606,-0.000128988,-0.000912356,-0.001544369,-0.001885035,-0.001856112,-0.00144845,-0.00072472,0.000178628,0.001062246,0.001704269,0.001929061,0.001677658,0.001040626,0.000228907,-0.000507929,-0.000976956,-0.001105627,-0.000948982,-0.000645353,-0.000346994,-0.000156285,-9.00E-05,-8.24E-05,-2.69E-05,0.000157912,0.000466661,0.000786178,0.000939422,0.000783801,0.000313159,-0.000304088,-0.000790958,-0.000909729,-0.00060924,-7.51E-05,0.000363937,0.000430613,8.11E-05,-0.000445657,-0.000758111,-0.000556228,0.000154157,0.001019136,0.001514241,0.00125556,0.0002635,-0.000993548,-0.001830507,-0.001739257,-0.000715744,0.000693995,0.001687592,0.001685751,0.000705417,-0.000625641,-0.00145136,-0.001242431,-0.000161946,0.001021254,0.001442585,0.00074769,-0.000626344,-0.001716527,-0.001693543,-0.000468536,0.001193489,0.002167398,0.001749834,0.000181071,-0.001484582,-0.00209864,-0.001233966
0.001575912,0.000817056,0.000543556,0.000407809,0.000413356,0.000526884,0.000648336,0.000673154,0.000559671,0.000344857,0.000101175,-0.000123879,-0.000333718,-0.000556177,-0.000793058,-0.000992939,-0.001072119,-0.000966179,-0.000670183,-0.000238101,0.000251783,0.000731834,0.001152084,0.00146093,0.001588106,0.001456937,0.00102619,0.000332766,-0.000497966,-0.001285357,-0.001850885,-0.002068268,-0.001886955,-0.001332752,-0.00050132,0.000448699,0.001312323,0.001879822,0.002001816,0.001651992,0.000949991,0.000122782,-0.000582675,-0.000993725,-0.001067682,-0.000886512,-0.000600786,-0.000354907,-0.000227201,-0.000205838,-0.000205804,-0.000119403,0.000118382,0.000478026,0.000828237,0.000989668,0.000833302,0.000372271,-0.000214824,-0.00066038,-0.000754234,-0.00047655,-2.74E-05,0.000281621,0.00022073,-0.000196533,-0.000694207,-0.000887204,-0.000527397,0.000306606,0.0012062,0.001641818,0.001278056,0.000208891,-0.001044502,-0.001800236,-0.001610096,-0.000549494,0.00079009,0.001630311,0.001476979,0.000442494,-0.00080227,-0.001443911,-0.001060597,7.78E-05,0.001165874,0.001399274,0.000544917,-0.00085588,-0.001821928,-0.001604816,-0.000242227,0.001413757,0.002249154,0.001661181,8.91E-06,-0.001600509,-0.002068982,-0.001085993
0.00368621,0.002006405,0.001464313,0.001144194,0.000974634,0.000912787,0.000859564,0.000715111,0.000446106,0.000100769,-0.000237117,-0.000512211,-0.00072563,-0.000908101,-0.001067659,-0.001160969,-0.001114339,-0.00087632,-0.00045823,6.82E-05,0.000608935,0.001086845,0.001450953,0.001657555,0.00165173,0.001377441,0.000816962,3.05E-05,-0.000837739,-0.001597708,-0.002075096,-0.002162429,-0.001839076,-0.001164374,-0.000261908,0.000695236,0.001505139,0.001977633,0.001993712,0.001559325,0.00081843,6.45E-06,-0.000640207,-0.000974943,-0.000987008,-0.000783571,-0.000523311,-0.000338417,-0.000280557,-0.000309337,-0.000322455,-0.00021335,6.60E-05,0.000464212,0.000836093,0.00100429,0.000855113,0.000418746,-0.000121625,-0.000514081,-0.00057973,-0.000329077,2.84E-05,0.000204478,1.98E-05,-0.000457244,-0.000920313,-0.000998112,-0.000496788,0.000437437,0.001352308,0.001724334,0.001271159,0.000154571,-0.001065437,-0.001725113,-0.001443628,-0.000371272,0.000869351,0.001539746,0.001238832,0.000169986,-0.000966663,-0.001414525,-0.000864447,0.000314052,0.001293177,0.001340512,0.000344435,-0.001061317,-0.001893473,-0.001493678,-2.13E-05,0.001600847,0.002287417,0.001542843,-0.000163853,-0.001691292,-0.002007666,-0.000921505
0.005697434,0.003142222,0.00234266,0.001843919,0.001503845,0.001271189,0.001048448,0.000740849,0.000323491,-0.000144411,-0.000568243,-0.00088542,-0.001095406,-0.001232503,-0.001311706,-0.001298494,-0.001129732,-0.000767082,-0.000237678,0.000370015,0.000947983,0.001411386,0.001710332,0.001810852,0.001674663,0.001266754,0.000592074,-0.000268021,-0.001153717,-0.001869398,-0.002248491,-0.002204743,-0.001748075,-0.000969904,-1.84E-05,0.000923572,0.001661883,0.002029712,0.001940142,0.001430559,0.000666138,-0.000113617,-0.000687057,-0.000936446,-0.000883596,-0.000659519,-0.000428569,-0.000308462,-0.000323146,-0.000404092,-0.00043311,-0.00030607,7.98E-06,0.000437126,0.00082498,0.000998544,0.000860332,0.000456254,-2.90E-05,-0.000362288,-0.000397802,-0.000175526,8.85E-05,0.000132155,-0.00017245,-0.000703931,-0.001129938,-0.001096608,-0.000464964,0.000554871,0.001473638,0.001780077,0.001246853,9.97E-05,-0.00107071,-0.001626789,-0.0012586,-0.00018812,0.000939032,0.001432458,0.000987645,-0.000104391,-0.001122127,-0.001372978,-0.000662194,0.000545921,0.001409443,0.001273504,0.000146961,-0.001251474,-0.001945462,-0.001371029,0.000194475,0.001767423,0.002300503,0.001408311,-0.000335978,-0.001767433,-0.001928927,-0.000748554
0.007498671,0.004163292,0.003130551,0.0024669,0.0019681,0.001576503,0.001197041,0.00074039,0.000189922,-0.000384795,-0.000879306,-0.001224885,-0.001420412,-0.001504795,-0.001500994,-0.0013842,-0.001102373,-0.00063012,-9.27E-06,0.000657089,0.001249741,0.00167946,0.001900608,0.00189163,0.001632517,0.001109355,0.00034788,-0.000553329,-0.001424357,-0.002070095,-0.002337073,-0.002163592,-0.001590453,-0.00073817,0.000226383,0.001117945,0.00175772,0.002007678,0.001815043,0.001246689,0.000483681,-0.00023738,-0.000716021,-0.000867225,-0.000745793,-0.000504019,-0.000307983,-0.0002576,-0.000347839,-0.000483167,-0.000531992,-0.000394672,-5.74E-05,0.000390104,0.000784306,0.000960393,0.000838355,0.000477669,6.00E-05,-0.000205434,-0.000207699,-1.48E-05,0.000154857,6.95E-05,-0.000346861,-0.000923745,-0.00130949,-0.001173231,-0.000430997,0.000649885,0.001554104,0.001792164,0.001194215,4.31E-05,-0.001052642,-0.001494128,-0.001046974,8.50E-07,0.000993512,0.001300994,0.000719675,-0.000377924,-0.001261344,-0.001312485,-0.000452438,0.000768407,0.001506948,0.001194002,-4.39E-05,-0.001415724,-0.001966122,-0.001231442,0.000400008,0.001899724,0.002273208,0.001248839,-0.000506048,-0.001819992,-0.001823184,-0.000563187
0.008971907,0.005002751,0.003776113,0.002971849,0.002336535,0.001808536,0.001295744,0.000714074,5.44E-05,-0.000604591,-0.001150078,-0.001508582,-0.001679526,-0.001707251,-0.00162324,-0.001412635,-0.001034186,-0.00047435,0.000212413,0.000911315,0.001495351,0.001874344,0.002009836,0.001894635,0.001527549,0.000914528,9.89E-05,-0.000808454,-0.001633547,-0.002187707,-0.002335087,-0.002040455,-0.00137417,-0.000481353,0.000459193,0.001267486,0.001786659,0.001911511,0.001623719,0.001016195,0.000279772,-0.000358697,-0.000725296,-0.000770054,-0.000579669,-0.00032419,-0.000167361,-0.000188652,-0.000353962,-0.000542992,-0.000613893,-0.000473618,-0.000125055,0.000327147,0.000716901,0.000891159,0.000788359,0.000479322,0.000138385,-5.25E-05,-1.86E-05,0.000146332,0.000225583,2.01E-05,-0.000495147,-0.001106524,-0.001450215,-0.001222925,-0.00039395,0.000720682,0.001591289,0.001758997,0.001112342,-1.68E-05,-0.001015353,-0.001333942,-0.000816451,0.000190284,0.001032729,0.001151362,0.000444841,-0.000640985,-0.001379042,-0.001233862,-0.000240574,0.000975288,0.001582363,0.001103055,-0.000224268,-0.001550442,-0.001954974,-0.001078118,0.000590383,0.001994174,0.002205205,0.001066914,-0.000671118,-0.001848022,-0.001692184,-0.000368222
0.010217212,0.00571561,0.004322611,0.003395104,0.002639345,0.001991279,0.001361971,0.000672315,-7.99E-05,-0.00080789,-0.001391358,-0.001753026,-0.001893547,-0.001863131,-0.001702007,-0.001405234,-0.000941965,-0.000309595,0.000426264,0.00114109,0.001702303,0.002020882,0.002067235,0.001849519,0.001385398,0.000699611,-0.000149159,-0.001040997,-0.001801568,-0.002252182,-0.002277115,-0.001868398,-0.001124711,-0.000212684,0.000681293,0.00138714,0.00177373,0.001770723,0.001393983,0.000759977,6.54E-05,-0.000476772,-0.000722132,-0.000656756,-0.000398161,-0.000131738,-1.64E-05,-0.000109726,-0.000348827,-0.000590299,-0.000684135,-0.000545191,-0.000192743,0.000255695,0.000634146,0.000803543,0.000721286,0.000468167,0.000208816,9.58E-05,0.000167465,0.00030587,0.000298252,-2.03E-05,-0.000625591,-0.00126427,-0.001565079,-0.001254875,-0.000354697,0.000776363,0.001601578,0.001697934,0.001012509,-7.91E-05,-0.000967343,-0.001158716,-0.000576446,0.00037851,0.001062495,0.000992118,0.000168388,-0.000895078,-0.001482122,-0.0011443,-2.88E-05,0.001170921,0.001643264,0.00100525,-0.000397195,-0.001666147,-0.001924187,-0.000917151,0.000770266,0.002064581,0.00211227,0.000871998,-0.000832231,-0.00186068,-0.001546148,-0.000168194
0.011008993,0.006175692,0.004671631,0.003656511,0.002813671,0.00207947,0.001368315,0.000605281,-0.000206435,-0.000973626,-0.00157072,-0.001918273,-0.002019331,-0.001930559,-0.001700988,-0.00133511,-0.0008113,-0.0001358,0.000617686,0.001318704,0.001833109,0.002076652,0.00203122,0.001721464,0.001183266,0.000457532,-0.000386249,-0.001225127,-0.001890983,-0.002220868,-0.002122783,-0.001616419,-0.000825654,6.75E-05,0.000876879,0.001450065,0.00168748,0.00155607,0.001104284,0.000467023,-0.000160227,-0.000585056,-0.000696906,-0.000518501,-0.000195335,7.66E-05,0.000147421,-1.66E-05,-0.000324854,-0.000614549,-0.000731478,-0.000600654,-0.000256946,0.000172909,0.000527825,0.000686312,0.000625416,0.000433535,0.000261814,0.000230813,0.000342502,0.000458076,0.000372433,-4.41E-05,-0.000721196,-0.001373705,-0.001630903,-0.001253617,-0.000310925,0.000805663,0.00156522,0.001589052,0.000882053,-0.000146297,-0.000903696,-0.000962407,-0.000325483,0.000561001,0.001075951,0.000820279,-0.000104449,-0.001127644,-0.001556828,-0.001036573,0.000179218,0.001343274,0.001677084,0.00089618,-0.000555175,-0.001747272,-0.001859649,-0.000745108,0.000929349,0.002092027,0.001976999,0.000656907,-0.000984402,-0.001846372,-0.001375645,3.84E-05
0.011389126,0.006405286,0.004841014,0.00377194,0.002873971,0.002086149,0.001326038,0.00052188,-0.000319219,-0.001099554,-0.001689981,-0.002010333,-0.00206686,-0.001922839,-0.001635688,-0.001218403,-0.000657035,3.56E-05,0.00078051,0.001444717,0.001895697,0.002056539,0.001922076,0.00153353,0.000943549,0.000206258,-0.000602253,-0.001360959,-0.001912822,-0.00211437,-0.001898952,-0.001312867,-0.000501516,0.00034325,0.001041688,0.001464346,0.00154638,0.001292245,0.000780197,0.000158623,-0.000383813,-0.000679773,-0.000654459,-0.000366115,1.53E-05,0.000287452,0.000312863,8.22E-05,-0.000288306,-0.000619987,-0.00075803,-0.000639334,-0.000313461,8.67E-05,0.00040847,0.00055051,0.000509675,0.000380183,0.000297372,0.000348723,0.000501256,0.000598123,0.000444505,-5.42E-05,-0.000785939,-0.001440518,-0.001654229,-0.001223976,-0.000262661,0.000815016,0.001493897,0.001445167,0.000729639,-0.000217705,-0.000831853,-0.00075684,-7.39E-05,0.000733729,0.001076668,0.000644165,-0.00036573,-0.001335407,-0.0016055,-0.00091598,0.000379528,0.001492312,0.001687172,0.000779042,-0.00069897,-0.001799669,-0.001769553,-0.000567422,0.001069066,0.002085029,0.001810873,0.000430082,-0.001126353,-0.001810638,-0.001188627,0.000246605
0.011478847,0.006472113,0.00488361,0.003784528,0.002854224,0.002035973,0.001250326,0.000427922,-0.000421326,-0.001196534,-0.001766247,-0.002050564,-0.002059459,-0.001862873,-0.001526265,-0.001070389,-0.000487824,0.000203605,0.000921906,0.001533672,0.001910274,0.001983849,0.001763081,0.001305664,0.000679858,-4.92E-05,-0.000801669,-0.001462011,-0.001887502,-0.001956556,-0.001628775,-0.000976102,-0.000162738,0.000613556,0.001183672,0.001444646,0.001368292,0.000996422,0.000434932,-0.000157866,-0.000603982,-0.000764091,-0.000600213,-0.000205048,0.000229657,0.00049827,0.000477812,0.0001838,-0.000243602,-0.000612441,-0.000769843,-0.000665772,-0.000363821,-9.87E-07,0.000281174,0.000402856,0.000380878,0.000314052,0.000320419,0.000453861,0.00064752,0.000728655,0.00051445,-5.50E-05,-0.000828996,-0.001477325,-0.001647715,-0.001174449,-0.000211147,0.000810805,0.00139886,0.001277723,0.000562584,-0.000291948,-0.000754982,-0.000546118,0.00017667,0.00089876,0.001068541,0.000466013,-0.000617564,-0.001524696,-0.001635555,-0.000786755,0.00057364,0.001624352,0.00168041,0.000656434,-0.000832567,-0.001831958,-0.001661959,-0.000386346,0.00119492,0.002054179,0.00162393,0.000195955,-0.001260609,-0.001760018,-0.000990688,0.000455207
0.011002505,0.006220747,0.004678757,0.003597543,0.002680811,0.001878822,0.001114499,0.000319168,-0.000496815,-0.001232043,-0.001755253,-0.001988608,-0.001946602,-0.001705614,-0.001338022,-0.000870471,-0.00029942,0.000355795,0.001014233,0.001546565,0.001831952,0.001814304,0.001517112,0.001013498,0.000384318,-0.000298904,-0.000958756,-0.001491166,-0.001773282,-0.001708819,-0.001283959,-0.000593152,0.000186702,0.000859645,0.001274676,0.001360701,0.0011281,0.000653982,6.64E-05,-0.000473685,-0.000805915,-0.000823301,-0.000525034,-3.46E-05,0.00044059,0.000697811,0.000632189,0.000283777,-0.00018717,-0.00058127,-0.00075252,-0.000666022,-0.000397909,-8.53E-05,0.000145736,0.00023941,0.000232273,0.00022553,0.000317869,0.00052976,0.000763566,0.000835142,0.000576489,-3.94E-05,-0.00083029,-0.00145602,-0.001583867,-0.001086998,-0.000152852,0.000783116,0.001263176,0.001071013,0.000371995,-0.000370952,-0.000672723,-0.000333424,0.000417044,0.001044014,0.001044009,0.000289646,-0.000843378,-0.001672263,-0.001627865,-0.00064332,0.000751315,0.001720014,0.001640179,0.000524498,-0.000945136,-0.001825986,-0.001523411,-0.000202158,0.001292552,0.001979446,0.001402006,-4.66E-05,-0.00137701,-0.00168175,-0.000775769,0.000660356
0.010186083,0.005777426,0.004325005,0.003291441,0.002417091,0.001660616,0.000946754,0.000206303,-0.000551497,-0.001226424,-0.001688935,-0.001864266,-0.001771713,-0.001493655,-0.001108374,-0.000646924,-0.000107738,0.000490651,0.001070946,0.001510467,0.001698248,0.001591106,0.00122726,0.000693913,8.21E-05,-0.000533701,-0.001081865,-0.0014734,-0.001607839,-0.001415202,-0.000907259,-0.000198002,0.000527341,0.00107936,0.001329085,0.001239333,0.000858663,0.000296713,-0.000300684,-0.000774774,-0.000986517,-0.000862793,-0.000438701,0.000135073,0.000640154,0.000880637,0.00077157,0.000376563,-0.000127258,-0.000537108,-0.000717001,-0.000648268,-0.000418475,-0.000162359,1.15E-05,7.26E-05,7.66E-05,0.000125897,0.000299115,0.000584425,0.00085619,0.000921996,0.000630062,-1.56E-05,-0.000806678,-0.001399434,-0.001485457,-0.000976924,-9.01E-05,0.000743218,0.001106936,0.00084572,0.000171467,-0.000451605,-0.000590161,-0.000125872,0.000644131,0.001172621,0.001009464,0.000118812,-0.001046743,-0.00178892,-0.001595226,-0.000493169,0.000914877,0.001789856,0.001578154,0.000387717,-0.001043423,-0.001796507,-0.001367812,-1.88E-05,0.00137142,0.001879292,0.001162911,-0.000289405,-0.001479331,-0.001586908,-0.000553792,0.000859372
0.009100544,0.005182161,0.003853409,0.00289113,0.002082034,0.001394295,0.000754007,9.05E-05,-0.00058942,-0.001188003,-0.00157866,-0.001690493,-0.001547816,-0.001238641,-0.000846326,-0.000405139,8.60E-05,0.000611307,0.001099095,0.001435394,0.001520734,0.00132572,0.000903191,0.000353314,-0.000224759,-0.000755946,-0.001177544,-0.001418257,-0.001401979,-0.001085764,-0.000506121,0.000205836,0.000860057,0.001277448,0.001354133,0.001088397,0.000566565,-7.15E-05,-0.000665675,-0.001063284,-0.001149559,-0.000886363,-0.000343615,0.000303753,0.000830117,0.001049585,0.000898516,0.000463253,-6.48E-05,-0.000482728,-0.000667022,-0.000616109,-0.0004281,-0.00023349,-0.000121448,-9.65E-05,-8.43E-05,1.76E-05,0.0002675,0.000622056,0.000929933,0.000992961,0.000676673,1.45E-05,-0.000763354,-0.001314867,-0.001359645,-0.000848929,-2.39E-05,0.000693742,0.000934626,0.000606007,-3.67E-05,-0.000533454,-0.0005075,7.72E-05,0.000860242,0.001287712,0.000966938,-4.74E-05,-0.001231891,-0.001880692,-0.001542647,-0.000337801,0.001066968,0.001838945,0.001498714,0.000247134,-0.001130265,-0.001748321,-0.001198756,0.000163642,0.001435277,0.001759009,0.000910421,-0.000531967,-0.001570245,-0.001478889,-0.000326399,0.001053252
0.007538103,0.004316315,0.003172635,0.002325268,0.001624001,0.001048111,0.000523935,-2.27E-05,-0.000589637,-0.001084427,-0.001385594,-0.0014274,-0.00123922,-0.000913548,-0.000536751,-0.000143613,0.000269739,0.000693704,0.001066237,0.00128552,0.001266034,0.000992902,0.000532301,-5.82E-06,-0.000518776,-0.00093634,-0.001209874,-0.001290099,-0.00112761,-0.000706082,-8.33E-05,0.000598781,0.00115264,0.00141653,0.001316235,0.000886304,0.000247503,-0.00043672,-0.001000408,-0.001304417,-0.00126296,-0.00087308,-0.000235059,0.000459657,0.000986638,0.00117623,0.000988006,0.000528156,-3.89E-06,-0.000411883,-0.000589733,-0.000554194,-0.000411873,-0.000285456,-0.000241908,-0.000259277,-0.000246044,-0.00010156,0.00021199,0.000623197,0.000960713,0.001026079,0.000703833,5.25E-05,-0.000684926,-0.001179007,-0.001183893,-0.000688793,4.89E-05,0.00062952,0.000739194,0.000348538,-0.000250897,-0.000614362,-0.000428503,0.000262251,0.001044221,0.001369443,0.000908722,-0.000198161,-0.001372281,-0.001916709,-0.001449327,-0.000175911,0.001190407,0.001842522,0.001383871,0.000100791,-0.001192766,-0.001664059,-0.001006953,0.00034003,0.001468055,0.001602765,0.000639627,-0.000765381,-0.001633661,-0.001345976,-9.43E-05,0.001230139
0.005801966,0.003351066,0.002415473,0.00170006,0.001123447,0.000676346,0.000284762,-0.000129758,-0.00057097,-0.000952577,-0.00115918,-0.001130616,-0.000901123,-0.000566917,-0.00021623,0.000116999,0.000440882,0.00075366,0.001004353,0.001104563,0.000983348,0.000640118,0.000153205,-0.000359627,-0.000794543,-0.001088619,-0.001209322,-0.001130651,-0.00083002,-0.000316478,0.000333575,0.00097054,0.001413327,0.001520236,0.001247855,0.000666037,-7.29E-05,-0.00078627,-0.001306491,-0.001511451,-0.001345704,-0.000840378,-0.00012282,0.00060356,0.001119874,0.001275461,0.001053431,0.000577807,5.26E-05,-0.000335889,-0.000501157,-0.000478538,-0.000382006,-0.00032494,-0.000351274,-0.000412938,-0.000402392,-0.000221639,0.000147206,0.000606853,0.000969306,0.001038613,0.000718876,9.13E-05,-0.000593301,-0.001022788,-0.000988511,-0.000516467,0.000124205,0.000560844,0.000538301,8.95E-05,-0.000462291,-0.000692341,-0.000352821,0.000434076,0.00120775,0.001432098,0.000843155,-0.000338657,-0.001487581,-0.001923811,-0.001336877,-1.34E-05,0.001297246,0.001822726,0.00125237,-4.70E-05,-0.001242985,-0.001563695,-0.000806917,0.000511065,0.001485761,0.001432297,0.00036531,-0.000989319,-0.001681406,-0.001202232,0.000136447,0.001395003
0.003887695,0.002283876,0.001579971,0.001013985,0.000579277,0.000278337,3.62E-05,-0.000230632,-0.000532944,-0.000791739,-0.000898571,-0.000799283,-0.000532769,-0.00019819,0.000115531,0.00037669,0.000599159,0.000790619,0.000912714,0.000891733,0.000671963,0.00026685,-0.000234325,-0.000707989,-0.001051622,-0.001212092,-0.001175068,-0.000939121,-0.000508608,8.33E-05,0.000744237,0.001320607,0.001641336,0.00158769,0.001148227,0.000427131,-0.000394811,-0.001119753,-0.001583226,-0.001683548,-0.001397029,-0.000787772,-6.80E-06,0.000735172,0.001229251,0.001346597,0.001094196,0.000611826,0.000104688,-0.000254611,-0.000401005,-0.000388792,-0.00033816,-0.000351631,-0.000449277,-0.000557265,-0.000553204,-0.000342633,7.29E-05,0.000572585,0.000955157,0.001030049,0.000721499,0.000130847,-0.000488146,-0.000845692,-0.000772997,-0.000331636,0.000201968,0.000487602,0.000331799,-0.000171189,-0.000670782,-0.000767321,-0.000280533,0.000592399,0.00135033,0.001475203,0.00077005,-0.000468625,-0.001577171,-0.001901277,-0.001204813,0.000149836,0.001387079,0.001778972,0.001103787,-0.000196365,-0.001280619,-0.00144682,-0.00059843,0.000676624,0.001488022,0.001247241,8.74E-05,-0.001203559,-0.001713092,-0.001047378,0.000365757,0.001547553
0.001802004,0.001116277,0.000668586,0.000271983,-6.85E-07,-0.000135475,-0.000209217,-0.000311906,-0.000462472,-0.000590759,-0.000596393,-0.000431492,-0.000138837,0.000181152,0.000441051,0.000613732,0.000721116,0.000782479,0.000773934,0.000637613,0.000332991,-0.000114029,-0.000606305,-0.001018559,-0.001253928,-0.001272805,-0.001081456,-0.000703501,-0.000168432,0.00047065,0.00111133,0.001602993,0.0017906,0.001581945,0.000997344,0.000170998,-0.000695371,-0.001397919,-0.001783358,-0.001775594,-0.001383288,-0.000699297,0.000109587,0.000834641,0.001284889,0.001357454,0.001082528,0.000610899,0.000142273,-0.000170096,-0.000285708,-0.000277501,-0.000269569,-0.000351367,-0.000518751,-0.000674027,-0.000682793,-0.000455647,-1.18E-05,0.000509524,0.000900774,0.000981937,0.00069793,0.000165171,-0.000368253,-0.000643,-0.000533396,-0.000133276,0.00028165,0.000411472,0.000127125,-0.000420277,-0.000861991,-0.00083125,-0.000216048,0.000719758,0.00144794,0.001479192,0.000684223,-0.000575651,-0.001616808,-0.001825028,-0.001040996,0.000308854,0.001442334,0.001691773,0.000927328,-0.000345233,-0.001295333,-0.001304188,-0.00038102,0.000827855,0.001463621,0.001043533,-0.000185952,-0.001390793,-0.001712274,-0.000875869,0.00058504,0.001670948
-0.000288976,-5.64E-05,-0.000245538,-0.000469477,-0.000576503,-0.000541782,-0.000444426,-0.000381092,-0.000379333,-0.000378184,-0.000285579,-5.98E-05,0.00025293,0.00055185,0.000751986,0.000831695,0.000821711,0.00075349,0.000617972,0.000373125,-6.93E-06,-0.00048501,-0.000957845,-0.00130042,-0.001423344,-0.001301795,-0.000963039,-0.00045513,0.000168979,0.000838833,0.001445195,0.001843506,0.001897129,0.001541202,0.000826681,-8.52E-05,-0.000976041,-0.001640446,-0.001939871,-0.00182552,-0.001337776,-0.000595445,0.000223137,0.000915687,0.001312508,0.001338043,0.001044815,0.00059208,0.000171001,-8.69E-05,-0.000166441,-0.000158797,-0.000190772,-0.000338005,-0.0005725,-0.000774113,-0.000798065,-0.000560695,-9.79E-05,0.000435706,0.000829347,0.000915991,0.000661296,0.000194343,-0.000246188,-0.000434509,-0.000288833,6.67E-05,0.000360688,0.000336151,-7.16E-05,-0.000657742,-0.001039971,-0.000887422,-0.000155389,0.000830756,0.001522567,0.00146411,0.000593017,-0.000670923,-0.001632871,-0.001724999,-0.00086486,0.000463462,0.001480405,0.001585181,0.00073993,-0.000492214,-0.001299493,-0.001151715,-0.000162436,0.000970597,0.001427693,0.000834795,-0.00045225,-0.001561662,-0.001695281,-0.000698416,0.000796421,0.001778059
-0.002375826,-0.001229363,-0.001158398,-0.001206372,-0.001144023,-0.000936387,-0.000665323,-0.000434489,-0.000280466,-0.000151915,3.46E-05,0.000314861,0.000639898,0.00090959,0.001042689,0.00102418,0.000894525,0.000698043,0.000440882,9.68E-05,-0.000346316,-0.000841462,-0.001281496,-0.001544191,-0.001549903,-0.001290123,-0.000813529,-0.000191697,0.000501202,0.001180753,0.00173497,0.002029326,0.001948488,0.001455868,0.000631484,-0.000340347,-0.001229995,-0.001836262,-0.00203982,-0.001821236,-0.001251693,-0.000472252,0.000332653,0.000972832,0.001304098,0.001279862,0.000973777,0.000550295,0.000188166,-5.65E-06,-4.26E-05,-3.11E-05,-9.92E-05,-0.000307925,-0.000605919,-0.00085246,-0.000894505,-0.000655006,-0.000185031,0.00034861,0.000736516,0.000827478,0.000607936,0.00021657,-0.000122049,-0.00021954,-3.89E-05,0.00026816,0.000438684,0.000262166,-0.000262011,-0.000879544,-0.001200397,-0.000933361,-9.96E-05,0.000920694,0.001567707,0.001424678,0.000495052,-0.000751112,-0.00161895,-0.001594941,-0.00067343,0.000612114,0.00149649,0.001454074,0.000538926,-0.000636562,-0.001290266,-0.00098705,5.72E-05,0.001102296,0.001377251,0.000620192,-0.000708931,-0.001711196,-0.001657589,-0.000513666,0.000997302,0.001864097
-0.004294811,-0.002311892,-0.001998509,-0.001879275,-0.001655272,-0.001283304,-0.000848341,-0.000460903,-0.000166458,7.68E-05,0.00034382,0.000664999,0.000989986,0.001220856,0.001281579,0.001164851,0.000921391,0.000608347,0.000246488,-0.000175976,-0.00065928,-0.001149813,-0.001540039,-0.001713967,-0.001604249,-0.001219655,-0.000629282,7.48E-05,0.000801819,0.001459383,0.001938835,0.002120805,0.001914089,0.001309812,0.000412793,-0.000576879,-0.001427146,-0.001949095,-0.002048007,-0.001735069,-0.001109096,-0.000326683,0.000430045,0.00099072,0.001241582,0.001165922,0.000855645,0.000475267,0.000186026,6.72E-05,8.07E-05,0.000102593,5.81E-06,-0.000255172,-0.000607583,-0.000893843,-0.000956252,-0.000725597,-0.000265772,0.00024977,0.000618944,0.000710256,0.000530595,0.000223971,-4.91E-06,-8.90E-06,0.000204717,0.000460978,0.000511246,0.000193917,-0.000430662,-0.001066802,-0.001325557,-0.000959236,-5.03E-05,0.000978264,0.001568551,0.001350249,0.0003889,-0.000808656,-0.001563726,-0.001426862,-0.000466771,0.000747028,0.001480039,0.001291362,0.000324124,-0.000773102,-0.001262372,-0.000809984,0.000271854,0.001214574,0.001308325,0.00040503,-0.000942077,-0.001823223,-0.001589138,-0.000322822,0.001176593,0.001915087
-0.006069771,-0.003315367,-0.002775891,-0.002498925,-0.002122104,-0.001595218,-0.001006388,-0.000472683,-4.81E-05,0.000299823,0.000638097,0.000992065,0.001310638,0.001498901,0.001486672,0.001274672,0.000923807,0.000503638,4.88E-05,-0.000438938,-0.000949562,-0.001424429,-0.001757491,-0.001840595,-0.001619644,-0.001120681,-0.000432128,0.000335479,0.001077837,0.001697575,0.00209249,0.00216063,0.001835759,0.001135735,0.000187339,-0.000797753,-0.001589657,-0.002015642,-0.002007785,-0.001607844,-0.000939999,-0.000172558,0.000518964,0.000987614,0.001151984,0.00102511,0.00071526,0.000384335,0.000173743,0.000134045,0.000200849,0.000236188,0.000115173,-0.0001922,-0.000593031,-0.000915133,-0.000998168,-0.000781385,-0.000340196,0.000148088,0.000491683,0.000580554,0.000441718,0.000222456,0.00010515,0.000194459,0.000439695,0.000645288,0.000579357,0.000129698,-0.000584984,-0.001232452,-0.001429393,-0.000973015,-3.81E-06,0.001019132,0.001546811,0.001258528,0.000279286,-0.000854633,-0.001488783,-0.001242019,-0.000255299,0.000873006,0.001447034,0.00111444,0.000104891,-0.000903946,-0.001225197,-0.000628629,0.000481429,0.001315646,0.001230909,0.000192466,-0.001159836,-0.001913949,-0.001504989,-0.000130688,0.001342539,0.001946717
-0.007605491,-0.004187031,-0.003448968,-0.003030667,-0.002516445,-0.001850964,-0.001125489,-0.000463023,7.46E-05,0.000511015,0.0009058,0.001280125,0.00158313,0.001723991,0.001639198,0.001337811,0.000890632,0.000378817,-0.000150332,-0.000683423,-0.001202164,-0.001645536,-0.001911643,-0.001902377,-0.001578063,-0.000981721,-0.000219203,0.000583851,0.001313838,0.001873248,0.002170627,0.002124478,0.001694409,0.000923194,-4.49E-05,-0.000992721,-0.001699362,-0.002013663,-0.001897332,-0.001422214,-0.000734256,-7.79E-06,0.000594454,0.000953893,0.001023893,0.000846691,0.000544001,0.00027122,0.000146765,0.000191262,0.000314975,0.000367975,0.000229356,-0.000115354,-0.000555245,-0.000906945,-0.001010479,-0.000814448,-0.00040386,4.41E-05,0.000352201,0.000434198,0.000336711,0.000207404,0.000203077,0.000384533,0.00065932,0.000815089,0.000640144,7.19E-05,-0.000716969,-0.00136491,-0.001500808,-0.000968417,3.89E-05,0.00103598,0.001492733,0.001142353,0.000165109,-0.000884038,-0.001386365,-0.001034651,-3.86E-05,0.000985103,0.001390341,0.000918237,-0.000119223,-0.001025673,-0.001174864,-0.000442272,0.000682337,0.00139994,0.00114186,-1.48E-05,-0.001353657,-0.001972948,-0.001398352,6.23E-05,0.001488065,0.001949784
-0.008750399,-0.00484159,-0.003951234,-0.003420795,-0.002797125,-0.002022317,-0.001190403,-0.000429031,0.000193449,0.000693232,0.00112335,0.001501987,0.001779724,0.001870886,0.001719167,0.001341685,0.000818014,0.000239069,-0.00033756,-0.000889479,-0.001393269,-0.00178867,-0.001980799,-0.001883533,-0.00147201,-0.000804709,-1.51E-06,0.000801688,0.001487583,0.001963981,0.002154544,0.002000537,0.001486917,0.000677784,-0.000271251,-0.001145499,-0.001740034,-0.001930471,-0.001709758,-0.001177595,-0.000496322,0.000160648,0.000649907,0.000885576,0.00085689,0.00063317,0.000345422,0.000138214,0.000104318,0.000234439,0.000415879,0.000489978,0.0003419,-2.78E-05,-0.000493414,-0.000864943,-0.000986486,-0.000817002,-0.000448844,-5.47E-05,0.000206948,0.000275689,0.000216758,0.000175335,0.000280217,0.000548585,0.000849644,0.000959111,0.000688483,2.30E-05,-0.000817647,-0.001452311,-0.001529329,-0.000939448,7.87E-05,0.001026547,0.001403848,0.001001208,4.78E-05,-0.00089537,-0.00125746,-0.00080939,0.000176362,0.001077216,0.001307956,0.000705936,-0.000341824,-0.001132707,-0.001110277,-0.000255195,0.000867541,0.001462348,0.001041858,-0.000209636,-0.001513454,-0.001992223,-0.001267273,0.000251596,0.001605493,0.001918046
-0.009646125,-0.005357313,-0.00434448,-0.003721059,-0.003006391,-0.002141522,-0.001222915,-0.000381966,0.000307445,0.000854802,0.001307393,0.001681079,0.001928552,0.001969802,0.001755884,0.001311623,0.000724487,9.39E-05,-0.000513909,-0.001069166,-0.001545176,-0.001884215,-0.00199991,-0.001818987,-0.001331308,-0.000609604,0.000214451,0.000997676,0.001622288,0.002004389,0.002084925,0.001828805,0.001245582,0.000418247,-0.000490055,-0.001271273,-0.001740461,-0.001802363,-0.001481514,-0.000903694,-0.000244293,0.000328115,0.000692826,0.000798583,0.000670511,0.00040336,0.000134876,-3.53E-06,5.41E-05,0.0002691,0.000507512,0.000604018,0.000451043,6.37E-05,-0.000419452,-0.000804585,-0.000941987,-0.000801523,-0.000481642,-0.000148188,6.12E-05,0.000112864,9.00E-05,0.000133705,0.000343983,0.00069505,0.001020161,0.001085959,0.00072853,-2.07E-05,-0.0008994,-0.001512743,-0.001532433,-0.000896027,0.000117386,0.001002991,0.001296482,0.000847307,-7.03E-05,-0.000896929,-0.001115485,-0.000576813,0.00038778,0.001156876,0.001211797,0.000486737,-0.00056112,-0.00123003,-0.001037908,-6.93E-05,0.001042092,0.001511594,0.00093637,-0.000395785,-0.001652327,-0.001988423,-0.001123117,0.00043733,0.001705753,0.001866327
-0.010107301,-0.005630428,-0.004547471,-0.003865119,-0.003092388,-0.002171778,-0.001201502,-0.000315041,0.000409951,0.000977747,0.001431171,0.001784914,0.001994833,0.0019873,0.001720791,0.001227006,0.000599592,-5.60E-05,-0.000667359,-0.001200628,-0.001628741,-0.001899327,-0.001936733,-0.001681596,-0.001137937,-0.000390356,0.000421675,0.001152702,0.001689705,0.001961644,0.001929803,0.00158356,0.000955231,0.000142277,-0.000690931,-0.001349833,-0.00167523,-0.001604177,-0.001192561,-0.000588729,2.46E-05,0.000489918,0.000714179,0.000683079,0.000456872,0.000152462,-9.00E-05,-0.000155789,-7.06E-06,0.000289439,0.000581967,0.000702099,0.00055142,0.000158742,-0.000328185,-0.000716064,-0.000864896,-0.0007563,-0.000492852,-0.000230048,-8.16E-05,-5.34E-05,-4.56E-05,7.70E-05,0.000384281,0.000809654,0.001154793,0.001181976,0.000753689,-5.56E-05,-0.000949405,-0.001528259,-0.001493535,-0.000828698,0.000154904,0.000957975,0.001161346,0.000674953,-0.000188926,-0.000883553,-0.000955301,-0.000336387,0.000590118,0.00121517,0.001094751,0.00025954,-0.000771858,-0.001310009,-0.000953527,0.000112583,0.001197308,0.001538851,0.00082311,-0.000565705,-0.001755651,-0.001947089,-0.00095916,0.000615319,0.001776975,0.001782417
-0.010127441,-0.005656383,-0.004557081,-0.003851564,-0.003055647,-0.002115564,-0.001130336,-0.000233641,0.000495047,0.001056448,0.001490249,0.001811064,0.001978754,0.001926463,0.00161974,0.001095903,0.000452673,-0.000201052,-0.000789983,-0.001278792,-0.001642913,-0.001837639,-0.00179953,-0.001483373,-0.000905998,-0.000160899,0.000608889,0.00126046,0.001690111,0.001843131,0.00170284,0.001282552,0.000634477,-0.000134313,-0.000864168,-0.001379751,-0.001551658,-0.00135053,-0.00086174,-0.000251743,0.000295107,0.00063762,0.000713643,0.000546203,0.000228282,-0.000105225,-0.000316021,-0.000308851,-7.40E-05,0.000296353,0.000636741,0.000779427,0.000636848,0.000250262,-0.000226894,-0.000606254,-0.000760612,-0.000684005,-0.000481477,-0.000295515,-0.000213943,-0.000214925,-0.000183384,8.27E-06,0.000400714,0.000889435,0.001249782,0.001244149,0.000762236,-8.30E-05,-0.000969064,-0.001501278,-0.001415518,-0.000739175,0.000192508,0.00089637,0.001005639,0.000490717,-0.000305218,-0.000858201,-0.00078459,-9.72E-05,0.000777137,0.001251457,0.000961704,3.19E-05,-0.000967714,-0.001370389,-0.000859127,0.000286496,0.001330368,0.001544259,0.000704621,-0.000716879,-0.001823424,-0.001871466,-0.000780261,0.000781993,0.001819071,0.001669657
-0.009866347,-0.005524524,-0.004443303,-0.003737686,-0.002941144,-0.002005042,-0.001028549,-0.000144283,0.000567753,0.001105808,0.001507281,0.001787381,0.001910457,0.001816607,0.001478148,0.000937119,0.000293888,-0.000341025,-0.000891248,-0.001321978,-0.001612799,-0.001728017,-0.001617194,-0.001249241,-0.000652763,7.19E-05,0.000780817,0.001336737,0.001647989,0.00167815,0.00143334,0.00095017,0.000298681,-0.000407631,-0.00101755,-0.001378349,-0.001392618,-0.001064961,-0.000508661,9.48E-05,0.000563016,0.000774285,0.000699009,0.000397335,-6.95E-06,-0.000363831,-0.000539622,-0.000460047,-0.000143297,0.00029496,0.000678372,0.000842361,0.000711251,0.000337895,-0.000120912,-0.000484464,-0.000640252,-0.000595116,-0.000455553,-0.00034952,-0.000338019,-0.000371617,-0.000321063,-6.72E-05,0.000401958,0.00094638,0.001318592,0.001283949,0.000759699,-0.000105721,-0.000969632,-0.001447634,-0.00131312,-0.000635887,0.00023034,0.000825114,0.000838302,0.000300361,-0.000419336,-0.000825701,-0.000608759,0.000139284,0.000952853,0.001273381,0.000819441,-0.000194197,-0.001152449,-0.001417513,-0.000758649,0.00045437,0.001448425,0.001535497,0.000583232,-0.000855458,-0.001868299,-0.001774483,-0.000592871,0.000940492,0.001842309,0.001539057
-0.009108952,-0.005113547,-0.004111555,-0.003447325,-0.002690949,-0.001801194,-0.000876051,-4.47E-05,0.000614738,0.001100011,0.001447744,0.001674863,0.001750919,0.001623068,0.001269591,0.000735398,0.000120725,-0.000465636,-0.000949706,-0.001300469,-0.001504432,-0.001536936,-0.001361453,-0.000960419,-0.000371882,0.000300867,0.000918175,0.001353442,0.001531445,0.001436724,0.001098628,0.000575009,-5.06E-05,-0.000664146,-0.001129181,-0.001320776,-0.001176216,-0.000733416,-0.000129658,0.000444587,0.000815413,0.000885318,0.000659079,0.000232231,-0.000245192,-0.000613806,-0.000749376,-0.000600788,-0.000212822,0.000279679,0.000695035,0.000876401,0.000761707,0.000413675,-1.18E-05,-0.000346331,-0.00049533,-0.000478949,-0.000403507,-0.000380261,-0.000442451,-0.000514059,-0.00045375,-0.000151839,0.000376496,0.000961144,0.001338498,0.001281898,0.000736124,-0.000121128,-0.000937307,-0.001348258,-0.001169387,-0.000509467,0.000269101,0.000739627,0.000654906,0.000103577,-0.000527484,-0.000782058,-0.00042867,0.000364714,0.001104016,0.001268969,0.000663879,-0.000412412,-0.001312666,-0.001438971,-0.00064837,0.000608727,0.001537385,0.001501005,0.000458014,-0.000969901,-0.001872086,-0.001641331,-0.000393596,0.001081705,0.001831415,0.001378638
-0.008017456,-0.004513919,-0.003632774,-0.003038778,-0.002351209,-0.001537545,-0.000693474,5.71E-05,0.000639658,0.001052925,0.001333741,0.001501411,0.001531005,0.001376558,0.001021479,0.000511962,-5.41E-05,-0.000572119,-0.000973004,-0.001231652,-0.001343113,-0.001294688,-0.001063786,-0.000645312,-8.46E-05,0.000515415,0.001022714,0.001324799,0.001365224,0.001150364,0.000731938,0.000186512,-0.000392654,-0.000895385,-0.001203915,-0.001223737,-0.000927228,-0.000383544,0.000250141,0.000779404,0.001043217,0.000970832,0.000601136,6.22E-05,-0.000474457,-0.000844739,-0.000937311,-0.000725043,-0.000277307,0.000255948,0.000692332,0.000886166,0.000790043,0.000475059,9.31E-05,-0.000202986,-0.000338433,-0.000346861,-0.000333388,-0.000391651,-0.000527392,-0.000639601,-0.000576736,-0.000239105,0.000333274,0.00094484,0.001321429,0.001247945,0.000696064,-0.000132507,-0.000883174,-0.001218817,-0.000999206,-0.000368764,0.000308645,0.000647189,0.000465556,-9.22E-05,-0.00062844,-0.000731919,-0.000251082,0.000575081,0.001232181,0.001244648,0.000502524,-0.000618439,-0.001449274,-0.001439197,-0.000532134,0.000749943,0.001602267,0.001447059,0.000331373,-0.001065078,-0.001846019,-0.001484522,-0.000189894,0.001206919,0.001795142,0.001199238
-0.006694171,-0.003783286,-0.00305193,-0.00254833,-0.001949626,-0.001232895,-0.000490692,0.000159625,0.000648487,0.000976509,0.001181468,0.001285492,0.001269361,0.001093835,0.000746817,0.000274632,-0.000228733,-0.000664735,-0.000970846,-0.001129376,-0.001144991,-0.00101752,-0.000738241,-0.000313689,0.000205242,0.000717958,0.00110287,0.001263777,0.001164553,0.000833863,0.000345006,-0.000208678,-0.000726999,-0.001106718,-0.001251521,-0.001098967,-0.000656577,-2.30E-05,0.000627699,0.001100894,0.001251516,0.00103718,0.000530477,-0.000110396,-0.000695619,-0.001060183,-0.001107939,-0.000836219,-0.000337405,0.000226488,0.000675715,0.000878224,0.000801983,0.000525367,0.00019408,-5.70E-05,-0.000173971,-0.000204134,-0.000250664,-0.000389012,-0.000597754,-0.000752155,-0.000691869,-0.000327501,0.000277777,0.000906481,0.001277929,0.001191133,0.000644122,-0.000141219,-0.00081387,-0.001068516,-0.000810823,-0.000218367,0.000348679,0.000550254,0.000272813,-0.000286437,-0.000723786,-0.000677329,-7.61E-05,0.000773676,0.001343185,0.001206018,0.000337627,-0.000814792,-0.001568156,-0.001423876,-0.000411821,0.00088127,0.001649505,0.001379094,0.000203896,-0.001146272,-0.001798678,-0.001311263,1.63E-05,0.001320171,0.001740674,0.001006733
-0.004999407,-0.0028417,-0.002307068,-0.001927357,-0.001451249,-0.000866522,-0.00026095,0.000257076,0.000625145,0.000847493,0.000963915,0.000999938,0.000942142,0.000757464,0.000436904,2.46E-05,-0.000392331,-0.000724619,-0.000919267,-0.000968272,-0.000887317,-0.000689094,-0.000377872,3.04E-05,0.000482647,0.000885092,0.0011308,0.001143393,0.000908808,0.000477483,-5.85E-05,-0.000593743,-0.001026758,-0.001266806,-0.00124314,-0.000926885,-0.000358899,0.000337594,0.000978885,0.001377161,0.001408629,0.001060893,0.000437634,-0.000278905,-0.00088853,-0.001232216,-0.001233145,-0.000913032,-0.000383174,0.000188928,0.000632891,0.000834818,0.000779084,0.000549044,0.000280122,8.57E-05,-3.43E-06,-4.77E-05,-0.00014721,-0.000358981,-0.000636139,-0.000833596,-0.000785263,-0.000412303,0.000202973,0.000828703,0.001185725,0.001091751,0.000569506,-0.000146706,-0.000719921,-0.000884758,-0.000594443,-5.42E-05,0.000389062,0.000448766,8.06E-05,-0.000470828,-0.000805098,-0.000616049,8.80E-05,0.000942677,0.001416876,0.001140399,0.000170907,-0.000985733,-0.001647647,-0.001376969,-0.000285412,0.000990496,0.001660825,0.001284378,7.63E-05,-0.00120004,-0.001712645,-0.001111291,0.000221769,0.001407251,0.001652223,0.00079372
-0.00316392,-0.001819271,-0.001499633,-0.001257578,-0.000918298,-0.000480438,-2.60E-05,0.000346727,0.000583648,0.00069332,0.000717926,0.000686486,0.000591219,0.000404771,0.00012036,-0.000221332,-0.000541698,-0.000762241,-0.00084081,-0.000779893,-0.000606398,-0.000345483,-1.34E-05,0.000366161,0.000740057,0.001023561,0.001126403,0.000993224,0.000632016,0.000113639,-0.000453593,-0.00095538,-0.001292366,-0.001388974,-0.001201372,-0.000733778,-5.79E-05,0.000682394,0.001298451,0.001613432,0.001527102,0.001056796,0.000334442,-0.000438332,-0.00105609,-0.001369865,-0.00132404,-0.000963895,-0.000416567,0.000149165,0.000576153,0.000770988,0.000734714,0.000554235,0.000352585,0.000219933,0.000163755,0.000110761,-3.55E-05,-0.000314033,-0.000654206,-0.000893252,-0.000861403,-0.000490354,0.000121214,0.000731811,0.001068519,0.000970105,0.000482637,-0.000151757,-0.00061577,-0.000687687,-0.000368224,0.000113508,0.000428666,0.000347481,-0.00010604,-0.000644401,-0.000875737,-0.000552052,0.000241734,0.001089929,0.001466363,0.001060001,6.97E-06,-0.001137134,-0.00170085,-0.001310955,-0.000156952,0.001084777,0.001650212,0.001174616,-5.03E-05,-0.001237922,-0.001606494,-0.000900106,0.00042244,0.001476958,0.001545314,0.000572882
-0.001213542,-0.000730805,-0.000641091,-0.000547971,-0.000357195,-7.84E-05,0.000212942,0.000429794,0.000527111,0.000518417,0.000448583,0.000350199,0.000220984,3.89E-05,-0.000201351,-0.000463622,-0.000679075,-0.000781324,-0.000740109,-0.000569059,-0.000306474,1.04E-05,0.000354151,0.000694678,0.000980579,0.001138058,0.001095145,0.000818462,0.000338028,-0.00025602,-0.000841235,-0.001297167,-0.001529313,-0.001479489,-0.001131888,-0.000523383,0.000245445,0.001013684,0.001591394,0.001816196,0.001613308,0.001029557,0.000222727,-0.000590065,-0.001202402,-0.001478771,-0.001386282,-0.000993089,-0.000439599,0.000107629,0.000507901,0.000690218,0.00067251,0.000544027,0.000413672,0.000347098,0.000328002,0.000270708,8.28E-05,-0.00025674,-0.000655377,-0.000934746,-0.000923114,-0.000562689,3.38E-05,0.000619153,0.000930647,0.000830047,0.000385626,-0.000156474,-0.000503247,-0.000479715,-0.000134,0.000283948,0.000467587,0.000246424,-0.000287941,-0.000808868,-0.00093745,-0.000485822,0.000386745,0.001219021,0.001495698,0.000967355,-0.000154568,-0.0012722,-0.001732149,-0.001229063,-2.68E-05,0.001166595,0.001621362,0.001052373,-0.000176027,-0.001262614,-0.001483694,-0.000679717,0.000619017,0.001532184,0.001423109,0.000345649
0.000814005,0.000404636,0.000253074,0.000186683,0.000216987,0.000324051,0.000440391,0.000491786,0.000443529,0.000314721,0.000152994,-5.82E-06,-0.000159132,-0.000324639,-0.000507598,-0.000678326,-0.000779879,-0.000759871,-0.000601151,-0.000328743,8.43E-06,0.000362711,0.000698204,0.000981455,0.001166241,0.001192869,0.001009784,0.000605936,3.15E-05,-0.000608206,-0.001182131,-0.001569759,-0.001686717,-0.001495458,-0.001008431,-0.000291941,0.000530984,0.001290648,0.001804406,0.001930608,0.001622214,0.000952944,9.95E-05,-0.000714933,-0.001292153,-0.001516536,-0.00137989,-0.000970512,-0.000435887,6.70E-05,0.000420047,0.000577715,0.000574561,0.000499627,0.000444747,0.000449485,0.00047417,0.000422295,0.00020642,-0.000178379,-0.000621635,-0.000935011,-0.000948752,-0.000615354,-5.65E-05,0.0004834,0.000759309,0.000659343,0.000271116,-0.000162771,-0.000381743,-0.000261758,0.000103724,0.00045083,0.00050256,0.000150222,-0.000451523,-0.000946323,-0.000976763,-0.000416672,0.000508166,0.001304891,0.001481285,0.000852352,-0.000304619,-0.001366826,-0.001714536,-0.001114823,0.000103697,0.001219965,0.001554628,0.000906442,-0.000298029,-0.001261328,-0.001332299,-0.000448983,0.000799521,0.001554846,0.001273063,0.000113364
0.002792081,0.001514065,0.001126454,0.000902645,0.00077369,0.000710088,0.000652916,0.00054117,0.000350708,0.000106156,-0.000142356,-0.000356133,-0.000528125,-0.00067219,-0.000794118,-0.00087133,-0.000859387,-0.000720308,-0.000450066,-8.46E-05,0.000317327,0.000698995,0.00101736,0.001237185,0.001318754,0.001217433,0.000902343,0.000384072,-0.000268785,-0.000938166,-0.001487493,-0.001798947,-0.001800292,-0.001475319,-0.000863812,-5.90E-05,0.000797464,0.001531317,0.001971021,0.001997983,0.001593056,0.000854689,-2.55E-05,-0.000822812,-0.001351506,-0.001518246,-0.001339757,-0.000922637,-0.000418355,2.89E-05,0.000325918,0.000453472,0.000462225,0.000439827,0.000460092,0.000536419,0.0006066,0.000564365,0.000327578,-9.36E-05,-0.000573192,-0.000915884,-0.000955801,-0.000655589,-0.000143381,0.000342557,0.000578316,0.000479325,0.000151027,-0.00017064,-0.000260357,-4.58E-05,0.000336243,0.000611188,0.000534167,5.80E-05,-0.000602996,-0.00106784,-0.001004118,-0.000346829,0.000616718,0.001369172,0.001446745,0.000729037,-0.000446415,-0.00144045,-0.001673752,-0.000986762,0.000232721,0.001259357,0.001471091,0.000751203,-0.000417288,-0.001249088,-0.001171113,-0.000218031,0.000969058,0.001561754,0.001112619,-0.000116967
0.004714795,0.00259439,0.001976575,0.001597697,0.001310839,0.001077778,0.000848754,0.000576464,0.000247565,-0.000107846,-0.000437428,-0.000700047,-0.000884676,-0.001001867,-0.001058584,-0.001040074,-0.000915093,-0.000660504,-0.000285432,0.000163696,0.000619489,0.001017326,0.001308682,0.00145821,0.001434215,0.001208194,0.000770229,0.00015178,-0.000562023,-0.001243275,-0.001753132,-0.001979618,-0.00186488,-0.001414824,-0.000695545,0.000175667,0.001042636,0.001731415,0.002085778,0.002012786,0.001521358,0.00073225,-0.00015236,-0.0009117,-0.001376883,-0.001479659,-0.001261913,-0.000846488,-0.000385378,-6.34E-06,0.00022478,0.000316112,0.000333814,0.000362818,0.000457855,0.000606083,0.000723672,0.000695795,0.000446021,-1.52E-06,-0.000508321,-0.000875083,-0.000942074,-0.000681931,-0.000226594,0.00019603,0.000386539,0.000288904,2.47E-05,-0.000180268,-0.00013911,0.000168051,0.000562939,0.000764251,0.00056201,-2.97E-05,-0.000740932,-0.001171542,-0.001018106,-0.00027621,0.000710885,0.001409325,0.001389714,0.000596438,-0.00057898,-0.001490601,-0.001607072,-0.000843257,0.000360061,0.001283125,0.001368776,0.000585566,-0.000533475,-0.001224606,-0.000998992,1.32E-05,0.001126335,0.001551056,0.00094056,-0.000345106
0.006378881,0.003532726,0.00271507,0.002198964,0.001769992,0.00138337,0.000999203,0.00058402,0.000134943,-0.000313242,-0.000707049,-0.001004022,-0.00119018,-0.001273646,-0.001263339,-0.001152971,-0.000924823,-0.000570365,-0.000110815,0.000398862,0.00088515,0.001278645,0.001528326,0.001601403,0.001476092,0.001140696,0.000605291,-8.06E-05,-0.000820102,-0.001481139,-0.001928626,-0.002061334,-0.001838463,-0.001287669,-0.00049771,0.000396548,0.001232699,0.001845365,0.002100113,0.001932579,0.001378219,0.000574349,-0.000274826,-0.000961325,-0.001340178,-0.001371408,-0.001121008,-0.000723599,-0.000325719,-3.34E-05,0.000118025,0.00016415,0.000184861,0.000260168,0.000424797,0.000640866,0.000805743,0.000798805,0.000550029,9.49E-05,-0.000420596,-0.000799372,-0.00089158,-0.000679575,-0.000294772,5.15E-05,0.000189183,9.18E-05,-0.000106103,-0.000193825,-2.61E-05,0.000365396,0.000766449,0.000895319,0.000580092,-0.000107163,-0.000849932,-0.001239423,-0.001006895,-0.000205216,0.000778151,0.001407307,0.001296402,0.000452748,-0.000690748,-0.0014981,-0.001497345,-0.000677194,0.000480896,0.001279444,0.001237141,0.000406426,-0.000642166,-0.001181712,-0.000815453,0.00023577,0.001256415,0.001509982,0.000754341,-0.000561015
0.007857559,0.004368336,0.00337309,0.002733645,0.002175361,0.001648184,0.001122241,0.000577677,2.16E-05,-0.000507137,-0.000954644,-0.001277812,-0.001460236,-0.001507983,-0.001432123,-0.001234872,-0.000911828,-0.000468533,6.26E-05,0.000619473,0.001123904,0.001503354,0.001705776,0.001702031,0.001480798,0.001047004,0.000429675,-0.000305638,-0.001052669,-0.001678471,-0.002054425,-0.002092058,-0.001768322,-0.00113174,-0.000291302,0.000604167,0.001390158,0.001913648,0.002064554,0.00180776,0.001203787,0.000403242,-0.000391865,-0.000990369,-0.001273959,-0.00123174,-0.000952683,-0.000580752,-0.000254282,-5.55E-05,1.14E-05,9.10E-06,2.99E-05,0.000147949,0.000377871,0.00065788,0.000868394,0.000884591,0.000643225,0.000189883,-0.000324903,-0.000708898,-0.000824029,-0.000662255,-0.000352595,-8.73E-05,-5.28E-06,-0.000103573,-0.000236126,-0.000209292,7.99E-05,0.000549947,0.000953722,0.001012142,0.000592105,-0.000178989,-0.000943269,-0.001288557,-0.000983022,-0.000134338,0.000832162,0.001385552,0.001187333,0.000305977,-0.000790836,-0.001484945,-0.001368424,-0.000502549,0.000596989,0.001262642,0.001093138,0.000223008,-0.000746186,-0.001131104,-0.000629527,0.000450671,0.001371232,0.001454667,0.00056396,-0.00076763
0.009077847,0.005060627,0.003918886,0.003175625,0.002506109,0.001856753,0.00120789,0.000552908,-9.18E-05,-0.00068416,-0.001170944,-0.001509284,-0.00168107,-0.001690777,-0.00155186,-0.001275007,-0.000868782,-0.000351992,0.000233138,0.000818989,0.001325038,0.001677715,0.001825872,0.00174543,0.001436167,0.000919272,0.000241208,-0.000519062,-0.00124963,-0.001820525,-0.002113326,-0.002054868,-0.001640646,-0.000938719,-7.49E-05,0.000792763,0.001503266,0.001920828,0.001962956,0.001624482,0.000988893,0.000215663,-0.000500983,-0.000991925,-0.001168976,-0.001051217,-0.000748959,-0.000412232,-0.000167593,-7.09E-05,-9.43E-05,-0.000149102,-0.000132003,2.38E-05,0.000312916,0.000651278,0.000904878,0.000946873,0.000721281,0.000281958,-0.000219435,-0.000599473,-0.000734178,-0.000624969,-0.000396054,-0.000217363,-0.000194625,-0.00029544,-0.000364416,-0.000227277,0.000176049,0.000716511,0.001118425,0.001109351,0.000595808,-0.000243217,-0.001015578,-0.001312659,-0.000942354,-6.37E-05,0.000868648,0.001337947,0.001057924,0.000155685,-0.000875155,-0.001444574,-0.001214602,-0.000317146,0.000706459,0.001228588,0.00093327,3.45E-05,-0.000843802,-0.001070612,-0.000441197,0.000654575,0.001465441,0.001380699,0.000368728,-0.000961208
0.009843318,0.005499329,0.00426653,0.003455365,0.002708509,0.001971548,0.001234862,0.00050402,-0.000196756,-0.000824088,-0.001326924,-0.001664139,-0.0018169,-0.001788538,-0.001594795,-0.001254192,-0.000787027,-0.000223475,0.000386965,0.00097434,0.001458981,0.001769404,0.001857771,0.001706423,0.001326238,0.000753123,4.78E-05,-0.00070174,-0.001383489,-0.001875847,-0.002075035,-0.001925634,-0.001441391,-0.000706707,0.000141374,0.000942999,0.001547614,0.001842467,0.001775522,0.001370808,0.000730541,1.64E-05,-0.000592554,-0.000955133,-0.001016285,-0.000824505,-0.000507951,-0.000217881,-6.49E-05,-7.63E-05,-0.000192901,-0.000302322,-0.000293532,-0.000108559,0.000228074,0.00061325,0.000902934,0.000971708,0.000771611,0.000362251,-0.000108395,-0.000470705,-0.000617758,-0.000560267,-0.000414967,-0.000326346,-0.000365492,-0.000471866,-0.000483624,-0.000247918,0.000253705,0.000849767,0.001243185,0.00117325,0.000585602,-0.000296306,-0.00105708,-0.001301143,-0.000878728,6.13E-06,0.000881863,0.001258133,0.000905895,5.73E-06,-0.00093546,-0.001368813,-0.00103213,-0.000123192,0.00080335,0.001172026,0.000756622,-0.000155438,-0.000930125,-0.000999087,-0.00025603,0.000836546,0.001528029,0.001283126,0.000172877,-0.001130364
0.010344187,0.00579013,0.004498729,0.003640996,0.002837107,0.00203328,0.001229729,0.000443457,-0.000294479,-0.000940336,-0.001446325,-0.001773818,-0.00190375,-0.001838452,-0.001595759,-0.001201485,-0.00068677,-9.19E-05,0.000527836,0.001102,0.001553553,0.001814674,0.001841963,0.001624656,0.001184414,0.00057071,-0.000143334,-0.000863564,-0.001480469,-0.001883644,-0.001985964,-0.001750597,-0.001208902,-0.000459508,0.000352603,0.001069411,0.001554461,0.001720476,0.001546728,0.001085446,0.000454923,-0.000184596,-0.00067267,-0.000898711,-0.00084161,-0.00057831,-0.000252566,-1.43E-05,4.39E-05,-7.65E-05,-0.000285639,-0.000449501,-0.000450989,-0.000241776,0.00013519,0.00055985,0.000880705,0.000975704,0.000805347,0.00043369,2.58E-06,-0.000334616,-0.000489447,-0.000481829,-0.000419877,-0.000421473,-0.000522891,-0.00063652,-0.000595613,-0.000269406,0.000320294,0.000962999,0.0013443,0.001217758,0.00056733,-0.000343439,-0.001082051,-0.001270858,-0.000803332,7.53E-05,0.000883354,0.001162898,0.000744131,-0.000142161,-0.000982535,-0.001275577,-0.000837019,7.27E-05,0.000892306,0.001104173,0.000573164,-0.000343866,-0.001009441,-0.000922524,-7.47E-05,0.001004757,0.001573038,0.001174034,-2.11E-05,-0.001284512
0.010435519,0.005851755,0.004552129,0.003681149,0.002852054,0.002013872,0.001176246,0.000366384,-0.000379373,-0.001018551,-0.001508135,-0.001813179,-0.001915099,-0.001815384,-0.001533555,-0.001101773,-0.000560537,4.17E-05,0.000646507,0.001185491,0.001587004,0.001789206,0.001754696,0.001480125,0.000997248,0.000367145,-0.000327819,-0.000991148,-0.001520263,-0.001819821,-0.00182211,-0.001509788,-0.000930527,-0.000193752,0.000552609,0.001157952,0.001504919,0.001535005,0.001259589,0.000757159,0.000157876,-0.000384817,-0.000734235,-0.000813677,-0.000636717,-0.000306842,2.02E-05,0.000199843,0.000159808,-6.91E-05,-0.000368298,-0.000585251,-0.0005996,-0.000373763,3.22E-05,0.000484581,0.000828442,0.000948075,0.000813096,0.000490103,0.000111278,-0.000189795,-0.000345091,-0.000383596,-0.000403294,-0.000494107,-0.000657652,-0.00078111,-0.000695145,-0.000291745,0.000369561,0.001044811,0.00140855,0.001232248,0.000536591,-0.000381695,-0.001082359,-0.001212811,-0.000710766,0.000143391,0.000867896,0.001045986,0.000569564,-0.000285634,-0.001009624,-0.001157355,-0.000625012,0.000269711,0.000968568,0.001020037,0.000381119,-0.000528455,-0.001077622,-0.000839077,9.95E-05,0.001151011,0.001591375,0.001048574,-0.000210766,-0.001414903
0.010061553,0.005652197,0.004402043,0.003556641,0.002739765,0.001905509,0.001072205,0.000275626,-0.000444543,-0.001049033,-0.001501305,-0.001771346,-0.001841679,-0.001712891,-0.001405419,-0.000956327,-0.000413432,0.00016926,0.00073294,0.001214468,0.00155035,0.001686909,0.001593928,0.001275385,0.000771663,0.000152675,-0.00049379,-0.001073292,-0.00149453,-0.001680731,-0.001585526,-0.001210858,-0.000618196,7.67E-05,0.000728585,0.001199784,0.001396307,0.00129038,0.000924639,0.000400347,-0.000145711,-0.000572485,-0.000771404,-0.000701508,-0.000409905,-2.30E-05,0.000296341,0.000412635,0.000275967,-5.47E-05,-0.000435877,-0.000700717,-0.000729145,-0.000495274,-7.43E-05,0.000390803,0.000746267,0.00088615,0.000789949,0.000524923,0.000210215,-4.35E-05,-0.000190225,-0.000267791,-0.000363071,-0.000537826,-0.000760603,-0.00089636,-0.000775687,-0.00031308,0.000398483,0.001088925,0.001429063,0.001211715,0.000491392,-0.000410584,-0.001056648,-0.001126342,-0.000601513,0.000209691,0.000836196,0.000910531,0.000387225,-0.000419868,-0.001014724,-0.001016469,-0.000402035,0.000461032,0.001028076,0.000920318,0.000185402,-0.000703062,-0.001131023,-0.000749823,0.0002613,0.001269249,0.001579831,0.000908398,-0.000390529,-0.001515424
0.009420822,0.005302659,0.004135188,0.003337908,0.00255508,0.001747082,0.00094044,0.000178484,-0.00049692,-0.001050844,-0.001454195,-0.001682577,-0.001719941,-0.001565862,-0.001241157,-0.000786868,-0.000256854,0.000290862,0.000798852,0.001210918,0.001473279,0.001541549,0.001393205,0.001039309,0.000527831,-6.42E-05,-0.000645947,-0.001127424,-0.00143098,-0.001500168,-0.001310723,-0.000883393,-0.000291697,0.000345036,0.000887375,0.001213611,0.001255141,0.001015523,0.000567648,3.32E-05,-0.000447692,-0.000749338,-0.000793425,-0.00057523,-0.000174143,0.000263111,0.000569321,0.000620556,0.000389804,-3.70E-05,-0.000493694,-0.000802262,-0.000844917,-0.000607948,-0.000180275,0.000288255,0.000648082,0.000804922,0.000748594,0.000546,0.000301466,0.000101164,-3.16E-05,-0.000143403,-0.000309581,-0.000563991,-0.000843449,-0.000992692,-0.00084372,-0.000333136,0.000415509,0.001110623,0.001423648,0.001170572,0.000437741,-0.00043415,-0.001016284,-0.001024174,-0.000483373,0.000274703,0.000795771,0.000765919,0.000202274,-0.000547461,-0.001007144,-0.000863986,-0.000175087,0.000646933,0.001076974,0.000812259,-1.07E-05,-0.00087005,-0.001174951,-0.000657575,0.000414765,0.001370193,0.001550858,0.000760687,-0.00056306,-0.001597579
0.00835176,0.004711905,0.003680677,0.002968194,0.002255088,0.001509865,0.000766323,7.36E-05,-0.000526209,-0.00100438,-0.001340811,-0.001517788,-0.001521105,-0.001349034,-0.001021762,-0.000582637,-8.93E-05,0.000398721,0.000828319,0.001152958,0.001330927,0.001328733,0.001132078,0.000758374,0.000261177,-0.000278525,-0.00077044,-0.001133217,-0.001306291,-0.001255895,-0.000980515,-0.000518311,4.85E-05,0.000601635,0.001012729,0.001180373,0.001063947,0.000698433,0.000184472,-0.000340425,-0.000737917,-0.000902626,-0.00078913,-0.000428775,6.98E-05,0.000544408,0.000828675,0.000813614,0.000495672,-1.48E-05,-0.000533925,-0.000877522,-0.000933707,-0.00070158,-0.00028137,0.00017478,0.000526143,0.000693318,0.000677161,0.000542676,0.000376789,0.000239018,0.000129129,-7.79E-06,-0.000235281,-0.0005603,-0.000890807,-0.001055058,-0.00088889,-0.000349933,0.000413036,0.001094955,0.001375137,0.00109543,0.000370246,-0.000449251,-0.000952841,-0.000897814,-0.000352128,0.000337191,0.000742348,0.000609128,1.63E-05,-0.000662089,-0.000979073,-0.000695276,5.43E-05,0.000820399,0.001107115,0.000691819,-0.000204251,-0.001021547,-0.001201955,-0.000561093,0.000552658,0.001441251,0.001493385,0.000602423,-0.000721296,-0.00164812
0.006962946,0.003940337,0.003085759,0.002486343,0.00187075,0.001216776,0.000564563,-3.25E-05,-0.000533581,-0.000917745,-0.001174996,-0.001294999,-0.001265562,-0.001083211,-0.000766461,-0.000359392,7.85E-05,0.000488561,0.000824076,0.001050254,0.001139,0.001068534,0.000832647,0.000453943,-1.06E-05,-0.000478702,-0.00086397,-0.001096457,-0.001134883,-0.00096911,-0.00061978,-0.000140287,0.000381883,0.000833786,0.001101827,0.001107602,0.000839157,0.000361316,-0.000201095,-0.000699386,-0.00100172,-0.001026123,-0.000760913,-0.000271571,0.000308217,0.000806107,0.001061148,0.000981743,0.000587176,8.68E-06,-0.00055724,-0.000925319,-0.000992671,-0.000771463,-0.000370777,5.90E-05,0.000389856,0.000559884,0.000581479,0.000516703,0.000433538,0.000363895,0.000284044,0.000131196,-0.000146555,-0.000531182,-0.000905354,-0.00108476,-0.000911176,-0.000361709,0.00039508,0.001048131,0.001290801,0.000992503,0.000291774,-0.000457644,-0.000872071,-0.000754454,-0.000212988,0.000396541,0.000680251,0.000447181,-0.000164808,-0.000762278,-0.000934605,-0.000518228,0.000278024,0.000976957,0.001119066,0.000563379,-0.000390226,-0.001154497,-0.00121199,-0.000461894,0.000674544,0.001484921,0.001412445,0.000438621,-0.000863335,-0.001669819
0.005381966,0.003059911,0.002406379,0.001937249,0.001436171,0.000890872,0.000347224,-0.000138025,-0.00052656,-0.00080589,-0.000976891,-0.001037019,-0.000976149,-0.000788741,-0.00049094,-0.000126525,0.000244427,0.000565539,0.000797861,0.000919556,0.00091703,0.000780599,0.000511939,0.000137987,-0.000282216,-0.000667193,-0.00093615,-0.001032369,-0.000935046,-0.000658033,-0.000243497,0.000241552,0.000706744,0.001047047,0.001166066,0.001009809,0.000595076,1.51E-05,-0.00058356,-0.001044367,-0.001244873,-0.001128367,-0.000717084,-0.000108995,0.000540239,0.001051705,0.001272919,0.001131106,0.00066774,3.24E-05,-0.000569328,-0.000954436,-0.00103104,-0.000824476,-0.000451015,-5.67E-05,0.000245786,0.000413503,0.000470725,0.000475946,0.000477366,0.00047888,0.000433463,0.000270838,-4.95E-05,-0.000485946,-0.000898432,-0.00109277,-0.000918042,-0.000369725,0.00036752,0.000981568,0.001183782,0.000872112,0.000206535,-0.000461775,-0.000780672,-0.000601009,-6.96E-05,0.00045356,0.000613038,0.000283043,-0.000341466,-0.000852402,-0.000879814,-0.000337056,0.000496448,0.00112116,0.00111877,0.000430356,-0.000570016,-0.001274227,-0.001210444,-0.000361084,0.000785536,0.001510521,0.00131657,0.000272031,-0.000994026,-0.001672512
0.003523662,0.002021582,0.001604754,0.001291725,0.000930951,0.000520794,0.000111703,-0.000237883,-0.00049368,-0.000653137,-0.000728949,-0.000726852,-0.00063872,-0.000456248,-0.000191892,0.000112718,0.000399132,0.000615485,0.000732792,0.000743861,0.000650645,0.000455725,0.000167792,-0.000183797,-0.000540743,-0.000825476,-0.000966088,-0.000921524,-0.000692713,-0.000317144,0.000143569,0.000612386,0.001000578,0.001215565,0.001181634,0.000870634,0.000326899,-0.000331653,-0.000942657,-0.001347554,-0.001438352,-0.001185986,-0.000645574,5.68E-05,0.000750156,0.001256064,0.001435877,0.001237625,0.0007229,5.42E-05,-0.000560803,-0.000947529,-0.001028574,-0.000842327,-0.000509095,-0.000165968,9.40E-05,0.00024916,0.000336137,0.000408972,0.000495224,0.000570871,0.000566638,0.00040568,5.82E-05,-0.000413952,-0.000853233,-0.001060873,-0.000895711,-0.000369216,0.000324859,0.000882284,0.001039223,0.000723337,0.000110812,-0.0004588,-0.000673038,-0.000433562,7.80E-05,0.00050538,0.000538849,0.000119533,-0.000505497,-0.000922221,-0.000808162,-0.00015362,0.000698895,0.001238411,0.001095324,0.000291654,-0.000734193,-0.00136625,-0.00118642,-0.000258033,0.000875501,0.001503349,0.001195676,0.000103672,-0.001101624,-0.001640813
0.001565885,0.000925516,0.000758804,0.000612432,0.000402915,0.00013918,-0.000124501,-0.00032891,-0.000444605,-0.000479582,-0.000458693,-0.00039602,-0.000285191,-0.000114575,0.00010795,0.000344051,0.000538173,0.000644171,0.000643983,0.000545647,0.000366752,0.000121662,-0.000174986,-0.000493005,-0.000776778,-0.000954612,-0.000965085,-0.00078367,-0.000432859,2.75E-05,0.000518725,0.000956711,0.001257565,0.001343812,0.001161842,0.000709006,5.49E-05,-0.00066177,-0.001267373,-0.0016058,-0.001586315,-0.001208,-0.000556726,0.000217661,0.000934341,0.00142055,0.001554858,0.001306712,0.00075551,7.22E-05,-0.000538568,-0.000914879,-0.000995844,-0.000832508,-0.000546954,-0.000264386,-5.60E-05,7.92E-05,0.000190118,0.00032595,0.00049376,0.000642588,0.000682381,0.000530656,0.000167578,-0.000327518,-0.000783962,-0.001002343,-0.0008529,-0.000361215,0.000274837,0.000764871,0.000873949,0.000559613,1.04E-05,-0.000451456,-0.000557697,-0.000261417,0.000224383,0.000552329,0.000462097,-3.89E-05,-0.000656292,-0.000976227,-0.000727103,2.59E-05,0.000883938,0.001332685,0.001055279,0.000151929,-0.000883125,-0.00143553,-0.001145542,-0.000154054,0.00095005,0.001474142,0.00106014,-6.24E-05,-0.001191005,-0.001586087
-0.000454082,-0.000206903,-0.000114971,-8.78E-05,-0.000138802,-0.000248641,-0.00035977,-0.000412832,-0.000383791,-0.000291588,-0.000173448,-5.18E-05,7.81E-05,0.000231801,0.000406508,0.000568061,0.000664706,0.000656858,0.000538033,0.000331854,7.15E-05,-0.000217214,-0.000514634,-0.000790929,-0.000994594,-0.001061231,-0.000941027,-0.000626509,-0.000161491,0.000372943,0.000882754,0.001279182,0.001485481,0.001441183,0.001115714,0.000531521,-0.000218367,-0.000977501,-0.001564487,-0.001828899,-0.001699287,-0.001203121,-0.000455275,0.000374007,0.001098244,0.00155419,0.001640098,0.001347192,0.000770863,8.72E-05,-0.000506255,-0.000863092,-0.000940507,-0.000801853,-0.000569308,-0.000354064,-0.000203723,-9.40E-05,3.63E-05,0.000231356,0.000477879,0.000698802,0.000784479,0.000647524,0.00027752,-0.000230913,-0.000697179,-0.000924219,-0.000794894,-0.000347479,0.000219727,0.000634567,0.000693966,0.0003854,-9.31E-05,-0.0004409,-0.000437036,-8.64E-05,0.000369289,0.000595466,0.000383671,-0.000193061,-0.000796732,-0.00101827,-0.000639311,0.000201743,0.001055306,0.001409376,0.001002834,1.18E-05,-0.001020195,-0.001487473,-0.001091978,-4.95E-05,0.001013033,0.001428628,0.000914036,-0.000226298,-0.001266571,-0.001514337
-0.002459847,-0.001334407,-0.00098389,-0.000780711,-0.000669617,-0.000621718,-0.000577175,-0.000477349,-0.000304201,-8.79E-05,0.000122173,0.000295461,0.00043586,0.000563376,0.000681735,0.00076217,0.000758018,0.000637258,0.000405464,0.00010166,-0.000226205,-0.000542599,-0.000824819,-0.001045992,-0.001161342,-0.001115972,-0.00087292,-0.000441596,0.000114696,0.000696996,0.001200462,0.001536498,0.001639861,0.001469881,0.00101941,0.000333491,-0.000476672,-0.001243994,-0.001786811,-0.00196638,-0.001733475,-0.001142842,-0.000333294,0.000512457,0.001211081,0.001616285,0.001650067,0.001325075,0.000748168,9.33E-05,-0.000456178,-0.000775284,-0.00084137,-0.000728975,-0.00055714,-0.00041952,-0.000337833,-0.000263855,-0.000124608,0.000118925,0.000434254,0.00072101,0.00085322,0.00074046,0.0003805,-0.000121474,-0.000581713,-0.000811504,-0.000708597,-0.000321073,0.000159337,0.000486517,0.000493985,0.000198378,-0.000198445,-0.000424674,-0.000310943,8.73E-05,0.000505641,0.00062931,0.000304661,-0.000333336,-0.000911901,-0.001035466,-0.000541709,0.000363749,0.001192696,0.001447356,0.000926336,-0.000125227,-0.001129008,-0.001501997,-0.001012764,5.55E-05,0.001053047,0.001353203,0.000751548,-0.000381485,-0.001313111,-0.001411552
-0.004364239,-0.002406707,-0.001809254,-0.001436559,-0.001168875,-0.000968782,-0.000774524,-0.000528337,-0.000218117,0.00011508,0.000409866,0.000628252,0.000773583,0.000870939,0.000930878,0.000930522,0.000828619,0.000600768,0.000264295,-0.000127068,-0.000511665,-0.000845436,-0.001104127,-0.00126519,-0.001291767,-0.00113918,-0.000783317,-0.000249543,0.000381186,0.0009946,0.001477954,0.001745545,0.001745643,0.001458167,0.000898617,0.000132209,-0.000715458,-0.001471117,-0.001957004,-0.002048931,-0.001720658,-0.001052591,-0.000203764,0.000635571,0.001290175,0.001634406,0.001615554,0.00126677,0.000703402,9.33E-05,-0.000398308,-0.000670156,-0.00072043,-0.00063392,-0.000524874,-0.000468032,-0.000458731,-0.000425192,-0.000283211,1.03E-06,0.000377089,0.00072351,0.000900374,0.000815527,0.000474247,-1.04E-05,-0.000455459,-0.000683658,-0.000608812,-0.000287251,9.93E-05,0.000334369,0.000289725,1.02E-05,-0.000301594,-0.00040565,-0.000185259,0.000255536,0.000633433,0.000656755,0.000226891,-0.000462801,-0.001010468,-0.001038573,-0.000441094,0.000513964,0.001307462,0.001462147,0.000837387,-0.000257911,-0.001219502,-0.001494452,-0.000919538,0.000159856,0.0010806,0.001263262,0.00058329,-0.000528958,-0.001342924,-0.001293905
-0.006178984,-0.003430188,-0.002596103,-0.002059618,-0.001640229,-0.001292845,-0.000954143,-0.000567368,-0.000126299,0.000317312,0.000690543,0.00094824,0.001093633,0.001157271,0.001156961,0.001076106,0.000879146,0.000549353,0.00011553,-0.000354494,-0.00078627,-0.001128339,-0.001356139,-0.001452684,-0.001390083,-0.001134521,-0.000674717,-5.12E-05,0.000639096,0.00126882,0.001719895,0.001911927,0.001808473,0.001410737,0.000756183,-7.19E-05,-0.000936987,-0.001663438,-0.002081122,-0.002082933,-0.001666302,-0.000935854,-6.76E-05,0.000745128,0.001339446,0.001613663,0.001541731,0.001176484,0.000639131,8.79E-05,-0.000333551,-0.000549723,-0.000580224,-0.000519265,-0.000474848,-0.000501567,-0.00056795,-0.000578988,-0.000439784,-0.000121694,0.000307957,0.000708592,0.000928447,0.000874799,0.000559832,0.000101985,-0.000319673,-0.000542442,-0.00049711,-0.000246877,3.96E-05,0.000178603,8.17E-05,-0.000179024,-0.000402783,-0.000384153,-5.99E-05,0.000418917,0.000753657,0.000678541,0.000150221,-0.000582709,-0.00109436,-0.001029227,-0.00033782,0.000653753,0.00140223,0.001456445,0.000737437,-0.000386759,-0.001293805,-0.001467403,-0.000813929,0.000263786,0.001097141,0.001160495,0.000409939,-0.00066961,-0.001357956,-0.001163126
-0.007647682,-0.004262226,-0.003232971,-0.002558366,-0.002010773,-0.001539898,-0.001081252,-0.000578749,-3.12E-05,0.00050009,0.000932031,0.001213489,0.001348522,0.001373821,0.001314893,0.001161618,0.000883911,0.000471871,-3.58E-05,-0.000559483,-0.001014648,-0.001345339,-0.00152943,-0.001557783,-0.001412953,-0.001072246,-0.000535895,0.000143507,0.000857587,0.001471549,0.00186756,0.001975118,0.001775674,0.001291617,0.000579226,-0.000266192,-0.001104853,-0.0017674,-0.002098268,-0.002011346,-0.001527421,-0.000770709,7.38E-05,0.000818706,0.00132208,0.001511478,0.001388733,0.001023418,0.000536678,7.02E-05,-0.000259398,-0.000405426,-0.000408676,-0.000370517,-0.000390119,-0.000500665,-0.000644598,-0.000705751,-0.000580325,-0.000244642,0.000220087,0.000659263,0.000914461,0.000895234,0.000619599,0.000206578,-0.000175377,-0.000383374,-0.000366912,-0.0001935,-1.35E-05,2.65E-05,-0.000120764,-0.000358746,-0.000493615,-0.000358063,5.85E-05,0.00056392,0.000851648,0.000686482,7.82E-05,-0.000678389,-0.001144761,-0.000994773,-0.000233579,0.000765821,0.001451084,0.001407648,0.000617798,-0.000503083,-0.001331397,-0.001399781,-0.000684732,0.000365064,0.001092169,0.001036137,0.000232704,-0.00079139,-0.001342594,-0.001010807
-0.008898748,-0.00497313,-0.003775216,-0.002979517,-0.002319637,-0.001741424,-0.001179243,-0.000577265,6.13E-05,0.000666548,0.001145921,0.001443034,0.001563214,0.001549498,0.001435094,0.001216162,0.000867641,0.000385684,-0.000182261,-0.000746146,-0.001212941,-0.001523634,-0.001659754,-0.001620838,-0.001400191,-0.00098588,-0.000388519,0.000329133,0.001049795,0.001633916,0.001966395,0.001988362,0.001699777,0.001143473,0.000392452,-0.000449112,-0.001242087,-0.001826909,-0.002065305,-0.001893202,-0.001353827,-0.000588284,0.000213231,0.00087348,0.001274468,0.001374698,0.001203649,0.000845791,0.000419474,4.72E-05,-0.000183368,-0.000254686,-0.000228041,-0.000210705,-0.000292081,-0.000483976,-0.000703822,-0.000815866,-0.000708541,-0.00036302,0.000127232,0.000596248,0.000881559,0.000896448,0.000664399,0.000303022,-3.25E-05,-0.000221163,-0.000231722,-0.000135004,-6.15E-05,-0.000119235,-0.000314816,-0.000529053,-0.000576971,-0.000330059,0.000171238,0.000697187,0.000936928,0.000687285,9.06E-06,-0.000761632,-0.001179199,-0.000949609,-0.000130809,0.000863235,0.001478086,0.00133993,0.000491086,-0.00061182,-0.001351561,-0.00131449,-0.000546371,0.000464164,0.001078139,0.000904416,5.67E-05,-0.000902737,-0.001313947,-0.000851525
-0.009888392,-0.005538514,-0.004203789,-0.003307464,-0.002554442,-0.001888311,-0.001242328,-0.000560411,0.000150679,0.000813323,0.001326605,0.001629666,0.001729632,0.001676132,0.001510066,0.001233632,0.000826249,0.00028918,-0.000322727,-0.000910718,-0.001375074,-0.001655486,-0.001738584,-0.001633568,-0.001344848,-0.000870805,-0.000231062,0.000503738,0.001210402,0.001747885,0.002006769,0.001941889,0.001572429,0.000960765,0.00019411,-0.000618325,-0.001342583,-0.00183323,-0.001972472,-0.001719506,-0.001138883,-0.00038535,0.000350301,0.000905733,0.001190741,0.001196673,0.000980353,0.000638941,0.000284724,1.78E-05,-0.000105162,-9.64E-05,-3.67E-05,-3.78E-05,-0.000178215,-0.00044843,-0.000742173,-0.00090599,-0.000821911,-0.000475818,2.85E-05,0.000516944,0.000826077,0.00087467,0.000691242,0.000389616,0.000108528,-5.53E-05,-9.07E-05,-7.04E-05,-0.000103138,-0.000257136,-0.000498678,-0.000687984,-0.000651329,-0.000299777,0.000277174,0.000816352,0.001006962,0.000679546,-5.66E-05,-0.000829986,-0.001194555,-0.000891675,-2.98E-05,0.000943096,0.001478967,0.001249638,0.000355979,-0.000711447,-0.001350897,-0.001208125,-0.000397114,0.000560636,0.001053311,0.000763971,-0.000117683,-0.001001576,-0.001269451,-0.000684005
-0.010368437,-0.005819152,-0.004410363,-0.003454629,-0.002647432,-0.001932935,-0.001243036,-0.00052014,0.000227228,0.000915823,0.001438296,0.001730817,0.001803126,0.001711577,0.001504335,0.001188704,0.000747079,0.00018366,-0.000442149,-0.001026166,-0.001465293,-0.001700801,-0.001726514,-0.001562327,-0.001223547,-0.000717261,-6.90E-05,0.00064711,0.001307238,0.00177409,0.001948206,0.001800513,0.001369333,0.000733866,-9.54E-06,-0.000753306,-0.001375748,-0.001751688,-0.001787546,-0.001466141,-0.000870116,-0.000161775,0.00047488,0.000899185,0.001053187,0.000962246,0.000708429,0.000397204,0.000129774,-2.01E-05,-2.83E-05,6.42E-05,0.000159688,0.00014495,-4.64E-05,-0.000384966,-0.000744212,-0.000957245,-0.000902508,-0.000570404,-7.15E-05,0.000417321,0.000737176,0.000815251,0.000684701,0.000452349,0.00023632,0.000106003,5.22E-05,1.40E-06,-0.000131187,-0.000373951,-0.000655373,-0.000819208,-0.000706113,-0.000266095,0.000367705,0.000906999,0.001048101,0.000656696,-0.000115347,-0.000872559,-0.001178853,-0.000815187,6.48E-05,0.000992009,0.001437785,0.001126055,0.000211912,-0.000792996,-0.001316501,-0.00107093,-0.000234617,0.00065042,0.001012568,0.000614518,-0.00028368,-0.00107712,-0.001201135,-0.000509121
-0.010578586,-0.005948627,-0.004499241,-0.00350638,-0.002666201,-0.001924841,-0.001212608,-0.000469653,0.000294761,0.000992894,0.001512016,0.001786086,0.001827809,0.001700219,0.001458376,0.001114039,0.000651645,7.71E-05,-0.000547292,-0.001113566,-0.001516938,-0.001701616,-0.001669467,-0.001451335,-0.001073014,-0.000549197,9.04E-05,0.000770654,0.00136953,0.001755961,0.001842218,0.001616037,0.001134339,0.000491367,-0.000210146,-0.00086752,-0.001374556,-0.0016288,-0.001562035,-0.001180204,-0.00058195,6.60E-05,0.00058997,0.000873596,0.000892587,0.000706045,0.000419616,0.000144684,-3.09E-05,-6.09E-05,4.61E-05,0.000221656,0.000353151,0.000327314,9.02E-05,-0.000309824,-0.000728443,-0.000987749,-0.000964199,-0.000652656,-0.000168765,0.000310758,0.000634024,0.000738183,0.00066095,0.00050087,0.000353875,0.000261057,0.000192733,7.54E-05,-0.00015168,-0.00047761,-0.000795051,-0.000933604,-0.000749566,-0.000230855,0.000449209,0.000981804,0.001073764,0.00062609,-0.000170445,-0.000902169,-0.001148232,-0.000730619,0.000155139,0.001025262,0.00137675,0.000988029,6.56E-05,-0.000864501,-0.001266008,-0.000920468,-6.78E-05,0.000735736,0.000964583,0.000462658,-0.000443329,-0.00114022,-0.001122047,-0.000333013
-0.010415041,-0.005868683,-0.004425117,-0.003426123,-0.002582486,-0.001844207,-0.001139674,-0.000405712,0.000349103,0.001034129,0.001532709,0.001777634,0.001785038,0.001624533,0.001357512,0.000999248,0.00053488,-2.98E-05,-0.00063167,-0.001161485,-0.00151502,-0.001641237,-0.00155115,-0.001286801,-0.000883815,-0.000362886,0.000244668,0.000865698,0.001383745,0.001677127,0.001672143,0.001374161,0.000857787,0.000229745,-0.000404673,-0.000952143,-0.001326207,-0.001450307,-0.001282929,-0.000852222,-0.000269812,0.000297605,0.000691013,0.000822123,0.000701809,0.000422263,0.000110229,-0.000120322,-0.000197816,-0.000105298,0.000116382,0.000373426,0.000540801,0.000507369,0.000232084,-0.000219497,-0.00068847,-0.000989469,-0.000999218,-0.000716978,-0.000261026,0.000195796,0.000512238,0.000637408,0.00061352,0.000529215,0.000456234,0.000406183,0.000328946,0.000151754,-0.000161598,-0.000562418,-0.000910329,-0.001024015,-0.000777023,-0.000193534,0.000517937,0.001034438,0.001077945,0.000584823,-0.000220412,-0.000914047,-0.001097435,-0.000635421,0.000239272,0.00103706,0.001288998,0.000831018,-8.32E-05,-0.000921945,-0.001193789,-0.000752612,0.000104099,0.000814566,0.000906949,0.000308217,-0.000593583,-0.001186053,-0.001028629,-0.000156062
-0.009774462,-0.005520658,-0.004142687,-0.003178097,-0.00236983,-0.001673974,-0.001016382,-0.000329066,0.000382049,0.001025548,0.00148276,0.001686578,0.001656996,0.001469814,0.001191735,0.000840028,0.000398559,-0.000129502,-0.000683087,-0.001154788,-0.001443669,-0.001505413,-0.001361071,-0.001063585,-0.00065695,-0.000165325,0.000381806,0.000917469,0.001334812,0.001525007,0.001430317,0.001073666,0.000545139,-4.00E-05,-0.000579072,-0.000993182,-0.001219956,-0.001211227,-0.000952184,-0.000490562,5.37E-05,0.00051955,0.000767564,0.000740239,0.000483607,0.0001202,-0.000206553,-0.000384607,-0.000361711,-0.000150587,0.000177916,0.000508675,0.000708789,0.000672099,0.000370461,-0.000116491,-0.000620387,-0.000953609,-0.000996372,-0.000752354,-0.00033946,7.80E-05,0.000373593,0.00051089,0.000536725,0.000528529,0.000532503,0.00053044,0.000452517,0.000227428,-0.000157481,-0.000618882,-0.000988448,-0.001078557,-0.000781408,-0.00015391,0.000568034,0.001056216,0.001053289,0.000529921,-0.000263382,-0.000903695,-0.001022824,-0.000529505,0.000313414,0.001022031,0.001170935,0.000655589,-0.000229801,-0.00095952,-0.001096318,-0.000568222,0.00027666,0.000882151,0.000838303,0.000154871,-0.000727425,-0.001208427,-0.000919606,1.67E-05
-0.008889887,-0.005035253,-0.00375365,-0.002844547,-0.002091911,-0.001458972,-0.000868698,-0.000247475,0.000402463,0.000990061,0.001395635,0.001552823,0.001485633,0.001275756,0.000994566,0.00066046,0.000254919,-0.000222824,-0.000715367,-0.001118647,-0.001336395,-0.001331903,-0.001136524,-0.00081373,-0.000414925,3.37E-05,0.00050649,0.000944615,0.001252868,0.001336791,0.001155263,0.00074832,0.000220031,-0.000308183,-0.000738681,-0.001009718,-0.001084749,-0.000944721,-0.000600926,-0.000118817,0.000376139,0.000731248,0.000829031,0.000643563,0.000255259,-0.000185123,-0.000520217,-0.000642339,-0.000519855,-0.000194844,0.000233687,0.000632044,0.000862126,0.00082432,0.000503205,-9.45E-06,-0.000538841,-0.000898053,-0.000972596,-0.00077062,-0.000408107,-3.86E-05,0.000228722,0.000372757,0.000445193,0.00051183,0.000593032,0.000641038,0.000566955,0.000301242,-0.000146048,-0.000659237,-0.001045193,-0.001112592,-0.000772826,-0.000113211,0.000607556,0.001060923,0.001013023,0.000467882,-0.000302473,-0.00088174,-0.000936308,-0.000418896,0.000381631,0.000993127,0.001038312,0.000472585,-0.000373359,-0.000985898,-0.000986428,-0.000377216,0.000447318,0.000942544,0.000764119,3.54E-06,-0.000851065,-0.001217862,-0.000803196,0.00018558
-0.007646981,-0.004347821,-0.003207981,-0.002385678,-0.001718824,-0.001179273,-0.000686535,-0.000160151,0.000402909,0.000913658,0.001252891,0.001355918,0.001250935,0.001024986,0.000753081,0.000453342,0.000103168,-0.00030419,-0.000717307,-0.001037786,-0.001175967,-0.001103933,-0.000863557,-0.000528073,-0.000154668,0.000230847,0.000609245,0.000933151,0.001121747,0.001096931,0.000834815,0.000391522,-0.000117483,-0.000568214,-0.000872155,-0.0009881,-0.000907665,-0.000641437,-0.000225339,0.000260727,0.000690064,0.000922665,0.000865839,0.000525912,1.58E-05,-0.000489254,-0.000822523,-0.000884374,-0.000665437,-0.000236139,0.000279744,0.000734598,0.000989434,0.000953589,0.000623914,0.000101095,-0.000438425,-0.000813106,-0.000916555,-0.000761498,-0.000459719,-0.000150459,7.71E-05,0.000219089,0.000332303,0.000470473,0.000628088,0.000728639,0.000665358,0.000370857,-0.000123736,-0.000674353,-0.001068218,-0.001114386,-0.00074406,-7.10E-05,0.00063052,0.001039296,0.000948986,0.000395203,-0.000335566,-0.000842515,-0.000832582,-0.000302176,0.000440338,0.0009437,0.000885235,0.000280277,-0.000510533,-0.000994818,-0.000858791,-0.000178309,0.000612975,0.000990957,0.000681897,-0.000143414,-0.000957944,-0.001207366,-0.000676532,0.000346837
-0.00611123,-0.003494513,-0.002534154,-0.001825292,-0.001270017,-0.000849808,-0.000480133,-7.26E-05,0.000382458,0.000799679,0.001061647,0.001106078,0.000965306,0.000731001,0.000480617,0.000230571,-4.75E-05,-0.000368058,-0.000687807,-0.00091592,-0.000970803,-0.000833958,-0.000557414,-0.000222899,0.000108582,0.00041396,0.000683172,0.000882686,0.000948103,0.00081864,0.000487171,2.39E-05,-0.000447558,-0.000804414,-0.00097078,-0.000928416,-0.000697873,-0.000318228,0.000152945,0.000625551,0.000976233,0.001081309,0.000874417,0.000392952,-0.000221383,-0.000774287,-0.001094755,-0.001094758,-0.000787848,-0.000270335,0.0003141,0.000809682,0.001081361,0.001049755,0.000723087,0.000207201,-0.000325053,-0.000702316,-0.000829112,-0.00072292,-0.000489344,-0.000250525,-7.32E-05,5.72E-05,0.00020281,0.000405571,0.000635206,0.00078841,0.000742422,0.000432293,-9.22E-05,-0.000663817,-0.001056066,-0.001082705,-0.000694851,-2.80E-05,0.000636249,0.000991393,0.000862146,0.000313072,-0.000362413,-0.000787528,-0.000714649,-0.000182369,0.000488519,0.000876143,0.000717294,8.54E-05,-0.00063637,-0.000985508,-0.000717261,2.19E-05,0.000767392,0.001024327,0.000592577,-0.000282556,-0.001045026,-0.001176675,-0.000542485,0.000496402
-0.004426984,-0.002556813,-0.001795296,-0.001213773,-0.000783569,-0.000496227,-0.000262841,1.35E-05,0.00034979,0.000665172,0.000844717,0.00082891,0.000654141,0.000416216,0.000194311,2.31E-06,-0.00019475,-0.000420293,-0.000639978,-0.000771638,-0.000742452,-0.00054354,-0.000236709,8.87E-05,0.000369088,0.000585527,0.000738536,0.000809716,0.000751985,0.000522139,0.000129231,-0.000343912,-0.000767523,-0.00102228,-0.001046782,-0.000846837,-0.000471935,1.15E-05,0.000526418,0.000975255,0.001240707,0.00121734,0.000865625,0.000252796,-0.000453398,-0.00104302,-0.001344086,-0.00128213,-0.000893712,-0.000299176,0.000341139,0.000866953,0.001150099,0.00112381,0.000807021,0.000308403,-0.000205937,-0.000577656,-0.000723829,-0.000666793,-0.000504903,-0.000341705,-0.000220345,-0.000107194,6.52E-05,0.000327521,0.000625558,0.000830724,0.000805573,0.000487763,-5.60E-05,-0.000638368,-0.00102314,-0.001031273,-0.000633726,1.54E-05,0.000631727,0.000928196,0.000762318,0.000225829,-0.000385468,-0.000723702,-0.000589237,-6.16E-05,0.000530243,0.000798664,0.000542275,-0.000108951,-0.000754103,-0.000965276,-0.000568714,0.000220805,0.000913333,0.001047897,0.000499288,-0.000416172,-0.001119619,-0.00113403,-0.000404889,0.000637969
-0.002551399,-0.001509686,-0.00097254,-0.000537216,-0.000250496,-0.00011435,-3.50E-05,9.37E-05,0.00029734,0.000500543,0.00059197,0.000515333,0.000310795,7.74E-05,-0.000105194,-0.000226973,-0.000330886,-0.000450677,-0.000562598,-0.000594445,-0.000482985,-0.000228915,9.71E-05,0.000399963,0.000615476,0.00073115,0.000760183,0.000700965,0.000524645,0.000205355,-0.000233288,-0.000698718,-0.001058712,-0.001200993,-0.001081327,-0.000730601,-0.000226285,0.000340763,0.000878338,0.00128645,0.001458286,0.001309344,0.000826853,0.000104778,-0.000668629,-0.001274305,-0.001544905,-0.001422553,-0.000966336,-0.000316754,0.000355314,0.000891622,0.001175921,0.001156143,0.000860604,0.000396707,-8.15E-05,-0.000433227,-0.000590802,-0.000581574,-0.000495087,-0.000414267,-0.000357219,-0.000270836,-8.20E-05,0.000229523,0.000587852,0.000842229,0.000843113,0.000531033,-1.35E-05,-0.00058897,-0.000956152,-0.00094749,-0.000553395,5.87E-05,0.000610232,0.000840405,0.000642233,0.000131214,-0.000402081,-0.000646391,-0.000453516,5.88E-05,0.000560868,0.000706589,0.000359281,-0.000298277,-0.00085554,-0.000926801,-0.000411202,0.000413514,0.001041452,0.001053442,0.000399973,-0.000538765,-0.001172029,-0.001071725,-0.00026322,0.000764078
-0.00062697,-0.000433193,-0.000128176,0.000154116,0.000290539,0.00026898,0.000188368,0.000164404,0.000231528,0.000320645,0.000324432,0.000189945,-3.93E-05,-0.000261846,-0.000398496,-0.000443985,-0.000450004,-0.000461291,-0.000465353,-0.000400421,-0.000212883,8.76E-05,0.000422821,0.000693333,0.000836332,0.00084717,0.000752785,0.000568835,0.000284407,-0.00011024,-0.000579111,-0.001022818,-0.001309764,-0.001337241,-0.00107942,-0.000591797,2.24E-05,0.000651587,0.001192836,0.001548056,0.001624151,0.001358704,0.000764246,-4.25E-05,-0.000858544,-0.001461551,-0.001693368,-0.001514548,-0.001005339,-0.000322265,0.000358916,0.000887556,0.001163247,0.001149945,0.000883956,0.000468064,4.03E-05,-0.000279537,-0.000440591,-0.000475363,-0.000463752,-0.000467237,-0.000478679,-0.000425792,-0.000229728,0.00012026,0.000529458,0.000828275,0.00085772,0.000561471,3.11E-05,-0.000523306,-0.000864722,-0.000840507,-0.000459833,0.000101239,0.000576032,0.000735465,0.000509147,3.31E-05,-0.00041335,-0.000560584,-0.000313245,0.000175982,0.000582407,0.000606336,0.000176164,-0.000477061,-0.000940068,-0.000874259,-0.000251137,0.000594763,0.001149935,0.001042341,0.000296841,-0.000650096,-0.001205226,-0.000994665,-0.000121224,0.000875054
0.001308436,0.000650818,0.000721157,0.000847595,0.000830845,0.000648958,0.000406159,0.000227799,0.000157422,0.000132483,5.00E-05,-0.000139704,-0.000389981,-0.000597552,-0.000684312,-0.000650268,-0.000556272,-0.000458419,-0.000355782,-0.000197225,6.13E-05,0.0004018,0.000739321,0.000971341,0.001037474,0.000941879,0.00072581,0.000422336,3.81E-05,-0.000421543,-0.000909814,-0.001322552,-0.001530862,-0.001443196,-0.00105277,-0.000439118,0.000270578,0.000946611,0.001478553,0.001773116,0.001752977,0.001378377,0.000685905,-0.000187954,-0.001029332,-0.001616847,-0.001804491,-0.001572341,-0.001020706,-0.000319195,0.00035546,0.000863951,0.001124288,0.001117255,0.00088616,0.000526921,0.000158949,-0.000121038,-0.000280055,-0.000355788,-0.000418004,-0.000506348,-0.000588505,-0.00057335,-0.000376416,4.55E-06,0.000457768,0.000797317,0.000856638,0.000582766,7.63E-05,-0.000447452,-0.000757655,-0.00071868,-0.000357939,0.000142947,0.00053354,0.000619625,0.000368081,-6.69E-05,-0.000420967,-0.000469533,-0.000170662,0.000290367,0.000597818,0.00050129,-5.82E-06,-0.000647528,-0.00101254,-0.000812424,-9.03E-05,0.000767072,0.00124423,0.001019673,0.000191354,-0.000753411,-0.001225285,-0.000907924,2.04E-05,0.000975375
0.003155256,0.001687725,0.00153207,0.001506348,0.00133971,0.001001495,0.000601298,0.000273904,7.19E-05,-6.05E-05,-0.000221953,-0.000458772,-0.000722148,-0.000907985,-0.000940292,-0.000825041,-0.000632575,-0.000430443,-0.000229256,1.18E-05,0.000327981,0.000694266,0.001021193,0.001205349,0.001190698,0.000991458,0.000663547,0.000256802,-0.000206264,-0.000707877,-0.001194166,-0.001560256,-0.001683654,-0.001486303,-0.000980664,-0.000268025,0.00050496,0.001196467,0.001694811,0.001916876,0.001804266,0.00133988,0.000580842,-0.000323116,-0.001155461,-0.001703367,-0.001838182,-0.001560788,-0.000988679,-0.000298462,0.000339605,0.000804286,0.001036299,0.00103426,0.000846436,0.000557935,0.000265282,3.90E-05,-0.000107131,-0.000216001,-0.000346733,-0.000517267,-0.000671191,-0.000699939,-0.000513783,-0.000117136,0.000365316,0.000736475,0.000826125,0.000585147,0.000119466,-0.000357064,-0.000626542,-0.000574034,-0.000243934,0.000182224,0.000477445,0.000487412,0.000216506,-0.000167469,-0.000421761,-0.00037143,-2.77E-05,0.000396827,0.000602148,0.000391173,-0.000179697,-0.000796997,-0.001060016,-0.000734789,6.74E-05,0.000917235,0.001308233,0.000974447,8.27E-05,-0.00084017,-0.00122073,-0.000805071,0.000158569,0.001054226
0.004844836,0.002638061,0.002274383,0.002107219,0.001800901,0.00131725,0.000771079,0.000306052,-1.67E-05,-0.000246507,-0.000477679,-0.000753861,-0.001024489,-0.001185369,-0.001163117,-0.000969806,-0.000685023,-0.000387286,-9.81E-05,0.000213617,0.000575595,0.000957039,0.001265472,0.001398094,0.001304236,0.001008481,0.000580927,8.70E-05,-0.00043695,-0.000963065,-0.0014332,-0.001744518,-0.001783028,-0.001485025,-0.000881397,-9.27E-05,0.000718956,0.001403996,0.001853796,0.001998572,0.001800165,0.001263141,0.000461881,-0.000445623,-0.001245772,-0.00173912,-0.001817151,-0.001501616,-0.000924631,-0.0002655,0.000316749,0.00072284,0.000918322,0.000919773,0.000778934,0.000567873,0.000358203,0.00019312,6.68E-05,-6.85E-05,-0.000261385,-0.000508886,-0.000732147,-0.000806778,-0.000638335,-0.000236579,0.000264,0.000658946,0.000777225,0.000574015,0.000158248,-0.000261843,-0.000485283,-0.000419798,-0.000125713,0.000218938,0.000414475,0.000348644,6.26E-05,-0.000265485,-0.000417999,-0.000271266,0.000111956,0.000495608,0.000599593,0.000281233,-0.000343039,-0.000928121,-0.0010893,-0.000648513,0.000218713,0.001048267,0.001349453,0.000914025,-2.66E-05,-0.000914764,-0.001200286,-0.000693701,0.00029184,0.001117843
0.006404926,0.00351701,0.002960185,0.00266053,0.002223076,0.001603082,0.000920439,0.00032723,-0.000107253,-0.000426166,-0.000719706,-0.001029039,-0.001302361,-0.0014359,-0.001359253,-0.001090664,-0.000718736,-0.000332539,3.60E-05,0.000409041,0.000807374,0.00119564,0.001479536,0.001558002,0.001386495,0.001000162,0.000482848,-8.55E-05,-0.000656069,-0.001193018,-0.001636062,-0.001886521,-0.001840503,-0.001449264,-0.000761406,8.54E-05,0.000916292,0.001577834,0.00196765,0.002031691,0.00175298,0.001156909,0.000332511,-0.000557874,-0.001307918,-0.001735253,-0.001753602,-0.001405557,-0.000835831,-0.000223072,0.000288577,0.000624748,0.000777412,0.000781146,0.000690013,0.000561351,0.00044035,0.000342015,0.000240819,8.44E-05,-0.000165429,-0.000485572,-0.000776018,-0.000897871,-0.000752427,-0.000353766,0.00015625,0.000568782,0.000714206,0.000552358,0.000193387,-0.000163275,-0.000336653,-0.0002586,-4.55E-06,0.00025358,0.000346352,0.000205154,-9.28E-05,-0.000361279,-0.000410689,-0.000169706,0.000248683,0.000588231,0.000591719,0.000171697,-0.000497812,-0.001044681,-0.001104359,-0.000555687,0.000364801,0.00116412,0.001372806,0.00084182,-0.00013638,-0.000979819,-0.00116755,-0.000575901,0.00042112,0.001169563
0.007578174,0.004181192,0.003476914,0.003073602,0.002532781,0.001805603,0.001016429,0.000324264,-0.000194875,-0.000578945,-0.000914843,-0.001242098,-0.001508699,-0.001612254,-0.0014858,-0.001153392,-0.000711527,-0.000258219,0.000166012,0.000576416,0.000989083,0.001366651,0.00161558,0.001638656,0.001398497,0.00094041,0.000360141,-0.000250974,-0.000835538,-0.001354411,-0.001749788,-0.001931191,-0.001807359,-0.001344654,-0.000606712,0.000256911,0.001065965,0.001670306,0.001980274,0.001961527,0.001618919,0.000995661,0.000189161,-0.000642211,-0.001307903,-0.001649213,-0.001605112,-0.001237825,-0.00069984,-0.000162384,0.000251912,0.000498313,0.000597103,0.000600087,0.000561216,0.000520432,0.0004948,0.000470897,0.000404336,0.000238753,-5.40E-05,-0.000433471,-0.000782218,-0.000950514,-0.000836798,-0.000457422,4.35E-05,0.000459155,0.000625917,0.000509234,0.000217233,-6.52E-05,-0.000182259,-9.21E-05,0.00011657,0.000282651,0.000271273,5.88E-05,-0.000244081,-0.000448233,-0.000396144,-6.90E-05,0.000374512,0.00066517,0.000573816,6.77E-05,-0.00062877,-0.001126694,-0.001089429,-0.000452698,0.000494694,0.001244102,0.001357604,0.000746525,-0.000244746,-0.001024247,-0.001111215,-0.000448589,0.000538828,0.001196395
0.008491484,0.00470045,0.00387991,0.003393132,0.002768511,0.00195458,0.00107966,0.000308602,-0.000276897,-0.000710391,-0.001076064,-0.001412353,-0.001667598,-0.001741202,-0.001569685,-0.001182448,-0.000682933,-0.000176855,0.00028803,0.000721376,0.001136055,0.001494132,0.001704158,0.001673672,0.00137265,0.0008559,0.000229585,-0.000405619,-0.000986321,-0.001472506,-0.001811259,-0.001922111,-0.001727235,-0.001207546,-0.000439669,0.000418249,0.001184408,0.001715816,0.001938374,0.00183881,0.001443369,0.000810854,4.34E-05,-0.000708744,-0.001274847,-0.001522478,-0.001416554,-0.00103762,-0.000543164,-9.37E-05,0.000212352,0.000361426,0.000402197,0.000402748,0.000415657,0.000462611,0.000532549,0.000584429,0.000556107,0.000387865,6.09E-05,-0.000368519,-0.000768411,-0.000980548,-0.000901544,-0.000549071,-6.68E-05,0.000343698,0.000527285,0.000455582,0.000233322,2.85E-05,-3.04E-05,7.16E-05,0.000234007,0.000308041,0.000194759,-8.49E-05,-0.000389032,-0.000528034,-0.000377816,2.91E-05,0.000491871,0.00073221,0.000551109,-3.11E-05,-0.000744187,-0.00118856,-0.001058849,-0.000346453,0.000613233,0.001303193,0.001321854,0.000640347,-0.000350799,-0.001057329,-0.001043671,-0.000318569,0.000648557,0.001210095
0.009154394,0.005080103,0.004173333,0.003622543,0.002932974,0.002051973,0.001111333,0.000280707,-0.000353532,-0.000821294,-0.001204615,-0.001541376,-0.001780794,-0.001824476,-0.00161247,-0.001179061,-0.000633729,-8.87E-05,0.000402334,0.000844748,0.001249566,0.001579679,0.001747004,0.001664713,0.001310332,0.00074753,9.15E-05,-0.000549882,-0.001109472,-0.001548887,-0.001822384,-0.001861237,-0.001601836,-0.001039112,-0.000260717,0.000569766,0.001272763,0.001716078,0.001843932,0.001665446,0.001227829,0.000603336,-0.000104581,-0.000758126,-0.001209954,-0.001356523,-0.001189375,-0.000806114,-0.000366546,-1.73E-05,0.000169997,0.000214459,0.000193211,0.000189711,0.000253938,0.000388501,0.000554209,0.000683178,0.000696569,0.000531905,0.000179224,-0.00029118,-0.000735323,-0.000988798,-0.000947385,-0.000629153,-0.000174695,0.000222617,0.000418682,0.000391782,0.000241936,0.000117915,0.000118955,0.000232855,0.000347903,0.000329885,0.000116859,-0.000226159,-0.000527892,-0.000600947,-0.00035584,0.000124664,0.000601078,0.000789716,0.000523773,-0.00012472,-0.000844636,-0.001231016,-0.001013186,-0.000237065,0.00072084,0.001342157,0.001266303,0.000523674,-0.000454628,-0.001079479,-0.000965322,-0.000185933,0.000750606,0.001211142
0.009267149,0.005152149,0.004225778,0.00365485,0.002943091,0.002039552,0.001078243,0.000231177,-0.000412963,-0.000882239,-0.001257858,-0.001578246,-0.001794476,-0.001810929,-0.001570928,-0.0011123,-0.000548241,5.38E-06,0.000491936,0.000915461,0.001287966,0.001575847,0.001696603,0.001570251,0.001181577,0.000601105,-5.05E-05,-0.000662439,-0.001168867,-0.001537617,-0.001734007,-0.001703553,-0.001397285,-0.000822022,-7.18E-05,0.000690954,0.001295942,0.001628001,0.001653683,0.001405479,0.000949316,0.000365859,-0.000246968,-0.000770821,-0.001087607,-0.001125604,-0.000902483,-0.000529309,-0.0001629,6.91E-05,0.000125293,5.80E-05,-2.89E-05,-3.92E-05,7.21E-05,0.000288234,0.000543463,0.000746366,0.000804708,0.000654876,0.000294505,-0.000196345,-0.000667441,-0.000953417,-0.000951644,-0.000679174,-0.000268974,9.96E-05,0.000297629,0.000311224,0.000233892,0.000192062,0.000253593,0.000379179,0.000448344,0.000343661,4.05E-05,-0.000355041,-0.000647526,-0.000656217,-0.000326958,0.00021181,0.000689962,0.000826183,0.000488306,-0.000204938,-0.000912142,-0.001234109,-0.00093995,-0.000125757,0.000803017,0.001340296,0.001173951,0.000390437,-0.000550805,-0.001079921,-0.000868887,-5.27E-05,0.000834594,0.001188203
0.009116102,0.005076353,0.004162539,0.003592927,0.002879993,0.001975795,0.001015862,0.000173311,-0.00046206,-0.000917371,-0.001273637,-0.001570323,-0.001760758,-0.001752275,-0.001491218,-0.001018175,-0.000448817,9.88E-05,0.000566704,0.000958906,0.001289721,0.001530187,0.001604222,0.001439013,0.001026195,0.000441956,-0.000189391,-0.000756323,-0.001196456,-0.001485782,-0.001602119,-0.001505916,-0.001162561,-0.000589377,0.000115647,0.000794095,0.001288061,0.001501681,0.001424965,0.001113488,0.000650289,0.000121878,-0.000382311,-0.000766084,-0.000942373,-0.000871686,-0.000596782,-0.000240103,4.69E-05,0.000157356,8.08E-05,-9.81E-05,-0.0002501,-0.000268171,-0.000112957,0.000179374,0.000518348,0.000791136,0.000894141,0.000763563,0.000403979,-9.69E-05,-0.00058568,-0.000898507,-0.000935693,-0.000712821,-0.000353372,-2.03E-05,0.000174166,0.000224721,0.000217782,0.000256643,0.000377536,0.000514684,0.000539948,0.000353287,-3.34E-05,-0.000475171,-0.000755333,-0.000701694,-0.000295012,0.000293599,0.000767752,0.00085201,0.000449389,-0.000277814,-0.000963408,-0.001218995,-0.000855188,-1.54E-05,0.000872047,0.001319536,0.001066048,0.000251709,-0.000641822,-0.001070195,-0.000765485,7.87E-05,0.000908978,0.001154563
0.008637313,0.004816861,0.003955569,0.003413959,0.002726006,0.001848376,0.000917246,0.00010527,-0.000498134,-0.00092027,-0.001242748,-0.001506695,-0.00166818,-0.001637696,-0.00136429,-0.000890322,-0.000332386,0.000191184,0.000622774,0.000968293,0.001245895,0.001432651,0.00145993,0.001262462,0.000838199,0.000267488,-0.000323978,-0.0008267,-0.001184419,-0.001383681,-0.001416548,-0.001259218,-0.000891044,-0.0003381,0.000300625,0.0008745,0.001241608,0.001328217,0.00114912,0.000782558,0.000326638,-0.00012948,-0.000508516,-0.000739704,-0.000769124,-0.000589923,-0.000268593,6.37E-05,0.000263752,0.00024773,3.66E-05,-0.000253304,-0.000469643,-0.000496557,-0.000301616,6.02E-05,0.000475485,0.000812902,0.000960046,0.00085413,0.00050585,7.77E-06,-0.000486926,-0.000819459,-0.00089461,-0.000725951,-0.000425197,-0.000136159,4.80E-05,0.000131018,0.000191643,0.000309139,0.000487866,0.00063642,0.000620361,0.000357735,-0.000104097,-0.000584173,-0.00084821,-0.000734885,-0.000259283,0.000368615,0.000831636,0.000864568,0.000406226,-0.000341488,-0.000994456,-0.001181319,-0.000756259,9.36E-05,0.000924657,0.001275357,0.000939014,0.000106379,-0.000726293,-0.001047855,-0.000653583,0.000207842,0.000971343,0.001107697
0.007688206,0.004293104,0.003542031,0.003067468,0.00244304,0.001632139,0.000770118,2.67E-05,-0.000511347,-0.000873212,-0.001142204,-0.001361907,-0.001491711,-0.001445391,-0.001174013,-0.000720023,-0.000198423,0.000275048,0.000646033,0.000924751,0.001135341,0.00126261,0.001246441,0.001029152,0.000613721,8.20E-05,-0.000442498,-0.00085629,-0.001112864,-0.001212148,-0.001162094,-0.000954833,-0.000582159,-7.57E-05,0.000469287,0.000914919,0.00113977,0.001094957,0.000820364,0.000414753,-1.27E-05,-0.000375252,-0.000612364,-0.000682066,-0.000564674,-0.0002845,7.19E-05,0.000369081,0.000476344,0.000334604,-4.66E-06,-0.000397138,-0.000671905,-0.000708185,-0.00048198,-6.54E-05,0.000409509,0.00079849,0.000985049,0.00090957,0.000587606,0.000112338,-0.000369145,-0.000708071,-0.000816419,-0.000705386,-0.000472236,-0.000238195,-7.49E-05,3.11E-05,0.000151011,0.000339816,0.000571244,0.00073064,0.000679449,0.000353846,-0.000166608,-0.000670993,-0.000913571,-0.000746983,-0.000218332,0.000430874,0.00087184,0.000855857,0.000357225,-0.000389925,-0.000994582,-0.00111131,-0.000639535,0.000196736,0.000950814,0.00119758,0.000787802,-4.35E-05,-0.000797367,-0.001006541,-0.000532045,0.000329396,0.001013415,0.00104206
0.006527915,0.003650419,0.003035584,0.002645885,0.002102712,0.001377049,0.000602656,-5.49E-05,-0.000512548,-0.000802179,-0.001009261,-0.001180154,-0.001277776,-0.001219191,-0.000957088,-0.000533125,-5.94E-05,0.000352201,0.000652049,0.000855726,0.000994238,0.001060766,0.001004024,0.000773746,0.000377138,-0.000103805,-0.000549612,-0.000864536,-0.001013377,-0.001010462,-0.000880026,-0.000629796,-0.000262936,0.000185233,0.000625132,0.000934121,0.00101286,0.000837993,0.000473954,3.84E-05,-0.0003508,-0.000611505,-0.000702046,-0.000610097,-0.000349882,2.47E-05,0.000409218,0.000666814,0.000680673,0.000416939,-4.37E-05,-0.000531534,-0.000859891,-0.000905259,-0.000652682,-0.00019027,0.000334126,0.000766312,0.000988393,0.000945113,0.000656266,0.000213514,-0.000244977,-0.00058295,-0.000720951,-0.000667792,-0.000505272,-0.000330747,-0.000193535,-6.97E-05,0.00010386,0.000358798,0.000639288,0.000809039,0.00072652,0.000345701,-0.000223902,-0.000744967,-0.000963632,-0.000747836,-0.000175044,0.000485903,0.000899402,0.000836214,0.0003055,-0.000430522,-0.000979583,-0.0010263,-0.000515603,0.000295589,0.000963451,0.001104212,0.000626818,-0.000193118,-0.000860302,-0.000955827,-0.000406997,0.000445617,0.001044602,0.000967565
0.005083124,0.002847377,0.002403888,0.002123208,0.001685388,0.001070144,0.000408553,-0.000139602,-0.000496651,-0.000698043,-0.000832088,-0.000948329,-0.001013479,-0.000947853,-0.000705196,-0.00032514,8.48E-05,0.000418804,0.000633523,0.000751476,0.000811673,0.00081647,0.000723754,0.000490336,0.000126471,-0.000287705,-0.000639179,-0.000842452,-0.000875629,-0.00076869,-0.000562482,-0.000279678,6.69E-05,0.000440601,0.000760854,0.000923043,0.000852068,0.00055073,0.000106941,-0.000345291,-0.000682736,-0.000831285,-0.000770495,-0.00051867,-0.000123072,0.000335294,0.00073795,0.000949841,0.000870561,0.000491614,-7.94E-05,-0.000650955,-0.001025251,-0.001079059,-0.000807277,-0.000312111,0.000246575,0.000709407,0.000960842,0.000951703,0.000705169,0.000308396,-0.000113329,-0.000439744,-0.000601891,-0.00060627,-0.000517945,-0.000408806,-0.000304703,-0.000171047,4.79E-05,0.000361035,0.00068499,0.000864317,0.000756131,0.00033156,-0.000273358,-0.000800133,-0.000991548,-0.00073262,-0.000128614,0.000530407,0.000908889,0.000801128,0.000250055,-0.000460034,-0.000943561,-0.000920834,-0.000382369,0.000387733,0.00095702,0.000989576,0.000453234,-0.000341411,-0.000911165,-0.000891997,-0.00027765,0.000553647,0.001060202,0.000880917
0.003390856,0.001904123,0.001662759,0.001512835,0.001202476,0.000720917,0.000195259,-0.000222335,-0.000461015,-0.000560826,-0.00061333,-0.000671468,-0.000705859,-0.000639922,-0.000427749,-0.000105548,0.000225694,0.000468174,0.000586634,0.000611746,0.000591301,0.000537188,0.000416333,0.000191821,-0.000124666,-0.000457167,-0.000701722,-0.000785362,-0.000700983,-0.000494629,-0.000223064,7.78E-05,0.000387947,0.000672738,0.000863481,0.000876119,0.000660792,0.00024553,-0.00026112,-0.000712921,-0.00098564,-0.001016665,-0.000808393,-0.00040903,0.000104173,0.000627883,0.001034751,0.001195965,0.001029456,0.000550845,-0.000109556,-0.000744945,-0.001152112,-0.00121223,-0.00093065,-0.00042074,0.000151066,0.0006263,0.000896596,0.000921002,0.000725175,0.00038847,1.90E-05,-0.000282666,-0.000460276,-0.000518431,-0.000504808,-0.000465028,-0.000401111,-0.000267636,-1.56E-05,0.000343348,0.000701912,0.000889264,0.000763186,0.000310495,-0.000311456,-0.000830192,-0.000991077,-0.000697794,-7.94E-05,0.00056097,0.000896024,0.000747805,0.000190713,-0.000476688,-0.000884773,-0.000795168,-0.000242713,0.000468928,0.000928425,0.000853948,0.000271202,-0.000482022,-0.000944562,-0.000813238,-0.00014643,0.000648634,0.001056141,0.000781433
0.001600304,0.000904844,0.000877919,0.000867705,0.000694125,0.000356147,-2.38E-05,-0.000302014,-0.000415231,-0.000408445,-0.000376584,-0.000376007,-0.000381234,-0.00031868,-0.000142412,0.000115494,0.000361541,0.000506878,0.000525139,0.000455608,0.000355053,0.000244877,0.000100805,-0.000108362,-0.000370437,-0.000614838,-0.000747911,-0.000710209,-0.000509882,-0.000208881,0.000120857,0.000431401,0.000697093,0.000886849,0.000945457,0.000810302,0.00045679,-6.29E-05,-0.000621613,-0.001063457,-0.00126563,-0.001178677,-0.000828246,-0.000291414,0.000326878,0.000904074,0.001307111,0.00141576,0.001167073,0.00059963,-0.000136471,-0.000822828,-0.001254535,-0.001319348,-0.001033267,-0.000519002,5.36E-05,0.000530418,0.000812928,0.000869576,0.000728046,0.000458221,0.000148928,-0.000120883,-0.000308667,-0.000417486,-0.00047755,-0.000508162,-0.000487656,-0.000359866,-8.20E-05,0.000315171,0.000702835,0.00089711,0.000757594,0.000285791,-0.000342795,-0.000845883,-0.000974707,-0.000652301,-2.90E-05,0.000583512,0.000870806,0.000684682,0.000129435,-0.000486539,-0.000814489,-0.000660035,-0.000101195,0.000543195,0.000888053,0.000708496,8.69E-05,-0.000616329,-0.000967374,-0.000726584,-1.53E-05,0.000735408,0.001041001,0.000675487
-0.000298429,-0.000156645,4.46E-05,0.000184437,0.000158768,-2.37E-05,-0.000246105,-0.000374674,-0.00035453,-0.00023608,-0.000117646,-5.89E-05,-3.82E-05,1.52E-05,0.000147938,0.000332997,0.000485756,0.000527641,0.000442148,0.000277646,9.99E-05,-6.04E-05,-0.000219303,-0.000403349,-0.000601283,-0.000749694,-0.000766977,-0.000608419,-0.000297745,8.79E-05,0.000462935,0.000769662,0.000979307,0.001066833,0.000992515,0.000716136,0.000237774,-0.000368549,-0.000960816,-0.001377781,-0.001501913,-0.001299208,-0.000818633,-0.000163816,0.000536934,0.001147225,0.001533473,0.001587625,0.00126671,0.000629921,-0.000157929,-0.000873232,-0.001315213,-0.001381691,-0.001099468,-0.000597545,-4.41E-05,0.000416629,0.000700014,0.000785743,0.000702875,0.000509396,0.000271776,4.48E-05,-0.00014438,-0.000297808,-0.00042847,-0.000529726,-0.000556853,-0.000443262,-0.000151517,0.000271269,0.00067873,0.000877926,0.000732092,0.000255635,-0.000363049,-0.00083862,-0.000933326,-0.000590397,2.27E-05,0.000593191,0.000826349,0.000606623,6.54E-05,-0.000486144,-0.000727571,-0.000512141,4.13E-05,0.000605642,0.000829891,0.00054982,-9.81E-05,-0.00073841,-0.000972611,-0.000628049,0.000114417,0.000808219,0.001008356,0.000560213
-0.00218052,-0.001210446,-0.000782772,-0.000492658,-0.000369126,-0.000394142,-0.000457449,-0.00043577,-0.000283182,-5.54E-05,0.000146133,0.000258885,0.00030092,0.00034045,0.00042496,0.000533404,0.000590852,0.000529734,0.000343699,9.00E-05,-0.000157234,-0.000358903,-0.000523856,-0.000674988,-0.000803355,-0.000854068,-0.000758586,-0.000487209,-7.85E-05,0.000376799,0.000781994,0.001072176,0.001218028,0.001202555,0.001002558,0.000599873,1.73E-05,-0.000652984,-0.001258537,-0.00163739,-0.001680704,-0.001371233,-0.000779965,-3.33E-05,0.000722553,0.00134346,0.001700511,0.001700848,0.00132139,0.000638594,-0.000173845,-0.000893851,-0.001330497,-0.001394768,-0.001124013,-0.000650289,-0.000135116,0.000291971,0.000564016,0.000673415,0.000650131,0.000538519,0.000380649,0.000205463,2.38E-05,-0.000166096,-0.000361009,-0.000529735,-0.000606072,-0.000513822,-0.000219936,0.000215256,0.00063248,0.000834,0.000688464,0.000221139,-0.00037214,-0.000809589,-0.000869116,-0.00051442,7.44E-05,0.000590344,0.000764563,0.000515921,-4.73E-07,-0.000477312,-0.000628657,-0.000357471,0.000179818,0.000654941,0.000756979,0.000384203,-0.000276896,-0.000843557,-0.000959227,-0.000519686,0.000239695,0.000865488,0.000959118,0.000438116
-0.004020342,-0.00224157,-0.001592413,-0.001154606,-0.000883622,-0.000752658,-0.000658427,-0.000488637,-0.000206428,0.00012727,0.000408409,0.000571739,0.000631982,0.000654898,0.000689148,0.000719899,0.00068235,0.000520231,0.000237353,-0.000100512,-0.000411329,-0.000648318,-0.000813765,-0.000927723,-0.000984301,-0.000937841,-0.000733307,-0.000355948,0.0001415,0.000656108,0.001081578,0.001347619,0.001425909,0.001308592,0.000989384,0.000471645,-0.000200757,-0.000919749,-0.001525717,-0.001858764,-0.001820745,-0.001411726,-0.000723574,9.72E-05,0.000890205,0.001507407,0.001827784,0.001775385,0.001346725,0.000633219,-0.000186331,-0.000895603,-0.001317008,-0.001376498,-0.001121707,-0.000685708,-0.000220397,0.000162415,0.000415439,0.000544652,0.000580659,0.000553292,0.000479226,0.000360842,0.000192216,-2.88E-05,-0.000283207,-0.00051655,-0.000642343,-0.000575432,-0.000286568,0.000152757,0.000573351,0.000775412,0.000634106,0.000184241,-0.000374323,-0.000767417,-0.000791365,-0.00043036,0.000125638,0.000579792,0.000692514,0.00041798,-6.72E-05,-0.000463658,-0.000523437,-0.000200092,0.000314746,0.000695723,0.000675656,0.000215852,-0.000450118,-0.000936982,-0.000934003,-0.000405744,0.000361435,0.000912662,0.000899769,0.000312403
-0.005704693,-0.003187282,-0.002335453,-0.0017612,-0.001352365,-0.001074645,-0.00083237,-0.000524612,-0.000123484,0.000305493,0.000656417,0.000862145,0.00093446,0.000936875,0.000919444,0.000873905,0.000745966,0.000490757,0.000121804,-0.000287593,-0.000648939,-0.000909202,-0.001065548,-0.001136506,-0.001120434,-0.000981809,-0.000679365,-0.000212574,0.000353536,0.000906636,0.001334211,0.001563826,0.001570762,0.001357813,0.000935633,0.000327357,-0.000405609,-0.001144453,-0.001727926,-0.00200327,-0.001886161,-0.001394263,-0.000637483,0.000223027,0.001019694,0.001607588,0.001879004,0.001777413,0.001317822,0.000602034,-0.000192938,-0.000863902,-0.001252448,-0.001302291,-0.001070615,-0.000687914,-0.000291496,2.92E-05,0.000249739,0.000390834,0.000483395,0.000541654,0.000555887,0.000501335,0.000354882,0.000113395,-0.000190368,-0.000481129,-0.000654911,-0.000619099,-0.00034725,8.18E-05,0.0004943,0.000693395,0.000562629,0.000143963,-0.000364671,-0.000703579,-0.000691931,-0.000334087,0.000175142,0.000556164,0.000604075,0.000309153,-0.000134714,-0.00044278,-0.000410311,-4.19E-05,0.000440257,0.000720925,0.000581788,4.69E-05,-0.000609199,-0.0010071,-0.000887669,-0.000283551,0.000475049,0.000941304,0.000823499,0.000182062
-0.00716702,-0.004009743,-0.002982454,-0.002289042,-0.00175812,-0.001349302,-0.000974836,-0.000545037,-4.05E-05,0.000469612,0.000878446,0.001117786,0.001196895,0.001177146,0.001109947,0.000993537,0.000783964,0.000447282,5.81E-06,-0.000460995,-0.000859734,-0.001132648,-0.001273069,-0.001298993,-0.001213686,-0.000991955,-0.000605841,-6.77E-05,0.000547325,0.001120372,0.001535693,0.001721313,0.001657866,0.001359345,0.000852483,0.000177855,-0.000589262,-0.001323856,-0.001867652,-0.002078709,-0.001888305,-0.001330995,-0.000531561,0.000339252,0.001112509,0.00165177,0.001866359,0.001720377,0.001245718,0.000550546,-0.000195335,-0.000807228,-0.001149805,-0.001186074,-0.000981841,-0.000662339,-0.00034701,-0.000100143,7.82E-05,0.000223945,0.000368158,0.000509298,0.00061151,0.000623475,0.000505263,0.000252214,-9.08E-05,-0.000430699,-0.000648713,-0.000646448,-0.000399652,8.44E-06,0.000404108,0.000597052,0.000480687,0.000102265,-0.00034659,-0.000625463,-0.000579137,-0.00023141,0.000221882,0.000523216,0.000505476,0.000194665,-0.000201627,-0.000417873,-0.000295227,0.000111695,0.00055464,0.000733457,0.000481273,-0.000117144,-0.000751921,-0.00105603,-0.000825001,-0.000157255,0.000579837,0.00095471,0.00073545,5.05E-05
-0.008458745,-0.004737369,-0.003555566,-0.002756407,-0.002115699,-0.001588045,-0.001093775,-0.0005543,4.18E-05,0.000622188,0.001080001,0.001346467,0.001428637,0.001385805,0.001270672,0.001087868,0.000803583,0.000394379,-0.000109381,-0.000623085,-0.001049631,-0.001327636,-0.001447522,-0.001427426,-0.001275926,-0.000978217,-0.000519217,7.69E-05,0.000726478,0.001306243,0.001699333,0.001836051,0.001703546,0.001327287,0.000749344,2.60E-05,-0.000756415,-0.0014698,-0.001962132,-0.002104792,-0.001845776,-0.001235904,-0.000412465,0.000447818,0.001178758,0.001656112,0.001808721,0.001622021,0.001143563,0.000484992,-0.000194853,-0.000733427,-0.001021077,-0.001041054,-0.000867071,-0.000617253,-0.000391006,-0.00022573,-9.62E-05,4.91E-05,0.000241139,0.000462609,0.000651908,0.000731753,0.000645782,0.00038748,1.24E-05,-0.000370257,-0.000629432,-0.000662061,-0.000445676,-6.58E-05,0.000306904,0.0004914,0.00039194,5.98E-05,-0.000322777,-0.000537848,-0.000457643,-0.000124817,0.000266436,0.000483905,0.000400237,7.67E-05,-0.000267877,-0.000390373,-0.000179441,0.000261289,0.000660622,0.000737042,0.000376622,-0.000276815,-0.000882348,-0.001089682,-0.000750976,-2.85E-05,0.000678012,0.000957321,0.000639408,-8.14E-05
-0.00933737,-0.005234682,-0.003949316,-0.00307757,-0.002357963,-0.001742462,-0.001159566,-0.000541103,0.000117548,0.000742694,0.001228985,0.001508436,0.001586522,0.00152048,0.001363954,0.001127392,0.000786284,0.000326379,-0.000215852,-0.000753117,-0.001187224,-0.001455544,-0.001547409,-0.001482248,-0.001274366,-0.000918916,-0.000412206,0.000212372,0.000866618,0.001427004,0.00177986,0.001861088,0.001666107,0.001231672,0.000612939,-0.000122396,-0.000882404,-0.001542612,-0.001963162,-0.002032969,-0.001718061,-0.001083387,-0.000273491,0.000536229,0.001190089,0.001582561,0.001665886,0.001447281,0.000986934,0.000394328,-0.000189457,-0.000630146,-0.000847683,-0.00084652,-0.000706569,-0.00053562,-0.000409785,-0.000337434,-0.00026725,-0.000132586,9.74E-05,0.000390435,0.000660925,0.000807871,0.000759968,0.000508434,0.000116822,-0.000294415,-0.000586272,-0.00065392,-0.000476177,-0.000136932,0.000201732,0.000373088,0.000293917,1.72E-05,-0.000289412,-0.000435793,-0.000324211,-1.46E-05,0.000305335,0.000433829,0.000285716,-4.43E-05,-0.000331332,-0.000359529,-6.66E-05,0.0003981,0.000747141,0.000723555,0.000267595,-0.000422815,-0.000984622,-0.001092183,-0.000656396,0.000101998,0.000761157,0.000939105,0.000530169,-0.000211355
-0.009908132,-0.005559889,-0.004209117,-0.003289981,-0.002515213,-0.001835784,-0.001188235,-0.000514112,0.000185462,0.000836646,0.001336858,0.001619777,0.001689691,0.001601717,0.001410027,0.001130269,0.000746376,0.000252112,-0.000311489,-0.000856264,-0.001284761,-0.001534668,-0.001595319,-0.001487959,-0.001232564,-0.000833561,-0.000297281,0.000335786,0.000975412,0.001500782,0.001803948,0.001828181,0.001577797,0.001100145,0.000461488,-0.000262077,-0.000976922,-0.001565973,-0.001904882,-0.001902068,-0.00154166,-0.000900767,-0.000127542,0.000608462,0.001166441,0.001462864,0.001474874,0.001230964,0.000801672,0.000290921,-0.000181545,-0.000512535,-0.000652969,-0.000628316,-0.000523363,-0.000433923,-0.000411669,-0.000435723,-0.000429286,-0.0003112,-5.09E-05,0.000305404,0.000650086,0.000860732,0.000852652,0.000614769,0.000216754,-0.000212742,-0.000530125,-0.000630818,-0.000494866,-0.000202421,9.63E-05,0.00025149,0.000193458,-2.44E-05,-0.000251575,-0.000328297,-0.000187644,9.45E-05,0.000339565,0.000378472,0.000168548,-0.00016407,-0.000391606,-0.000327727,4.11E-05,0.000523261,0.000819296,0.000699843,0.000158719,-0.000556435,-0.001066463,-0.00107469,-0.000550697,0.000230994,0.000833184,0.000908187,0.000414779,-0.000337688
-0.01022872,-0.005745225,-0.004360062,-0.00341403,-0.00260342,-0.001879532,-0.001186836,-0.000476033,0.000246873,0.000908908,0.001411244,0.001689937,0.001748414,0.001639598,0.001417864,0.001103537,0.000688296,0.000172954,-0.000398145,-0.000937441,-0.001349702,-0.001574197,-0.001601137,-0.001453995,-0.001158357,-0.000727356,-0.000176221,0.000449149,0.001058636,0.001536444,0.001782396,0.001748551,0.0014486,0.000939902,0.00029821,-0.000394463,-0.00104583,-0.001549348,-0.001798823,-0.001723726,-0.001326305,-0.000694211,2.37E-05,0.000667491,0.001114605,0.001306151,0.001245343,0.000981497,0.000593645,0.000177418,-0.000171625,-0.000383588,-0.000441427,-0.000391433,-0.000322191,-0.00031623,-0.000399908,-0.000522981,-0.000583678,-0.000486938,-0.000202504,0.000210184,0.000623253,0.000894712,0.000927767,0.000709044,0.000312837,-0.00012656,-0.000463611,-0.000595657,-0.000503937,-0.000263164,-9.15E-06,0.000127467,9.12E-05,-6.51E-05,-0.000210206,-0.000216592,-4.88E-05,0.000202571,0.000369968,0.000318926,4.94E-05,-0.000282698,-0.000449227,-0.000295194,0.00014465,0.000638849,0.000879756,0.0006679,5.01E-05,-0.000679887,-0.001131688,-0.001041053,-0.000436129,0.000358621,0.000896144,0.000867032,0.000294535,-0.000460974
-0.009992382,-0.005618568,-0.004268349,-0.003341737,-0.002539245,-0.00181529,-0.001121801,-0.000417138,0.00028985,0.000929376,0.001408518,0.001667222,0.001708657,0.001583265,0.001344671,0.00101647,0.000596241,8.95E-05,-0.000459085,-0.000965752,-0.001340657,-0.001527194,-0.001518027,-0.001339337,-0.001021686,-0.000585184,-5.11E-05,0.000533068,0.001081914,0.00148924,0.001666456,0.001576642,0.001243019,0.000730913,0.000121562,-0.000502538,-0.001056551,-0.00145025,-0.001599958,-0.001458105,-0.001043892,-0.000451372,0.000176243,0.000695275,0.001007651,0.001082715,0.000950467,0.00067888,0.000351232,4.98E-05,-0.000158416,-0.000239438,-0.000208497,-0.000130988,-9.67E-05,-0.000172982,-0.000360556,-0.000581503,-0.0007118,-0.0006447,-0.000350484,0.000100741,0.000565433,0.000887191,0.000960697,0.000770715,0.000393085,-3.77E-05,-0.00038004,-0.000536847,-0.000490966,-0.000308793,-0.00010725,5.93E-06,-9.30E-06,-0.000102352,-0.000164288,-0.000102375,8.76E-05,0.000302894,0.000390845,0.000253383,-6.84E-05,-0.000393637,-0.000498821,-0.000262536,0.000235033,0.000729795,0.000913506,0.0006202,-5.36E-05,-0.000777268,-0.00115967,-0.000974855,-0.000307123,0.000478877,0.000937963,0.000805866,0.00016811,-0.000574021
-0.009486522,-0.00534062,-0.004059065,-0.00317464,-0.002402012,-0.001699969,-0.001027577,-0.000350046,0.000321986,0.000923067,0.001367215,0.001598974,0.00162148,0.001482478,0.001234275,0.00090293,0.000490901,7.11E-06,-0.000504789,-0.000966537,-0.001295093,-0.001439083,-0.001394202,-0.001189348,-0.000859507,-0.000430703,7.12E-05,0.00059926,0.001074655,0.001402847,0.001508307,0.001365775,0.001007625,0.000505791,-5.51E-05,-0.000594799,-0.001038418,-0.001314327,-0.001362739,-0.001159211,-0.000738735,-0.000199471,0.000323873,0.000706812,0.000877615,0.000834644,0.000634082,0.000360902,0.000100473,-8.02E-05,-0.000144004,-9.28E-05,2.67E-05,0.000131685,0.00013241,-2.26E-05,-0.000309355,-0.000623963,-0.000822352,-0.000787671,-0.000490893,-1.13E-05,0.00049483,0.000859594,0.000971359,0.000813477,0.000461954,4.88E-05,-0.000290988,-0.000467938,-0.000466856,-0.000344832,-0.000198249,-0.000110609,-0.000106156,-0.000137073,-0.000117708,9.73E-06,0.000218958,0.00039666,0.000406384,0.000186455,-0.000182749,-0.000498013,-0.000543084,-0.000230299,0.000317173,0.000806797,0.00093347,0.000565749,-0.000152828,-0.000859958,-0.001168908,-0.000894094,-0.000173677,0.000593045,0.000968447,0.000735891,4.09E-05,-0.000679968
-0.008697508,-0.00490373,-0.003726266,-0.00290795,-0.002188029,-0.001530987,-0.000902691,-0.000274344,0.000342732,0.000888625,0.001285385,0.001482887,0.001484485,0.00133499,0.001084798,0.00076158,0.000371604,-7.41E-05,-0.000534483,-0.000938402,-0.001211166,-0.001307786,-0.001227606,-0.001002243,-0.000670533,-0.000263299,0.00019072,0.000646826,0.001035314,0.001275284,0.001305817,0.001113983,0.000740916,0.000263726,-0.000231909,-0.00067044,-0.00098997,-0.001139718,-0.001085232,-0.000825371,-0.000409694,6.19E-05,0.000466385,0.00070128,0.000723331,0.000560698,0.000295111,2.68E-05,-0.000159043,-0.000212804,-0.000128327,5.64E-05,0.000264331,0.000396688,0.000365383,0.000135209,-0.000245706,-0.000649546,-0.000914442,-0.000915099,-0.000623343,-0.000125924,0.000410799,0.000810907,0.000958623,0.000836373,0.000518864,0.000132842,-0.00019618,-0.00038842,-0.000431044,-0.000370794,-0.000281792,-0.000221906,-0.000199179,-0.000169179,-7.04E-05,0.000119616,0.000345006,0.000483535,0.000416312,0.000118073,-0.000293343,-0.000595494,-0.000581745,-0.000198505,0.000390649,0.000869147,0.000938951,0.000504205,-0.000247327,-0.000927209,-0.001158454,-0.000798036,-3.56E-05,0.000700815,0.000987022,0.000656661,-8.71E-05,-0.000778455
-0.007450396,-0.004209091,-0.003193408,-0.002480635,-0.001851299,-0.001277547,-0.000731333,-0.000188338,0.000341331,0.000805329,0.001135516,0.001288243,0.001267361,0.001114195,0.000876039,0.00058056,0.000235875,-0.000147172,-0.000532814,-0.000859642,-0.001063714,-0.001108062,-0.000996307,-0.000762341,-0.000447435,-8.50E-05,0.00029628,0.000657354,0.000940935,0.001082724,0.001038228,0.000807059,0.000437575,9.00E-06,-0.000395969,-0.000710955,-0.0008908,-0.000908309,-0.000755267,-0.000452629,-6.13E-05,0.000321612,0.000589362,0.000665417,0.000536569,0.00025994,-6.02E-05,-0.000312416,-0.000415681,-0.000340194,-0.000110998,0.000200014,0.000489466,0.000646609,0.000587763,0.000294114,-0.000165104,-0.000643286,-0.000966388,-0.001004501,-0.00073074,-0.000236041,0.000309265,0.000727579,0.000903684,0.000820368,0.000548815,0.00020596,-9.72E-05,-0.000294005,-0.000375091,-0.000375873,-0.000346331,-0.000317313,-0.000280458,-0.000195347,-2.49E-05,0.000219293,0.000454607,0.000553177,0.000415263,5.02E-05,-0.000391791,-0.000675406,-0.000607651,-0.000167963,0.000446093,0.000902885,0.000918209,0.000432235,-0.000329865,-0.000964448,-0.001113488,-0.000678765,0.000104967,0.000792294,0.000982851,0.000563327,-0.000211823,-0.000859573
-0.006026496,-0.003414689,-0.002583245,-0.001991605,-0.001467907,-0.000992654,-0.00054354,-0.000100083,0.000329613,0.000701582,0.000958197,0.001062714,0.001019532,0.000866185,0.000646293,0.000386777,9.67E-05,-0.00021414,-0.000516409,-0.000759479,-0.00089101,-0.000882583,-0.000742162,-0.000505524,-0.000215595,9.27E-05,0.00039199,0.000650209,0.000823726,0.000865766,0.00074863,0.000484146,0.000126863,-0.000243451,-0.000548839,-0.000733788,-0.000771091,-0.000657646,-0.000411134,-7.34E-05,0.000285026,0.000572114,0.000699105,0.000616309,0.000340409,-4.39E-05,-0.000411802,-0.000643163,-0.00066263,-0.000460799,-9.31E-05,0.000336811,0.000701644,0.000881227,0.000797542,0.000447829,-7.96E-05,-0.000622396,-0.000997548,-0.001072611,-0.000822261,-0.000339965,0.000202951,0.000630405,0.000830061,0.000785838,0.000564555,0.00027147,9.84E-07,-0.000194806,-0.000310685,-0.000370634,-0.000400167,-0.000402979,-0.000354461,-0.000218319,1.85E-05,0.000311756,0.000553849,0.000612965,0.00040886,-1.60E-05,-0.000482352,-0.000745044,-0.000626482,-0.000138023,0.000492445,0.000922762,0.000885516,0.000356497,-0.000405565,-0.000987211,-0.001053389,-0.000550974,0.000243862,0.000874142,0.000967662,0.000464658,-0.000333008,-0.000930913
-0.004382391,-0.002495966,-0.001876776,-0.001425756,-0.001026546,-0.000668824,-0.000335593,-9.39E-06,0.000304669,0.000572022,0.000746435,0.000798596,0.000733506,0.000584504,0.000390804,0.000177634,-4.60E-05,-0.000272862,-0.000481095,-0.000632261,-0.000686698,-0.000625162,-0.000460008,-0.000228367,2.62E-05,0.000268715,0.00047449,0.000620339,0.000677744,0.000618559,0.000432273,0.000142432,-0.000191605,-0.000491541,-0.000686448,-0.00073373,-0.000625594,-0.000383557,-5.06E-05,0.000312051,0.000626897,0.00080941,0.000791167,0.000550383,0.000133201,-0.000349954,-0.000756784,-0.000961172,-0.000895709,-0.000571948,-7.44E-05,0.000464064,0.00089597,0.001094789,0.000989837,0.000593902,1.17E-05,-0.000582789,-0.001001702,-0.00111281,-0.000892706,-0.000435241,9.11E-05,0.000515882,0.000732665,0.000727496,0.000561798,0.000326792,9.77E-05,-8.99E-05,-0.000235607,-0.000352067,-0.000439961,-0.000475754,-0.000418822,-0.00023712,5.90E-05,0.000394543,0.000639343,0.000659803,0.000395553,-8.00E-05,-0.000562413,-0.000801152,-0.000636048,-0.000108862,0.000527024,0.00092478,0.000837555,0.000276125,-0.000472275,-0.000991334,-0.000974057,-0.000412666,0.000380165,0.000943289,0.000938275,0.000359369,-0.000449252,-0.000989424
-0.002541424,-0.001465302,-0.001083973,-0.000792026,-0.000535353,-0.000313334,-0.000113717,7.88E-05,0.000263075,0.000415004,0.000500595,0.000498399,0.000413914,0.000275661,0.000117469,-3.83E-05,-0.00018397,-0.000316035,-0.000421633,-0.000475665,-0.00045201,-0.000340871,-0.000158564,5.75E-05,0.000264763,0.000429858,0.000532788,0.000560719,0.000501469,0.000345972,0.000100378,-0.000201636,-0.000498355,-0.000715828,-0.000792821,-0.000701503,-0.000454036,-9.56E-05,0.000307884,0.000679479,0.000938363,0.001010992,0.000851166,0.000464709,-7.55E-05,-0.000637868,-0.001067963,-0.001238361,-0.001092022,-0.000660884,-5.50E-05,0.000569571,0.00105133,0.001262589,0.001142237,0.000717149,0.000103623,-0.000519643,-0.000966429,-0.001109031,-0.000926586,-0.000510298,-2.04E-05,0.000384085,0.000606865,0.000637737,0.00053179,0.000363695,0.000186694,1.78E-05,-0.000148981,-0.000315276,-0.000457819,-0.000526886,-0.000466757,-0.000249488,9.33E-05,0.000459385,0.000700948,0.000685612,0.000372603,-0.000138078,-0.000623654,-0.000834636,-0.000630653,-8.05E-05,0.000544671,0.000902053,0.000769935,0.000191929,-0.000524389,-0.000969781,-0.000871454,-0.000265679,0.000506633,0.000990787,0.000888896,0.000247977,-0.000554198,-0.001026813
-0.000649737,-0.000405299,-0.000268788,-0.000141307,-3.26E-05,4.84E-05,0.000109239,0.000163467,0.00021424,0.000248227,0.000243949,0.000187924,8.60E-05,-3.84E-05,-0.000157301,-0.000251691,-0.000315772,-0.000350184,-0.00035149,-0.000308285,-0.000208158,-5.07E-05,0.000144357,0.000339886,0.000495039,0.000579028,0.000577201,0.000487576,0.000314504,6.78E-05,-0.00023043,-0.00053745,-0.000790596,-0.000921668,-0.000880217,-0.000653656,-0.000273789,0.000191674,0.000655683,0.001027662,0.00122562,0.001188473,0.000892702,0.00037089,-0.000279421,-0.000908616,-0.001353119,-0.001486677,-0.001263612,-0.000735439,-3.52E-05,0.000661268,0.001182287,0.001401739,0.001269157,0.000824498,0.000192824,-0.000446112,-0.000911356,-0.001081956,-0.000939945,-0.000572388,-0.000128617,0.000246608,0.000469182,0.00053352,0.000488103,0.000390115,0.000269763,0.000124566,-5.81E-05,-0.000269884,-0.000464198,-0.000566125,-0.000505539,-0.000258443,0.000123568,0.000513764,0.000749039,0.000699954,0.000344902,-0.000192124,-0.000673993,-0.000855484,-0.000617044,-5.25E-05,0.000553792,0.000867177,0.000693227,0.000106847,-0.00056851,-0.000935678,-0.000758755,-0.000116779,0.000625746,0.001025966,0.000829495,0.000134778,-0.000651777,-0.001052379
0.001284189,0.000679741,0.000565204,0.000522947,0.000478376,0.000412884,0.000330027,0.000241696,0.000155757,7.00E-05,-2.42E-05,-0.000132314,-0.000248365,-0.000354568,-0.000429385,-0.000457777,-0.000436411,-0.000370666,-0.000266983,-0.000127983,4.50E-05,0.000243278,0.000444218,0.000612217,0.000709275,0.000708224,0.000600667,0.000395988,0.000115098,-0.000213903,-0.000554093,-0.000855529,-0.001056665,-0.001097045,-0.000938406,-0.000583809,-8.39E-05,0.000473151,0.00098205,0.001341917,0.001472641,0.001327612,0.000906349,0.000266541,-0.000473162,-0.001149756,-0.001595369,-0.001688438,-0.001395917,-0.0007874,-1.50E-05,0.000731398,0.001275302,0.001496359,0.00135622,0.000906327,0.000276293,-0.000358634,-0.000827968,-0.001020807,-0.000922605,-0.000614167,-0.000230153,0.000102898,0.000316008,0.000409463,0.000424865,0.000400772,0.000343088,0.000228849,3.78E-05,-0.00021254,-0.000453873,-0.000587709,-0.000530662,-0.000262403,0.00014775,0.000552263,0.00077685,0.000697325,0.000310464,-0.000239812,-0.000707831,-0.00085746,-0.000591247,-2.48E-05,0.000550705,0.000815102,0.000604018,2.12E-05,-0.000600781,-0.000883848,-0.000632622,3.33E-05,0.000732816,0.001042619,0.000755774,1.98E-05,-0.00073775,-0.001060275
0.003134189,0.001719326,0.00136301,0.00115593,0.000962348,0.000754974,0.00053336,0.000307819,9.08E-05,-0.000108832,-0.000287113,-0.000441715,-0.00056687,-0.000650933,-0.000679321,-0.000641379,-0.000536448,-0.000374666,-0.000172201,5.47E-05,0.000291397,0.00052126,0.00071983,0.000854237,0.000890567,0.000806127,0.000599107,0.000289955,-8.49E-05,-0.000480603,-0.000847803,-0.001131822,-0.001274714,-0.001225638,-0.000959276,-0.000493595,0.000104273,0.000729242,0.001262258,0.001596422,0.001656836,0.001412876,0.000886212,0.000156214,-0.000642817,-0.001340919,-0.001771808,-0.001822446,-0.001473082,-0.000808562,5.70E-06,0.000772742,0.001318244,0.0015322,0.001389705,0.000951419,0.000346399,-0.000260984,-0.00071647,-0.00092277,-0.000869359,-0.000628708,-0.000317182,-3.94E-05,0.000153646,0.000269292,0.000342479,0.000392823,0.000401596,0.000325032,0.000134506,-0.000144945,-0.000425891,-0.000589101,-0.000539757,-0.000260775,0.00016395,0.000571148,0.00078036,0.000675222,0.000269433,-0.000278463,-0.000721181,-0.000836954,-0.000551231,3.02E-06,0.000535068,0.00074613,0.000504006,-6.25E-05,-0.00061921,-0.000814732,-0.000496799,0.000178327,0.000821275,0.001036488,0.00066738,-9.37E-05,-0.000807342,-0.001046752
0.004895904,0.002710311,0.002122528,0.001756813,0.001419922,0.00107656,0.000722318,0.000365773,2.37E-05,-0.000284113,-0.000541367,-0.00073816,-0.000869227,-0.000929309,-0.000910992,-0.000808111,-0.000622645,-0.000369313,-7.37E-05,0.00023467,0.000528657,0.000784056,0.000975503,0.001073575,0.001049059,0.000884079,0.000583386,0.000178033,-0.000280822,-0.000733046,-0.001118112,-0.001378254,-0.00146052,-0.001324596,-0.000958259,-0.000393598,0.000287465,0.000965414,0.001510137,0.00181128,0.001800963,0.001465144,0.000846743,4.45E-05,-0.000795257,-0.001499347,-0.001906534,-0.001914355,-0.00151648,-0.000811092,2.66E-05,0.000796839,0.001331334,0.001533003,0.001391001,0.000973804,0.000406994,-0.00015948,-0.000590722,-0.000804957,-0.000796007,-0.000626956,-0.000394066,-0.000178137,-1.11E-05,0.000122314,0.000250559,0.000374426,0.000450741,0.000415047,0.000230043,-7.28E-05,-0.000388584,-0.00057926,-0.000539768,-0.000256026,0.000175429,0.000578651,0.000769953,0.00064221,0.000225056,-0.000311496,-0.000722543,-0.000803564,-0.000503165,3.09E-05,0.000512781,0.000668492,0.000398997,-0.000144205,-0.000629735,-0.000736786,-0.000357269,0.000318477,0.000897739,0.00101702,0.000571254,-0.000205364,-0.000866697,-0.001020742
0.006457376,0.003590452,0.002795037,0.002285523,0.00181918,0.001354072,0.000881818,0.000408795,-4.44E-05,-0.00044791,-0.000773398,-0.001003987,-0.001135397,-0.001169141,-0.001105209,-0.000941926,-0.00068362,-0.000349035,2.76E-05,0.000404658,0.000743456,0.001013667,0.001190338,0.001248718,0.001165177,0.000927,0.000545124,6.01E-05,-0.000464115,-0.000954344,-0.00134173,-0.001568064,-0.001587589,-0.001371755,-0.000921276,-0.000280585,0.000456934,0.00116175,0.001697466,0.001954492,0.001874712,0.001461222,0.000776202,-6.67E-05,-0.000915049,-0.001599162,-0.001968321,-0.001933756,-0.001502384,-0.000782211,4.78E-05,0.000792078,0.001294694,0.001475444,0.001338328,0.000957247,0.0004496,-5.46E-05,-0.000444724,-0.000657285,-0.000690972,-0.000597981,-0.000451966,-0.000307481,-0.000175559,-3.21E-05,0.000145368,0.000339519,0.000483553,0.000492923,0.000321306,4.79E-06,-0.000337417,-0.000551821,-0.000525302,-0.000246372,0.000179094,0.000567624,0.000737151,0.000591989,0.000175921,-0.000334851,-0.000704241,-0.000749431,-0.00044229,5.92E-05,0.000480573,0.000578377,0.000287669,-0.000221473,-0.000627573,-0.000646186,-0.00021444,0.000447973,0.000952967,0.000975678,0.000463671,-0.00031229,-0.000908336,-0.000974333
0.007735264,0.004312722,0.00334407,0.002712914,0.00213808,0.001572668,0.001004131,0.000435861,-0.000108773,-0.00059059,-0.00097031,-0.001224704,-0.001350968,-0.001357647,-0.001252111,-0.001036823,-0.000717765,-0.000316667,0.000124981,0.00055471,0.00092409,0.001198141,0.001353694,0.00137172,0.001234717,0.000934971,0.000488663,-5.59E-05,-0.000624374,-0.001133329,-0.00150846,-0.001693654,-0.001652109,-0.001367614,-0.000852886,-0.000162177,0.000603538,0.001309396,0.00181738,0.002022397,0.001878077,0.001404332,0.000679836,-0.000171723,-0.00099777,-0.001638288,-0.001957741,-0.00188326,-0.001434124,-0.00072437,6.90E-05,0.000761031,0.001213244,0.001365368,0.001236478,0.000903591,0.000471989,4.74E-05,-0.000287244,-0.000488799,-0.00056109,-0.000544538,-0.000488867,-0.000421292,-0.000331286,-0.000185498,3.35E-05,0.000291566,0.000500153,0.000556052,0.000404009,8.29E-05,-0.000276969,-0.000510496,-0.000498791,-0.000232663,0.000175832,0.000540541,0.000685385,0.000527867,0.000124005,-0.000348675,-0.000668451,-0.000677646,-0.000370891,8.78E-05,0.000441244,0.000480381,0.000174342,-0.000292455,-0.000614441,-0.000547665,-7.40E-05,0.000562723,0.000986104,0.000914737,0.000348271,-0.000411874,-0.000932136,-0.000909697
0.008812176,0.004922976,0.003805562,0.003068641,0.002400371,0.001750043,0.001100778,0.000452407,-0.000169619,-0.000717571,-0.001141785,-0.001413189,-0.001530785,-0.001510281,-0.001366356,-0.001105314,-0.000734245,-0.0002771,0.000218281,0.000689767,0.001080165,0.00135092,0.001481539,0.001459362,0.001273282,0.000920389,0.000421371,-0.000169021,-0.000767552,-0.001282612,-0.001636282,-0.001776151,-0.00167542,-0.001330442,-0.000765171,-4.19E-05,0.000733432,0.001423708,0.001892281,0.00204087,0.001835968,0.001313907,0.000567908,-0.000271486,-0.001055593,-0.001637753,-0.001900525,-0.001788166,-0.001331597,-0.000648366,9.02E-05,0.000713524,0.001103884,0.001222625,0.001103914,0.000826407,0.000480885,0.000146224,-0.000124225,-0.000308834,-0.000416671,-0.000475927,-0.000511796,-0.000523754,-0.000479536,-0.000336327,-8.13E-05,0.000235936,0.000506272,0.00060903,0.000480204,0.000160397,-0.000211488,-0.000460928,-0.000464943,-0.000216466,0.000168286,0.00050356,0.000622019,0.000455406,7.07E-05,-0.000356323,-0.000621741,-0.000595042,-0.000293165,0.000116517,0.00039781,0.000378182,6.06E-05,-0.000358913,-0.000594469,-0.000444928,6.37E-05,0.000667001,0.00100465,0.000841496,0.000228565,-0.000506068,-0.000944229,-0.000833613
0.009472193,0.00530047,0.004085339,0.003276108,0.00254623,0.001843476,0.001146214,0.000449451,-0.000220811,-0.000809825,-0.001258873,-0.001534046,-0.001636735,-0.001589966,-0.001415421,-0.001122462,-0.00071804,-0.000226627,0.000299635,0.000791179,0.001184274,0.001438804,0.001538572,0.001478311,0.001253563,0.000865528,0.000337684,-0.000271397,-0.00087307,-0.001371112,-0.001687516,-0.001776351,-0.001622392,-0.001234506,-0.000645992,7.65E-05,0.000827167,0.001472304,0.001881926,0.001968371,0.001712477,0.001165682,0.000431744,-0.000358011,-0.00106579,-0.001564784,-0.001760222,-0.001615069,-0.00117009,-0.000541635,0.000111021,0.000638251,0.000947939,0.001025496,0.000919803,0.000708544,0.000464238,0.000235268,4.26E-05,-0.000114676,-0.000251126,-0.000382236,-0.000508424,-0.000601666,-0.000608452,-0.000476532,-0.000196423,0.000168989,0.000493606,0.000641835,0.000541587,0.000233128,-0.000140096,-0.000398968,-0.000419392,-0.000196235,0.000153682,0.000450396,0.000539996,0.000370092,1.63E-05,-0.000352854,-0.000556705,-0.000494968,-0.000205642,0.000145433,0.000348625,0.000271337,-5.09E-05,-0.000415773,-0.000563049,-0.000337563,0.000192785,0.000749476,0.000996047,0.000747421,0.000103572,-0.000588509,-0.000934789,-0.000738112
0.009784686,0.005483534,0.004213536,0.003360393,0.002596032,0.001868493,0.001150971,0.00043254,-0.000261588,-0.000870982,-0.001329018,-0.001597766,-0.001681421,-0.001610311,-0.001412706,-0.00110023,-0.000678519,-0.00017105,0.000367505,0.000862033,0.001244064,0.001473457,0.001539417,0.00144463,0.001191179,0.000783528,0.000246336,-0.000360285,-0.000944998,-0.001409771,-0.001678992,-0.001714972,-0.001514776,-0.001099234,-0.000509114,0.000187661,0.000889254,0.001469476,0.001808488,0.001831457,0.00153396,0.000980958,0.000283418,-0.000431016,-0.001040168,-0.001441102,-0.001564167,-0.00139138,-0.000971543,-0.000416351,0.000131157,0.000546047,0.000764383,0.000796429,0.00070501,0.000565071,0.000428907,0.000312905,0.000205025,8.15E-05,-7.72E-05,-0.000274205,-0.000485851,-0.000657984,-0.000717175,-0.000602265,-0.000306255,9.72E-05,0.000468031,0.000658378,0.000589018,0.000298543,-6.82E-05,-0.000331088,-0.000367275,-0.000173563,0.000135004,0.000387856,0.000447507,0.000278283,-3.74E-05,-0.000341587,-0.000480389,-0.000385064,-0.000113287,0.000173984,0.000297024,0.000164415,-0.000157532,-0.000464076,-0.000524341,-0.00023011,0.000311515,0.000813291,0.000967352,0.000640239,-2.22E-05,-0.000660141,-0.000909508,-0.000630301
0.009841702,0.005523623,0.004230288,0.003354175,0.002575339,0.001843403,0.001126064,0.000405643,-0.000294429,-0.000909026,-0.001364465,-0.001619398,-0.00168111,-0.001587209,-0.001372229,-0.001049453,-0.000622324,-0.000112196,0.000425045,0.000910123,0.001271154,0.001469079,0.001499292,0.001372805,0.00109813,0.000682338,0.000150068,-0.000438715,-0.00099197,-0.001411885,-0.001627016,-0.001609151,-0.001368097,-0.000936189,-0.000360239,0.000292801,0.000927885,0.00142923,0.001689614,0.00164854,0.001316515,0.0007708,0.000127122,-0.000493769,-0.000988657,-0.001281276,-0.001328732,-0.00113223,-0.000747235,-0.000278302,0.000150697,0.000442121,0.000561871,0.000545506,0.000469164,0.000403801,0.000380177,0.000381772,0.000363162,0.000277997,0.00010167,-0.00015645,-0.000449496,-0.000698266,-0.000810518,-0.000716635,-0.000411444,2.24E-05,0.000433262,0.000662981,0.000625952,0.000358153,3.55E-06,-0.000259347,-0.000310669,-0.000149179,0.000113546,0.000318887,0.000347897,0.00018218,-9.04E-05,-0.000324735,-0.000396223,-0.000268479,-1.78E-05,0.000202168,0.000243883,5.79E-05,-0.0002602,-0.000505965,-0.000480479,-0.000123009,0.000422277,0.000863264,0.000924113,0.000523885,-0.00014805,-0.000723633,-0.00087275,-0.000513855
0.009387562,0.005277242,0.004023965,0.00316732,0.00241465,0.001719669,0.001043867,0.000361117,-0.000308973,-0.000898626,-0.001328845,-0.001556044,-0.001591097,-0.001478695,-0.001258823,-0.000945062,-0.000536782,-5.09E-05,0.00045831,0.0009101,0.001231795,0.001387493,0.001380101,0.001229394,0.00094977,0.00054933,5.01E-05,-0.000491543,-0.000986732,-0.001341684,-0.001492242,-0.001421563,-0.001152506,-0.000727452,-0.000196125,0.000380008,0.000917946,0.001317444,0.001487917,0.001385231,0.001034342,0.000521836,-3.67E-05,-0.00053326,-0.000889157,-0.001058952,-0.001028383,-0.000817086,-0.000484088,-0.000122266,0.00016836,0.000321009,0.000333036,0.000264887,0.000204207,0.000215832,0.000307555,0.000429779,0.000504652,0.000464556,0.000280585,-2.63E-05,-0.000388423,-0.000705068,-0.000868451,-0.000802012,-0.00050116,-5.36E-05,0.000382661,0.000643825,0.000639821,0.000402462,7.05E-05,-0.000184115,-0.000248004,-0.000122096,8.84E-05,0.000241069,0.000238988,8.17E-05,-0.000139953,-0.00029797,-0.000300176,-0.000143269,8.04E-05,0.000228745,0.000189716,-4.42E-05,-0.000351593,-0.000533946,-0.000428086,-2.02E-05,0.000513733,0.000884445,0.00085372,0.000393221,-0.000270182,-0.000769149,-0.000814471,-0.000383748
0.008652321,0.004873029,0.003694907,0.002881451,0.002177723,0.001542826,0.000931609,0.000308538,-0.000311764,-0.000860044,-0.001252983,-0.001445408,-0.001451985,-0.001324275,-0.001107151,-0.000813636,-0.000437914,8.98E-06,0.000475691,0.000881796,0.001155154,0.001264048,0.001219451,0.001049922,0.000775227,0.000403441,-4.76E-05,-0.000526971,-0.00095113,-0.001232221,-0.001314785,-0.001193998,-0.000905502,-0.000500563,-2.99E-05,0.000453104,0.000880021,0.00116854,0.001246287,0.001085905,0.000725913,0.000260193,-0.000198541,-0.000557821,-0.000765797,-0.000809126,-0.000702197,-0.000481898,-0.000208829,3.80E-05,0.000184291,0.000194808,9.81E-05,-2.19E-05,-6.72E-05,1.98E-05,0.00022404,0.000463929,0.000630951,0.000637838,0.000452054,0.000105383,-0.000315811,-0.000692247,-0.000903239,-0.000866605,-0.000577715,-0.000126833,0.000324957,0.000611349,0.000639214,0.000435577,0.000131763,-0.000109758,-0.000183836,-9.39E-05,6.25E-05,0.000161096,0.000128321,-1.84E-05,-0.000186312,-0.000266469,-0.000200153,-1.67E-05,0.000177388,0.000253525,0.000136199,-0.000141163,-0.000434179,-0.0005531,-0.000371895,7.77E-05,0.000591922,0.000888512,0.000769308,0.000257393,-0.000387201,-0.000803036,-0.000744869,-0.000248522
0.007680961,0.004336245,0.003262757,0.002512423,0.001876771,0.001321385,0.000794115,0.000249211,-0.000304665,-0.00079777,-0.001143308,-0.001295052,-0.001271636,-0.00113131,-0.000923357,-0.000659529,-0.000327881,6.75E-05,0.000479701,0.00082972,0.001047189,0.00110545,0.001023999,0.000840196,0.000578736,0.000246778,-0.000143298,-0.000547748,-0.000890006,-0.001089784,-0.001101507,-0.000932905,-0.000632182,-0.000258499,0.000138149,0.0005143,0.000818574,0.000988482,0.000971174,0.000756413,0.000395529,-1.20E-05,-0.000358641,-0.000569817,-0.000622424,-0.000536273,-0.000354413,-0.000129992,7.65E-05,0.000201856,0.000198755,6.44E-05,-0.000142008,-0.000313619,-0.000343882,-0.000182885,0.000131401,0.000486413,0.000744425,0.000799881,0.000617185,0.00023831,-0.000233528,-0.000662928,-0.000918541,-0.000913685,-0.000643163,-0.000197774,0.000261302,0.000567677,0.000626425,0.000459259,0.000188141,-3.62E-05,-0.000118422,-6.47E-05,3.60E-05,7.93E-05,1.62E-05,-0.000118026,-0.000229954,-0.000230998,-9.68E-05,0.000111069,0.000273307,0.000276784,8.32E-05,-0.000233832,-0.000509339,-0.000564821,-0.000312519,0.000171531,0.000658937,0.000878186,0.000673124,0.000117252,-0.00049989,-0.000827131,-0.000665753,-0.000109016
0.006288189,0.003562297,0.002646521,0.00199564,0.001463018,0.001022525,0.000614307,0.000180926,-0.000276729,-0.000690298,-0.000971081,-0.001072762,-0.001018126,-0.000871571,-0.000685714,-0.000469562,-0.000203227,0.0001184,0.000455028,0.000731723,0.000881864,0.000885192,0.000770218,0.000582706,0.000351079,7.96E-05,-0.000227242,-0.000535979,-0.000780057,-0.000889301,-0.000829576,-0.000621369,-0.000324217,-2.69E-06,0.000297246,0.000545937,0.000712446,0.000756798,0.000646825,0.000388678,4.39E-05,-0.000286196,-0.000503516,-0.000554881,-0.000447856,-0.00023535,1.29E-05,0.000230788,0.000361558,0.000360617,0.000208853,-6.53E-05,-0.0003749,-0.000594201,-0.000610957,-0.000384158,2.71E-05,0.000483382,0.000822901,0.000926083,0.000755946,0.000362873,-0.000137936,-0.000601394,-0.000891276,-0.000919463,-0.000679384,-0.000257981,0.000189712,0.000502911,0.000587884,0.000460477,0.000229924,3.10E-05,-5.39E-05,-3.44E-05,1.08E-05,-5.84E-07,-9.22E-05,-0.000211357,-0.000265911,-0.000189525,7.70E-06,0.00023427,0.000361693,0.000295039,3.33E-05,-0.000313676,-0.000565656,-0.000560224,-0.000248598,0.000253312,0.000700292,0.000838754,0.000556923,-2.55E-05,-0.000598334,-0.000829363,-0.000569815,3.36E-05
0.004757504,0.002710424,0.001970007,0.001430907,0.001013206,0.000699566,0.000422181,0.000111431,-0.000240191,-0.000566387,-0.000777131,-0.000826335,-0.000740919,-0.000591122,-0.000432408,-0.000270458,-7.68E-05,0.000163695,0.000418236,0.000616703,0.000696907,0.00064533,0.000499456,0.000313084,0.000117735,-8.60E-05,-0.000302643,-0.000509888,-0.0006522,-0.000670189,-0.000541363,-0.0002986,-1.19E-05,0.000249998,0.000446521,0.000563048,0.000590015,0.000510347,0.000312257,1.73E-05,-0.000304296,-0.000551277,-0.000636287,-0.000528352,-0.000265509,6.74E-05,0.000375694,0.000582314,0.000635837,0.000510978,0.000216337,-0.000190154,-0.000596034,-0.000859321,-0.000863639,-0.000577043,-7.82E-05,0.000469239,0.000882739,0.00103117,0.000877127,0.000478454,-4.02E-05,-0.000527514,-0.000845283,-0.000905647,-0.000700452,-0.000310907,0.000116887,0.000430333,0.000538378,0.000451004,0.00026357,9.34E-05,8.64E-06,-3.85E-06,-1.24E-05,-7.71E-05,-0.000195897,-0.000299411,-0.000297618,-0.000146591,0.000109918,0.000352116,0.000444152,0.000310105,-1.47E-05,-0.000386258,-0.000612294,-0.000548171,-0.000183627,0.000328361,0.000729629,0.000787393,0.000434442,-0.000166155,-0.000688024,-0.000821443,-0.000468137,0.000174715
0.003068707,0.001769214,0.001224388,0.000811204,0.000522054,0.000348978,0.000215927,4.05E-05,-0.000193795,-0.000423633,-0.000558281,-0.000552241,-0.000436543,-0.000286925,-0.00016114,-6.09E-05,5.18E-05,0.000202618,0.000367559,0.000482172,0.00048945,0.000382996,0.000209224,2.95E-05,-0.000122141,-0.000249812,-0.000368261,-0.000467386,-0.000503818,-0.000429722,-0.000234477,3.71E-05,0.000305445,0.000499143,0.000584554,0.00056352,0.000448899,0.00024696,-3.40E-05,-0.000358325,-0.000648695,-0.000805942,-0.000755201,-0.000488539,-7.42E-05,0.000372195,0.000733315,0.00092326,0.000897786,0.000651726,0.000220825,-0.000309344,-0.000803714,-0.001106743,-0.001099848,-0.00076033,-0.00018478,0.000442366,0.000921228,0.001112072,0.000978173,0.000583751,5.99E-05,-0.000439485,-0.000777834,-0.00086938,-0.000704165,-0.000355494,4.26E-05,0.000348802,0.000476305,0.000429281,0.000287895,0.000150204,6.90E-05,2.69E-05,-3.35E-05,-0.000149726,-0.000294145,-0.000381424,-0.000324456,-0.000101982,0.000209507,0.000463836,0.000519825,0.000321518,-6.04E-05,-0.000450525,-0.000647844,-0.000527577,-0.000117449,0.000395704,0.000745198,0.000722361,0.000304758,-0.000304424,-0.000767691,-0.000801893,-0.000359877,0.000313987
0.001248376,0.000752803,0.000421217,0.00014698,-1.01E-06,-2.11E-05,2.21E-06,-2.67E-05,-0.000134199,-0.000260568,-0.000315173,-0.00025343,-0.000110248,3.38E-05,0.000119552,0.000150137,0.000173657,0.000227662,0.000297602,0.000325719,0.000260776,0.000103511,-9.13E-05,-0.000255738,-0.000354733,-0.000398226,-0.000412423,-0.000400738,-0.000332739,-0.000172347,7.99E-05,0.000368603,0.000607197,0.000723696,0.000693483,0.000536147,0.00028719,-2.48E-05,-0.000373548,-0.00071232,-0.000960478,-0.001023898,-0.000841944,-0.00042938,0.000117826,0.000657826,0.001055397,0.001220433,0.001118566,0.000764796,0.000219123,-0.000410572,-0.000973124,-0.001305299,-0.001289705,-0.00091257,-0.000284213,0.000396868,0.000920991,0.001145458,0.001036377,0.000662374,0.000155672,-0.000334148,-0.000678269,-0.000796544,-0.000677184,-0.000382409,-2.92E-05,0.00025679,0.000396157,0.000387665,0.000294934,0.000194748,0.000122913,5.74E-05,-4.89E-05,-0.000211185,-0.000377756,-0.000449081,-0.000342044,-5.72E-05,0.000299216,0.000559099,0.000579487,0.000325051,-0.000101291,-0.000498789,-0.000663486,-0.000493189,-5.12E-05,0.000448408,0.000738246,0.000638284,0.000169423,-0.000432079,-0.000826569,-0.000763226,-0.000245008,0.000444041
-0.000573135,-0.000265048,-0.000382506,-0.000516567,-0.000522195,-0.000388258,-0.000207859,-8.97E-05,-7.02E-05,-9.33E-05,-6.88E-05,4.71E-05,0.000215654,0.000351909,0.000395554,0.000354842,0.000288242,0.000245154,0.000220766,0.000164114,2.97E-05,-0.000174818,-0.000386878,-0.000532528,-0.000576239,-0.000534354,-0.000444821,-0.000324724,-0.000156514,8.45E-05,0.00038731,0.000687267,0.000891656,0.000929195,0.000784922,0.00049626,0.0001208,-0.000291622,-0.000698672,-0.001044286,-0.001246318,-0.001217018,-0.00091029,-0.000362685,0.000304223,0.000925103,0.00134991,0.001486643,0.001311896,0.000860321,0.000214042,-0.000500076,-0.001118511,-0.001473502,-0.001450508,-0.001044286,-0.000376466,0.000344133,0.000901974,0.00115434,0.001071286,0.000724889,0.000245924,-0.000223692,-0.000565799,-0.000707623,-0.000635679,-0.000399828,-9.80E-05,0.000161912,0.000309102,0.000337377,0.000293532,0.000232561,0.000172887,8.74E-05,-6.09E-05,-0.00026565,-0.000452379,-0.000508382,-0.00035491,-1.35E-05,0.000382077,0.000644155,0.00062977,0.000324153,-0.000139653,-0.000538815,-0.000669369,-0.00045262,1.42E-05,0.000493649,0.00072114,0.000547063,3.42E-05,-0.000551967,-0.000874079,-0.000715844,-0.000128982,0.000567107
-0.002379912,-0.001275695,-0.001179847,-0.001173418,-0.001036348,-0.000748394,-0.000411196,-0.000146567,-7.53E-07,7.81E-05,0.000179802,0.000347166,0.000538165,0.000663726,0.000662905,0.000549348,0.000392052,0.000252392,0.000135428,-2.91E-06,-0.000202464,-0.000449146,-0.000673208,-0.000795595,-0.000781043,-0.000652903,-0.000461222,-0.000236869,2.50E-05,0.000338404,0.000682873,0.000985975,0.001150591,0.001107509,0.000852231,0.000439994,-5.04E-05,-0.000549751,-0.001001788,-0.001343961,-0.001495032,-0.001375287,-0.000953451,-0.000286455,0.000481514,0.001165622,0.001605082,0.00170915,0.001466784,0.000931446,0.000204369,-0.000573212,-0.00123054,-0.001599619,-0.001570975,-0.001147295,-0.000458205,0.000282246,0.000857987,0.001130264,0.001074569,0.000765162,0.000327923,-0.00010728,-0.000436866,-0.000597745,-0.000574955,-0.00040438,-0.000162319,6.38E-05,0.000213346,0.00027581,0.000280894,0.000261221,0.000217354,0.000116746,-6.80E-05,-0.000310411,-0.000514563,-0.000556214,-0.000361436,2.85E-05,0.000455301,0.000715065,0.000667164,0.000317205,-0.00017458,-0.000567767,-0.000662248,-0.000403965,7.84E-05,0.000528877,0.000690736,0.000446885,-0.000100017,-0.00066085,-0.000906141,-0.000657015,-1.19E-05,0.00068023
-0.004028138,-0.0021989,-0.001907934,-0.001772019,-0.00150286,-0.001072231,-0.000590026,-0.000190475,7.08E-05,0.000241763,0.000412028,0.00062366,0.00083179,0.000943934,0.000898898,0.000715721,0.000473573,0.00024528,4.52E-05,-0.000164312,-0.000418333,-0.000697381,-0.000925886,-0.001020955,-0.000948491,-0.000739195,-0.00045497,-0.000139708,0.000200045,0.000569246,0.000940441,0.001235886,0.001356419,0.001236465,0.000882278,0.000365715,-0.00021588,-0.000777424,-0.001253153,-0.001578144,-0.001675386,-0.001474809,-0.000959182,-0.000202427,0.000634208,0.001353014,0.001788661,0.001855934,0.001557396,0.000963105,0.000188059,-0.000619476,-0.001289158,-0.001658809,-0.001626822,-0.001202549,-0.000518607,0.000212992,0.00078303,0.001062088,0.001033098,0.0007709,0.000392177,9.34E-06,-0.000293413,-0.000465593,-0.000491334,-0.000391098,-0.000216996,-3.35E-05,0.000110968,0.000202559,0.000254363,0.000276904,0.000253051,0.000144534,-6.78E-05,-0.000339685,-0.000557058,-0.000586558,-0.000359399,6.61E-05,0.000511881,0.000763201,0.000684675,0.00030123,-0.000204654,-0.000581592,-0.000638346,-0.000346128,0.000139292,0.000550537,0.000645056,0.000339885,-0.000226695,-0.000749874,-0.000915605,-0.000584788,0.000101786,0.000774955
-0.005545375,-0.003049419,-0.002578772,-0.002323109,-0.001931275,-0.001367879,-0.000750811,-0.000226166,0.000141524,0.000396736,0.000628936,0.000879794,0.0011019,0.001199673,0.001111809,0.000862594,0.000540975,0.00023071,-4.50E-05,-0.000318151,-0.000619455,-0.000924855,-0.001153779,-0.001220198,-0.001091588,-0.000806005,-0.00043682,-4.02E-05,0.000366798,0.000781486,0.001170759,0.001453078,0.001528484,0.001335718,0.000891651,0.000283723,-0.000373961,-0.000982884,-0.00147023,-0.001771077,-0.001814325,-0.001540151,-0.000944564,-0.000116219,0.000769957,0.001507209,0.001929078,0.001958067,0.001610754,0.000972263,0.000168187,-0.000650323,-0.001317513,-0.001680206,-0.001646033,-0.001230201,-0.00056557,0.000141748,0.000693232,0.000971546,0.000968069,0.000757435,0.000445046,0.000123275,-0.000145319,-0.000324267,-0.00039717,-0.000368598,-0.000265533,-0.000128488,7.09E-06,0.000124668,0.000221238,0.000285743,0.000283751,0.000171221,-6.36E-05,-0.000360195,-0.000588397,-0.000607161,-0.000352913,0.000100657,0.00055858,0.000798258,0.000691023,0.000280297,-0.0002321,-0.000587478,-0.000605995,-0.000284149,0.000197801,0.000565086,0.000592351,0.000231194,-0.000347187,-0.000826771,-0.000912681,-0.000506334,0.000212102,0.000858273
-0.006830879,-0.00377112,-0.003148306,-0.00279044,-0.00229291,-0.001614548,-0.000880769,-0.000248557,0.000209546,0.000535093,0.000817839,0.001099476,0.001330579,0.001412938,0.001285288,0.00097683,0.000585539,0.000205139,-0.000133354,-0.000457162,-0.000793849,-0.001115996,-0.001339326,-0.001375747,-0.001194854,-0.00084193,-0.000401029,6.07E-05,0.000517492,0.000961034,0.001354934,0.001616173,0.001645861,0.001387948,0.000869493,0.000191667,-0.000517716,-0.001150512,-0.001630871,-0.001897445,-0.001887512,-0.001552191,-0.000899225,-2.83E-05,0.000877412,0.001608007,0.002001112,0.001990146,0.001606111,0.000946657,0.000142973,-0.000657278,-0.001299243,-0.001643471,-0.001608787,-0.001214935,-0.000590848,6.90E-05,0.000582544,0.000848459,0.00086806,0.000714652,0.000479406,0.000231045,7.32E-06,-0.000171316,-0.000288537,-0.00033254,-0.000304111,-0.000218616,-9.75E-05,4.11E-05,0.000178885,0.000284408,0.000306734,0.000196055,-5.32E-05,-0.00036721,-0.000602554,-0.000612878,-0.000339868,0.000130077,0.000589731,0.00081304,0.000680248,0.000251841,-0.000255591,-0.000581595,-0.000561398,-0.000216561,0.00025234,0.0005691,0.00053001,0.000121479,-0.000456778,-0.000884354,-0.000890974,-0.000419273,0.000316031,0.000923309
-0.007772136,-0.004300844,-0.003567258,-0.003134099,-0.002556989,-0.001790878,-0.000967962,-0.00025462,0.000269991,0.000645503,0.000962665,0.001263824,0.001498175,0.001565338,0.001404045,0.001047716,0.000602079,0.000169269,-0.000213486,-0.000570185,-0.000926827,-0.001254275,-0.001466103,-0.001473274,-0.001247855,-0.000841775,-0.000348339,0.000156356,0.000640461,0.001092691,0.001476265,0.001709292,0.001695775,0.001385393,0.000814228,9.44E-05,-0.000636719,-0.001266013,-0.001719248,-0.001942444,-0.00188349,-0.001504516,-0.000822558,5.65E-05,0.000947451,0.001644011,0.001993257,0.00194246,0.001536815,0.000883131,0.000112452,-0.000637919,-0.001230492,-0.001544113,-0.001510424,-0.001152058,-0.000589687,-4.09E-07,0.000455356,0.000696142,0.000734394,0.000641112,0.000490833,0.000325829,0.000156666,-1.37E-05,-0.000169921,-0.000283929,-0.000330347,-0.000299228,-0.000197459,-4.40E-05,0.000129507,0.000273133,0.000321102,0.000218175,-3.67E-05,-0.000359581,-0.000597883,-0.000602564,-0.000320435,0.000152727,0.000602773,0.0008051,0.000650873,0.000215553,-0.000274823,-0.000563961,-0.000505557,-0.000145193,0.000301273,0.00056252,0.000460451,1.54E-05,-0.000550018,-0.000918473,-0.000849298,-0.000325746,0.000409263,0.000965662
-0.008489558,-0.004705616,-0.003888267,-0.003397476,-0.002757953,-0.001921967,-0.001027988,-0.0002508,0.000324752,0.000737052,0.001078313,0.001391944,0.001626147,0.001678617,0.001488021,0.001091491,0.000601645,0.000127976,-0.000287132,-0.000665484,-0.001032523,-0.001358421,-0.001555531,-0.001534511,-0.001270036,-0.000820218,-0.000286615,0.000247131,0.000744596,0.001193355,0.001557934,0.001759084,0.001704703,0.00135036,0.000740306,-4.28E-06,-0.000738901,-0.001348471,-0.001763057,-0.001938195,-0.001833541,-0.001422078,-0.00072851,0.000137999,0.00099411,0.001640904,0.001937981,0.001847993,0.001429989,0.000797842,7.91E-05,-0.000603349,-0.001132834,-0.001409005,-0.001377103,-0.001061636,-0.000572585,-6.66E-05,0.000320483,0.000528853,0.000582731,0.000550308,0.000488336,0.000411362,0.000301734,0.000144125,-4.73E-05,-0.000228772,-0.000349052,-0.000373112,-0.000293255,-0.000128625,7.70E-05,0.000256431,0.000330379,0.000238454,-1.69E-05,-0.000343531,-0.000582283,-0.000582991,-0.000297486,0.000171132,0.000604992,0.000783812,0.000610751,0.00017488,-0.000291524,-0.000539743,-0.000443752,-7.23E-05,0.000346514,0.000549939,0.000387551,-8.72E-05,-0.000632479,-0.000938232,-0.000796127,-0.000229295,0.000495163,0.000993974
-0.008800144,-0.004883074,-0.004031209,-0.003515153,-0.002844722,-0.001971634,-0.001039667,-0.000230198,0.000367963,0.00079321,0.001140094,0.001453817,0.001682246,0.001721537,0.001510077,0.001087733,0.000572372,7.89E-05,-0.000347151,-0.000727233,-0.001088063,-0.001400908,-0.001578474,-0.001532121,-0.001239216,-0.000763083,-0.00021163,0.000326502,0.000813203,0.001237934,0.001569457,0.001733641,0.001643787,0.00126138,0.000637105,-0.000102157,-0.000809343,-0.00137225,-0.001729772,-0.001850344,-0.001707018,-0.001283019,-0.0006077,0.000211627,0.000999814,0.001571587,0.001803819,0.001676697,0.00126223,0.000677662,4.14E-05,-0.000544197,-0.000988964,-0.001216943,-0.001187961,-0.000926662,-0.000528521,-0.000125089,0.000176547,0.000340857,0.000404626,0.000432536,0.000462127,0.00047878,0.000435561,0.000298141,7.87E-05,-0.000164322,-0.000354869,-0.000433896,-0.000379414,-0.000209803,2.10E-05,0.000231541,0.000331231,0.000255262,8.03E-06,-0.000313953,-0.000548935,-0.00054848,-0.000269179,0.000182073,0.000589075,0.000740561,0.000553265,0.000127369,-0.000304014,-0.000505266,-0.000373276,1.79E-06,0.000384978,0.00052789,0.000310752,-0.000181955,-0.000695114,-0.00093334,-0.000724465,-0.000129594,0.000567135,0.000997911
-0.008731499,-0.004848341,-0.004008036,-0.003497254,-0.002825745,-0.00194658,-0.00100787,-0.000195804,0.000398503,0.000814662,0.001150387,0.001453323,0.001671548,0.001699958,0.001476361,0.001042322,0.000519319,2.57E-05,-0.000391634,-0.000755663,-0.001095981,-0.001386493,-0.001541554,-0.001473948,-0.001163584,-0.000677872,-0.000129132,0.000391441,0.000846691,0.001230593,0.001518541,0.001643407,0.001524841,0.001129864,0.000513708,-0.000194239,-0.00084835,-0.001343379,-0.00163056,-0.00169358,-0.00151967,-0.001101238,-0.000469379,0.00027485,0.000969591,0.001447933,0.001607276,0.001446391,0.001048935,0.000532257,1.21E-06,-0.000466745,-0.000811709,-0.000984177,-0.000958782,-0.000758801,-0.000462578,-0.000173695,3.18E-05,0.000143748,0.000211768,0.000296635,0.00041636,0.000527227,0.000553345,0.000441524,0.000201338,-9.53E-05,-0.000349777,-0.00048085,-0.000453187,-0.000283814,-3.47E-05,0.000201405,0.000325173,0.00026834,3.59E-05,-0.000274385,-0.000501993,-0.000502594,-0.00023727,0.000186366,0.000558297,0.000679991,0.0004827,7.53E-05,-0.000312825,-0.000463403,-0.000297772,7.46E-05,0.000416606,0.000498682,0.000233293,-0.000266614,-0.000738444,-0.000907038,-0.00063877,-3.00E-05,0.000624704,0.00098013
-0.008411442,-0.004672874,-0.003874705,-0.003389498,-0.002736774,-0.001872203,-0.000947553,-0.000152629,0.00042027,0.000812777,0.001126305,0.001411361,0.001616598,0.001635818,0.001406033,0.000969801,0.000451097,-2.95E-05,-0.000425274,-0.000761614,-0.001072161,-0.001334459,-0.00146534,-0.001379455,-0.001059113,-0.00057502,-4.26E-05,0.000446077,0.000856508,0.001188891,0.001426787,0.00151123,0.001368766,0.000971625,0.000378284,-0.000281498,-0.000866139,-0.001279975,-0.001488761,-0.001492849,-0.00129402,-0.000893075,-0.000320897,0.000330557,0.000915948,0.001289648,0.001371512,0.001179403,0.00080765,0.000371576,-4.02E-05,-0.000378029,-0.000614191,-0.00072684,-0.000705418,-0.000570855,-0.000382796,-0.000215241,-0.000112083,-5.74E-05,1.11E-05,0.000150124,0.000358137,0.000562662,0.000659347,0.000576413,0.000320531,-2.41E-05,-0.000337632,-0.000518248,-0.000518009,-0.000352247,-8.95E-05,0.000168203,0.000314638,0.000278776,6.54E-05,-0.000228672,-0.000446538,-0.000449586,-0.000203204,0.00018629,0.000517991,0.000608468,0.000404024,2.06E-05,-0.000319162,-0.000416971,-0.000219477,0.000146119,0.000443503,0.000464932,0.000155907,-0.000344064,-0.000768701,-0.000866701,-0.000544298,6.89E-05,0.000672328,0.000947979
-0.007636437,-0.004242515,-0.003541896,-0.003119245,-0.00252161,-0.001709444,-0.000836865,-9.50E-05,0.00042466,0.000767325,0.00103903,0.001293875,0.001481692,0.001495456,0.001270926,0.000850276,0.000357844,-8.61E-05,-0.000437078,-0.000725295,-0.000990223,-0.001214772,-0.00131962,-0.001221938,-0.000906,-0.000444199,4.75E-05,0.000479083,0.000821903,0.001085261,0.001263381,0.001307254,0.001150964,0.000771043,0.000226644,-0.000356029,-0.00084401,-0.001155586,-0.001274454,-0.00121954,-0.001007283,-0.000645051,-0.000159913,0.000370151,0.000821549,0.001074359,0.001073457,0.000855944,0.000524659,0.000189132,-8.26E-05,-0.000272449,-0.000387607,-0.000434852,-0.000417877,-0.000353548,-0.000280683,-0.000241942,-0.000248182,-0.000257552,-0.000195612,-9.85E-06,0.000279451,0.000572795,0.000739379,0.000690065,0.000428166,4.79E-05,-0.000313449,-0.000536777,-0.000563624,-0.000407222,-0.000139936,0.000131132,0.000296424,0.00028375,9.63E-05,-0.000173785,-0.000377704,-0.000385385,-0.000166169,0.000178466,0.000461763,0.000519274,0.000312938,-3.74E-05,-0.000320885,-0.000363602,-0.000138332,0.000213185,0.000461028,0.000423798,8.07E-05,-0.000406274,-0.000774187,-0.000801609,-0.000436074,0.000163939,0.000700345,0.000889933
-0.006581239,-0.00365495,-0.003086046,-0.002748923,-0.002229091,-0.001493076,-0.000696408,-3.01E-05,0.000416787,0.000693675,0.000911841,0.001129372,0.001297629,0.0013089,0.001097363,0.000703856,0.000251642,-0.000140906,-0.000433166,-0.00066131,-0.000871778,-0.001053804,-0.001132654,-0.001028281,-0.000726489,-0.000300176,0.000135867,0.000495675,0.000758265,0.000943677,0.001058071,0.001063168,0.000900654,0.0005505,7.07E-05,-0.000418532,-0.000795598,-0.000995046,-0.001020046,-0.000908627,-0.000691348,-0.000380621,2.61E-06,0.000397075,0.00070354,0.000829647,0.000745924,0.00050798,0.000225362,-4.35E-07,-0.000123982,-0.000160012,-0.000150981,-0.000131798,-0.000119413,-0.000125614,-0.000167793,-0.000257395,-0.000373095,-0.000448343,-0.000397407,-0.000171944,0.000190374,0.000565354,0.000798254,0.000784166,0.00052294,0.000116831,-0.000282419,-0.000541697,-0.000593909,-0.000450176,-0.000184723,9.32E-05,0.000273568,0.000284342,0.000126405,-0.000115143,-0.000302437,-0.000315741,-0.000128132,0.000165931,0.000396802,0.000421112,0.000216424,-9.57E-05,-0.000319275,-0.000306981,-5.76E-05,0.000275252,0.0004715,0.00037851,8.79E-06,-0.000456632,-0.000762735,-0.000721341,-0.000321258,0.000253911,0.000714061,0.000815371
-0.005320243,-0.002951892,-0.002539795,-0.002305089,-0.001879789,-0.001237424,-0.000534237,4.01E-05,0.000399718,0.00059915,0.000755216,0.000930273,0.001077464,0.001088497,0.000895721,0.000537929,0.000136227,-0.000194114,-0.000417435,-0.000576809,-0.00072643,-0.000862557,-0.000915572,-0.000808394,-0.000528013,-0.000146937,0.000222506,0.000499833,0.000673093,0.000774231,0.000822239,0.000790107,0.000627123,0.000316031,-8.77E-05,-0.000471682,-0.000727661,-0.000808106,-0.000736722,-0.000570946,-0.000354988,-0.000105136,0.0001655,0.000414339,0.000568347,0.000563998,0.000397817,0.000143277,-8.47E-05,-0.000194444,-0.00016438,-4.30E-05,9.21E-05,0.000178115,0.000185811,0.000109186,-4.74E-05,-0.00026433,-0.00048899,-0.000631136,-0.000594485,-0.0003348,9.39E-05,0.000544743,0.000840917,0.00086307,0.000607533,0.000183121,-0.000246408,-0.000536338,-0.000612467,-0.000483816,-0.000225026,5.48E-05,0.000247277,0.000281558,0.000155714,-5.40E-05,-0.000222636,-0.000242248,-8.94E-05,0.000149931,0.000325529,0.000316569,0.000116187,-0.0001539,-0.00031512,-0.000248062,2.27E-05,0.000333345,0.000476585,0.000330176,-6.05E-05,-0.000497956,-0.000738579,-0.000629879,-0.000201805,0.000339776,0.000716939,0.000728544
-0.003729295,-0.002063337,-0.001848249,-0.001743265,-0.001439855,-0.000919959,-0.000339154,0.000116292,0.000365489,0.000469062,0.00054988,0.000674918,0.00079948,0.000814873,0.000651169,0.000343818,9.81E-06,-0.000240828,-0.000379262,-0.000456896,-0.000536816,-0.000623277,-0.000652485,-0.000550437,-0.000304508,1.49E-05,0.000300363,0.000479232,0.000550728,0.000560286,0.000540755,0.000476762,0.00032472,6.86E-05,-0.000241124,-0.000503231,-0.000625588,-0.000580782,-0.000413882,-0.000201189,1.13E-06,0.000175402,0.000319263,0.000411603,0.000407636,0.000273381,3.04E-05,-0.000232224,-0.000397383,-0.000385508,-0.000200444,7.62E-05,0.00033312,0.000482835,0.00048579,0.000343048,8.03E-05,-0.000254359,-0.000580219,-0.000786988,-0.000770027,-0.000488898,-1.08E-05,0.000499652,0.000849036,0.000906963,0.000666456,0.000239679,-0.000203021,-0.00051089,-0.000606231,-0.000496366,-0.000253589,1.77E-05,0.000215148,0.000271365,0.000180991,8.50E-06,-0.000137998,-0.00016446,-5.08E-05,0.000128322,0.000245435,0.000204414,1.33E-05,-0.000209223,-0.000305663,-0.000186622,9.88E-05,0.000381215,0.000470431,0.000277002,-0.000122802,-0.000520615,-0.000690705,-0.000519833,-7.75E-05,0.000414474,0.0006982,0.000620313
-0.002027701,-0.001112325,-0.001107648,-0.001141676,-0.000969765,-0.000582658,-0.000134582,0.000192533,0.000323506,0.000325334,0.000326975,0.000400041,0.000502113,0.00052419,0.00039389,0.000142752,-0.000117222,-0.000282137,-0.000330686,-0.000323029,-0.000331399,-0.000368254,-0.000375759,-0.0002829,-7.70E-05,0.000174664,0.000370319,0.000446314,0.000413627,0.000331476,0.000246561,0.000154886,1.94E-05,-0.00017549,-0.000385627,-0.000521987,-0.000509586,-0.000341365,-8.33E-05,0.000170449,0.000353143,0.000447105,0.000461808,0.000398254,0.000239865,-1.86E-05,-0.000332106,-0.000597985,-0.000698424,-0.000567033,-0.000232574,0.000191633,0.000563319,0.000772236,0.000770446,0.000566462,0.000206129,-0.00023602,-0.000654542,-0.000921808,-0.000926443,-0.000631556,-0.000115313,0.000443382,0.00083814,0.00092992,0.000708765,0.000288379,-0.000157496,-0.000475402,-0.000586393,-0.000496529,-0.000274432,-1.74E-05,0.000180521,0.000256803,0.000202546,6.92E-05,-5.36E-05,-8.66E-05,-1.31E-05,0.000104696,0.000163265,9.17E-05,-8.77E-05,-0.000261002,-0.000293155,-0.0001251,0.000171004,0.000422236,0.000457991,0.000221953,-0.000180471,-0.000533293,-0.000631659,-0.000402641,4.64E-05,0.000481398,0.000668227,0.000503018
-0.000225934,-0.000104762,-0.00032263,-0.000504084,-0.000472373,-0.000227402,7.86E-05,0.000268824,0.000274503,0.000169257,8.82E-05,0.000107489,0.000187199,0.00021806,0.000125088,-6.46E-05,-0.0002448,-0.000318546,-0.000272689,-0.000176527,-0.000111677,-9.90E-05,-8.67E-05,-6.69E-06,0.000154236,0.00033246,0.000433116,0.000402241,0.000263182,8.92E-05,-5.91E-05,-0.000174706,-0.00028846,-0.000416552,-0.000522007,-0.000529154,-0.000380971,-9.10E-05,0.000254254,0.000543781,0.000701437,0.000710795,0.000594186,0.000375294,6.57E-05,-0.000311886,-0.000690244,-0.000954913,-0.000988956,-0.000739915,-0.000261141,0.000303796,0.00078367,0.001047751,0.001041215,0.000780407,0.000330396,-0.0002101,-0.000713549,-0.001037572,-0.001065528,-0.000763848,-0.000219695,0.000376988,0.000810022,0.000933912,0.000736023,0.000329959,-0.000110035,-0.000430819,-0.000554232,-0.000485472,-0.000288279,-5.07E-05,0.000143633,0.000238283,0.000220728,0.000128185,3.07E-05,-8.68E-06,2.38E-05,7.92E-05,7.92E-05,-2.15E-05,-0.000187073,-0.000309571,-0.000277884,-6.35E-05,0.000239516,0.000457051,0.000439858,0.000165208,-0.000233946,-0.000536928,-0.000562496,-0.000278981,0.000169937,0.000541277,0.00062808,0.000377517
0.001625249,0.000931483,0.000485425,0.000152062,3.79E-05,0.000134034,0.000291152,0.000338982,0.000215753,1.72E-06,-0.000162349,-0.000195863,-0.000136442,-9.34E-05,-0.000144321,-0.000267333,-0.00036302,-0.000342406,-0.000201009,-1.73E-05,0.000118163,0.000176289,0.000203024,0.000263972,0.000373701,0.00047357,0.000476791,0.000339968,9.89E-05,-0.000159681,-0.000362523,-0.00049266,-0.000576434,-0.00063204,-0.000631302,-0.000512959,-0.000238054,0.000160491,0.00057813,0.000890153,0.001014163,0.000937268,0.00069563,0.000334983,-0.000107196,-0.000583985,-0.00101062,-0.001265222,-0.00123478,-0.000881212,-0.000279838,0.000400758,0.00096689,0.001273301,0.001261961,0.000957347,0.000440467,-0.000171895,-0.000737461,-0.001105587,-0.001157978,-0.000863841,-0.000314663,0.000295908,0.000749399,0.00089894,0.000730196,0.000353477,-6.24E-05,-0.00037081,-0.000498784,-0.000451792,-0.000286722,-7.86E-05,0.000103527,0.000211523,0.000229648,0.000179504,0.000109414,6.52E-05,5.77E-05,5.23E-05,-3.25E-06,-0.000128838,-0.000276929,-0.000348182,-0.000256846,-4.04E-06,0.000297749,0.000477577,0.000410413,0.000106454,-0.000278111,-0.000523853,-0.000477482,-0.00014871,0.000286953,0.000584485,0.000569582,0.000241404
0.003426065,0.001939982,0.001272179,0.000790883,0.000534101,0.00048413,0.000495171,0.000403678,0.000154985,-0.000164328,-0.000408252,-0.000492173,-0.000451356,-0.000395016,-0.000403523,-0.000460111,-0.000472492,-0.000359794,-0.000126093,0.000141448,0.00034353,0.000443528,0.000481792,0.000521686,0.000579447,0.0006018,0.000510298,0.000272064,-6.51E-05,-0.000401858,-0.000653165,-0.000793185,-0.000844452,-0.000827823,-0.000724286,-0.000486934,-9.42E-05,0.000402821,0.000883449,0.001211181,0.001298972,0.001138343,0.000779199,0.000288247,-0.000273113,-0.0008363,-0.001301776,-0.001542568,-0.001450841,-0.001002573,-0.00029305,0.000487427,0.001126494,0.00146761,0.00145138,0.001110334,0.000539419,-0.000129925,-0.000744606,-0.001149095,-0.001225281,-0.000944893,-0.000401459,0.000211219,0.000675998,0.000847111,0.000709114,0.0003677,-1.63E-05,-0.00030552,-0.000434144,-0.000408547,-0.000278116,-0.000103354,6.26E-05,0.000181096,0.000233514,0.000225584,0.000183473,0.000135551,8.96E-05,2.57E-05,-8.26E-05,-0.000230564,-0.000359916,-0.000380883,-0.000233178,5.35E-05,0.000350228,0.000491106,0.000376117,4.74E-05,-0.000317894,-0.000504267,-0.000387701,-1.85E-05,0.000398488,0.00061934,0.000504144,0.000103458
0.005162905,0.002913204,0.002031833,0.001407662,0.001012336,0.000819924,0.000688504,0.000461667,9.19E-05,-0.000328294,-0.000648156,-0.00077946,-0.000755186,-0.000684362,-0.000649946,-0.000640537,-0.000571205,-0.000369338,-4.74E-05,0.000299174,0.000563102,0.000700604,0.000746858,0.000763314,0.000768268,0.000714254,0.00053147,0.000197479,-0.000228484,-0.000635506,-0.000927912,-0.001072145,-0.00108791,-0.000999472,-0.000797408,-0.000449081,5.04E-05,0.000633672,0.001165832,0.00150105,0.001549576,0.001308393,0.000841029,0.00023382,-0.000430318,-0.001064294,-0.001557141,-0.001779617,-0.001630571,-0.001099632,-0.000299601,0.000561528,0.001257301,0.001623843,0.001602617,0.001234101,0.000624748,-8.35E-05,-0.000731483,-0.001162903,-0.001262064,-0.0010029,-0.000478221,0.000122312,0.000587265,0.000774978,0.000669614,0.000370659,2.79E-05,-0.000233933,-0.000358471,-0.000353789,-0.000261,-0.000124391,2.06E-05,0.000146246,0.000231247,0.000265267,0.000251821,0.00020151,0.000119156,-5.05E-07,-0.000158229,-0.000325384,-0.000434501,-0.00040639,-0.000206339,0.000108728,0.000395715,0.00049617,0.000335983,-1.19E-05,-0.000352382,-0.000476873,-0.000292278,0.000111394,0.000503297,0.000644079,0.000430393,-3.66E-05
0.006655509,0.003750435,0.002686172,0.001939047,0.00142311,0.001105654,0.000849124,0.000504339,3.04E-05,-0.000475315,-0.000858704,-0.001028822,-0.001016617,-0.000930663,-0.000856139,-0.000786812,-0.000644983,-0.000365893,3.06E-05,0.000442238,0.000755452,0.000920661,0.000968812,0.00096005,0.000915185,0.000792828,0.00053163,0.000118605,-0.000377493,-0.000836686,-0.001155399,-0.001294695,-0.001273144,-0.001119308,-0.000833298,-0.000395526,0.000184906,0.000827943,0.001389403,0.001718502,0.001726032,0.00141562,0.000863161,0.000171038,-0.000561725,-0.001235923,-0.001735414,-0.001933468,-0.001737618,-0.001149512,-0.000294225,0.000610346,0.001332098,0.00170674,0.001680204,0.001300325,0.000680471,-3.43E-05,-0.000686945,-0.001127344,-0.001245915,-0.001018335,-0.000532317,3.34E-05,0.000480011,0.000674725,0.000602655,0.000354971,6.61E-05,-0.000156509,-0.000269388,-0.000283628,-0.000231408,-0.000138904,-2.17E-05,0.000105022,0.000218287,0.000292091,0.000307497,0.000257525,0.000144069,-2.41E-05,-0.00022343,-0.000403987,-0.000491383,-0.000418323,-0.000174713,0.000158529,0.000428521,0.000487511,0.000287682,-7.03E-05,-0.000378565,-0.00043991,-0.000193327,0.000234603,0.000592811,0.000652,0.000347036,-0.0001735
0.007976188,0.004491708,0.003266092,0.00241016,0.001786623,0.001356946,0.000988085,0.000537956,-2.82E-05,-0.000608896,-0.001047496,-0.001250908,-0.001248215,-0.001147372,-0.001035493,-0.000911256,-0.000703929,-0.000356157,0.000105518,0.000573147,0.000927796,0.001114987,0.001162006,0.00112801,0.001036458,0.000851995,0.000521373,4.02E-05,-0.000514382,-0.001015063,-0.001351917,-0.001481937,-0.001423401,-0.001209461,-0.000849444,-0.000335819,0.000310009,0.000997739,0.001576445,0.001892813,0.001859765,0.001487936,0.000864574,0.000105845,-0.000676279,-0.001374031,-0.001869412,-0.00204057,-0.001804517,-0.001173773,-0.000282682,0.000645176,0.001376478,0.001750035,0.001717982,0.001335058,0.0007191,1.46E-05,-0.000627941,-0.00106769,-0.001203099,-0.001011385,-0.000573098,-5.29E-05,0.000366344,0.000562891,0.000523522,0.000330256,0.000100412,-7.80E-05,-0.000175642,-0.000207405,-0.000196399,-0.000150137,-6.36E-05,6.11E-05,0.000199952,0.000311811,0.00035577,0.000307634,0.000166387,-4.56E-05,-0.000282021,-0.000472818,-0.000538121,-0.000422949,-0.000140928,0.00020505,0.000454618,0.000472179,0.000235949,-0.000127682,-0.000400743,-0.000399439,-9.48E-05,0.000352061,0.000673128,0.000651546,0.000260532,-0.00030634
0.009041833,0.005090574,0.003735542,0.00279183,0.002080095,0.001557365,0.001095279,0.000558588,-8.20E-05,-0.000722141,-0.001203724,-0.001432381,-0.001435563,-0.00132037,-0.001175423,-0.0010039,-0.000741589,-0.000337836,0.000175285,0.000685546,0.001070241,0.001271231,0.001312957,0.001254024,0.001120701,0.000883539,0.000496811,-3.64E-05,-0.000632764,-0.001159629,-0.001503101,-0.001617961,-0.001523353,-0.001257365,-0.000838005,-0.000268276,0.000420637,0.001131567,0.001710579,0.002005186,0.001932611,0.001510912,0.000837151,3.80E-05,-0.000766174,-0.001464034,-0.00194036,-0.002081433,-0.001814762,-0.001162027,-0.000262578,0.000660256,0.001378107,0.001737749,0.001699871,0.00132545,0.000733358,6.22E-05,-0.000549489,-0.000975098,-0.001123513,-0.000973224,-0.000594824,-0.00013452,0.000244905,0.000436035,0.00042821,0.00029323,0.000128906,1.42E-06,-7.62E-05,-0.000123443,-0.000154243,-0.00015685,-0.000104806,1.36E-05,0.000174209,0.000321508,0.00039346,0.000349268,0.000185033,-6.43E-05,-0.000330992,-0.000527583,-0.000570422,-0.000417328,-0.000104259,0.000246841,0.000471348,0.000447736,0.000179733,-0.000183423,-0.000417463,-0.000354612,2.21E-06,0.000460717,0.000740216,0.000639578,0.000170313,-0.000432604
0.009698422,0.005460685,0.004027442,0.003029927,0.002261688,0.00167744,0.001153538,0.000560894,-0.000125655,-0.000800552,-0.001306116,-0.001547877,-0.00155201,-0.001424379,-0.001254367,-0.001048821,-0.000749097,-0.000309902,0.000233052,0.000765578,0.001163517,0.001366924,0.001398561,0.001316982,0.00115125,0.000877292,0.000455677,-0.000105207,-0.000718604,-0.001250098,-0.001584999,-0.00167834,-0.001551465,-0.001247459,-0.000791742,-0.00019525,0.000504947,0.00120966,0.001767028,0.002029682,0.001921627,0.001468319,0.000773976,-2.91E-05,-0.00081849,-0.001485914,-0.001924768,-0.002033259,-0.001750146,-0.001103548,-0.000231978,0.000649184,0.001324247,0.001653787,0.001609637,0.001257872,0.000714028,0.000104443,-0.000450924,-0.000845152,-0.00100037,-0.000896077,-0.000589905,-0.00020504,0.000120585,0.000297034,0.000317419,0.000242506,0.000148602,7.78E-05,2.52E-05,-3.41E-05,-0.00010558,-0.000158207,-0.000144024,-3.69E-05,0.000139812,0.00031797,0.000416284,0.000378729,0.00019862,-7.80E-05,-0.00036546,-0.000561968,-0.000582697,-0.000398399,-6.48E-05,0.00028156,0.000475943,0.000412782,0.000119701,-0.000235665,-0.000427682,-0.000307155,9.27E-05,0.000553463,0.000787864,0.000613769,7.93E-05,-0.000545176
0.010112145,0.005694877,0.004213853,0.003182801,0.002377029,0.001750177,0.001183282,0.000552966,-0.000162588,-0.000857699,-0.001376115,-0.001623982,-0.001626399,-0.001487752,-0.001297724,-0.001066292,-0.000739755,-0.000277349,0.000282725,0.000825691,0.001227287,0.001426824,0.001446027,0.001343641,0.00115144,0.000850328,0.000406375,-0.000168004,-0.000784378,-0.001308496,-0.00162668,-0.001695543,-0.001539281,-0.001205868,-0.00072729,-0.000120824,0.000572835,0.001255197,0.001779256,0.002005032,0.001864521,0.001390381,0.000692353,-9.45E-05,-0.000849017,-0.001469738,-0.001861653,-0.001936766,-0.001645312,-0.001020238,-0.000196017,0.000624024,0.00124088,0.001531885,0.001481228,0.001159381,0.000676244,0.000142689,-0.000343336,-0.000697129,-0.000855466,-0.000798743,-0.000570231,-0.000267969,-2.91E-06,0.000154012,0.000200248,0.000185282,0.0001632,0.000151304,0.00012603,5.65E-05,-5.44E-05,-0.000156857,-0.000181727,-8.85E-05,0.000101178,0.000307318,0.000430775,0.000401247,0.000209346,-8.89E-05,-0.000391509,-0.000584725,-0.000583807,-0.000372351,-2.42E-05,0.000312095,0.000473959,0.000372597,5.83E-05,-0.000285458,-0.000434458,-0.000259177,0.000178152,0.000636123,0.000824221,0.000580818,-1.07E-05,-0.000648595
0.010133728,0.005709525,0.004229867,0.003198067,0.002385535,0.001746795,0.001167467,0.000529103,-0.00018808,-0.000879979,-0.001393423,-0.001636287,-0.001632908,-0.001485801,-0.001284174,-0.001040232,-0.000704163,-0.000238332,0.000318444,0.000853,0.001243123,0.001429064,0.001432506,0.001312721,0.00110399,0.000791477,0.000345403,-0.000219892,-0.000817081,-0.001315151,-0.00160425,-0.001644598,-0.001464157,-0.001115505,-0.000635719,-4.58E-05,0.000613475,0.001248645,0.001721803,0.001903771,0.001736249,0.00125862,0.000583451,-0.000155823,-0.000844838,-0.001394278,-0.001725293,-0.001766365,-0.00147937,-0.000899478,-0.000152189,0.000577417,0.001112987,0.001352903,0.001295384,0.00101415,0.000610008,0.000173635,-0.000223825,-0.000523634,-0.000679142,-0.000671496,-0.0005277,-0.000317754,-0.000122752,7.39E-06,7.53E-05,0.000119041,0.00016968,0.000218919,0.00022398,0.00014741,-3.10E-07,-0.000151564,-0.000216698,-0.000140847,5.65E-05,0.000285853,0.000432257,0.00041281,0.000215586,-9.51E-05,-0.000404137,-0.000589132,-0.000567544,-0.000335519,1.78E-05,0.000335883,0.000461919,0.00032488,-4.35E-06,-0.000330956,-0.000436052,-0.000211298,0.000254425,0.000701915,0.000842574,0.000537308,-9.80E-05,-0.000736306
0.00974595,0.005494765,0.004067884,0.003069831,0.002283007,0.001664825,0.001105292,0.000490009,-0.000200192,-0.000864572,-0.001354763,-0.001581513,-0.001568676,-0.001416439,-0.001212655,-0.000970714,-0.000643498,-0.000194961,0.000337455,0.000844505,0.001208223,0.001371477,0.001356827,0.001224275,0.00101022,0.000703165,0.000275942,-0.000257439,-0.000813619,-0.001267896,-0.001516943,-0.001526393,-0.001328596,-0.000980121,-0.000521377,2.57E-05,0.000623911,0.001188906,0.001595832,0.001729262,0.001541818,0.001078682,0.000452305,-0.00020994,-0.000805555,-0.001262239,-0.001521067,-0.001528965,-0.001259112,-0.000746202,-0.00010218,0.00051155,0.000946249,0.001124668,0.00106006,0.000828096,0.00051752,0.000195081,-9.84E-05,-0.000332816,-0.000479329,-0.000519781,-0.000463774,-0.000351628,-0.000233003,-0.000135681,-5.12E-05,4.71E-05,0.000167931,0.000277603,0.000314441,0.000234166,5.37E-05,-0.000143089,-0.000247851,-0.00019212,7.75E-06,0.000254721,0.000421031,0.000413262,0.00021723,-9.64E-05,-0.000402985,-0.000575103,-0.000534466,-0.000289084,5.99E-05,0.000352266,0.000440381,0.000271382,-6.62E-05,-0.000370663,-0.000432645,-0.000165579,0.00031838,0.000748102,0.000842032,0.000484803,-0.000179055,-0.000804678
0.009114473,0.00514337,0.003799922,0.002856229,0.002114536,0.001536305,0.001015823,0.000442198,-0.000203979,-0.0008264,-0.001282536,-0.001486681,-0.001462371,-0.001307163,-0.001107007,-0.000875837,-0.000568499,-0.000149608,0.000345975,0.000814292,0.001142936,0.001278366,0.00124454,0.001102256,0.000889756,0.000598297,0.000202373,-0.000285693,-0.000788205,-0.001188566,-0.001391531,-0.001369141,-0.001158412,-0.000819459,-0.000394907,9.40E-05,0.000615905,0.001097799,0.001430143,0.00151287,0.001310095,0.000872144,0.00030955,-0.000258962,-0.000745643,-0.001097875,-0.001278659,-0.001254316,-0.001008995,-0.000575306,-4.91E-05,0.000434997,0.000758357,0.000869812,0.000798039,0.000619862,0.000410343,0.000210404,2.88E-05,-0.000134137,-0.000268011,-0.000355307,-0.000387779,-0.000375446,-0.000335987,-0.000274662,-0.000177015,-2.71E-05,0.000161327,0.000330164,0.000399177,0.000317201,0.000106936,-0.000132917,-0.000276389,-0.000242095,-4.29E-05,0.00021824,0.000402389,0.000407082,0.000216089,-9.48E-05,-0.000393623,-0.000550181,-0.000491632,-0.000237342,0.000101579,0.000364021,0.000413335,0.000214949,-0.000126759,-0.000406427,-0.000426212,-0.000121615,0.000374214,0.000781912,0.000830012,0.00042737,-0.000255534,-0.000860555
0.008081526,0.004566748,0.003357341,0.002502146,0.001837783,0.001331647,0.000882082,0.000380811,-0.000193239,-0.000749985,-0.001154448,-0.001325585,-0.001286845,-0.001132619,-0.000945994,-0.000740341,-0.000471225,-0.000102357,0.000335979,0.000747394,0.001027177,0.001126948,0.00107283,0.000926444,0.000727309,0.000468372,0.000124166,-0.000296933,-0.000725669,-0.001056444,-0.001204518,-0.00114981,-0.000934259,-0.000620591,-0.000251694,0.000154723,0.000576477,0.000955684,0.001201452,0.001231375,0.001021678,0.000626488,0.000151359,-0.000297778,-0.00065235,-0.000883329,-0.000978372,-0.000924262,-0.000715284,-0.000379311,7.92E-06,0.000342603,0.00054007,0.000577198,0.000498279,0.000379884,0.000281091,0.000214573,0.000155064,7.19E-05,-4.33E-05,-0.000173904,-0.000293407,-0.000381383,-0.000423482,-0.00040245,-0.000297562,-0.000102985,0.000146826,0.000370823,0.000471615,0.000391303,0.000156941,-0.000120396,-0.000299844,-0.000288511,-9.51E-05,0.000173863,0.000371868,0.000389942,0.000210249,-8.84E-05,-0.000370722,-0.000507494,-0.000433297,-0.000177785,0.000141678,0.000367658,0.000377541,0.000154817,-0.000183913,-0.000434578,-0.000414681,-8.16E-05,0.000414895,0.000793738,0.000798571,0.000362784,-0.000322349,-0.000893635
0.006774141,0.003835953,0.002795397,0.002052365,0.001487647,0.001075809,0.000719103,0.000311274,-0.000171398,-0.000646333,-0.000987328,-0.001118781,-0.001064164,-0.000914235,-0.00074846,-0.000578816,-0.000360699,-5.58E-05,0.000311506,0.000654057,0.000876287,0.000935986,0.000861846,0.00071615,0.000539148,0.000324622,4.60E-05,-0.000293999,-0.000636309,-0.000888262,-0.000977111,-0.000891389,-0.000677814,-0.000400785,-0.000101908,0.000206604,0.000513962,0.000779643,0.000933275,0.000911189,0.000701632,0.000361226,-1.17E-05,-0.000326762,-0.000537044,-0.000639047,-0.000646088,-0.000565386,-0.000400334,-0.000172239,6.55E-05,0.000241937,0.000307721,0.000268096,0.000182353,0.000125687,0.000140136,0.000209565,0.000274743,0.000274488,0.000181713,1.27E-05,-0.000188845,-0.000373029,-0.00049484,-0.000515532,-0.000408284,-0.000176381,0.000126986,0.000400314,0.000530951,0.000454768,0.000201908,-0.000106773,-0.000318312,-0.000329996,-0.000146099,0.000125418,0.000333462,0.000364902,0.000200782,-7.88E-05,-0.000338306,-0.000452578,-0.000364949,-0.000114247,0.000179004,0.00036457,0.000335889,9.38E-05,-0.000236159,-0.000455292,-0.000398988,-4.57E-05,0.00044222,0.000787459,0.0007524,0.000294476,-0.000379106,-0.000907009
0.005292293,0.003007099,0.002157579,0.001541832,0.001091015,0.000787634,0.000537761,0.000236797,-0.000142252,-0.000525127,-0.000795207,-0.000882829,-0.000811543,-0.000668158,-0.000528004,-0.000401125,-0.000242178,-1.02E-05,0.000277431,0.000543611,0.000702919,0.000719952,0.000626188,0.00048444,0.000335298,0.00017281,-3.16E-05,-0.000281491,-0.000529568,-0.00069715,-0.000724394,-0.000608851,-0.000401858,-0.00016882,5.10E-05,0.000252046,0.000436402,0.000582227,0.000640775,0.000567685,0.000363064,8.51E-05,-0.000176619,-0.000348831,-0.000407899,-0.000376864,-0.000295148,-0.00019022,-7.38E-05,4.05E-05,0.000122852,0.000136563,6.79E-05,-4.94E-05,-0.000141658,-0.000135832,-7.47E-06,0.000198381,0.00038887,0.000472806,0.000405006,0.000201062,-7.84E-05,-0.000355107,-0.000554649,-0.000617622,-0.000511307,-0.000247383,0.000103744,0.000421969,0.000580836,0.000510401,0.00024302,-9.25E-05,-0.000333203,-0.000367719,-0.000195806,7.47E-05,0.000290044,0.000334684,0.000188872,-6.72E-05,-0.000299737,-0.000389805,-0.000290315,-4.85E-05,0.00021414,0.000356864,0.000290477,3.26E-05,-0.000284659,-0.000470677,-0.000380408,-1.28E-05,0.00046032,0.000768858,0.00069642,0.000224019,-0.000428634,-0.000906789
0.003559522,0.002036929,0.001410694,0.000944439,0.00062841,0.000454086,0.000331275,0.000156572,-0.000101186,-0.000377327,-0.000566066,-0.000604441,-0.000516092,-0.00038326,-0.000276266,-0.000202349,-0.000114589,3.17E-05,0.000227294,0.000406851,0.000496413,0.00046823,0.00035672,0.000224794,0.00011261,1.35E-05,-0.000104135,-0.000252033,-0.000395982,-0.000473035,-0.000437356,-0.000295774,-0.00010359,7.41E-05,0.000202138,0.000283606,0.000335116,0.000355163,0.0003177,0.000197883,6.82E-06,-0.000197595,-0.000336876,-0.000357202,-0.000259729,-9.46E-05,7.31E-05,0.000196887,0.000258393,0.000253481,0.000177232,2.75E-05,-0.000174075,-0.000367,-0.000464892,-0.000398168,-0.000160165,0.000176396,0.00048734,0.000653912,0.000614407,0.000383721,3.76E-05,-0.000320703,-0.000590552,-0.000694625,-0.000595048,-0.000310298,7.56E-05,0.000428196,0.000610783,0.000548731,0.000274908,-7.78E-05,-0.000340663,-0.000396491,-0.000240499,2.22E-05,0.000239418,0.000296133,0.000172676,-5.27E-05,-0.000251733,-0.000315249,-0.000207095,1.88E-05,0.000243707,0.000340589,0.000239454,-2.70E-05,-0.000324218,-0.000475006,-0.000356313,1.43E-05,0.000461002,0.000727935,0.000623817,0.000151696,-0.00046304,-0.000880987
0.001748517,0.001022367,0.000629909,0.000320652,0.000146379,0.000107782,0.000118446,7.61E-05,-5.48E-05,-0.000219647,-0.000324116,-0.00031221,-0.00020757,-8.75E-05,-1.68E-05,4.33E-07,1.30E-05,6.95E-05,0.000169487,0.000259847,0.00027859,0.000205808,7.87E-05,-4.02E-05,-0.000111524,-0.000143238,-0.000170495,-0.000213498,-0.000251791,-0.000238544,-0.000142041,2.19E-05,0.000194785,0.000312725,0.000345405,0.000305271,0.000223871,0.00012008,-9.72E-06,-0.000171513,-0.000344223,-0.000471444,-0.000486872,-0.000356671,-0.000106562,0.000187167,0.000435279,0.000573873,0.000579132,0.000456981,0.000227158,-7.90E-05,-0.000406598,-0.000670258,-0.000772799,-0.00064888,-0.000308926,0.000148766,0.000571602,0.000816051,0.000805583,0.00055438,0.000151443,-0.000277793,-0.000610004,-0.000752365,-0.00066267,-0.000365015,4.57E-05,0.000424353,0.000626568,0.000574162,0.000299438,-6.34E-05,-0.000342761,-0.000417922,-0.000279723,-2.88E-05,0.000186318,0.000253639,0.000154027,-3.73E-05,-0.000199888,-0.000236166,-0.000121545,8.45E-05,0.000268412,0.000318994,0.000186182,-8.35E-05,-0.000356457,-0.000471381,-0.000328503,3.76E-05,0.000450967,0.000673991,0.000542515,8.01E-05,-0.000486758,-0.000839339
-0.00011705,-2.32E-05,-0.000174497,-0.000321426,-0.000349011,-0.000247197,-9.86E-05,-4.22E-06,-4.34E-06,-5.48E-05,-7.30E-05,-1.02E-05,0.000110019,0.000215679,0.000247748,0.000205601,0.000140044,0.000104008,0.000105909,0.000105376,5.27E-05,-6.40E-05,-0.000204979,-0.000308263,-0.000335963,-0.000297439,-0.000231776,-0.000168027,-9.98E-05,3.20E-06,0.000158664,0.000342061,0.000492144,0.000547045,0.000481983,0.000319142,0.000105269,-0.000120405,-0.000339351,-0.000539257,-0.000689921,-0.000737378,-0.000628298,-0.000349183,4.99E-05,0.000467542,0.000791438,0.000941589,0.000889749,0.00065232,0.000273406,-0.000183236,-0.00063088,-0.000961192,-0.001067595,-0.000889575,-0.00045405,0.000116837,0.000644457,0.000962773,0.000981812,0.000715028,0.000263244,-0.000228407,-0.00061653,-0.000794825,-0.000717421,-0.000413101,1.47E-05,0.000412631,0.000631187,0.000589383,0.000318115,-4.91E-05,-0.000340616,-0.000433489,-0.000314499,-7.87E-05,0.000131442,0.000208163,0.00013348,-2.13E-05,-0.000145208,-0.000153772,-3.44E-05,0.000148743,0.000289212,0.000293248,0.000131248,-0.000137653,-0.000382848,-0.000461464,-0.000297762,5.79E-05,0.000432593,0.000609963,0.000454555,9.22E-06,-0.000502046,-0.000785345
-0.001954088,-0.001053779,-0.000966107,-0.000951353,-0.000833194,-0.000592603,-0.000308062,-7.90E-05,4.98E-05,0.000111931,0.000177819,0.000288852,0.000421825,0.000510547,0.000502374,0.000400328,0.000257163,0.000129868,3.58E-05,-5.25E-05,-0.000172523,-0.00032847,-0.000478599,-0.000562513,-0.00054438,-0.000435505,-0.000278959,-0.000112565,5.61E-05,0.000241566,0.000447953,0.000643393,0.000765475,0.000755656,0.000595527,0.000317006,-1.88E-05,-0.000353799,-0.000649316,-0.000877029,-0.000999879,-0.000968173,-0.000742335,-0.000328464,0.000201531,0.000724537,0.001109638,0.001264247,0.001157806,0.000817213,0.000308703,-0.00027571,-0.000822823,-0.001206545,-0.001314643,-0.001092429,-0.000580971,7.90E-05,0.000689516,0.001068248,0.001115451,0.000843857,0.000362441,-0.000170126,-0.000597064,-0.000803647,-0.000742157,-0.00044408,-1.64E-05,0.000385698,0.00061256,0.000582567,0.000323632,-3.59E-05,-0.000329302,-0.000435322,-0.000337322,-0.000122463,7.64E-05,0.00015902,0.000109668,-5.71E-06,-8.85E-05,-6.97E-05,5.09E-05,0.000206341,0.000300478,0.000259696,7.51E-05,-0.000184351,-0.000395576,-0.000438019,-0.000260903,7.29E-05,0.000399088,0.000528627,0.000356769,-5.75E-05,-0.000499765,-0.000708596
-0.003695289,-0.002031153,-0.001715731,-0.001546356,-0.001289383,-0.000917407,-0.000504544,-0.000148166,0.000103077,0.000272143,0.000417449,0.000573136,0.000716589,0.00078772,0.000740376,0.000581122,0.000364312,0.000150558,-3.42E-05,-0.000205061,-0.000387426,-0.000578373,-0.000734772,-0.000798277,-0.000735443,-0.000559528,-0.000317295,-5.48E-05,0.000207071,0.000467664,0.000718697,0.000921867,0.001014533,0.000942106,0.000692631,0.000307197,-0.000139877,-0.000573233,-0.000935805,-0.001184991,-0.001278298,-0.001171107,-0.000837493,-0.000301953,0.000343946,0.000958425,0.001394759,0.001550123,0.00139272,0.00095946,0.000336688,-0.000358539,-0.000990295,-0.001418184,-0.001526572,-0.001266966,-0.000692824,4.00E-05,0.000718652,0.001148254,0.001221615,0.000950776,0.000450685,-0.000110099,-0.000565342,-0.000794888,-0.000750306,-0.000464791,-4.62E-05,0.0003519,0.000582446,0.00056445,0.000322159,-2.35E-05,-0.000313171,-0.000429436,-0.000352698,-0.000161333,2.30E-05,0.000109411,8.46E-05,8.71E-06,-3.29E-05,1.24E-05,0.000132434,0.000258549,0.000306169,0.00022267,1.95E-05,-0.000226052,-0.000400633,-0.000407531,-0.000220905,8.56E-05,0.000359319,0.000440713,0.000256306,-0.000120588,-0.000488728,-0.000622151
-0.00534178,-0.002955964,-0.002423859,-0.002106845,-0.001717908,-0.001221855,-0.000688175,-0.000211638,0.000155489,0.000425888,0.000645988,0.000842798,0.000994513,0.001047406,0.000961954,0.000748149,0.000461612,0.000166141,-0.000104169,-0.000352325,-0.000592115,-0.000813893,-0.000973705,-0.001015775,-0.000909359,-0.000669677,-0.000346894,5.16E-06,0.000353056,0.000681641,0.000971115,0.001177753,0.00123961,0.001106665,0.000773497,0.000289812,-0.000258005,-0.000778874,-0.0011991,-0.001463504,-0.001525559,-0.001346517,-0.000914001,-0.000269721,0.000477302,0.001169483,0.001647201,0.001799664,0.001594892,0.001079336,0.000357449,-0.000431839,-0.001133592,-0.001596516,-0.001703809,-0.001413528,-0.00078979,-4.89E-08,0.000732059,0.001203101,0.001300642,0.001036054,0.000528107,-4.83E-05,-0.000521517,-0.000768764,-0.000742073,-0.000475359,-7.47E-05,0.000311323,0.000540985,0.000535173,0.000313783,-1.17E-05,-0.000292282,-0.000415926,-0.000360722,-0.000195354,-2.85E-05,5.93E-05,5.82E-05,2.20E-05,2.16E-05,9.25E-05,0.000210264,0.000305432,0.000306354,0.000182214,-3.56E-05,-0.000262814,-0.000398115,-0.000370086,-0.000177807,9.61E-05,0.000313364,0.000346305,0.000153203,-0.000180172,-0.000469043,-0.000526133
-0.006666628,-0.003701443,-0.002991319,-0.002551777,-0.002055243,-0.001460526,-0.000831785,-0.000259769,0.000200979,0.000553813,0.000833792,0.001061319,0.001215936,0.001250678,0.001132647,0.000874651,0.000532407,0.000171438,-0.000167501,-0.000476711,-0.000759737,-0.001001607,-0.001158908,-0.001179503,-0.001035781,-0.000744538,-0.000358152,6.36E-05,0.000476778,0.000854262,0.001167192,0.00136883,0.001399846,0.001215715,0.000817065,0.000260169,-0.000359917,-0.000940657,-0.001396206,-0.001662855,-0.001692969,-0.001454835,-0.000948495,-0.000229252,0.000582175,0.001319322,0.001816332,0.001959309,0.001717931,0.001146422,0.000362184,-0.000481586,-0.001219425,-0.001696605,-0.001799738,-0.001493838,-0.000849578,-3.84E-05,0.000714611,0.00120542,0.001321138,0.001072571,0.000577947,1.11E-05,-0.000458358,-0.00071137,-0.000702689,-0.000465249,-9.84E-05,0.00026045,0.000480241,0.000486179,0.000292832,-1.51E-06,-0.000262616,-0.000387566,-0.000353258,-0.000217491,-7.35E-05,1.10E-05,3.04E-05,3.16E-05,7.01E-05,0.000163737,0.000276235,0.00033913,0.00029541,0.000136592,-8.73E-05,-0.000288553,-0.000380829,-0.00032,-0.000129148,0.000103622,0.000259163,0.000244594,4.98E-05,-0.000230788,-0.000434398,-0.000416734
-0.007790029,-0.004334415,-0.003470724,-0.002924703,-0.002336101,-0.001658796,-0.000951209,-0.000299228,0.00024116,0.000664631,0.000995346,0.001247457,0.001402132,0.001419323,0.001272642,0.000977272,0.000588286,0.000172003,-0.000225115,-0.000585584,-0.000903582,-0.001159642,-0.001311626,-0.001311541,-0.00113504,-0.000800143,-0.00036065,0.000118808,0.000585275,0.001000958,0.001329421,0.001522189,0.001523459,0.001294511,0.000841537,0.000226059,-0.000450217,-0.001075713,-0.001554898,-0.001817635,-0.001816584,-0.001527425,-0.000961737,-0.000186258,0.000669789,0.001434735,0.001939897,0.00207064,0.001799034,0.001185945,0.000358879,-0.000518706,-0.00127515,-0.001755984,-0.001853413,-0.001539469,-0.000889243,-7.43E-05,0.000683185,0.001182638,0.001312951,0.001084419,0.000612701,6.73E-05,-0.000388228,-0.000640943,-0.000649598,-0.000445467,-0.00011904,0.000206111,0.000411951,0.000429137,0.000266599,7.98E-06,-0.000229163,-0.000352499,-0.000338346,-0.000233298,-0.00011432,-3.54E-05,2.19E-06,3.88E-05,0.000114339,0.00022888,0.000334946,0.000365701,0.000279257,8.93E-05,-0.000136739,-0.000308707,-0.000356842,-0.000264574,-7.82E-05,0.000110396,0.000202755,0.000141763,-5.17E-05,-0.000276446,-0.00039372,-0.000303441
-0.008655294,-0.004823199,-0.003837296,-0.003205391,-0.00254464,-0.001805361,-0.001039712,-0.000327653,0.000274455,0.000753451,0.001123201,0.001392067,0.001543206,0.001543657,0.001373398,0.001049419,0.000625189,0.000166649,-0.00027527,-0.000674478,-0.001016911,-0.001279666,-0.001422814,-0.001403139,-0.001199708,-0.000831314,-0.000352153,0.000169776,0.000674151,0.001114431,0.001448397,0.001627456,0.001600477,0.00133492,0.0008419,0.000186494,-0.000525512,-0.001176586,-0.001664622,-0.001915726,-0.001884601,-0.001554763,-0.000948177,-0.000140251,0.000735337,0.001506368,0.002005632,0.002120734,0.001827046,0.001190615,0.000345439,-0.000539826,-0.001292788,-0.001763898,-0.001853677,-0.001541237,-0.000903391,-0.000107008,0.000634299,0.001128353,0.001268682,0.001065156,0.000628311,0.000119005,-0.0003096,-0.000554371,-0.000579435,-0.000413569,-0.000135782,0.000147581,0.000334376,0.000362148,0.000233816,1.66E-05,-0.000191002,-0.000309056,-0.000314081,-0.000241089,-0.000149749,-7.95E-05,-2.63E-05,4.32E-05,0.000153127,0.000286211,0.000384368,0.000383234,0.000256581,3.99E-05,-0.000183085,-0.000321813,-0.000324484,-0.000202524,-2.44E-05,0.00011624,0.00014377,3.78E-05,-0.000150697,-0.000315805,-0.000345595,-0.000185538
-0.009061139,-0.005055089,-0.004003097,-0.003322411,-0.002625355,-0.001861043,-0.001074478,-0.000337838,0.000294044,0.000801744,0.001190004,0.001462253,0.0016042,0.001590145,0.001406025,0.001069529,0.000630799,0.00015328,-0.000309861,-0.000726093,-0.001075124,-0.001332437,-0.001461798,-0.001425672,-0.001206588,-0.000823162,-0.000328077,0.000209937,0.000726252,0.001168771,0.001492525,0.001651341,0.001600388,0.001313575,0.000805554,0.000141878,-0.000572005,-0.001217731,-0.001691652,-0.001920241,-0.001862719,-0.001510696,-0.000894234,-9.27E-05,0.000762496,0.001505792,0.001978049,0.002073429,0.001771626,0.001141221,0.000316842,-0.000535567,-0.001251183,-0.001692245,-0.001771439,-0.001474807,-0.000876708,-0.000132168,0.000562063,0.001029274,0.001171744,0.00099905,0.000613058,0.000160139,-0.000223268,-0.000448555,-0.000487316,-0.00036489,-0.000145536,8.59E-05,0.000246842,0.000283706,0.000193168,2.40E-05,-0.000146927,-0.000254484,-0.000276475,-0.000236265,-0.000175458,-0.000118027,-5.44E-05,4.25E-05,0.000181473,0.000328865,0.000417391,0.000386225,0.000224824,-1.09E-05,-0.000223355,-0.000324147,-0.000280867,-0.000132491,3.25E-05,0.00012175,8.44E-05,-6.31E-05,-0.000241894,-0.000344687,-0.000288925,-6.60E-05
-0.009218568,-0.00514799,-0.004060347,-0.003351067,-0.002637202,-0.001867923,-0.001080582,-0.000338595,0.000305773,0.0008277,0.001223469,0.00149204,0.00162196,0.001594844,0.001402324,0.00106217,0.000620248,0.000136352,-0.000335334,-0.000757023,-0.001103291,-0.001348966,-0.00146226,-0.001411741,-0.001183368,-0.000795017,-0.000296797,0.00024327,0.000757904,0.001191141,0.001496837,0.001632506,0.001560374,0.001260833,0.000751239,9.59E-05,-0.000602284,-0.001226917,-0.001675326,-0.001876384,-0.00179498,-0.001430794,-0.000820678,-4.54E-05,0.000769163,0.001467902,0.00190292,0.001976977,0.001674456,0.001065021,0.000280931,-0.000518521,-0.001180136,-0.001581225,-0.001648411,-0.001374506,-0.000829348,-0.000152676,0.000479542,0.000909406,0.001049852,0.000910229,0.000582115,0.000194726,-0.000135036,-0.000335246,-0.000385917,-0.000308613,-0.000151501,2.38E-05,0.000155948,0.000201,0.000149435,3.09E-05,-0.000100431,-0.000195079,-0.000232694,-0.000225133,-0.000195848,-0.000153218,-8.18E-05,3.91E-05,0.000203938,0.000363287,0.000441516,0.000381776,0.000188938,-6.17E-05,-0.000260058,-0.000321132,-0.000232271,-5.94E-05,9.05E-05,0.000127394,2.61E-05,-0.000160828,-0.000327793,-0.000368009,-0.000229038,5.24E-05
-0.009016391,-0.005039652,-0.003960456,-0.003251873,-0.002549482,-0.001804316,-0.001045382,-0.000325907,0.000305909,0.000821121,0.001208518,0.001463272,0.001577169,0.001539195,0.001346282,0.001015363,0.00058666,0.000114639,-0.000347274,-0.000757763,-0.00108785,-0.00131309,-0.001407204,-0.001345444,-0.001117121,-0.000738532,-0.000255664,0.000266256,0.000759684,0.001167231,0.001443819,0.001552437,0.001463404,0.001163586,0.000671807,4.88E-05,-0.00060879,-0.001190001,-0.00159688,-0.001763561,-0.001662162,-0.001300333,-0.000719785,9.65E-07,0.000746295,0.001376819,0.001760347,0.00181105,0.001518442,0.000951168,0.000234852,-0.000483411,-0.001067702,-0.001414953,-0.00146815,-0.0012266,-0.000752723,-0.000166185,0.000383243,0.000761071,0.00089351,0.000789768,0.00052893,0.00021945,-4.51E-05,-0.000212468,-0.000272312,-0.000242035,-0.000151976,-3.82E-05,6.12E-05,0.000113038,0.00010179,3.71E-05,-5.08E-05,-0.000129244,-0.000180464,-0.00020511,-0.000208507,-0.000183359,-0.000108254,3.19E-05,0.000217781,0.000385653,0.000452744,0.000366758,0.000147446,-0.000112106,-0.000291466,-0.000310596,-0.000176993,1.76E-05,0.000149571,0.00013338,-3.01E-05,-0.000253017,-0.000405497,-0.000383329,-0.000165159,0.00016801
-0.008393178,-0.004695523,-0.003676576,-0.003003231,-0.002345666,-0.001658847,-0.000962625,-0.000298367,0.00029155,0.000775591,0.001136221,0.001365628,0.001459267,0.001413488,0.001229979,0.000923719,0.00052764,8.89E-05,-0.000341943,-0.000722088,-0.001020861,-0.001216102,-0.001288187,-0.001219606,-0.001002803,-0.000651428,-0.000205469,0.000275127,0.000725336,0.001089134,0.001324994,0.001403264,0.001303316,0.001018254,0.000566775,3.04E-06,-0.00058614,-0.001099759,-0.001448427,-0.00157449,-0.001458724,-0.001116305,-0.000591401,4.38E-05,0.000689354,0.001226928,0.001544688,0.001570914,0.001300385,0.00079821,0.000178718,-0.000429006,-0.00091206,-0.001191439,-0.001228687,-0.001029125,-0.000644742,-0.000170392,0.000275573,0.000586429,0.000704082,0.00063767,0.000451792,0.000230957,4.21E-05,-8.46E-05,-0.000149813,-0.000166463,-0.000145983,-9.73E-05,-3.39E-05,2.30E-05,5.20E-05,4.27E-05,7.86E-07,-5.85E-05,-0.000120579,-0.000175735,-0.000211869,-0.000206585,-0.00013254,2.05E-05,0.000220964,0.000393079,0.000448568,0.000340105,0.000101054,-0.000160259,-0.000315799,-0.00029204,-0.000116209,9.64E-05,0.00020823,0.00014015,-8.12E-05,-0.000335145,-0.000470887,-0.000389138,-9.94E-05,0.000275867
-0.007546803,-0.004226374,-0.003295178,-0.002675445,-0.002080454,-0.001470186,-0.000854902,-0.000263232,0.000269219,0.000709146,0.001033324,0.00123138,0.001302654,0.001250827,0.001082044,0.000808719,0.000455615,6.15E-05,-0.000327011,-0.000666779,-0.000926394,-0.001086796,-0.001135587,-0.00106275,-0.000863715,-0.000548887,-0.000151237,0.000275889,0.000671472,0.000982305,0.001171689,0.001218257,0.001110871,0.00084868,0.000449356,-4.10E-05,-0.000547611,-0.000981438,-0.001263697,-0.001346393,-0.001219586,-0.000905641,-0.000449867,8.41E-05,0.000614487,0.001046927,0.001292114,0.001293672,0.001051597,0.000626105,0.000117861,-0.000364934,-0.000735154,-0.000939923,-0.000960313,-0.000807337,-0.000521079,-0.000169337,0.000163374,0.00040007,0.000499433,0.000470542,0.000362638,0.000234929,0.000126287,4.39E-05,-2.43E-05,-8.71E-05,-0.000136531,-0.000153957,-0.000127791,-6.69E-05,1.85E-06,4.80E-05,5.28E-05,1.41E-05,-5.74E-05,-0.000141735,-0.000210175,-0.000225748,-0.000155329,6.83E-06,0.000218276,0.000392237,0.000436034,0.000307471,5.26E-05,-0.000206549,-0.00033599,-0.000269415,-5.33E-05,0.00017504,0.000265947,0.000147365,-0.000128734,-0.000410654,-0.000528703,-0.000389723,-3.37E-05,0.000377988
-0.006364397,-0.003568896,-0.002766922,-0.002228574,-0.001722978,-0.001216755,-0.000709915,-0.000217024,0.000234507,0.000610861,0.000884082,0.001041886,0.001087794,0.001032761,0.000886889,0.000659093,0.00036463,3.23E-05,-0.000297042,-0.000581471,-0.000790352,-0.000908919,-0.000932831,-0.000859896,-0.00068826,-0.000424141,-9.19E-05,0.000263623,0.000587743,0.000832205,0.000966991,0.000980335,0.000871147,0.000644236,0.000314841,-8.14E-05,-0.000484612,-0.000821077,-0.001025435,-0.001061354,-0.000928965,-0.000657177,-0.000290392,0.000119437,0.00051281,0.000822984,0.000986344,0.000963481,0.000759364,0.000427247,5.07E-05,-0.000287041,-0.000528376,-0.000649317,-0.000651644,-0.000551513,-0.000375031,-0.000159921,4.63E-05,0.000198992,0.000274901,0.000283061,0.00025628,0.000226859,0.000204094,0.000170931,0.000103295,-3.37E-06,-0.000121836,-0.000205686,-0.000217903,-0.000154635,-4.78E-05,5.29E-05,0.000104677,8.80E-05,9.79E-06,-0.000101208,-0.000200695,-0.000238269,-0.000175386,-9.95E-06,0.000206461,0.000378482,0.000410667,0.000266077,1.86E-06,-0.000249152,-0.000349426,-0.000240904,1.19E-05,0.00025227,0.000321312,0.000155283,-0.000169812,-0.000474504,-0.000573736,-0.000382206,3.11E-05,0.00046936
-0.004932288,-0.002771334,-0.002129526,-0.001693403,-0.001297344,-0.000915773,-0.000537956,-0.000163405,0.000189743,0.000488123,0.000699799,0.000811045,0.000829756,0.000774043,0.000657548,0.000484943,0.000260954,3.17E-06,-0.000254574,-0.000472879,-0.000622949,-0.000695153,-0.000693725,-0.000624441,-0.000487859,-0.000285228,-3.11E-05,0.000239798,0.000480705,0.000649887,0.000725255,0.000705422,0.000599532,0.000417569,0.000171152,-0.000116336,-0.000402102,-0.000629957,-0.000749806,-0.000738109,-0.000605251,-0.000385901,-0.000121885,0.000148846,0.000391533,0.000569494,0.000646461,0.000600628,0.000441373,0.000213358,-1.92E-05,-0.000200479,-0.000304298,-0.000336746,-0.000320553,-0.000276415,-0.000215269,-0.000143336,-6.98E-05,-6.21E-06,4.27E-05,8.58E-05,0.00013926,0.000208209,0.000272427,0.000290763,0.000227091,8.06E-05,-0.000103097,-0.000250752,-0.000300742,-0.000236651,-9.47E-05,5.74E-05,0.000154396,0.000160139,7.75E-05,-5.68E-05,-0.000184862,-0.000244375,-0.000192073,-2.87E-05,0.000187056,0.000353773,0.000374883,0.000218611,-4.88E-05,-0.00028664,-0.00035628,-0.000208386,7.63E-05,0.000324986,0.000372306,0.000163537,-0.000203416,-0.000525319,-0.000605492,-0.000367718,9.22E-05,0.000547347
-0.003366692,-0.001898836,-0.001433783,-0.001111091,-0.0008354,-0.000589557,-0.000351806,-0.000106085,0.000139333,0.000352063,0.000496593,0.00055801,0.000548667,0.000493757,0.000410213,0.000298062,0.000150937,-2.54E-05,-0.000205005,-0.000351522,-0.00043863,-0.00046226,-0.000435473,-0.000372053,-0.000274778,-0.000139484,2.97E-05,0.000209189,0.00036084,0.000450317,0.000464079,0.000411469,0.000311897,0.000180196,2.37E-05,-0.000147454,-0.000308719,-0.000422528,-0.000454959,-0.000395743,-0.000265502,-0.000104132,5.01E-05,0.000174305,0.000259861,0.00030119,0.000290074,0.00022247,0.00011173,-6.98E-06,-9.00E-05,-0.000109779,-7.25E-05,-1.47E-05,2.01E-05,7.01E-06,-4.91E-05,-0.000122618,-0.000183944,-0.000211372,-0.000191211,-0.000114818,1.72E-05,0.000183363,0.000334137,0.000404706,0.000347014,0.000163599,-8.21E-05,-0.000291234,-0.000378171,-0.000314178,-0.000139257,6.18E-05,0.000202239,0.000230255,0.000144652,-1.07E-05,-0.000165401,-0.000246501,-0.000206465,-4.84E-05,0.000163293,0.00032269,0.000333172,0.00016801,-9.88E-05,-0.000320538,-0.000359018,-0.000173802,0.000139488,0.000394067,0.000419992,0.000171843,-0.000232123,-0.000567622,-0.000628768,-0.000349095,0.000150537,0.000616288
-0.001633197,-0.000931932,-0.000664622,-0.000469661,-0.000328184,-0.000232181,-0.000148543,-4.49E-05,8.09E-05,0.000198426,0.00026896,0.000276751,0.000238682,0.000186863,0.00014116,9.64E-05,3.44E-05,-5.19E-05,-0.00014513,-0.000213073,-0.000232538,-0.000205499,-0.000154065,-1.00E-04,-4.79E-05,1.24E-05,8.83E-05,0.000168085,0.000223654,0.000228946,0.000179605,9.59E-05,7.45E-06,-6.68E-05,-0.000124834,-0.000170921,-0.00020022,-0.000195015,-0.000138387,-3.36E-05,8.90E-05,0.000185313,0.000221775,0.000192302,0.00011537,1.74E-05,-8.14E-05,-0.000167942,-0.000225686,-0.000230256,-0.000159678,-1.55E-05,0.000163742,0.000311694,0.000364711,0.000294504,0.00012184,-9.57E-05,-0.000290798,-0.000409245,-0.000419718,-0.000314015,-0.000108763,0.000148971,0.000382445,0.000504638,0.000456162,0.000242181,-5.82E-05,-0.000322626,-0.000443854,-0.00038146,-0.000178344,6.58E-05,0.000245372,0.000294554,0.000208408,3.65E-05,-0.000140623,-0.00024183,-0.000216361,-6.89E-05,0.000133075,0.00028191,0.000282834,0.000113824,-0.000145896,-0.000347134,-0.00035463,-0.000136863,0.000198402,0.000454602,0.000460362,0.000179803,-0.000251743,-0.000594205,-0.000636891,-0.000323945,0.000202317,0.000667709
0.00013019,5.21E-05,0.000117637,0.000181937,0.000186353,0.000129673,5.64E-05,1.54E-05,1.95E-05,4.02E-05,3.58E-05,-1.01E-05,-7.63E-05,-0.000123819,-0.000130107,-0.000105688,-8.08E-05,-7.53E-05,-8.09E-05,-6.97E-05,-2.17E-05,5.52E-05,0.000129797,0.000172712,0.000177639,0.000161127,0.000142126,0.000121526,8.12E-05,3.47E-06,-0.000106949,-0.000219115,-0.000293943,-0.00030862,-0.000266841,-0.000187766,-8.63E-05,3.54E-05,0.000177648,0.000324464,0.000436436,0.000466009,0.000385115,0.000204339,-3.10E-05,-0.000263347,-0.000445418,-0.000547726,-0.000551835,-0.000444513,-0.000225185,7.66E-05,0.000391488,0.000625184,0.000695368,0.000570855,0.000287834,-6.60E-05,-0.000387513,-0.000592412,-0.000633155,-0.000502238,-0.000231224,0.000109624,0.00041893,0.00058977,0.000552392,0.000313849,-3.32E-05,-0.000346126,-0.000498153,-0.000438307,-0.000211627,6.95E-05,0.000283148,0.000351547,0.000266456,8.20E-05,-0.000113356,-0.000232426,-0.00022231,-8.86E-05,9.98E-05,0.000236067,0.000228572,5.96E-05,-0.00018862,-0.000367032,-0.000345102,-9.98E-05,0.000251485,0.00050597,0.000493248,0.000186743,-0.000264245,-0.000608364,-0.000633575,-0.000294891,0.000247364,0.000704269
0.001898493,0.001039036,0.000902072,0.000834967,0.000701585,0.000491523,0.00026078,7.45E-05,-4.35E-05,-0.000119849,-0.000198954,-0.000298222,-0.000391913,-0.000434467,-0.000400594,-0.000306299,-0.000193858,-9.64E-05,-1.43E-05,7.58E-05,0.000190646,0.000316275,0.000412907,0.000443483,0.000400253,0.00030624,0.000192217,7.16E-05,-6.37E-05,-0.000222844,-0.000392413,-0.000531114,-0.000590622,-0.000544726,-0.000403101,-0.000199855,3.03E-05,0.000265716,0.000490538,0.000676461,0.000775826,0.000738216,0.000541255,0.000212155,-0.000177442,-0.00053964,-0.00080101,-0.000916832,-0.000867304,-0.000650617,-0.000287218,0.000166277,0.000611313,0.000926976,0.001013463,0.000837087,0.000448914,-3.46E-05,-0.000476389,-0.000763797,-0.000834259,-0.000681166,-0.000350125,6.72E-05,0.000446869,0.00066386,0.000638803,0.000380098,-7.76E-06,-0.000363926,-0.000544069,-0.00048741,-0.000240581,7.29E-05,0.000316864,0.000402934,0.000319987,0.000125953,-8.46E-05,-0.000219755,-0.000225389,-0.00010768,6.47E-05,0.00018703,0.000171966,5.68E-06,-0.000227914,-0.000382022,-0.000331987,-6.30E-05,0.000300051,0.000550448,0.000520538,0.000192818,-0.000271721,-0.000613708,-0.000622209,-0.00026324,0.00028741,0.000730129
0.0035625,0.001968105,0.001640977,0.001450329,0.001186713,0.000831169,0.000450948,0.000127157,-0.000105746,-0.000272916,-0.000421608,-0.000570309,-0.000689135,-0.000726061,-0.000653187,-0.000491814,-0.000295983,-0.00011146,5.26E-05,0.000215753,0.000391883,0.000561682,0.000677197,0.000694291,0.000604012,0.000435864,0.000232212,1.85E-05,-0.000203684,-0.000436268,-0.000657925,-0.000818242,-0.000860675,-0.000756246,-0.000520696,-0.000202547,0.000144798,0.000481775,0.000778208,0.000995597,0.001079754,0.000978475,0.00067506,0.000212067,-0.000314966,-0.000791005,-0.001119727,-0.001243905,-0.001143884,-0.000829124,-0.000339105,0.000246112,0.000803215,0.001189086,0.00128943,0.001068766,0.000591129,-2.34E-06,-0.000545968,-0.000903529,-0.001000626,-0.000832034,-0.000455026,2.19E-05,0.000457576,0.00071332,0.000702117,0.00043255,1.71E-05,-0.000370277,-0.000572015,-0.000519505,-0.000259898,7.57E-05,0.000341101,0.000440794,0.000361733,0.000164025,-5.48E-05,-0.000201549,-0.000222563,-0.000123957,2.82E-05,0.000134747,0.000114011,-4.46E-05,-0.000258458,-0.000386682,-0.000312531,-2.83E-05,0.000337443,0.000579245,0.000535284,0.0001963,-0.000269881,-0.000602418,-0.000596137,-0.000227908,0.000316428,0.000734718
0.005075758,0.00281305,0.002314019,0.002011767,0.001629451,0.001140349,0.000622671,0.000172918,-0.000164558,-0.000413653,-0.000624978,-0.000818351,-0.000959998,-0.00099156,-0.000882443,-0.000658906,-0.000386216,-0.00012218,0.000116085,0.000344787,0.000575738,0.000784925,0.000916842,0.000920683,0.000786408,0.000549769,0.000264193,-3.36E-05,-0.000333358,-0.000630735,-0.000897774,-0.001076008,-0.0011015,-0.000942845,-0.000621566,-0.000199687,0.000252166,0.000678283,0.001036179,0.00127899,0.001347396,0.001188,0.000789309,0.000207606,-0.000440241,-0.001015127,-0.001400808,-0.001529788,-0.001383558,-0.000982292,-0.000382369,0.000316103,0.000969038,0.001414781,0.001526918,0.001268578,0.00071499,2.84E-05,-0.000601137,-0.001017945,-0.001138278,-0.000958664,-0.000546176,-2.27E-05,0.000457739,0.000745908,0.000748788,0.000474388,4.04E-05,-0.000369601,-0.000588105,-0.00054011,-0.000272645,7.79E-05,0.000358475,0.000468613,0.0003942,0.000196585,-2.58E-05,-0.000180655,-0.000215953,-0.000137493,-7.22E-06,8.28E-05,5.77E-05,-9.04E-05,-0.000282218,-0.000384573,-0.000289745,3.79E-06,0.000366384,0.000596947,0.000541234,0.000197453,-0.000262925,-0.000581656,-0.000562023,-0.000191371,0.00033797,0.000726349
0.006462927,0.003587625,0.002931969,0.002528111,0.002036747,0.00142407,0.000778997,0.000212913,-0.000220425,-0.000544042,-0.00081219,-0.00104627,-0.001208819,-0.001235256,-0.001092219,-0.000810643,-0.000466563,-0.000129293,0.000176628,0.000464649,0.000745031,0.000989636,0.00113591,0.00112672,0.000951027,0.000650632,0.000289576,-8.47E-05,-0.00045433,-0.000809343,-0.001116207,-0.001309317,-0.001318021,-0.001108764,-0.000708606,-0.000192308,0.000353494,0.000858455,0.001269415,0.00153267,0.00158492,0.001372058,0.000887396,0.000199594,-0.00055528,-0.0012166,-0.001650652,-0.00178152,-0.00159266,-0.00111449,-0.000418511,0.000377929,0.00111327,0.001610339,0.001732566,0.001442014,0.000823635,5.79E-05,-0.000644462,-0.0011115,-0.001252242,-0.001065272,-0.000625923,-6.65E-05,0.000449303,0.000764671,0.000781794,0.000507492,6.25E-05,-0.000363191,-0.000594493,-0.000551303,-0.000280009,7.97E-05,0.00037021,0.000488176,0.000419022,0.000224579,2.52E-06,-0.000157591,-0.000206249,-0.000148756,-4.18E-05,3.12E-05,2.79E-06,-0.000132612,-0.00030039,-0.000376923,-0.000264258,3.37E-05,0.000388373,0.00060554,0.000539963,0.000196677,-0.000251817,-0.000553188,-0.000521376,-0.000153885,0.000353388,0.000707409
0.007462341,0.004145518,0.003380445,0.002906085,0.002335762,0.00163058,0.000889355,0.000236774,-0.000265571,-0.00064107,-0.000948549,-0.001211729,-0.001390026,-0.001412861,-0.001243786,-0.000917458,-0.000519211,-0.000128133,0.000225585,0.000554366,0.000868619,0.001137714,0.00129343,0.001273167,0.001064962,0.000715897,0.000299111,-0.000129387,-0.000546312,-0.000938993,-0.001270955,-0.001471873,-0.001466047,-0.001218231,-0.000760008,-0.000176409,0.000433543,0.000989197,0.00143118,0.001702915,0.001739884,0.001488142,0.000944273,0.000185336,-0.000639323,-0.001354364,-0.001814962,-0.001941343,-0.001720649,-0.001191884,-0.000436728,0.000417661,0.001200687,0.001727208,0.001855238,0.001546361,0.000891393,8.17E-05,-0.000660353,-0.001154508,-0.001307653,-0.001121151,-0.00067491,-0.000104719,0.000423942,0.00075332,0.000783868,0.000519931,8.03E-05,-0.000345393,-0.000580333,-0.0005422,-0.000275717,8.03E-05,0.000369035,0.000488569,0.000425439,0.000240508,2.72E-05,-0.000131259,-0.00019009,-0.000153845,-7.17E-05,-1.61E-05,-4.55E-05,-0.000164218,-0.000305216,-0.000357514,-0.000234192,5.73E-05,0.000394032,0.000593637,0.000522497,0.000190813,-0.000233421,-0.000510497,-0.000469175,-0.00011607,0.000355544,0.000667554
0.008226358,0.00457178,0.003725998,0.003200126,0.002569244,0.001790555,0.000972266,0.000251379,-0.000303647,-0.000717336,-0.001053654,-0.001339082,-0.001530233,-0.001550645,-0.001360565,-0.000997759,-0.000555938,-0.000122887,0.000266658,0.000625148,0.000964162,0.001251527,0.001414149,0.001384417,0.001149436,0.000761038,0.00030049,-0.000168897,-0.000619972,-0.001038872,-0.001387762,-0.001592941,-0.001574536,-0.001295763,-0.000792027,-0.000157094,0.000499799,0.001090209,0.001551074,0.001825113,0.001848017,0.001566326,0.000978884,0.000168788,-0.000704721,-0.001455402,-0.001930784,-0.002049641,-0.001803587,-0.00123914,-0.000445329,0.000444983,0.001256741,0.001800849,0.001932372,0.001612648,0.00093623,0.000101339,-0.000662504,-0.001171232,-0.001332138,-0.001149738,-0.000706614,-0.000138537,0.000391372,0.00072768,0.000770733,0.000521826,9.53E-05,-0.000322671,-0.000556669,-0.000523548,-0.000265937,8.02E-05,0.000361414,0.000479298,0.000422318,0.000249763,4.92E-05,-0.000104006,-0.000170974,-0.000155445,-9.83E-05,-5.98E-05,-8.91E-05,-0.000189612,-0.000303158,-0.000332628,-0.000202503,7.72E-05,0.000391383,0.000571659,0.000497079,0.000182108,-0.000212343,-0.00046216,-0.000412639,-7.89E-05,0.000351425,0.000618669
0.00873692,0.004856311,0.003960739,0.003403805,0.002732172,0.001900431,0.001025626,0.000256017,-0.000334114,-0.000771248,-0.001125108,-0.001425406,-0.001626298,-0.001645559,-0.00143989,-0.001049513,-0.000575525,-0.000113238,0.000299243,0.000675546,0.001029509,0.00132845,0.001495246,0.001457774,0.001202188,0.000784511,0.000293085,-0.00020286,-0.000673905,-0.001106699,-0.001463721,-0.00166934,-0.001640455,-0.001338912,-0.000803175,-0.000134098,0.000551206,0.001159213,0.001625888,0.001895579,0.001905725,0.001603702,0.00098952,0.000149774,-0.000750047,-0.001516896,-0.0019944,-0.00210246,-0.001838016,-0.001253944,-0.000443577,0.000458943,0.001279024,0.001827944,0.001960474,0.001637954,0.000956389,0.000116628,-0.000649859,-0.001159651,-0.001323323,-0.001148937,-0.000719709,-0.000167589,0.000351037,0.000686653,0.000741219,0.000512366,0.000107381,-0.000294642,-0.000522769,-0.000494613,-0.000250245,7.93E-05,0.000346851,0.000459619,0.000408925,0.00025183,6.85E-05,-7.58E-05,-0.000148672,-0.000153289,-0.000121278,-9.96E-05,-0.000127584,-0.000208319,-0.000293688,-0.000301841,-0.000169066,9.31E-05,0.000379789,0.00053883,0.000463097,0.000170343,-0.000188374,-0.00040774,-0.000351431,-4.23E-05,0.000340551,0.000560057
0.008741412,0.004857739,0.003974131,0.003427068,0.002754425,0.001910699,0.001020623,0.000241536,-0.00034858,-0.000779817,-0.001128851,-0.001429542,-0.001634264,-0.001655252,-0.001445161,-0.001045313,-0.000562147,-9.61E-05,0.00031369,0.000684366,0.001034156,0.001331868,0.001497989,0.001456803,0.00119341,0.000766789,0.000270191,-0.00022406,-0.000687456,-0.001110475,-0.001459123,-0.00165857,-0.001624186,-0.001316622,-0.000775763,-0.000106184,0.000571754,0.001164701,0.001612806,0.001866361,0.001867281,0.001564216,0.000956049,0.000127883,-0.000755544,-0.001502123,-0.001958507,-0.002050384,-0.001781352,-0.001208245,-0.000422863,0.000447634,0.001238191,0.001768333,0.00189729,0.001586742,0.000929865,0.000122341,-0.00061166,-0.001097589,-0.001254351,-0.00109426,-0.000697548,-0.000185667,0.000299396,0.000620359,0.00068388,0.000482969,0.000113466,-0.000258707,-0.000472461,-0.000448929,-0.000224938,7.70E-05,0.000320293,0.000421839,0.000377259,0.000240454,8.15E-05,-4.70E-05,-0.000121312,-0.000143988,-0.000136262,-0.000130372,-0.000155042,-0.000213978,-0.000271069,-0.000261513,-0.000133691,0.000101391,0.000352499,0.000487524,0.000414547,0.000152804,-0.000160978,-0.000345199,-0.000284515,-8.08E-06,0.00031857,0.000486979
0.008498444,0.004720694,0.003879237,0.003362078,0.002707911,0.001872377,0.000987292,0.000217976,-0.000354947,-0.000765979,-0.001099316,-0.001393401,-0.001599149,-0.001623374,-0.001414438,-0.001014087,-0.000533066,-7.58E-05,0.000318878,0.000672572,0.00100899,0.001299387,0.00146265,0.001419903,0.001155118,0.000729597,0.000240394,-0.000238468,-0.000680938,-0.001082914,-0.001415457,-0.001605818,-0.001568625,-0.001263365,-0.000730498,-7.67E-05,0.000576813,0.001139254,0.001557427,0.001789565,0.001783278,0.001488629,0.000902217,0.000105243,-0.000741639,-0.001450913,-0.001875476,-0.00194891,-0.001682003,-0.001134342,-0.000393426,0.000424429,0.001167886,0.001668328,0.001791593,0.001499814,0.000881348,0.000123113,-0.000562249,-0.001012783,-0.00115801,-0.001014791,-0.000658764,-0.000197909,0.000243584,0.000543471,0.000614506,0.000444706,0.000116573,-0.000219768,-0.000415427,-0.000396276,-0.000195642,7.38E-05,0.000288467,0.000376075,0.000337388,0.000222805,9.13E-05,-1.83E-05,-9.19E-05,-0.000131314,-0.000147084,-0.000156222,-0.000176785,-0.000213349,-0.000242552,-0.00021725,-9.79E-05,0.000105944,0.000318228,0.000428215,0.000359702,0.000132567,-0.00013265,-0.000279989,-0.000215994,2.46E-05,0.000291907,0.000408426
0.007933226,0.004403327,0.003643319,0.003182148,0.00257185,0.001770797,0.000917109,0.000182642,-0.000350716,-0.000722919,-0.001026416,-0.001304794,-0.001507931,-0.001537379,-0.001336885,-0.000947727,-0.000483616,-5.14E-05,0.000311933,0.000633882,0.000944976,0.001220166,0.001377761,0.001336295,0.001078502,0.000667174,0.000201733,-0.000243925,-0.000648223,-0.001014543,-0.001320979,-0.001498518,-0.001462061,-0.001169973,-0.000662175,-4.52E-05,0.000561626,0.001073545,0.001447096,0.00165103,0.001640219,0.001366304,0.000822095,8.18E-05,-0.000702484,-0.001352413,-0.001731344,-0.001783462,-0.001527415,-0.001023971,-0.000352729,0.000385818,0.001059463,0.001516094,0.00163093,0.001366695,0.000804348,0.000117402,-0.000498474,-0.000898726,-0.001026408,-0.000903327,-0.000598445,-0.000202461,0.000182596,0.000453119,0.000529754,0.000395059,0.000115793,-0.00017708,-0.000349875,-0.000334776,-0.000161283,6.98E-05,0.000249892,0.000320075,0.000286968,0.000197041,9.68E-05,9.91E-06,-5.99E-05,-0.000114268,-0.000152438,-0.000175624,-0.000191029,-0.000204547,-0.000206455,-0.000167997,-6.16E-05,0.000105683,0.000274993,0.000358675,0.000296812,0.000108837,-0.000103246,-0.000211543,-0.000145603,5.52E-05,0.000259289,0.000323043
0.006945535,0.003849505,0.003222368,0.002851344,0.002318302,0.001586418,0.000798982,0.000132386,-0.000332073,-0.000641136,-0.000896386,-0.001147241,-0.001343116,-0.001380542,-0.001198257,-0.000835868,-0.000408198,-2.23E-05,0.000288391,0.000559445,0.000829804,0.001079719,0.001228263,0.001192118,0.000952609,0.000572844,0.00015264,-0.000236666,-0.000580592,-0.000892636,-0.001160425,-0.001320781,-0.001290139,-0.001025715,-0.00056536,-1.25E-05,0.000519167,0.000955236,0.00126589,0.001433557,0.001422242,0.001185245,0.000709577,5.83E-05,-0.000630319,-0.001193356,-0.001509705,-0.001537413,-0.001303638,-0.000868196,-0.000298225,0.000327809,0.000903476,0.001298848,0.001401871,0.001175964,0.000691461,0.000102761,-0.000418085,-0.000749705,-0.000852163,-0.000752644,-0.000510971,-0.00019609,0.000117219,0.000348217,0.000427595,0.000332025,0.000109832,-0.000130996,-0.000275439,-0.000263833,-0.000121552,6.44E-05,0.000203535,0.000252215,0.000224035,0.000161173,9.65E-05,3.68E-05,-2.54E-05,-9.17E-05,-0.000150146,-0.000185724,-0.000194823,-0.000185154,-0.00016137,-0.000113539,-2.57E-05,9.92E-05,0.000221221,0.000277579,0.00022491,8.08E-05,-7.37E-05,-0.000141191,-7.50E-05,8.23E-05,0.000220127,0.000231574
0.005761649,0.003185864,0.00271541,0.002450351,0.002010098,0.001363592,0.000658711,7.54E-05,-0.000306549,-0.00054123,-0.000739737,-0.000957613,-0.001144082,-0.001190806,-0.001031342,-0.000703053,-0.000320975,8.53E-06,0.000256904,0.000468246,0.000690798,0.000910843,0.00104885,0.001020007,0.000804134,0.000464083,9.91E-05,-0.000223164,-0.000496548,-0.00074585,-0.000969353,-0.001110669,-0.001088336,-0.000858399,-0.000455891,2.02E-05,0.000463777,0.000812542,0.001052143,0.001180079,0.00117029,0.000977742,0.000582699,3.52E-05,-0.000542831,-0.001006626,-0.001252916,-0.001255017,-0.00104881,-0.000692148,-0.000237634,0.000261055,0.000726201,0.001052561,0.001142268,0.000959462,0.000562402,8.38E-05,-0.000330718,-0.00058559,-0.000659333,-0.000584681,-0.000411252,-0.000184353,5.06E-05,0.000237624,0.000318296,0.000263294,0.000101428,-8.39E-05,-0.000197667,-0.000189251,-7.98E-05,5.84E-05,0.000153945,0.000179404,0.000155762,0.000120799,9.32E-05,6.28E-05,1.01E-05,-6.67E-05,-0.000144119,-0.00019117,-0.000193512,-0.000160866,-0.000112446,-5.72E-05,9.71E-06,8.97E-05,0.000162973,0.000191787,0.000149399,5.10E-05,-4.46E-05,-7.08E-05,-5.01E-06,0.000107378,0.000178337,0.000138304
0.004306755,0.002370522,0.002089589,0.001952316,0.001626333,0.001087666,0.000487943,9.23E-06,-0.000271382,-0.000416189,-0.000546257,-0.000723637,-0.000897756,-0.000955625,-0.00082541,-0.000541418,-0.000217629,4.18E-05,0.000214272,0.000353777,0.000518813,0.0007027,0.000828182,0.000809448,0.000624688,0.00033567,3.97E-05,-0.000200789,-0.00038969,-0.000564686,-0.00073625,-0.000856082,-0.000845605,-0.000659642,-0.000329362,5.26E-05,0.000390333,0.000636192,0.00079372,0.000877348,0.000872009,0.000734315,0.000436481,1.30E-05,-0.000434185,-0.000782,-0.000948189,-0.000923202,-0.000751882,-0.00048869,-0.000168872,0.00018241,0.000520103,0.000766996,0.000841362,0.000708079,0.000411365,5.89E-05,-0.000234252,-0.000401458,-0.000441721,-0.000393525,-0.000294887,-0.000164991,-1.70E-05,0.000119949,0.00019982,0.000187072,8.96E-05,-3.57E-05,-0.000115861,-0.000110183,-3.55E-05,5.17E-05,0.000100163,0.000100158,8.05E-05,7.43E-05,8.59E-05,8.72E-05,4.65E-05,-3.84E-05,-0.000132801,-0.000189951,-0.000184966,-0.00012983,-5.85E-05,1.52E-06,4.41E-05,7.62E-05,9.88E-05,1.00E-04,6.93E-05,1.86E-05,-1.62E-05,-9.42E-07,6.34E-05,0.000129552,0.00013322,4.33E-05
0.002639684,0.001436403,0.001370422,0.001377814,0.001182989,0.00077008,0.000293604,-6.36E-05,-0.000228133,-0.000271105,-0.000323731,-0.000454785,-0.000614239,-0.000684765,-0.000589034,-0.000357625,-0.000102315,7.61E-05,0.00016229,0.00022068,0.000320806,0.000463781,0.000575362,0.000569192,0.00042171,0.000192852,-2.31E-05,-0.000170571,-0.00026444,-0.000356539,-0.000470625,-0.000567457,-0.000571956,-0.000437651,-0.000190943,8.35E-05,0.000302009,0.000433534,0.000501226,0.000537687,0.000539508,0.000464852,0.000276857,-7.47E-06,-0.000308922,-0.000528772,-0.000608028,-0.000555451,-0.000424782,-0.000265888,-9.46E-05,9.51E-05,0.00029348,0.00045362,0.000511244,0.000431926,0.000244417,2.89E-05,-0.000132558,-0.000204635,-0.000207913,-0.000186677,-0.000166455,-0.00013886,-8.33E-05,-4.24E-07,7.67E-05,0.000106342,7.50E-05,1.19E-05,-3.30E-05,-2.96E-05,9.66E-06,4.42E-05,4.42E-05,1.74E-05,9.39E-07,2.36E-05,7.50E-05,0.000109321,8.28E-05,-7.66E-06,-0.000116791,-0.000182505,-0.000169957,-9.35E-05,-1.45E-06,6.06E-05,7.65E-05,5.95E-05,3.12E-05,5.39E-06,-1.27E-05,-1.51E-05,1.03E-05,6.61E-05,0.000128115,0.000148338,8.65E-05,-5.02E-05
0.000884243,0.000452816,0.000612231,0.000771205,0.0007146,0.000435073,8.96E-05,-0.000138888,-0.000181281,-0.000117518,-8.90E-05,-0.000171339,-0.000315145,-0.000398967,-0.000339996,-0.000164762,1.77E-05,0.00011061,0.000106149,7.97E-05,0.000111877,0.000212018,0.000309189,0.000316707,0.000209212,4.44E-05,-8.70E-05,-0.000136697,-0.000131301,-0.000137119,-0.000191602,-0.000264962,-0.000285875,-0.000206545,-4.82E-05,0.000113284,0.000207149,0.000219915,0.000194906,0.00018332,0.000193605,0.000185411,0.000112377,-2.68E-05,-0.000176691,-0.000264053,-0.000253974,-0.000173888,-8.63E-05,-3.59E-05,-1.84E-05,4.48E-06,5.92E-05,0.000129899,0.00017028,0.000146534,7.14E-05,-3.25E-06,-2.95E-05,-3.80E-06,3.13E-05,2.56E-05,-3.34E-05,-0.00010956,-0.00014798,-0.00012068,-4.74E-05,2.43E-05,5.92E-05,5.86E-05,4.93E-05,5.07E-05,5.46E-05,3.65E-05,-1.23E-05,-6.61E-05,-7.97E-05,-2.87E-05,6.23E-05,0.000130046,0.000118557,2.39E-05,-9.86E-05,-0.000171987,-0.000151871,-5.50E-05,5.64E-05,0.000119146,0.000107658,4.13E-05,-3.73E-05,-8.95E-05,-9.46E-05,-4.92E-05,3.56E-05,0.00013098,0.000190249,0.000165185,3.96E-05,-0.000141846
-0.000962332,-0.000581781,-0.00018652,0.000130935,0.000219891,8.20E-05,-0.00012417,-0.000216285,-0.000130211,4.52E-05,0.000158407,0.000127304,2.03E-07,-9.76E-05,-7.79E-05,3.71E-05,0.000141975,0.000144584,4.52E-05,-6.99E-05,-0.000108498,-5.30E-05,2.93E-05,5.19E-05,-1.25E-05,-0.000108868,-0.000150952,-9.82E-05,1.05E-05,9.40E-05,0.000100926,5.12E-05,1.21E-05,3.28E-05,9.77E-05,0.00014069,0.000104839,-5.02E-06,-0.0001249,-0.00018479,-0.000164322,-0.000102486,-5.56E-05,-4.41E-05,-3.72E-05,1.16E-05,0.000112585,0.000219477,0.000261414,0.000199472,5.91E-05,-8.90E-05,-0.000181262,-0.000201872,-0.00017908,-0.000146106,-0.00010669,-3.80E-05,7.33E-05,0.000198469,0.000273033,0.000241345,0.000103506,-7.62E-05,-0.000209032,-0.000238197,-0.000170019,-5.78E-05,4.20E-05,0.000103108,0.000129177,0.000128933,9.83E-05,2.86E-05,-6.82E-05,-0.000148868,-0.000160391,-8.22E-05,4.73E-05,0.000148305,0.000152908,5.61E-05,-7.75E-05,-0.000157293,-0.000129792,-1.41E-05,0.000114303,0.000175819,0.000136281,2.14E-05,-0.000105856,-0.000182965,-0.00017496,-8.31E-05,5.86E-05,0.000191293,0.00024734,0.000178912,-6.58E-06,-0.000228778
-0.002778879,-0.001599547,-0.000972932,-0.000500076,-0.000267802,-0.000265729,-0.000333883,-0.000291358,-7.89E-05,0.000205853,0.000402168,0.000421395,0.000310827,0.000199194,0.000179816,0.000235029,0.000263011,0.000176633,-1.60E-05,-0.000217761,-0.000325665,-0.000313939,-0.000245864,-0.000207996,-0.000229407,-0.000257914,-0.000211894,-5.87E-05,0.000150902,0.000321525,0.000388082,0.000360913,0.000303296,0.000265779,0.000238636,0.000165261,2.73E-06,-0.000226313,-0.000437934,-0.000544025,-0.000512786,-0.000381979,-0.00021765,-5.90E-05,0.000100311,0.000281033,0.000469455,0.00060144,0.000598347,0.00042714,0.000133619,-0.000179834,-0.000414093,-0.000522917,-0.000517062,-0.000429309,-0.000279436,-7.27E-05,0.000170941,0.0003919,0.000504862,0.000448915,0.000236413,-4.19E-05,-0.000264862,-0.000348431,-0.000285985,-0.000136078,2.47E-05,0.000144117,0.000203686,0.000202041,0.000138984,2.09E-05,-0.00012107,-0.000227247,-0.00023716,-0.000133893,3.17E-05,0.000164137,0.000184785,8.72E-05,-5.56E-05,-0.000140721,-0.000106376,2.62E-05,0.000169432,0.000228717,0.000162115,1.57E-06,-0.000171139,-0.00027116,-0.000250553,-0.000115265,7.91E-05,0.000245983,0.000298604,0.000190028,-5.02E-05,-0.000308661
-0.004550115,-0.002591924,-0.001740085,-0.001115965,-0.000743874,-0.000604888,-0.000538042,-0.000363967,-2.84E-05,0.000362899,0.000640046,0.000708328,0.000613929,0.000488772,0.000431076,0.000427595,0.000380336,0.000207118,-7.62E-05,-0.000362331,-0.000537629,-0.000568404,-0.000514103,-0.000461063,-0.000440185,-0.000402225,-0.000270205,-1.93E-05,0.00028838,0.000543453,0.00066773,0.000662182,0.000586158,0.00049158,0.000374482,0.000187863,-9.76E-05,-0.000442071,-0.00074225,-0.000892656,-0.000850501,-0.000652395,-0.000373894,-7.25E-05,0.000234507,0.000542686,0.000815281,0.000971014,0.000923965,0.000646926,0.000205413,-0.000267715,-0.000639034,-0.000832949,-0.000843389,-0.000702784,-0.000446465,-0.000106781,0.000264169,0.000577343,0.000727487,0.000648694,0.000365012,-7.57E-06,-0.000316913,-0.000452901,-0.000396434,-0.000210971,7.80E-06,0.000182583,0.000274058,0.000271145,0.000177387,1.34E-05,-0.000171434,-0.000301914,-0.000310548,-0.000183784,1.58E-05,0.000178361,0.000214795,0.000117238,-3.36E-05,-0.000123378,-8.26E-05,6.56E-05,0.000222162,0.000278711,0.000186029,-1.80E-05,-0.000233612,-0.000355086,-0.000322346,-0.000145996,9.79E-05,0.000296715,0.00034583,0.000199502,-9.17E-05,-0.000383374
-0.006151823,-0.00348933,-0.00243421,-0.00167357,-0.001174922,-0.00091166,-0.000722212,-0.0004289,1.80E-05,0.000505354,0.000855424,0.000968046,0.000888294,0.000750789,0.000658106,0.000601117,0.000485512,0.000233728,-0.000131454,-0.000493566,-0.000729601,-0.000798636,-0.000756533,-0.000689358,-0.000629749,-0.000531327,-0.000321494,1.76E-05,0.000413337,0.000744221,0.000920168,0.000933659,0.000840464,0.000693841,0.000495231,0.00020651,-0.000189389,-0.000637039,-0.001016154,-0.001205742,-0.00115321,-0.000894167,-0.00051279,-8.32E-05,0.000356063,0.000777875,0.001125064,0.001301339,0.001214558,0.000842835,0.000269242,-0.00034627,-0.000839739,-0.001109406,-0.001134248,-0.000946515,-0.000595562,-0.000137948,0.000345836,0.000740792,0.000924252,0.000825938,0.000480078,2.47E-05,-0.000360877,-0.000543517,-0.000492963,-0.000276839,-7.61E-06,0.000215489,0.000334761,0.000330733,0.000210327,6.50E-06,-0.000215379,-0.000367057,-0.000374949,-0.00022826,6.16E-07,0.000189596,0.000240579,0.000144169,-1.28E-05,-0.000106188,-6.01E-05,0.000101012,0.000268495,0.000321965,0.000206135,-3.58E-05,-0.000288633,-0.000428425,-0.000384868,-0.000172907,0.000113517,0.000339322,0.000384963,0.000206228,-0.000127928,-0.000446817
-0.007540431,-0.004267372,-0.003036073,-0.002157085,-0.001548639,-0.001177504,-0.000881667,-0.000484973,5.84E-05,0.000628968,0.001042254,0.001193336,0.001126255,0.000977926,0.000854736,0.000751214,0.000576322,0.000256496,-0.000179546,-0.000607489,-0.000896165,-0.000998322,-0.000966642,-0.000886973,-0.000793561,-0.000642631,-0.000365422,4.98E-05,0.000521813,0.000918275,0.001138882,0.001168679,0.001060323,0.00086833,0.000598987,0.000221955,-0.000269222,-0.000805863,-0.001253014,-0.001476323,-0.001414661,-0.001102733,-0.000632228,-9.18E-05,0.000461581,0.000981159,0.001392332,0.001586061,0.001464947,0.001011653,0.000324266,-0.000413974,-0.001012746,-0.001347657,-0.001384785,-0.001156338,-0.000723922,-0.000165016,0.000415562,0.000880709,0.001092968,0.000978296,0.000579475,5.33E-05,-0.000397808,-0.000620716,-0.000575485,-0.000333242,-2.09E-05,0.00024344,0.000386307,0.000381187,0.000238048,4.79E-07,-0.000252793,-0.000422471,-0.000429933,-0.000266617,-1.30E-05,0.000198611,0.000262449,0.000167565,5.75E-06,-9.07E-05,-4.02E-05,0.000131551,0.000308116,0.000358845,0.000223164,-5.13E-05,-0.000335868,-0.000491206,-0.00043825,-0.00019583,0.000126704,0.000375135,0.000417492,0.000211201,-0.000159008,-0.00050023
-0.008762134,-0.004951921,-0.003565642,-0.002582513,-0.0018774,-0.001411276,-0.001021793,-0.000534156,9.40E-05,0.000737793,0.001206705,0.001391646,0.001335684,0.001177728,0.001027556,0.000882995,0.000655938,0.000276318,-0.000221987,-0.000707817,-0.00104281,-0.001174077,-0.001151446,-0.00106059,-0.000937263,-0.00074008,-0.000403679,7.84E-05,0.000617334,0.001071398,0.001331212,0.001375206,0.001253293,0.001021183,0.00068956,0.000235007,-0.000339652,-0.000954212,-0.001460936,-0.00171375,-0.001643972,-0.001285469,-0.000736574,-9.87E-05,0.000554528,0.001159544,0.001626478,0.001835301,0.001684089,0.001159436,0.000372471,-0.000473234,-0.001164235,-0.001556235,-0.001604007,-0.001339823,-0.000836155,-0.000188848,0.000476098,0.001002458,0.001239998,0.001111376,0.000666683,7.89E-05,-0.000429427,-0.000687655,-0.000647256,-0.000382349,-3.25E-05,0.000267637,0.00043087,0.000424664,0.000261786,-4.90E-06,-0.000285187,-0.000470404,-0.000477659,-0.000300225,-2.54E-05,0.000205981,0.00028134,0.000188216,2.25E-05,-7.67E-05,-2.27E-05,0.000158233,0.000342561,0.000390864,0.000237887,-6.49E-05,-0.000377103,-0.000545888,-0.000484628,-0.000215678,0.000138082,0.00040584,0.000445067,0.000214907,-0.000186122,-0.000546045
-0.009565718,-0.005402258,-0.003913857,-0.002862004,-0.002093172,-0.001564612,-0.001113734,-0.000566517,0.00011728,0.00080929,0.001314945,0.00152224,0.001473491,0.001308946,0.001140792,0.000969204,0.000708026,0.000289342,-0.000249789,-0.000773777,-0.001139403,-0.001289845,-0.001272945,-0.001174369,-0.001031123,-0.000803579,-0.000428563,9.72E-05,0.000679986,0.001172033,0.001457735,0.001510944,0.00137975,0.001120891,0.000748247,0.000243062,-0.000385928,-0.001051279,-0.001597052,-0.001869381,-0.001794351,-0.001405105,-0.00080446,-0.000102624,0.000615921,0.00127635,0.001779263,0.001997794,0.001827131,0.001256185,0.000404272,-0.000511849,-0.001263403,-0.001692767,-0.001747218,-0.001459312,-0.000909009,-0.000204336,0.000515092,0.001081028,0.001335228,0.001198113,0.000724115,9.63E-05,-0.000449506,-0.000731146,-0.000694063,-0.000414249,-3.98E-05,0.000283573,0.000459627,0.000452257,0.000276479,-8.68E-06,-0.000305867,-0.000500852,-0.000508255,-0.000322324,-3.41E-05,0.000210077,0.000293535,0.000202213,3.41E-05,-6.72E-05,-1.13E-05,0.000175227,0.000364785,0.000411865,0.000247773,-7.36E-05,-0.000404197,-0.000581811,-0.000514852,-0.000228265,0.000145819,0.000425655,0.000462213,0.000216364,-0.0002041,-0.000575136
-0.010085421,-0.005693578,-0.004138854,-0.003042256,-0.002232098,-0.001663306,-0.001173052,-0.000587621,0.000132046,0.000855336,0.00138496,0.001606815,0.001562616,0.001393562,0.001213599,0.00102459,0.000741622,0.000297968,-0.000267468,-0.000816282,-0.001201951,-0.001364872,-0.001351501,-0.001247637,-0.001091354,-0.000844319,-0.000444684,0.000109015,0.000720166,0.001237009,0.001539686,0.001598844,0.001461375,0.001184923,0.000785721,0.000248105,-0.000415581,-0.00111354,-0.001684682,-0.001969956,-0.001891739,-0.001482514,-0.000848104,-0.000104698,0.000655866,0.001351658,0.001877426,0.002102206,0.001919333,0.001318911,0.000425191,-0.000536638,-0.001327648,-0.001781249,-0.001839745,-0.001536106,-0.000955517,-0.000214069,0.000540023,0.001131171,0.001396246,0.001254118,0.000761616,0.000108028,-0.000462413,-0.000759566,-0.000724666,-0.000434871,-4.41E-05,0.000294326,0.00047829,0.000469669,0.000285385,-1.14E-05,-0.000318917,-0.000519901,-0.000527618,-0.000336754,-4.04E-05,0.000212264,0.000301467,0.00021177,4.21E-05,-6.10E-05,-4.47E-06,0.000185641,0.00037899,0.000425818,0.000254718,-7.91E-05,-0.000422022,-0.000605567,-0.000534624,-0.000236086,0.000151418,0.000438786,0.000473014,0.00021664,-0.000216174,-0.000593739
-0.010363423,-0.00584951,-0.004258939,-0.003138013,-0.002305595,-0.001715475,-0.001204595,-0.000599141,0.000139549,0.000879713,0.001422428,0.001652206,0.001610295,0.001438501,0.001251986,0.001053733,0.000759473,0.000302851,-0.000276527,-0.000838819,-0.001235513,-0.001405212,-0.001393497,-0.001286413,-0.001122953,-0.000865681,-0.000453342,0.000114912,0.000741213,0.001271624,0.001583691,0.001646015,0.001504832,0.001218579,0.000805134,0.000250584,-0.000431081,-0.001146164,-0.001731032,-0.002023656,-0.001944012,-0.00152397,-0.000871108,-0.00010524,0.000677552,0.001391636,0.001929085,0.002157168,0.00196825,0.00135267,0.000436846,-0.000549656,-0.00136216,-0.001828821,-0.001889121,-0.001576549,-0.000979595,-0.000218901,0.000552982,0.001157112,0.001428137,0.001283959,0.000782147,0.000114831,-0.000469214,-0.000775155,-0.000741471,-0.000445891,-4.58E-05,0.000300668,0.000488358,0.000478413,0.000289365,-1.31E-05,-0.000325469,-0.000529245,-0.000537416,-0.000344656,-4.45E-05,0.000212827,0.000305772,0.000217548,4.71E-05,-5.76E-05,-1.45E-06,0.000190451,0.000386367,0.000433769,0.00025916,-8.17E-05,-0.000431954,-0.000618964,-0.000545496,-0.000239847,0.000155198,0.000446227,0.000478413,0.000215908,-0.000223223,-0.000603413
